tjid,fgId,MLBAMID,espnId,NameASCII,C,1B,2B,SS,3B,OF,Util,SP,RP
shoheiohtani,19755,660271,39832,Shohei Ohtani,False,False,False,False,False,False,True,True,False
aaronjudge,15640,592450,33192,Aaron Judge,False,False,False,False,False,True,True,False,False
juansoto,20123,665742,36969,Juan Soto,False,False,False,False,False,True,True,False,False
paulskenes,33677,694973,4719507,Paul Skenes,False,False,False,False,False,False,False,True,False
joseramirez,13510,608070,32801,Jose Ramirez,False,False,False,False,True,False,True,False,False
tarikskubal,22267,669373,42409,Tarik Skubal,False,False,False,False,False,False,False,True,False
garrettcrochet,27463,676979,4297835,Garrett Crochet,False,False,False,False,False,False,False,True,False
bobbywittjr,25764,677951,42403,Bobby Witt Jr.,False,False,False,True,False,False,True,False,False
kyletucker,18345,663656,34967,Kyle Tucker,False,False,False,False,False,True,True,False,False
calraleigh,21534,663728,41292,Cal Raleigh,True,False,False,False,False,False,True,False,False
corbincarroll,25878,682998,42404,Corbin Carroll,False,False,False,False,False,True,True,False,False
yoshinobuyamamoto,33825,808967,4872587,Yoshinobu Yamamoto,False,False,False,False,False,False,False,True,False
logangilbert,22250,669302,41221,Logan Gilbert,False,False,False,False,False,False,False,True,False
kyleschwarber,16478,656941,33712,Kyle Schwarber,False,False,False,False,False,False,True,False,False
loganwebb,17995,657277,41216,Logan Webb,False,False,False,False,False,False,False,True,False
bryanwoo,30279,693433,4629089,Bryan Woo,False,False,False,False,False,False,False,True,False
maxfried,13743,608331,32685,Max Fried,False,False,False,False,False,False,False,True,False
fernandotatisjr,19709,665487,35983,Fernando Tatis Jr.,False,False,False,False,False,True,True,False,False
juliorodriguez,23697,677594,41044,Julio Rodriguez,False,False,False,False,False,True,True,False,False
juniorcaminero,28163,691406,4905921,Junior Caminero,False,False,False,False,True,False,True,False,False
freddyperalta,18679,642547,39825,Freddy Peralta,False,False,False,False,False,False,False,True,False
hunterbrown,25880,686613,4717803,Hunter Brown,False,False,False,False,False,False,False,True,False
ketelmarte,13613,606466,32512,Ketel Marte,False,False,True,False,False,False,True,False,False
cristophersanchez,20778,650911,42359,Cristopher Sanchez,False,False,False,False,False,False,False,True,False
franciscolindor,12916,596019,32129,Francisco Lindor,False,False,False,True,False,False,True,False,False
chrissale,10603,519242,30948,Chris Sale,False,False,False,False,False,False,False,True,False
mannymachado,11493,592518,31097,Manny Machado,False,False,False,False,True,False,True,False,False
ronaldacunajr,18401,660670,36185,Ronald Acuna Jr.,False,False,False,False,False,True,True,False,False
yordanalvarez,19556,670541,36018,Yordan Alvarez,False,False,False,False,False,True,True,False,False
gunnarhenderson,26289,683002,42507,Gunnar Henderson,False,False,False,True,False,False,True,False,False
alexbregman,17678,608324,34886,Alex Bregman,False,False,False,False,True,False,True,False,False
huntergreene,22182,668881,39635,Hunter Greene,False,False,False,False,False,False,False,True,False
vladimirguerrerojr,19611,665489,35002,Vladimir Guerrero Jr.,False,True,False,False,False,False,True,False,False
masonmiller,31757,695243,4730225,Mason Miller,False,False,False,False,False,False,False,False,True
dylancease,18525,656302,34943,Dylan Cease,False,False,False,False,False,False,False,True,False
edwindiaz,14710,621242,35394,Edwin Diaz,False,False,False,False,False,False,False,False,True
brentrooker,19627,667670,40926,Brent Rooker,False,False,False,False,False,True,True,False,False
joeryan,21390,657746,42450,Joe Ryan,False,False,False,False,False,False,False,True,False
frambervaldez,17295,664285,36581,Framber Valdez,False,False,False,False,False,False,False,True,False
williamcontreras,20503,661388,39895,William Contreras,True,False,False,False,False,False,True,False,False
andresmunoz,20373,662253,40939,Andres Munoz,False,False,False,False,False,False,False,False,True
nickpivetta,15454,601713,36071,Nick Pivetta,False,False,False,False,False,False,False,True,False
nicohoerner,21479,663538,41219,Nico Hoerner,False,False,True,False,False,False,True,False,False
codybellinger,15998,641355,33912,Cody Bellinger,False,False,False,False,False,True,True,False,False
cadesmith,27867,671922,4987924,Cade Smith,False,False,False,False,False,False,False,False,True
coleragans,21846,666142,41054,Cole Ragans,False,False,False,False,False,False,False,True,False
jacksonchourio,28806,694192,4917869,Jackson Chourio,False,False,False,False,False,True,True,False,False
georgekirby,25436,669923,42406,George Kirby,False,False,False,False,False,False,False,True,False
mookiebetts,13611,605141,33039,Mookie Betts,False,False,False,True,False,False,True,False,False
joshhader,14212,623352,32760,Josh Hader,False,False,False,False,False,False,False,False,True
jarrenduran,24617,680776,41610,Jarren Duran,False,False,False,False,False,True,True,False,False
blakesnell,13543,605483,33748,Blake Snell,False,False,False,False,False,False,False,True,False
jhoanduran,21029,661395,41109,Jhoan Duran,False,False,False,False,False,False,False,False,True
kevingausman,14107,592332,32667,Kevin Gausman,False,False,False,False,False,False,False,True,False
jacksonmerrill,29490,701538,4872691,Jackson Merrill,False,False,False,False,False,True,True,False,False
devinwilliams,15816,642207,33224,Devin Williams,False,False,False,False,False,False,False,False,True
austinriley,18360,663586,34982,Austin Riley,False,False,False,False,True,False,True,False,False
jacobdegrom,10954,594798,32796,Jacob deGrom,False,False,False,False,False,False,False,True,False
ellydelacruz,26668,682829,4917694,Elly De La Cruz,False,False,False,True,False,False,True,False,False
sonnygray,12768,543243,32082,Sonny Gray,False,False,False,False,False,False,False,True,False
josealtuve,5417,514888,31662,Jose Altuve,False,False,True,False,False,True,True,False,False
zackwheeler,10310,554430,31267,Zack Wheeler,False,False,False,False,False,False,False,True,False
aroldischapman,10233,547973,30442,Aroldis Chapman,False,False,False,False,False,False,False,False,True
georgespringer,12856,543807,32078,George Springer,False,False,False,False,False,True,True,False,False
spencerschwellenbach,31846,680885,4424862,Spencer Schwellenbach,False,False,False,False,False,False,False,True,False
mattolson,14344,621566,32767,Matt Olson,False,True,False,False,False,False,True,False,False
jazzchisholmjr,20454,665862,41433,Jazz Chisholm Jr.,False,False,True,False,True,False,True,False,False
benrice,29576,700250,5016968,Ben Rice,True,True,False,False,False,False,True,False,False
davidbednar,19569,670280,38303,David Bednar,False,False,False,False,False,False,False,False,True
petecrowarmstrong,27769,691718,4717833,Pete Crow-Armstrong,False,False,False,False,False,True,True,False,False
raiseliglesias,17130,628452,33618,Raisel Iglesias,False,False,False,False,False,False,False,False,True
jesusluzardo,19959,666200,39667,Jesus Luzardo,False,False,False,False,False,False,False,True,False
stevenkwan,24610,680757,41996,Steven Kwan,False,False,False,False,False,True,True,False,False
wyattlangford,33333,694671,4719324,Wyatt Langford,False,False,False,False,False,True,True,False,False
seiyasuzuki,30116,673548,4142424,Seiya Suzuki,False,False,False,False,False,True,True,False,False
geraldoperdomo,22799,672695,41355,Geraldo Perdomo,False,False,False,True,False,False,True,False,False
nathaneovaldi,9132,543135,31174,Nathan Eovaldi,False,False,False,False,False,False,False,True,False
petealonso,19251,624413,37498,Pete Alonso,False,True,False,False,False,False,True,False,False
trevormegill,17722,656730,40080,Trevor Megill,False,False,False,False,False,False,False,False,True
ryanpepiot,26221,686752,4208281,Ryan Pepiot,False,False,False,False,False,False,False,True,False
nickkurtz,35110,701762,4966637,Nick Kurtz,False,True,False,False,False,False,True,False,False
brandonnimmo,12927,607043,32159,Brandon Nimmo,False,False,False,False,False,True,True,False,False
carlosestevez,14542,608032,34861,Carlos Estevez,False,False,False,False,False,False,False,False,True
shealangeliers,25816,669127,42598,Shea Langeliers,True,False,False,False,False,False,True,False,False
kylebradish,24586,680694,4311625,Kyle Bradish,False,False,False,False,False,False,False,True,False
treaturner,16252,607208,33710,Trea Turner,False,False,False,True,False,False,True,False,False
jameswood,29518,695578,4918256,James Wood,False,False,False,False,False,True,True,False,False
jeffhoffman,17432,656546,33841,Jeff Hoffman,False,False,False,False,False,False,False,False,True
spencerstrider,27498,675911,4307825,Spencer Strider,False,False,False,False,False,False,False,True,False
randyarozarena,19290,668227,36488,Randy Arozarena,False,False,False,False,False,True,True,False,False
brandonwoodruff,16162,605540,37515,Brandon Woodruff,False,False,False,False,False,False,False,True,False
ozziealbies,16556,645277,33783,Ozzie Albies,False,False,True,False,False,False,True,False,False
willsmith1,19197,669257,38309,Will Smith,True,False,False,False,False,False,True,False,False
bryceharper,11579,547180,30951,Bryce Harper,False,True,False,False,False,False,True,False,False
christianyelich,11477,592885,31283,Christian Yelich,False,False,False,False,False,False,True,False,False
luiscastillo,15689,622491,35124,Luis Castillo,False,False,False,False,False,False,False,True,False
petefairbanks,17998,664126,42180,Pete Fairbanks,False,False,False,False,False,False,False,False,True
drakebaldwin,31539,686948,4810190,Drake Baldwin,True,False,False,False,False,False,True,False,False
tylerglasnow,14374,607192,33190,Tyler Glasnow,False,False,False,False,False,False,False,True,False
taylorward,17548,621493,34923,Taylor Ward,False,False,False,False,False,True,True,False,False
kenleyjansen,3096,445276,29630,Kenley Jansen,False,False,False,False,False,False,False,False,True
rafaeldevers,17350,646240,33859,Rafael Devers,False,True,False,False,False,False,True,False,False
rileygreene,25976,682985,42179,Riley Greene,False,False,False,False,False,True,True,False,False
freddiefreeman,5361,518692,30193,Freddie Freeman,False,True,False,False,False,False,True,False,False
briceturang,22186,668930,41179,Brice Turang,False,False,True,False,False,False,True,False,False
ryanhelsley,18138,664854,39909,Ryan Helsley,False,False,False,False,False,False,False,False,True
ianhapp,17919,664023,34945,Ian Happ,False,False,False,False,False,True,True,False,False
gleybertorres,16997,650402,33804,Gleyber Torres,False,False,True,False,False,False,True,False,False
romananthony,31812,701350,5080767,Roman Anthony,False,False,False,False,False,True,True,False,False
bobichette,19612,666182,38904,Bo Bichette,False,False,False,True,False,False,True,False,False
pablolopez,17085,641154,39671,Pablo Lopez,False,False,False,False,False,False,False,True,False
maikelgarcia,22715,672580,4905884,Maikel Garcia,False,False,False,False,True,False,True,False,False
emiliopagan,14771,641941,33403,Emilio Pagan,False,False,False,False,False,False,False,False,True
mattchapman,16505,656305,33857,Matt Chapman,False,False,False,False,True,False,True,False,False
joshnaylor,18839,647304,35066,Josh Naylor,False,True,False,False,False,False,True,False,False
danielpalencia,27914,694037,4875225,Daniel Palencia,False,False,False,False,False,False,False,False,True
juricksonprofar,10815,595777,31117,Jurickson Profar,False,False,False,False,False,True,True,False,False
vinniepasquantino,27676,686469,4109109,Vinnie Pasquantino,False,True,False,False,False,False,True,False,False
adleyrutschman,26288,668939,42178,Adley Rutschman,True,False,False,False,False,False,True,False,False
salvadorperez,7304,521692,31127,Salvador Perez,True,True,False,False,False,False,True,False,False
euryperez,27768,691587,4917854,Eury Perez,False,False,False,False,False,False,False,True,False
tannerbibee,30134,676440,4345278,Tanner Bibee,False,False,False,False,False,False,False,True,False
eugeniosuarez,12552,553993,32367,Eugenio Suarez,False,False,False,False,True,False,True,False,False
teoscarhernandez,13066,606192,33377,Teoscar Hernandez,False,False,False,False,False,True,True,False,False
yainerdiaz,23003,673237,4781491,Yainer Diaz,True,False,False,False,False,False,True,False,False
griffinjax,20253,643377,42604,Griffin Jax,False,False,False,False,False,False,False,False,True
marcussemien,12533,543760,32146,Marcus Semien,False,False,True,False,False,False,True,False,False
andypages,24816,681624,42468,Andy Pages,False,False,False,False,False,True,True,False,False
robertsuarez,30115,663158,4148749,Robert Suarez,False,False,False,False,False,False,False,False,True
isaacparedes,20036,670623,39706,Isaac Paredes,False,False,False,False,True,False,True,False,False
shotaimanaga,33829,684007,5134630,Shota Imanaga,False,False,False,False,False,False,False,True,False
jacksonholliday,31781,702616,5080633,Jackson Holliday,False,False,True,False,False,False,True,False,False
gavinwilliams,30122,668909,4345076,Gavin Williams,False,False,False,False,False,False,False,True,False
coreyseager,13624,608369,32691,Corey Seager,False,False,False,True,False,False,True,False,False
bryanabreu,16609,650556,41208,Bryan Abreu,False,False,False,False,False,False,False,False,True
abneruribe,25327,682842,4917865,Abner Uribe,False,False,False,False,False,False,False,False,True
michaelking,19853,650633,40429,Michael King,False,False,False,False,False,False,False,True,False
byronbuxton,14161,621439,32655,Byron Buxton,False,False,False,False,False,True,True,False,False
agustinramirez,26546,682663,5132014,Agustin Ramirez,True,False,False,False,False,False,True,False,False
ryanwalker,20423,676254,5000950,Ryan Walker,False,False,False,False,False,False,False,False,True
jacobmisiorowski,31623,694819,5080761,Jacob Misiorowski,False,False,False,False,False,False,False,True,False
willyadames,15986,642715,33675,Willy Adames,False,False,False,True,False,False,True,False,False
brysonstott,26294,681082,42417,Bryson Stott,False,False,True,False,False,False,True,False,False
jordanwestburg,27815,676059,4298641,Jordan Westburg,False,False,False,False,True,False,True,False,False
willvest,19769,676684,41606,Will Vest,False,False,False,False,False,False,False,False,True
yandydiaz,16578,650490,33481,Yandy Diaz,False,True,False,False,False,False,True,False,False
emmetsheehan,29839,686218,4417806,Emmet Sheehan,False,False,False,False,False,False,False,True,False
bryanreynolds,19326,668804,38980,Bryan Reynolds,False,False,False,False,False,True,True,False,False
nicklodolo,26378,666157,42433,Nick Lodolo,False,False,False,False,False,False,False,True,False
edwinuceta,20539,670955,41308,Edwin Uceta,False,False,False,False,False,False,False,False,True
michaelharrisii,25931,671739,42470,Michael Harris II,False,False,False,False,False,True,True,False,False
zacgallen,19291,668678,39910,Zac Gallen,False,False,False,False,False,False,False,True,False
christianwalker,13419,572233,32758,Christian Walker,False,True,False,False,False,False,True,False,False
oneilcruz,21711,665833,39712,Oneil Cruz,False,False,False,False,False,True,True,False,False
calebdurbin,29646,702332,5007615,Caleb Durbin,False,False,False,False,True,False,True,False,False
chaseburns,35333,695505,4927516,Chase Burns,False,False,False,False,False,False,False,True,False
brendandonovan,24679,680977,41773,Brendan Donovan,False,False,True,False,False,False,True,False,False
camschlittler,32095,693645,5134581,Cam Schlittler,False,False,False,False,False,False,False,True,False
jeremypena,21636,665161,41273,Jeremy Pena,False,False,False,True,False,False,True,False,False
rangersuarez,17277,624133,39817,Ranger Suarez,False,False,False,False,False,False,False,True,False
joadell,20220,666176,40854,Jo Adell,False,False,False,False,False,True,True,False,False
jackflaherty,17479,656427,33837,Jack Flaherty,False,False,False,False,False,False,False,True,False
huntergoodman,29715,696100,4416591,Hunter Goodman,True,False,False,False,False,False,True,False,False
shanebieber,19427,669456,40912,Shane Bieber,False,False,False,False,False,False,False,True,False
salfrelick,29622,686217,4417795,Sal Frelick,False,False,False,False,False,True,True,False,False
granttaylor,33927,691799,4927630,Grant Taylor,False,False,False,False,False,False,False,False,True
jacobwilson,33266,805779,4719300,Jacob Wilson,False,False,False,True,False,False,True,False,False
mackenziegore,22201,669022,39636,MacKenzie Gore,False,False,False,False,False,False,False,True,False
matthewboyd,15440,571510,34401,Matthew Boyd,False,False,False,False,False,False,False,True,False
robbieray,11486,592662,32175,Robbie Ray,False,False,False,False,False,False,False,True,False
andrewabbott,29911,671096,4414528,Andrew Abbott,False,False,False,False,False,False,False,True,False
jeremiahestrada,22210,669093,41014,Jeremiah Estrada,False,False,False,False,False,False,False,False,True
alecbohm,21618,664761,41169,Alec Bohm,False,False,False,False,True,False,True,False,False
cjabrams,25768,682928,42402,CJ Abrams,False,False,False,True,False,False,True,False,False
tatsuyaimai,sa3062955,,5330833,Tatsuya Imai,False,False,False,False,False,False,False,True,False
luisgarciajr,20391,671277,40459,Luis Garcia Jr.,False,False,True,False,False,False,True,False,False
lukekeaschall,33321,807712,4977664,Luke Keaschall,False,False,True,False,False,False,True,False,False
tannerscott,17586,656945,35135,Tanner Scott,False,False,False,False,False,False,False,False,True
dennissantana,17878,642701,39801,Dennis Santana,False,False,False,False,False,False,False,False,True
sandyalcantara,18684,645261,35241,Sandy Alcantara,False,False,False,False,False,False,False,True,False
nolanmclean,33703,690997,4433874,Nolan McLean,False,False,False,False,False,False,False,True,False
mattbrash,25756,666374,4894467,Matt Brash,False,False,False,False,False,False,False,False,True
roycelewis,20437,668904,40635,Royce Lewis,False,False,False,False,True,False,True,False,False
aaronnola,16149,605400,33709,Aaron Nola,False,False,False,False,False,False,False,True,False
brandonlowe,18882,664040,39961,Brandon Lowe,False,False,True,False,False,False,True,False,False
drewrasmussen,25385,656876,42584,Drew Rasmussen,False,False,False,False,False,False,False,True,False
chandlersimpson,31912,802415,4679983,Chandler Simpson,False,False,False,False,False,True,True,False,False
maxmuncy,13301,571970,33303,Max Muncy,False,False,False,False,True,False,True,False,False
trevorrogers,22286,669432,39640,Trevor Rogers,False,False,False,False,False,False,False,True,False
merrillkelly,11156,518876,32968,Merrill Kelly,False,False,False,False,False,False,False,True,False
ceddannerafaela,24262,678882,4987382,Ceddanne Rafaela,False,False,True,False,False,True,True,False,False
shanemcclanahan,21483,,41199,Shane McClanahan,False,False,False,False,False,False,False,True,False
junghoolee,33824,808982,5134621,Jung Hoo Lee,False,False,False,False,False,True,True,False,False
garrettwhitlock,20191,676477,39674,Garrett Whitlock,False,False,False,False,False,False,False,False,True
shanebaz,22264,669358,39639,Shane Baz,False,False,False,False,False,False,False,True,False
xavieredwards,22266,669364,41326,Xavier Edwards,False,False,True,True,False,False,True,False,False
treyyesavage,35456,702056,4949041,Trey Yesavage,False,False,False,False,False,False,False,True,False
zachneto,31347,687263,4666100,Zach Neto,False,False,False,True,False,False,True,False,False
jordanleasure,29950,673929,5132121,Jordan Leasure,False,False,False,False,False,False,False,False,True
dansbyswanson,18314,621020,34895,Dansby Swanson,False,False,False,True,False,False,True,False,False
jakobmarsee,31370,805300,4866735,Jakob Marsee,False,False,False,False,False,True,True,False,False
mattshaw,33322,807713,4867667,Matt Shaw,False,False,False,False,True,False,True,False,False
lukeweaver,16918,596133,33770,Luke Weaver,False,False,False,False,False,False,False,False,True
andrewkittredge,12828,552640,35872,Andrew Kittredge,False,False,False,False,False,False,False,False,True
troymelton,31807,675512,5294127,Troy Melton,False,False,False,False,False,False,False,False,True
krisbubic,21455,663460,41201,Kris Bubic,False,False,False,False,False,False,False,True,False
alejandrokirk,22581,672386,42081,Alejandro Kirk,True,False,False,False,False,False,True,False,False
kerrycarpenter,25961,681481,42714,Kerry Carpenter,False,False,False,False,False,True,True,False,False
kylefinnegan,15009,640448,36543,Kyle Finnegan,False,False,False,False,False,False,False,False,True
noahcameron,30184,702070,4417208,Noah Cameron,False,False,False,False,False,False,False,True,False
philmaton,18064,664208,36161,Phil Maton,False,False,False,False,False,False,False,False,True
marcellozuna,10324,542303,31668,Marcell Ozuna,False,False,False,False,False,False,True,False,False
mattstrahm,13799,621381,34862,Matt Strahm,False,False,False,False,False,False,False,False,True
cadehorton,31872,690990,4692526,Cade Horton,False,False,False,False,False,False,False,True,False
miguelvargas,20178,678246,42453,Miguel Vargas,False,True,False,False,True,False,True,False,False
edwardcabrera,21690,665795,40944,Edward Cabrera,False,False,False,False,False,False,False,True,False
camilodoval,21992,666808,41337,Camilo Doval,False,False,False,False,False,False,False,False,True
jorgepolanco,13152,593871,32525,Jorge Polanco,False,False,True,False,False,False,True,False,False
daultonvarsho,19918,662139,40963,Daulton Varsho,False,False,False,False,False,True,True,False,False
noelvimarte,26517,682622,41307,Noelvi Marte,False,False,False,False,True,True,True,False,False
adrianmorejon,20039,670970,40917,Adrian Morejon,False,False,False,False,False,False,False,False,True
bubbachandler,29868,696149,4683325,Bubba Chandler,False,False,False,False,False,False,False,True,False
stevenmatz,13361,571927,33106,Steven Matz,False,False,False,False,False,False,False,False,True
daylenlile,29995,695734,4917889,Daylen Lile,False,False,False,False,False,True,True,False,False
wilyerabreu,23772,677800,4990055,Wilyer Abreu,False,False,False,False,False,True,True,False,False
heliotramos,22515,671218,39642,Heliot Ramos,False,False,False,False,False,True,True,False,False
joseferrer,24017,,5119607,Jose Ferrer,False,False,False,False,False,False,False,False,True
connellyearly,33666,813349,4863321,Connelly Early,False,False,False,False,False,False,False,True,False
bradkeller,15734,641745,35292,Brad Keller,False,False,False,False,False,False,False,False,True
josesoriano,22100,667755,40973,Jose Soriano,False,False,False,False,False,False,False,True,False
lawrencebutler,22542,671732,4917919,Lawrence Butler,False,False,False,False,False,True,True,False,False
jakecronenworth,18036,630105,36364,Jake Cronenworth,False,False,True,False,False,False,True,False,False
carlosrodon,16137,607074,33696,Carlos Rodon,False,False,False,False,False,False,False,True,False
jojoromero,19574,668941,40456,JoJo Romero,False,False,False,False,False,False,False,False,True
spencertorkelson,27465,679529,4424286,Spencer Torkelson,False,True,False,False,False,False,True,False,False
garrettcleavinger,17897,664076,36429,Garrett Cleavinger,False,False,False,False,False,False,False,False,True
nolanarenado,9777,571448,31261,Nolan Arenado,False,False,False,False,True,False,True,False,False
trevorstory,12564,596115,32150,Trevor Story,False,False,False,True,False,False,True,False,False
kylestowers,26151,669065,42796,Kyle Stowers,False,False,False,False,False,True,True,False,False
tommyedman,19470,669242,39907,Tommy Edman,False,False,True,False,False,True,True,False,False
robertgarcia,23363,676395,5125167,Robert Garcia,False,False,False,False,False,False,False,False,True
tjfriedl,19522,670770,36020,TJ Friedl,False,False,False,False,False,True,True,False,False
mitchkeller,17594,656605,33722,Mitch Keller,False,False,False,False,False,False,False,True,False
huntergaddis,25636,683769,4187661,Hunter Gaddis,False,False,False,False,False,False,False,False,True
robertstephenson,13594,596112,32134,Robert Stephenson,False,False,False,False,False,False,False,False,True
alexvesia,25007,681911,42622,Alex Vesia,False,False,False,False,False,False,False,False,True
baileyober,21224,641927,3107919,Bailey Ober,False,False,False,False,False,False,False,True,False
luisrobertjr,20043,673357,39631,Luis Robert Jr.,False,False,False,False,False,True,True,False,False
tonysantillan,19926,663574,40950,Tony Santillan,False,False,False,False,False,False,False,False,True
adolisgarcia,19287,666969,35537,Adolis Garcia,False,False,False,False,False,True,True,False,False
calvinfaucher,20116,676534,3978173,Calvin Faucher,False,False,False,False,False,False,False,False,True
brycemiller,29837,682243,4654313,Bryce Miller,False,False,False,False,False,False,False,True,False
rileyobrien,20348,676617,41509,Riley O'Brien,False,False,False,False,False,False,False,False,True
miketrout,10155,545361,30836,Mike Trout,False,False,False,False,False,True,True,False,False
ernieclement,20352,676391,41287,Ernie Clement,False,False,True,True,True,False,True,False,False
bradysinger,25377,663903,41172,Brady Singer,False,False,False,False,False,False,False,True,False
xanderbogaerts,12161,593428,31606,Xander Bogaerts,False,False,False,True,False,False,True,False,False
trentgrisham,18564,663757,34995,Trent Grisham,False,False,False,False,False,True,True,False,False
shawnarmstrong,12857,542888,33499,Shawn Armstrong,False,False,False,False,False,False,False,False,True
alecburleson,27615,676475,4345070,Alec Burleson,False,True,False,False,False,True,True,False,False
jassondominguez,28080,691176,42401,Jasson Dominguez,False,False,False,False,False,True,True,False,False
colesands,21461,663485,3983841,Cole Sands,False,False,False,False,False,False,False,False,True
kirbyyates,9073,489446,32623,Kirby Yates,False,False,False,False,False,False,False,False,True
yuseikikuchi,20633,579328,41415,Yusei Kikuchi,False,False,False,False,False,False,False,True,False
coltkeith,27899,690993,4683384,Colt Keith,False,False,True,False,True,False,True,False,False
cedricmullins,17929,656775,35578,Cedric Mullins,False,False,False,False,False,True,True,False,False
aaronashby,23550,676879,41325,Aaron Ashby,False,False,False,False,False,False,False,False,True
dylancrews,33541,686611,4719511,Dylan Crews,False,False,False,False,False,True,True,False,False
kodaisenga,31838,673540,4142421,Kodai Senga,False,False,False,False,False,False,False,True,False
yimigarcia,12095,554340,32888,Yimi Garcia,False,False,False,False,False,False,False,False,True
joemusgrove,12970,605397,34848,Joe Musgrove,False,False,False,False,False,False,False,True,False
gerritcole,13125,543037,32081,Gerrit Cole,False,False,False,False,False,False,False,True,False
anthonysantander,14551,623993,36084,Anthony Santander,False,False,False,False,False,True,True,False,False
seranthonydominguez,19249,622554,37793,Seranthony Dominguez,False,False,False,False,False,False,False,False,True
ivanherrera,20599,671056,41889,Ivan Herrera,False,False,False,False,False,False,True,False,False
carloscorrea,14162,621043,32653,Carlos Correa,False,False,False,True,True,False,True,False,False
jacoblatz,21306,656641,3210625,Jacob Latz,False,False,False,False,False,False,False,True,True
mattmclain,29695,680574,4422899,Matt McLain,False,False,True,False,False,False,True,False,False
rynenelson,26253,669194,4916269,Ryne Nelson,False,False,False,False,False,False,False,True,True
josealvarado,17780,621237,36063,Jose Alvarado,False,False,False,False,False,False,False,False,True
brentondoyle,25479,686668,42462,Brenton Doyle,False,False,False,False,False,True,True,False,False
dylanlee,19996,669276,41455,Dylan Lee,False,False,False,False,False,False,False,False,True
gabrielmoreno,22664,672515,42464,Gabriel Moreno,True,False,False,False,False,False,True,False,False
caseymize,20492,663554,41167,Casey Mize,False,False,False,False,False,False,False,True,False
kyleleahy,24763,681517,5006093,Kyle Leahy,False,False,False,False,False,False,False,False,True
ottolopez,19608,672640,41917,Otto Lopez,False,False,True,True,False,False,True,False,False
jeffmcneil,15362,643446,33900,Jeff McNeil,False,False,True,False,False,True,True,False,False
jackleiter,30146,683004,4622181,Jack Leiter,False,False,False,False,False,False,False,True,False
tylerrogers,15541,643511,34026,Tyler Rogers,False,False,False,False,False,False,False,False,True
michaelbusch,26319,683737,42415,Michael Busch,False,True,False,False,False,False,True,False,False
tylerholton,26231,663947,3983833,Tyler Holton,False,False,False,False,False,False,False,True,True
andrewbenintendi,17901,643217,34986,Andrew Benintendi,False,False,False,False,False,True,True,False,False
codyponce,17920,,34999,Cody Ponce,False,False,False,False,False,False,False,True,False
gabespeier,17170,642100,40327,Gabe Speier,False,False,False,False,False,False,False,False,True
luisarraez,18568,650333,39572,Luis Arraez,False,True,False,False,False,False,True,False,False
reeseolson,24968,681857,4734319,Reese Olson,False,False,False,False,False,False,False,True,False
ramonlaureano,17128,657656,35142,Ramon Laureano,False,False,False,False,False,True,True,False,False
chrisbassitt,12304,605135,33148,Chris Bassitt,False,False,False,False,False,False,False,True,False
justinsterner,27694,686993,4307467,Justin Sterner,False,False,False,False,False,False,False,False,True
brayanbello,23920,678394,4720856,Brayan Bello,False,False,False,False,False,False,False,True,False
ezequieltovar,24064,678662,4905919,Ezequiel Tovar,False,False,False,True,False,False,True,False,False
markvientos,22184,668901,41034,Mark Vientos,False,False,False,False,True,False,True,False,False
mattsvanson,29629,694335,4649953,Matt Svanson,False,False,False,False,False,False,False,False,True
seanmanaea,15873,640455,33244,Sean Manaea,False,False,False,False,False,False,False,True,False
loganhenderson,31475,701656,4917878,Logan Henderson,False,False,False,False,False,False,False,True,False
larsnootbaar,21454,663457,4448736,Lars Nootbaar,False,False,False,False,False,True,True,False,False
clayholmes,13649,605280,32827,Clay Holmes,False,False,False,False,False,False,False,True,False
jonathanindia,21523,663697,41171,Jonathan India,False,False,True,False,True,True,True,False,False
victorvodnik,24614,680767,4722599,Victor Vodnik,False,False,False,False,False,False,False,False,True
jesussanchez,19913,660821,39957,Jesus Sanchez,False,False,False,False,False,True,True,False,False
sethlugo,12447,607625,34873,Seth Lugo,False,False,False,False,False,False,False,True,False
nickcastellanos,11737,592206,31187,Nick Castellanos,False,False,False,False,False,True,True,False,False
benbrown,23590,676962,41516,Ben Brown,False,False,False,False,False,False,False,True,True
addisonbarger,24598,680718,4997589,Addison Barger,False,False,False,False,True,True,True,False,False
connornorby,29592,681393,4417606,Connor Norby,False,False,False,False,True,False,True,False,False
davidpeterson,20302,656849,40921,David Peterson,False,False,False,False,False,False,False,True,False
samuelbasallo,28824,694212,4917646,Samuel Basallo,True,False,False,False,False,False,True,False,False
kevinginkel,19876,656464,41432,Kevin Ginkel,False,False,False,False,False,False,False,False,True
tylersoderstrom,27467,691016,4686066,Tyler Soderstrom,False,True,False,False,False,True,True,False,False
louisvarland,27691,686973,4917888,Louis Varland,False,False,False,False,False,False,False,False,True
michaelwacha,14078,608379,32640,Michael Wacha,False,False,False,False,False,False,False,True,False
lucaserceg,19360,668674,36618,Lucas Erceg,False,False,False,False,False,False,False,False,True
jackperkins,31468,678022,4418686,Jack Perkins,False,False,False,False,False,False,False,False,True
mickeymoniak,19956,666160,36181,Mickey Moniak,False,False,False,False,False,True,True,False,False
benjoyce,31461,690829,4867388,Ben Joyce,False,False,False,False,False,False,False,False,True
nolanschanuel,33189,694384,4739755,Nolan Schanuel,False,True,False,False,False,False,True,False,False
shelbymiller,10197,571946,30738,Shelby Miller,False,False,False,False,False,False,False,False,True
jpcrawford,15491,641487,33210,J.P. Crawford,False,False,False,True,False,False,True,False,False
willicastro,17338,650489,34230,Willi Castro,False,False,True,False,True,True,True,False,False
fernandocruz,7048,518585,34068,Fernando Cruz,False,False,False,False,False,False,False,False,True
kyleteel,33549,691019,4743772,Kyle Teel,True,False,False,False,False,False,True,False,False
andrewsaalfrank,26203,685314,5001155,Andrew Saalfrank,False,False,False,False,False,False,False,False,True
shanesmith,31687,681343,5201814,Shane Smith,False,False,False,False,False,False,False,True,False
kazumaokamoto,sa3063134,,5134636,Kazuma Okamoto,False,False,False,False,True,False,True,False,False
rokisasaki,35323,808963,5134638,Roki Sasaki,False,False,False,False,False,False,False,True,False
claytonbeeter,27494,690925,4313143,Clayton Beeter,False,False,False,False,False,False,False,False,True
hoganharris,21520,663687,41364,Hogan Harris,False,False,False,False,False,False,False,False,True
mattwallner,26466,670242,42427,Matt Wallner,False,False,False,False,False,True,True,False,False
sethhalvorsen,33294,678020,5204400,Seth Halvorsen,False,False,False,False,False,False,False,False,True
jasonadam,11861,592094,32145,Jason Adam,False,False,False,False,False,False,False,False,True
masynwinn,27479,691026,4683365,Masyn Winn,False,False,False,True,False,False,True,False,False
graysonrodriguez,24492,680570,41196,Grayson Rodriguez,False,False,False,False,False,False,False,True,False
ryanohearn,16442,656811,35183,Ryan O'Hearn,False,True,False,False,False,True,True,False,False
coltoncowser,29591,681297,4416990,Colton Cowser,False,False,False,False,False,True,True,False,False
eriksabrowski,24978,681870,5194333,Erik Sabrowski,False,False,False,False,False,False,False,False,True
giancarlostanton,4949,519317,30583,Giancarlo Stanton,False,False,False,False,False,True,True,False,False
gregorysoto,19677,642397,39804,Gregory Soto,False,False,False,False,False,False,False,False,True
jamesontaillon,11674,592791,31258,Jameson Taillon,False,False,False,False,False,False,False,True,False
austinwells,27562,669224,4683349,Austin Wells,True,False,False,False,False,False,True,False,False
colsonmontgomery,29712,695657,4872685,Colson Montgomery,False,False,False,True,False,False,True,False,False
orionkerkering,31776,689147,4630789,Orion Kerkering,False,False,False,False,False,False,False,False,True
josebutto,23313,676130,4905900,Jose Butto,False,False,False,False,False,False,False,False,True
joshlowe,19953,666139,40557,Josh Lowe,False,False,False,False,False,True,True,False,False
braxtonashcraft,23793,677952,41282,Braxton Ashcraft,False,False,False,False,False,False,False,True,True
keeganakin,19362,669211,36724,Keegan Akin,False,False,False,False,False,False,False,False,True
calebthielbar,10078,573204,32440,Caleb Thielbar,False,False,False,False,False,False,False,False,True
zachmckinstry,19392,656716,38420,Zach McKinstry,False,False,False,True,True,True,True,False,False
quinnpriester,25977,682990,42449,Quinn Priester,False,False,False,False,False,False,False,True,False
chasemeidroth,31580,805367,5136929,Chase Meidroth,False,False,True,True,False,False,True,False,False
jackdreyer,30249,676263,5136082,Jack Dreyer,False,False,False,False,False,False,False,True,True
andresgimenez,19950,665926,37729,Andres Gimenez,False,False,True,False,False,False,True,False,False
justintopa,15145,623437,38796,Justin Topa,False,False,False,False,False,False,False,False,True
spencersteer,26323,668715,4722857,Spencer Steer,False,True,False,False,False,False,True,False,False
gavinsheets,19901,657757,40700,Gavin Sheets,False,False,False,False,False,True,True,False,False
joeycantillo,23335,676282,42488,Joey Cantillo,False,False,False,False,False,False,False,True,True
markleiterjr,15551,643410,36202,Mark Leiter Jr.,False,False,False,False,False,False,False,False,True
jaccaglianone,35041,695506,4926296,Jac Caglianone,False,False,False,False,False,True,True,False,False
josecaballero,23401,676609,42135,Jose Caballero,False,False,True,True,True,True,True,False,False
isaacmattson,20385,676755,42063,Isaac Mattson,False,False,False,False,False,False,False,False,True
ericlauer,19316,641778,39915,Eric Lauer,False,False,False,False,False,False,False,True,True
jeffreysprings,17677,605488,35397,Jeffrey Springs,False,False,False,False,False,False,False,True,False
munetakamurakami,sa3063258,,4872595,Munetaka Murakami,False,False,False,False,True,False,True,False,False
jaredkoenig,27517,657649,4995802,Jared Koenig,False,False,False,False,False,False,False,False,True
brandonpfaadt,27782,694297,4721302,Brandon Pfaadt,False,False,False,False,False,False,False,True,False
tylerfreeman,22532,671289,40958,Tyler Freeman,False,False,False,False,False,True,True,False,False
lenynsosa,22896,672820,41684,Lenyn Sosa,False,True,True,False,False,False,True,False,False
caseyschmitt,27577,669477,4301949,Casey Schmitt,False,False,True,False,True,False,True,False,False
tylerkinley,18297,641755,34166,Tyler Kinley,False,False,False,False,False,False,False,False,True
andrewpainter,sa3017880,,4872683,Andrew Painter,False,False,False,False,False,False,False,True,False
jtrealmuto,11739,592663,32177,J.T. Realmuto,True,False,False,False,False,False,True,False,False
brettbaty,26123,683146,42414,Brett Baty,False,False,True,False,True,False,True,False,False
ianseymour,27932,693855,4669425,Ian Seymour,False,False,False,False,False,False,False,True,True
kylemanzardo,29794,700932,4917927,Kyle Manzardo,False,True,False,False,False,False,True,False,False
joejimenez,15761,641729,33760,Joe Jimenez,False,False,False,False,False,False,False,False,True
jorgesoler,14221,624585,32558,Jorge Soler,False,False,False,False,False,True,True,False,False
brookslee,31595,686797,4629081,Brooks Lee,False,False,True,True,True,False,True,False,False
lucasgiolito,15474,608337,32697,Lucas Giolito,False,False,False,False,False,False,False,True,False
zacklittell,15823,641793,36052,Zack Littell,False,False,False,False,False,False,False,True,False
bryanking,25890,687911,5201821,Bryan King,False,False,False,False,False,False,False,False,True
trevorlarnach,21501,663616,41205,Trevor Larnach,False,False,False,False,False,True,True,False,False
brandonmarsh,20202,669016,40803,Brandon Marsh,False,False,False,False,False,True,True,False,False
jonahtong,32157,804636,5214984,Jonah Tong,False,False,False,False,False,False,False,True,False
luisrengifo,19858,650859,37237,Luis Rengifo,False,False,True,False,True,False,True,False,False
harrisonbader,18030,664056,35062,Harrison Bader,False,False,False,False,False,True,True,False,False
willsoncontreras,11609,575929,32532,Willson Contreras,False,True,False,False,False,False,True,False,False
bryanbaker,19804,641329,40884,Bryan Baker,False,False,False,False,False,False,False,False,True
ajblubaugh,31764,805123,42556,AJ Blubaugh,False,False,False,False,False,False,False,False,True
johnschreiber,20020,670167,39949,John Schreiber,False,False,False,False,False,False,False,False,True
elvisalvarado,21662,665660,42211,Elvis Alvarado,False,False,False,False,False,False,False,False,True
mikeyastrzemski,14854,573262,33341,Mike Yastrzemski,False,False,False,False,False,True,True,False,False
joshjung,26299,673962,42437,Josh Jung,False,False,False,False,True,False,True,False,False
jonathanaranda,21837,666018,40810,Jonathan Aranda,False,True,False,False,False,False,True,False,False
jimmyherget,17556,623474,36093,Jimmy Herget,False,False,False,False,False,False,False,False,True
willwarren,30182,701542,5132011,Will Warren,False,False,False,False,False,False,False,True,False
ryanjeffers,24618,680777,41587,Ryan Jeffers,True,False,False,False,False,False,True,False,False
anthonybender,19742,669622,42171,Anthony Bender,False,False,False,False,False,False,False,False,True
evancarter,27790,694497,4917921,Evan Carter,False,False,False,False,False,True,True,False,False
ryanmcmahon,15112,641857,33247,Ryan McMahon,False,False,False,False,True,False,True,False,False
brooksraley,10061,548384,32005,Brooks Raley,False,False,False,False,False,False,False,False,True
dylanbeavers,31695,687637,4959037,Dylan Beavers,False,False,False,False,False,True,True,False,False
hunterharvey,15507,640451,33191,Hunter Harvey,False,False,False,False,False,False,False,False,True
justinsteele,17312,657006,41022,Justin Steele,False,False,False,False,False,False,False,True,False
marcelomayer,29668,691785,4872648,Marcelo Mayer,False,False,False,False,True,False,True,False,False
parkermessick,31986,800048,4619898,Parker Messick,False,False,False,False,False,False,False,True,False
ajminter,18655,621345,36133,A.J. Minter,False,False,False,False,False,False,False,False,True
drewpomeranz,11426,519141,31010,Drew Pomeranz,False,False,False,False,False,False,False,False,True
austinhays,19363,669720,36928,Austin Hays,False,False,False,False,False,True,True,False,False
jordanromano,16122,605447,36380,Jordan Romano,False,False,False,False,False,False,False,False,True
eduardbazardo,20997,660825,41939,Eduard Bazardo,False,False,False,False,False,False,False,False,True
carmenmlodzinski,27572,669387,4298378,Carmen Mlodzinski,False,False,False,False,False,False,False,True,True
mikeburrows,24728,681347,4918155,Mike Burrows,False,False,False,False,False,False,False,True,False
brendonlittle,21574,663893,39645,Brendon Little,False,False,False,False,False,False,False,False,True
deankremer,19350,665152,38295,Dean Kremer,False,False,False,False,False,False,False,True,False
spencerhorwitz,26477,687462,4228472,Spencer Horwitz,False,True,False,False,False,False,True,False,False
joeyortiz,25493,687401,42958,Joey Ortiz,False,False,False,True,False,False,True,False,False
franciscoalvarez,26121,682626,41253,Francisco Alvarez,True,False,False,False,False,False,True,False,False
chrismartin,11847,455119,32903,Chris Martin,False,False,False,False,False,False,False,False,True
simeonwoodsrichardson,24494,680573,41383,Simeon Woods Richardson,False,False,False,False,False,False,False,True,False
stevenokert,13580,595345,33716,Steven Okert,False,False,False,False,False,False,False,False,True
andrewnardi,25942,677053,3975840,Andrew Nardi,False,False,False,False,False,False,False,False,True
tyleroneill,15711,641933,34168,Tyler O'Neill,False,False,False,False,False,True,True,False,False
mattfesta,19330,670036,39871,Matt Festa,False,False,False,False,False,False,False,False,True
parkermeadows,23800,678009,41223,Parker Meadows,False,False,False,False,False,True,True,False,False
braydonfisher,24609,680755,41318,Braydon Fisher,False,False,False,False,False,False,False,False,True
carsonkelly,13620,608348,32797,Carson Kelly,True,False,False,False,False,False,True,False,False
miguelandujar,15878,609280,33743,Miguel Andujar,False,False,False,False,True,True,True,False,False
chadpatrick,30113,694477,5131708,Chad Patrick,False,False,False,False,False,False,False,True,False
joseberrios,14168,621244,32811,Jose Berrios,False,False,False,False,False,False,False,True,False
connorphillips,27649,683175,4918160,Connor Phillips,False,False,False,False,False,False,False,False,True
zacheflin,13774,621107,32804,Zach Eflin,False,False,False,False,False,False,False,True,False
ryanthompson,16647,657044,38628,Ryan Thompson,False,False,False,False,False,False,False,False,True
wenceelperez,22857,672761,41586,Wenceel Perez,False,False,False,False,False,True,True,False,False
ryanweathers,23796,677960,41178,Ryan Weathers,False,False,False,False,False,False,False,True,False
justinslaten,25648,686580,4917925,Justin Slaten,False,False,False,False,False,False,False,False,True
kebryanhayes,18577,663647,35020,Ke'Bryan Hayes,False,False,False,False,True,False,True,False,False
blaketreinen,12572,595014,32185,Blake Treinen,False,False,False,False,False,False,False,False,True
jordanbeck,31431,687597,4619460,Jordan Beck,False,False,False,False,False,True,True,False,False
kodyfunderburk,24993,681892,4348166,Kody Funderburk,False,False,False,False,False,False,False,False,True
kuttercrawford,20531,676710,41277,Kutter Crawford,False,False,False,False,False,False,False,True,False
andrewvaughn,26197,683734,42394,Andrew Vaughn,False,True,False,False,False,False,True,False,False
alexisdiaz,21132,664747,4905920,Alexis Diaz,False,False,False,False,False,False,False,False,True
dustinmay,19716,669160,40937,Dustin May,False,False,False,False,False,False,False,True,False
gregweissert,20375,669711,41485,Greg Weissert,False,False,False,False,False,False,False,False,True
isaaccollins,25477,686555,42959,Isaac Collins,False,False,False,False,False,True,True,False,False
paytontolle,35466,801139,4966140,Payton Tolle,False,False,False,False,False,False,False,True,False
piercejohnson,13435,572955,32777,Pierce Johnson,False,False,False,False,False,False,False,False,True
erikmiller,26252,669062,4152950,Erik Miller,False,False,False,False,False,False,False,False,True
seannewcomb,16943,656794,33856,Sean Newcomb,False,False,False,False,False,False,False,True,True
justinwrobleski,31204,680736,4417203,Justin Wrobleski,False,False,False,False,False,False,False,False,True
masonmontgomery,29770,682254,4424112,Mason Montgomery,False,False,False,False,False,False,False,False,True
ryanzeferjahn,25420,666171,4722057,Ryan Zeferjahn,False,False,False,False,False,False,False,False,True
haseongkim,27506,673490,4089862,Ha-Seong Kim,False,False,False,True,False,False,True,False,False
jordanlawlar,29976,691783,4872649,Jordan Lawlar,False,False,False,False,True,False,True,False,False
dominiccanzone,26438,686527,4345621,Dominic Canzone,False,False,False,False,False,True,True,False,False
porterhodge,26413,687863,5185133,Porter Hodge,False,False,False,False,False,False,False,False,True
tylermahle,16358,641816,34973,Tyler Mahle,False,False,False,False,False,False,False,True,False
luisgil,21052,661563,40626,Luis Gil,False,False,False,False,False,False,False,True,False
nolangorman,22263,669357,41174,Nolan Gorman,False,False,True,False,True,False,True,False,False
yarielrodriguez,33838,684320,4411979,Yariel Rodriguez,False,False,False,False,False,False,False,False,True
jakemeyers,20308,676694,40719,Jake Meyers,False,False,False,False,False,True,True,False,False
grahamashcraft,27552,668933,4084179,Graham Ashcraft,False,False,False,False,False,False,False,False,True
davidrobertson,8241,502085,29172,David Robertson,False,False,False,False,False,False,False,False,True
michaelmcgreevy,29869,700241,4424141,Michael McGreevy,False,False,False,False,False,False,False,True,False
tylerstephenson,17988,663886,34975,Tyler Stephenson,True,False,False,False,False,False,True,False,False
camsmith,35108,701358,5080766,Cam Smith,False,False,False,False,False,True,True,False,False
bradyhouse,29993,691781,4872681,Brady House,False,False,False,False,True,False,True,False,False
coleyoung,31680,702284,5080641,Cole Young,False,False,True,False,False,False,True,False,False
yenniercano,25911,666974,35536,Yennier Cano,False,False,False,False,False,False,False,False,True
kylekarros,33252,691720,5203102,Kyle Karros,False,False,False,False,True,False,True,False,False
luisseverino,15890,622663,33263,Luis Severino,False,False,False,False,False,False,False,True,False
christianmoore,34979,695681,4927523,Christian Moore,False,False,True,False,False,False,True,False,False
masatakayoshida,31837,807799,4872598,Masataka Yoshida,False,False,False,False,False,False,True,False,False
anthonyvolpe,27647,683011,42547,Anthony Volpe,False,False,False,True,False,False,True,False,False
jacoblopez,25098,682052,42239,Jacob Lopez,False,False,False,False,False,False,False,True,False
ryanyarbrough,16502,642232,33735,Ryan Yarbrough,False,False,False,False,False,False,False,True,True
victorscottii,31349,687363,4807220,Victor Scott II,False,False,False,False,False,True,True,False,False
keibertruiz,19610,660688,38827,Keibert Ruiz,True,False,False,False,False,False,True,False,False
colinrea,12317,607067,33950,Colin Rea,False,False,False,False,False,False,False,True,False
maxmuncy1,29779,691777,4872686,Max Muncy,False,False,True,False,True,False,True,False,False
zebbymatthews,31827,805673,4791597,Zebby Matthews,False,False,False,False,False,False,False,True,False
reiddetmers,27468,672282,4326697,Reid Detmers,False,False,False,False,False,False,False,False,True
hobymilner,13346,571948,36088,Hoby Milner,False,False,False,False,False,False,False,False,True
bennettsousa,21345,656986,41776,Bennett Sousa,False,False,False,False,False,False,False,False,True
tommynance,19178,667297,36385,Tommy Nance,False,False,False,False,False,False,False,False,True
amedrosario,15518,642708,33215,Amed Rosario,False,False,True,False,True,False,True,False,False
victorrobles,18363,645302,35042,Victor Robles,False,False,False,False,False,True,True,False,False
reynaldolopez,16400,625643,33860,Reynaldo Lopez,False,False,False,False,False,False,False,True,False
pjpoulin,23394,,4019760,P.J. Poulin,False,False,False,False,False,False,False,False,True
tyleralexander,17735,641302,40360,Tyler Alexander,False,False,False,False,False,False,False,True,True
haydenbirdsong,31635,806185,5197166,Hayden Birdsong,False,False,False,False,False,False,False,True,True
jakemangum,26202,663968,42664,Jake Mangum,False,False,False,False,False,True,True,False,False
nickmears,25376,683232,42620,Nick Mears,False,False,False,False,False,False,False,False,True
nickmartinez,12730,607259,33372,Nick Martinez,False,False,False,False,False,False,False,True,True
nickgonzales,27490,693304,4311634,Nick Gonzales,False,False,True,False,False,False,True,False,False
bencasparius,30085,676508,4326800,Ben Casparius,False,False,False,False,False,False,False,False,True
edgarquero,28022,700337,4917824,Edgar Quero,True,False,False,False,False,False,True,False,False
angelzerpa,22717,672582,4705673,Angel Zerpa,False,False,False,False,False,False,False,False,True
michaelkopech,17282,656629,33763,Michael Kopech,False,False,False,False,False,False,False,False,True
lourdesgurrieljr,19238,666971,36040,Lourdes Gurriel Jr.,False,False,False,False,False,True,True,False,False
kristiancampbell,33644,692225,5201569,Kristian Campbell,False,False,True,False,False,False,True,False,False
justinlawrence,17639,664875,41310,Justin Lawrence,False,False,False,False,False,False,False,False,True
carterjensen,29478,695600,4917812,Carter Jensen,True,False,False,False,False,False,True,False,False
tobiasmyers,22191,668964,39716,Tobias Myers,False,False,False,False,False,False,False,True,True
salstewart,31505,701398,5080771,Sal Stewart,False,True,False,False,True,False,True,False,False
mauriciodubon,16530,643289,35304,Mauricio Dubon,False,False,True,True,True,True,True,False,False
jakeburger,22275,669394,39882,Jake Burger,False,True,False,False,False,False,True,False,False
adbertalzolay,17859,640470,39802,Adbert Alzolay,False,False,False,False,False,False,False,False,True
edgardohenriquez,26944,683618,5194684,Edgardo Henriquez,False,False,False,False,False,False,False,False,True
calebferguson,19349,657571,41017,Caleb Ferguson,False,False,False,False,False,False,False,False,True
dannycoulombe,13293,543056,33638,Danny Coulombe,False,False,False,False,False,False,False,False,True
nathanlukes,18123,664770,35682,Nathan Lukes,False,False,False,False,False,True,True,False,False
timherrin,25139,682120,4228579,Tim Herrin,False,False,False,False,False,False,False,False,True
colehenry,27570,669371,4414361,Cole Henry,False,False,False,False,False,False,False,False,True
konnorgriffin,sa3065496,,5218285,Konnor Griffin,False,False,False,True,False,False,True,False,False
sungmunsong,sa3012529,,5329585,Sung-Mun Song,False,False,False,False,True,False,True,False,False
riverryan,29514,689981,5007605,River Ryan,False,False,False,False,False,False,False,True,False
chasedelauter,32127,,4619649,Chase DeLauter,False,False,False,False,False,True,True,False,False
branthurter,30133,676428,5197093,Brant Hurter,False,False,False,False,False,False,False,False,True
maxkepler,12144,596146,31870,Max Kepler,False,False,False,False,False,True,True,False,False
tajbradley,22543,671737,42480,Taj Bradley,False,False,False,False,False,False,False,True,False
loganohoppe,24729,681351,42047,Logan O'Hoppe,True,False,False,False,False,False,True,False,False
aaronbummer,16258,607481,36131,Aaron Bummer,False,False,False,False,False,False,False,False,True
yoendrysgomez,22872,672782,42898,Yoendrys Gomez,False,False,False,False,False,False,False,True,True
jakobjunis,13619,596001,36056,Jakob Junis,False,False,False,False,False,False,False,False,True
johanoviedo,22487,670912,41405,Johan Oviedo,False,False,False,False,False,False,False,True,False
joshbell,13145,605137,32517,Josh Bell,False,True,False,False,False,False,True,False,False
juanmejia,23237,675848,5185107,Juan Mejia,False,False,False,False,False,False,False,False,True
yoanmoncada,17232,660162,33984,Yoan Moncada,False,False,False,False,True,False,True,False,False
tommykahnle,11384,592454,31867,Tommy Kahnle,False,False,False,False,False,False,False,False,True
tristoncasas,22514,671213,41180,Triston Casas,False,True,False,False,False,False,True,False,False
tannerbanks,16990,621383,40437,Tanner Banks,False,False,False,False,False,False,False,False,True
michaelsoroka,18383,647336,34984,Michael Soroka,False,False,False,False,False,False,False,True,False
bonaylor,21865,666310,41183,Bo Naylor,True,False,False,False,False,False,True,False,False
justinwilson,4301,458677,31026,Justin Wilson,False,False,False,False,False,False,False,False,True
jordanwalker,27475,691023,4684778,Jordan Walker,False,False,False,False,False,True,True,False,False
huascarbrazoban,6107,623211,4916509,Huascar Brazoban,False,False,False,False,False,False,False,False,True
joelpeguero,21951,666711,4722917,Joel Peguero,False,False,False,False,False,False,False,False,True
michaelkelly,12791,547184,36156,Michael Kelly,False,False,False,False,False,False,False,False,True
lanethomas,16939,657041,36409,Lane Thomas,False,False,False,False,False,True,True,False,False
davidmorgan,31616,688158,5270578,David Morgan,False,False,False,False,False,False,False,False,True
tylerwells,20000,669330,4717904,Tyler Wells,False,False,False,False,False,False,False,True,False
mikevasil,30105,678024,4414551,Mike Vasil,False,False,False,False,False,False,False,False,True
kadestrowd,26191,669704,5125912,Kade Strowd,False,False,False,False,False,False,False,False,True
justincrawford,sa3020240,,5080642,Justin Crawford,False,False,False,False,False,True,True,False,False
braxtongarrett,21844,666129,40971,Braxton Garrett,False,False,False,False,False,False,False,True,False
dlhall,22207,669084,41018,DL Hall,False,False,False,False,False,False,False,False,True
cadecavalli,27473,676917,4308037,Cade Cavalli,False,False,False,False,False,False,False,True,False
brayanrocchio,23690,677587,41217,Brayan Rocchio,False,False,True,True,False,False,True,False,False
ryanweiss,sa3007778,,3964917,Ryan Weiss,False,False,False,False,False,False,False,False,True
gavinlux,19955,666158,40423,Gavin Lux,False,False,False,False,False,True,True,False,False
cristianjavier,17606,664299,41261,Cristian Javier,False,False,False,False,False,False,False,True,False
paulsewald,13892,623149,35009,Paul Sewald,False,False,False,False,False,False,False,False,True
michaelmassey,27684,686681,4109223,Michael Massey,False,False,True,False,False,False,True,False,False
brockburke,17968,656271,39945,Brock Burke,False,False,False,False,False,False,False,False,True
luismatos,26467,682641,4722941,Luis Matos,False,False,False,False,False,True,True,False,False
brandoneisert,27668,685126,4228247,Brandon Eisert,False,False,False,False,False,False,False,False,True
landenroupp,30076,694738,4345404,Landen Roupp,False,False,False,False,False,False,False,True,False
colewinn,22113,668390,41177,Cole Winn,False,False,False,False,False,False,False,False,True
ianhamilton,19261,641656,41127,Ian Hamilton,False,False,False,False,False,False,False,False,True
colinselby,24986,681882,5116841,Colin Selby,False,False,False,False,False,False,False,False,True
robbysnelling,sa3020707,,5080753,Robby Snelling,False,False,False,False,False,False,False,True,False
scottbarlow,14993,605130,32156,Scott Barlow,False,False,False,False,False,False,False,False,True
anthonybanda,14706,607455,34542,Anthony Banda,False,False,False,False,False,False,False,False,True
sladececconi,27500,677944,41462,Slade Cecconi,False,False,False,False,False,False,False,True,False
masonenglert,22288,669438,41386,Mason Englert,False,False,False,False,False,False,False,False,True
ryanfernandez,24862,681676,5002952,Ryan Fernandez,False,False,False,False,False,False,False,False,True
cadegibson,31815,806188,5273591,Cade Gibson,False,False,False,False,False,False,False,False,True
austinmartin,27462,668885,4297998,Austin Martin,False,False,False,False,False,True,True,False,False
maxmeyer,27474,676974,4345164,Max Meyer,False,False,False,False,False,False,False,True,False
joelpayamps,14332,606303,40021,Joel Payamps,False,False,False,False,False,False,False,False,True
evansisk,24995,681895,3994084,Evan Sisk,False,False,False,False,False,False,False,False,True
grahampauley,31363,688363,4622931,Graham Pauley,False,False,False,False,True,False,True,False,False
colesulser,15256,642121,37825,Cole Sulser,False,False,False,False,False,False,False,False,True
grantanderson,20546,681982,42161,Grant Anderson,False,False,False,False,False,False,False,False,True
thomaswhite,sa3023268,,5149065,Thomas White,False,False,False,False,False,False,False,True,False
jjbleday,26368,668709,42410,JJ Bleday,False,False,False,False,False,True,True,False,False
dillondingler,27464,693307,4345620,Dillon Dingler,True,False,False,False,False,False,True,False,False
taylorrogers,13449,573124,33671,Taylor Rogers,False,False,False,False,False,False,False,False,True
jaredjones,27863,683003,4918156,Jared Jones,False,False,False,False,False,False,False,True,False
carsonbenge,sa3025452,,4925604,Carson Benge,False,False,False,False,False,True,True,False,False
blazealexander,23789,677942,41345,Blaze Alexander,False,False,False,False,True,False,True,False,False
mattgage,17381,657424,40337,Matt Gage,False,False,False,False,False,False,False,False,True
seanmurphy,19352,669221,33557,Sean Murphy,True,False,False,False,False,False,True,False,False
davisschneider,23565,676914,4997181,Davis Schneider,False,False,True,False,False,True,True,False,False
chasesilseth,30074,681217,4413990,Chase Silseth,False,False,False,False,False,False,False,False,True
tylerphillips,20629,663969,41247,Tyler Phillips,False,False,False,False,False,False,False,False,True
matthewliberatore,22294,669461,41173,Matthew Liberatore,False,False,False,False,False,False,False,True,False
alekthomas,23792,677950,41215,Alek Thomas,False,False,False,False,False,True,True,False,False
wandyperalta,14295,593974,36036,Wandy Peralta,False,False,False,False,False,False,False,False,True
ronnymauricio,23698,677595,40978,Ronny Mauricio,False,False,False,False,True,False,True,False,False
spencerbivens,30226,702352,5136077,Spencer Bivens,False,False,False,False,False,False,False,False,True
jacobwebb,19274,657097,40384,Jacob Webb,False,False,False,False,False,False,False,False,True
carlosnarvaez,19722,665966,5012120,Carlos Narvaez,True,False,False,False,False,False,True,False,False
jakebird,21267,656234,3459223,Jake Bird,False,False,False,False,False,False,False,False,True
cadepovich,30055,700249,5085743,Cade Povich,False,False,False,False,False,False,False,True,False
wikelmangonzalez,26641,682790,4917659,Wikelman Gonzalez,False,False,False,False,False,False,False,False,True
ryanbrasier,5615,518489,30189,Ryan Brasier,False,False,False,False,False,False,False,False,True
hunterbigge,26259,685801,4987389,Hunter Bigge,False,False,False,False,False,False,False,False,True
corbinburnes,19361,669203,39878,Corbin Burnes,False,False,False,False,False,False,False,True,False
heribertohernandez,24878,681715,42455,Heriberto Hernandez,False,False,False,False,False,True,True,False,False
daniellynchiv,21537,663738,41227,Daniel Lynch IV,False,False,False,False,False,False,False,False,True
dreyjameson,26260,686753,4415753,Drey Jameson,False,False,False,False,False,False,False,False,True
brentsuter,13942,608718,36023,Brent Suter,False,False,False,False,False,False,False,False,True
tylerferguson,19481,621053,41612,Tyler Ferguson,False,False,False,False,False,False,False,False,True
javiersanoja,28253,691594,5073992,Javier Sanoja,False,False,True,False,True,True,True,False,True
sawyergipsonlong,26048,687830,4087614,Sawyer Gipson-Long,False,False,False,False,False,False,False,True,False
alexlange,19883,656638,40976,Alex Lange,False,False,False,False,False,False,False,False,True
dannyjansen,16535,643376,35004,Danny Jansen,True,False,False,False,False,False,True,False,False
rhettlowder,33876,695076,4758873,Rhett Lowder,False,False,False,False,False,False,False,True,False
andrewchafin,12988,605177,32810,Andrew Chafin,False,False,False,False,False,False,False,False,True
luisgarcia,6984,472610,33089,Luis Garcia,False,False,False,False,False,False,False,False,True
victorcaratini,14968,605170,33229,Victor Caratini,True,False,False,False,False,False,True,False,False
dietrichenns,13932,608650,36049,Dietrich Enns,False,False,False,False,False,False,False,False,True
grantholmes,16944,656550,33840,Grant Holmes,False,False,False,False,False,False,False,True,False
kylehart,19646,606996,39936,Kyle Hart,False,False,False,False,False,False,False,True,True
ottokemp,31792,805249,5136835,Otto Kemp,False,True,False,False,True,False,True,False,False
joeywentz,19962,666214,40927,Joey Wentz,False,False,False,False,False,False,False,True,True
kevinmcgonigle,sa3022895,,5149072,Kevin McGonigle,False,False,False,True,False,False,True,False,False
kodyclemens,20572,665019,41311,Kody Clemens,False,True,True,False,False,False,True,False,False
hurstonwaldrep,33527,694462,4740117,Hurston Waldrep,False,False,False,False,False,False,False,True,False
brooksbaldwin,31394,681460,4424742,Brooks Baldwin,False,False,False,False,False,True,True,False,False
luiscurvelo,24710,681168,5015039,Luis Curvelo,False,False,False,False,False,False,False,False,True
yukimatsui,33826,673513,4142414,Yuki Matsui,False,False,False,False,False,False,False,False,True
carlosvargas,22915,672841,42504,Carlos Vargas,False,False,False,False,False,False,False,False,True
justinverlander,8700,434378,6341,Justin Verlander,False,False,False,False,False,False,False,True,False
freddyfermin,21840,666023,41928,Freddy Fermin,True,False,False,False,False,False,True,False,False
jasonfoley,19531,671345,42698,Jason Foley,False,False,False,False,False,False,False,False,True
enyeldelossantos,18403,660853,35026,Enyel De Los Santos,False,False,False,False,False,False,False,False,True
ericorze,27626,679358,4299966,Eric Orze,False,False,False,False,False,False,False,False,True
owencaissie,27496,683357,4917685,Owen Caissie,False,False,False,False,False,True,True,False,False
adaelamador,27962,691182,4917787,Adael Amador,False,False,True,False,False,False,True,False,False
fostergriffin,16432,,33773,Foster Griffin,False,False,False,False,False,False,False,True,False
jordanwicks,30094,696136,4420749,Jordan Wicks,False,False,False,False,False,False,False,False,True
daurimoreta,21101,664294,41874,Dauri Moreta,False,False,False,False,False,False,False,False,True
jadenhill,30250,677955,4414362,Jaden Hill,False,False,False,False,False,False,False,False,True
juanmorillo,21924,666661,4722925,Juan Morillo,False,False,False,False,False,False,False,False,True
seanburke,29878,680732,4867679,Sean Burke,False,False,False,False,False,False,False,True,False
bryceeldridge,33390,805811,5149064,Bryce Eldridge,False,False,False,False,False,False,True,False,False
jakemccarthy,21622,664983,41197,Jake McCarthy,False,False,False,False,False,True,True,False,False
timhill,16814,657612,37005,Tim Hill,False,False,False,False,False,False,False,False,True
rynestanek,15947,592773,33301,Ryne Stanek,False,False,False,False,False,False,False,False,True
robertgasser,29812,688107,4918251,Robert Gasser,False,False,False,False,False,False,False,True,False
ricogarcia,20023,670329,41382,Rico Garcia,False,False,False,False,False,False,False,False,True
spencerarrighetti,29921,681293,4726080,Spencer Arrighetti,False,False,False,False,False,False,False,True,False
denzelclarke,29858,672016,4918085,Denzel Clarke,False,False,False,False,False,True,True,False,False
piersonohl,30179,701487,4678659,Pierson Ohl,False,False,False,False,False,False,False,False,True
luismorales,32227,806960,5150939,Luis Morales,False,False,False,False,False,False,False,True,False
lakebachar,19222,669199,42592,Lake Bachar,False,False,False,False,False,False,False,False,True
joshsmith,26396,669701,42884,Josh Smith,False,True,False,True,True,False,True,False,False
paulblackburn,14739,621112,32776,Paul Blackburn,False,False,False,False,False,False,False,False,True
kalebort,20061,672391,42639,Kaleb Ort,False,False,False,False,False,False,False,False,True
jaredtriolo,25807,669707,42933,Jared Triolo,False,True,False,True,True,False,True,False,False
joseleclerc,14524,600917,33926,Jose Leclerc,False,False,False,False,False,False,False,False,True
patrickbailey,27478,672275,4345843,Patrick Bailey,True,False,False,False,False,False,True,False,False
konnorpilkington,21453,663455,41329,Konnor Pilkington,False,False,False,False,False,False,False,False,True
davidfesta,30056,701581,5124114,David Festa,False,False,False,False,False,False,False,True,False
christophermorel,21897,666624,42927,Christopher Morel,False,False,False,False,False,True,True,False,False
jeremiahjackson,22239,669236,41264,Jeremiah Jackson,False,False,False,False,True,True,True,False,False
jalenbeeks,17192,656222,36723,Jalen Beeks,False,False,False,False,False,False,False,False,True
osvaldobido,23150,674370,5132624,Osvaldo Bido,False,False,False,False,False,False,False,True,True
codybradford,27597,674003,4142539,Cody Bradford,False,False,False,False,False,False,False,True,False
liamhicks,29844,689414,4725251,Liam Hicks,True,True,False,False,False,False,True,False,False
jonathanbowlan,24607,680742,41344,Jonathan Bowlan,False,False,False,False,False,False,False,False,True
samhentges,18548,656529,41225,Sam Hentges,False,False,False,False,False,False,False,False,True
kyleharrison,27758,690986,4683375,Kyle Harrison,False,False,False,False,False,False,False,True,False
tylergilbert,17964,656457,40559,Tyler Gilbert,False,False,False,False,False,False,False,True,True
jpsears,23429,676664,39818,JP Sears,False,False,False,False,False,False,False,True,False
jacobmelton,31661,689200,4635337,Jacob Melton,False,False,False,False,False,True,True,False,False
stevencruz,23165,674444,5002931,Steven Cruz,False,False,False,False,False,False,False,False,True
nathaniellowe,19566,663993,40538,Nathaniel Lowe,False,True,False,False,False,False,True,False,False
alexfreeland,31665,690976,4727589,Alex Freeland,False,False,True,False,True,False,True,False,False
jacksonrutledge,26215,671131,42434,Jackson Rutledge,False,False,False,False,False,False,False,False,True
hyeseongkim,35322,808975,5134614,Hyeseong Kim,False,False,True,False,False,False,True,False,False
jhostynxongarcia,28142,691373,5136931,Jhostynxon Garcia,False,False,False,False,False,True,True,False,False
maxlazar,23426,676661,42546,Max Lazar,False,False,False,False,False,False,False,False,True
carsonwilliams,30038,700246,4872692,Carson Williams,False,False,False,True,False,False,True,False,False
masonfluharty,31553,689254,4622501,Mason Fluharty,False,False,False,False,False,False,False,False,True
jocpederson,11899,592626,31392,Joc Pederson,False,False,False,False,False,False,True,False,False
maxscherzer,3137,453286,28976,Max Scherzer,False,False,False,False,False,False,False,True,False
zachcole,31583,805904,5136815,Zach Cole,False,False,False,False,False,True,True,False,False
josesuarez,19911,660761,40981,Jose Suarez,False,False,False,False,False,False,False,True,True
chadgreen,15552,643338,33325,Chad Green,False,False,False,False,False,False,False,False,True
oswaldperaza,22823,672724,42479,Oswald Peraza,False,False,False,False,True,False,True,False,False
coopercriswell,24975,681867,4326801,Cooper Criswell,False,False,False,False,False,False,False,True,True
evanphillips,17734,623465,37911,Evan Phillips,False,False,False,False,False,False,False,False,True
michaelconforto,16376,624424,33711,Michael Conforto,False,False,False,False,False,True,True,False,False
jtginn,27889,669372,4414002,J.T. Ginn,False,False,False,False,False,False,False,True,False
adrianhouser,12718,605288,32157,Adrian Houser,False,False,False,False,False,False,False,True,False
brenanhanifee,22304,669724,40485,Brenan Hanifee,False,False,False,False,False,False,False,False,True
richiepalacios,24589,680700,41359,Richie Palacios,False,False,True,False,False,True,True,False,False
zackkelly,20349,677161,41569,Zack Kelly,False,False,False,False,False,False,False,False,True
julianfernandez,18341,642759,39835,Julian Fernandez,False,False,False,False,False,False,False,False,True
zacharymaxwell,31610,,5195258,Zachary Maxwell,False,False,False,False,False,False,False,False,True
jonahheim,16930,641680,33842,Jonah Heim,True,False,False,False,False,False,True,False,False
kevinkelly,25679,687330,5001153,Kevin Kelly,False,False,False,False,False,False,False,False,True
rhyshoskins,16472,656555,35291,Rhys Hoskins,False,True,False,False,False,False,True,False,False
taylorclarke,17611,664199,35277,Taylor Clarke,False,False,False,False,False,False,False,False,True
tommypham,2967,502054,31208,Tommy Pham,False,False,False,False,False,True,True,False,False
mickabel,27756,690953,4718970,Mick Abel,False,False,False,False,False,False,False,True,False
luinderavila,24452,679883,5201985,Luinder Avila,False,False,False,False,False,False,False,False,True
angelmartinez,26540,682657,42497,Angel Martinez,False,False,True,False,False,True,True,False,False
ramonurias,18795,602104,40610,Ramon Urias,False,False,True,False,True,False,True,False,False
lukejackson,11752,592426,31749,Luke Jackson,False,False,False,False,False,False,False,False,True
caseylegumina,25921,668984,4346117,Casey Legumina,False,False,False,False,False,False,False,False,True
brusdargraterol,20367,660813,40965,Brusdar Graterol,False,False,False,False,False,False,False,False,True
eduardorodriguez,13164,593958,32675,Eduardo Rodriguez,False,False,False,False,False,False,False,True,False
kylenicolas,27775,693312,4415762,Kyle Nicolas,False,False,False,False,False,False,False,False,True
ryanpressly,7005,519151,33072,Ryan Pressly,False,False,False,False,False,False,False,False,True
zackgelof,29766,680869,4414531,Zack Gelof,False,False,True,False,False,False,True,False,False
natepearson,20160,663878,39646,Nate Pearson,False,False,False,False,False,False,False,False,True
carsonwhisenhunt,31676,687931,4626232,Carson Whisenhunt,False,False,False,False,False,False,False,True,False
griffinconine,21626,665052,41295,Griffin Conine,False,False,False,False,False,True,True,False,False
gregorysantos,21894,666619,39682,Gregory Santos,False,False,False,False,False,False,False,False,True
bradybasso,25582,669620,4179551,Brady Basso,False,False,False,False,False,False,False,False,True
josecastillo,17169,620454,38706,Jose Castillo,False,False,False,False,False,False,False,False,True
rafaelmontero,12760,606160,32631,Rafael Montero,False,False,False,False,False,False,False,False,True
nicksandlin,20517,680704,41385,Nick Sandlin,False,False,False,False,False,False,False,False,True
ryanborucki,16350,621366,36192,Ryan Borucki,False,False,False,False,False,False,False,False,True
dominichamel,30153,,4742103,Dominic Hamel,False,False,False,False,False,False,False,True,True
oswaldocabrera,21707,665828,40835,Oswaldo Cabrera,False,False,False,False,True,False,True,False,False
hunterbarco,33174,682995,4621029,Hunter Barco,False,False,False,False,False,False,False,True,False
josefermin1,33908,820862,5265417,Jose Fermin,False,False,False,False,False,False,False,False,True
vaughngrissom,26031,687093,42503,Vaughn Grissom,False,False,True,True,False,False,True,False,False
yohanramirez,19444,670990,41893,Yohan Ramirez,False,False,False,False,False,False,False,False,True
chrismurphy,26214,669684,4084958,Chris Murphy,False,False,False,False,False,False,False,False,True
miguelamaya,21693,665804,38905,Miguel Amaya,True,False,False,False,False,False,True,False,False
bradgleyrodriguez,29107,699134,5266086,Bradgley Rodriguez,False,False,False,False,False,False,False,False,True
kyleisbel,21614,664728,41263,Kyle Isbel,False,False,False,False,False,True,True,False,False
bryanhudson,19924,663542,4991171,Bryan Hudson,False,False,False,False,False,False,False,False,True
brandonsproat,33850,687075,4621041,Brandon Sproat,False,False,False,False,False,False,False,True,False
zacveen,27770,691728,4717903,Zac Veen,False,False,False,False,False,True,True,False,False
jacobyoung,29931,696285,4414210,Jacob Young,False,False,False,False,False,True,True,False,False
brentheadrick,27702,687396,5116839,Brent Headrick,False,False,False,False,False,False,False,False,True
joshsborz,18323,622250,36178,Josh Sborz,False,False,False,False,False,False,False,False,True
christianscott,30107,681035,4414215,Christian Scott,False,False,False,False,False,False,False,True,False
beaubrieske,26079,689225,4917779,Beau Brieske,False,False,False,False,False,False,False,False,True
thairoestrada,16426,642731,36485,Thairo Estrada,False,False,True,False,False,False,True,False,False
benwilliamson,33197,810938,4626239,Ben Williamson,False,False,False,False,True,False,True,False,False
trevormcdonald,26448,686790,5185136,Trevor McDonald,False,False,False,False,False,False,False,True,False
stevenwilson,20353,621051,41828,Steven Wilson,False,False,False,False,False,False,False,False,True
brennanbernardino,16835,657514,35876,Brennan Bernardino,False,False,False,False,False,False,False,False,True
keatonwinn,23499,676775,5116843,Keaton Winn,False,False,False,False,False,False,False,False,True
jordanhicks,19618,663855,37909,Jordan Hicks,False,False,False,False,False,False,False,True,True
michelotanez,22533,671305,4917842,Michel Otanez,False,False,False,False,False,False,False,False,True
drewsmith,17755,622098,39685,Drew Smith,False,False,False,False,False,False,False,False,True
tristanbeck,21584,663941,41309,Tristan Beck,False,False,False,False,False,False,False,False,True
emilianoteodo,sa3015158,,5124007,Emiliano Teodo,False,False,False,False,False,False,False,False,True
paulgoldschmidt,9218,502671,31027,Paul Goldschmidt,False,True,False,False,False,False,True,False,False
danielschneemann,25180,682177,42001,Daniel Schneemann,False,False,True,False,True,True,True,False,False
daltonrushing,31382,687221,4619839,Dalton Rushing,True,False,False,False,False,False,True,False,False
kumarrocker,31843,677958,4414525,Kumar Rocker,False,False,False,False,False,False,False,True,False
jamesmcarthur,21527,663704,3960883,James McArthur,False,False,False,False,False,False,False,False,True
felixbautista,20666,642585,4905859,Felix Bautista,False,False,False,False,False,False,False,False,True
tysonneighbors,sa3025569,,4935278,Tyson Neighbors,False,False,False,False,False,False,False,False,True
roberthasselliii,27482,690987,4684371,Robert Hassell III,False,False,False,False,False,True,True,False,False
patricksandoval,19447,663776,40975,Patrick Sandoval,False,False,False,False,False,False,False,True,False
pavinsmith,19892,656976,40767,Pavin Smith,False,True,False,False,False,False,True,False,False
daysbelhernandez,20271,678226,4722960,Daysbel Hernandez,False,False,False,False,False,False,False,False,True
joeboyle,29608,671212,4298087,Joe Boyle,False,False,False,False,False,False,False,True,False
jtbrubaker,17578,664141,41460,JT Brubaker,False,False,False,False,False,False,False,False,True
mattvierling,21558,663837,41636,Matt Vierling,False,False,False,False,False,True,True,False,False
garrettmitchell,27555,669003,4313442,Garrett Mitchell,False,False,False,False,False,True,True,False,False
drewanderson,15130,,41125,Drew Anderson,False,False,False,False,False,False,False,True,False
trentthornton,17948,663423,36728,Trent Thornton,False,False,False,False,False,False,False,False,True
moisesballesteros,28820,694208,4987418,Moises Ballesteros,False,False,False,False,False,False,True,False,False
prelanderberroa,22932,672860,42241,Prelander Berroa,False,False,False,False,False,False,False,False,True
thomassaggese,27883,695336,4999876,Thomas Saggese,False,False,True,True,False,False,True,False,False
edmundososa,17022,624641,33809,Edmundo Sosa,False,False,True,False,True,False,True,False,False
elmercruzrodriguez,sa3019459,,5194637,Elmer Cruz-Rodriguez,False,False,False,False,False,False,False,True,False
travisadams,30180,701519,4424951,Travis Adams,False,False,False,False,False,False,False,False,True
codiheuer,23293,676051,42138,Codi Heuer,False,False,False,False,False,False,False,False,True
georgevalera,22541,671655,41030,George Valera,False,False,False,False,False,True,True,False,False
pauldejong,18015,657557,35185,Paul DeJong,False,False,False,False,True,False,True,False,False
adamfrazier,15223,624428,33546,Adam Frazier,False,False,True,False,False,True,True,False,False
shawndubin,24977,681869,42540,Shawn Dubin,False,False,False,False,False,False,False,False,True
colinholderman,22361,670059,4917897,Colin Holderman,False,False,False,False,False,False,False,False,True
sammoll,14874,594580,34928,Sam Moll,False,False,False,False,False,False,False,False,True
jacksonwolf,29832,,5007623,Jackson Wolf,False,False,False,False,False,False,False,True,False
gordongraceffo,29519,700669,5123582,Gordon Graceffo,False,False,False,False,False,False,False,False,True
javierbaez,12979,595879,32127,Javier Baez,False,False,False,True,True,True,True,False,False
yerrydelossantos,21420,660787,4717834,Yerry De los Santos,False,False,False,False,False,False,False,False,True
aaroncivale,19479,650644,40934,Aaron Civale,False,False,False,False,False,False,False,True,False
chaseshugart,21544,663767,4990069,Chase Shugart,False,False,False,False,False,False,False,False,True
codylaweryson,26429,689520,5012036,Cody Laweryson,False,False,False,False,False,False,False,False,True
jorgealcala,19459,660896,41031,Jorge Alcala,False,False,False,False,False,False,False,False,True
dylandodd,29928,689266,4416462,Dylan Dodd,False,False,False,False,False,False,False,False,True
dylanmoore,18042,664238,40593,Dylan Moore,False,False,True,True,False,True,True,False,False
kylebackhus,29615,679775,4221113,Kyle Backhus,False,False,False,False,False,False,False,False,True
zachagnos,31552,688642,5207459,Zach Agnos,False,False,False,False,False,False,False,False,True
johnrooney,24590,680701,41330,John Rooney,False,False,False,False,False,False,False,False,True
connorbrogdon,21205,641401,41515,Connor Brogdon,False,False,False,False,False,False,False,False,True
davidfry,24934,681807,41672,David Fry,False,False,False,False,False,False,True,False,False
harryford,29958,695670,4872682,Harry Ford,True,False,False,False,False,False,True,False,False
andrewalvarez,29914,674841,4300668,Andrew Alvarez,False,False,False,False,False,False,False,True,False
ryanmountcastle,18373,663624,34940,Ryan Mountcastle,False,True,False,False,False,False,True,False,False
valentebellozo,23899,678368,5216700,Valente Bellozo,False,False,False,False,False,False,False,True,True
luismey,25620,682825,4722939,Luis Mey,False,False,False,False,False,False,False,False,True
jakefraley,19260,641584,37974,Jake Fraley,False,False,False,False,False,True,True,False,False
ronmarinaccio,23488,676760,4228723,Ron Marinaccio,False,False,False,False,False,False,False,False,True
richardfitts,30160,690916,4414243,Richard Fitts,False,False,False,False,False,False,False,True,False
timmayza,15042,641835,35773,Tim Mayza,False,False,False,False,False,False,False,False,True
lukelittle,28036,681432,4683355,Luke Little,False,False,False,False,False,False,False,False,True
jonathanloaisiga,19753,642528,39807,Jonathan Loaisiga,False,False,False,False,False,False,False,False,True
joshsimpson,25957,681006,4151347,Josh Simpson,False,False,False,False,False,False,False,False,True
drewgilbert,31545,687551,4619467,Drew Gilbert,False,False,False,False,False,True,True,False,False
maximoacosta,27963,691185,42413,Maximo Acosta,False,False,True,True,True,False,True,False,False
alekmanoah,26410,666201,42436,Alek Manoah,False,False,False,False,False,False,False,True,False
ryangusto,26440,687473,5131986,Ryan Gusto,False,False,False,False,False,False,False,True,True
brockstewart,16727,592779,35997,Brock Stewart,False,False,False,False,False,False,False,False,True
richardlovelady,19337,663992,39856,Richard Lovelady,False,False,False,False,False,False,False,False,True
loganallen1,27589,671106,4683350,Logan Allen,False,False,False,False,False,False,False,True,False
chrisroycroft,31261,688297,5201199,Chris Roycroft,False,False,False,False,False,False,False,False,True
yaramilhiraldo,25215,682274,4916585,Yaramil Hiraldo,False,False,False,False,False,False,False,False,True
pedropages,25782,686780,42608,Pedro Pages,True,False,False,False,False,False,True,False,False
nickmadrigal,20521,663611,41170,Nick Madrigal,False,False,False,False,True,False,True,False,False
travisbazzana,sa3025129,,5007707,Travis Bazzana,False,False,True,False,False,False,True,False,False
jonathanpintaro,33980,702752,5291866,Jonathan Pintaro,False,False,False,False,False,False,False,True,True
joshwinckowski,22387,670174,4713488,Josh Winckowski,False,False,False,False,False,False,False,False,True
davismartin,21448,663436,42823,Davis Martin,False,False,False,False,False,False,False,True,False
romygonzalez,21562,663853,42826,Romy Gonzalez,False,True,True,False,False,False,True,False,False
jovanimoran,20422,663558,4722926,Jovani Moran,False,False,False,False,False,False,False,True,True
loutrivino,15043,642152,35844,Lou Trivino,False,False,False,False,False,False,False,False,True
nickyorke,27504,694377,4683379,Nick Yorke,False,True,True,False,False,False,True,False,False
kaiweiteng,24282,678906,42242,Kai-Wei Teng,False,False,False,False,False,False,False,True,False
craigkimbrel,6655,518886,30653,Craig Kimbrel,False,False,False,False,False,False,False,False,True
reiversanmartin,19754,665665,39799,Reiver Sanmartin,False,False,False,False,False,False,False,False,True
kylekeller,18890,,40709,Kyle Keller,False,False,False,False,False,False,False,False,True
philipabner,33821,691769,4926295,Philip Abner,False,False,False,False,False,False,False,False,True
walkerjenkins,sa3022894,,5148963,Walker Jenkins,False,False,False,False,False,True,True,False,False
jjwetherholt,sa3025154,,4941056,JJ Wetherholt,False,False,True,True,False,False,True,False,False
nachoalvarezjr,31765,805373,5133834,Nacho Alvarez Jr.,False,False,False,False,True,False,True,False,False
sethjohnson,26020,686751,42542,Seth Johnson,False,False,False,False,False,False,False,False,True
kylehigashioka,5517,543309,30545,Kyle Higashioka,True,False,False,False,False,False,True,False,False
haydenharris,31913,802686,4297882,Hayden Harris,False,False,False,False,False,False,False,False,True
lazaroestrada,24914,681751,5264531,Lazaro Estrada,False,False,False,False,False,False,False,True,True
bricematthews,33280,694728,4838117,Brice Matthews,False,False,True,False,False,False,True,False,False
elimorgan,20203,669212,41324,Eli Morgan,False,False,False,False,False,False,False,False,True
justinmartinez,24453,679885,5116851,Justin Martinez,False,False,False,False,False,False,False,False,True
ryanbergert,29863,686701,5196249,Ryan Bergert,False,False,False,False,False,False,False,True,False
keeganthompson,19795,624522,41086,Keegan Thompson,False,False,False,False,False,False,False,True,True
ethanroberts,24930,681799,3963340,Ethan Roberts,False,False,False,False,False,False,False,False,True
michaeltonkin,10315,543859,32594,Michael Tonkin,False,False,False,False,False,False,False,False,True
ajpuk,19343,640462,36201,A.J. Puk,False,False,False,False,False,False,False,False,True
colbythomas,31855,687515,4662616,Colby Thomas,False,False,False,False,False,True,True,False,False
albertsuarez,6175,544150,31109,Albert Suarez,False,False,False,False,False,False,False,False,True
randydobnak,23798,677976,42214,Randy Dobnak,False,False,False,False,False,False,False,True,True
dylansmith,30145,681916,4414123,Dylan Smith,False,False,False,False,False,False,False,False,True
jorgelopez,14527,605347,33833,Jorge Lopez,False,False,False,False,False,False,False,False,True
bobbymiller,27483,676272,4326703,Bobby Miller,False,False,False,False,False,False,False,True,True
robzastryzny,15094,642239,36025,Rob Zastryzny,False,False,False,False,False,False,False,False,True
lucassims,13470,608371,32807,Lucas Sims,False,False,False,False,False,False,False,False,True
bradlord,31972,695418,4866810,Brad Lord,False,False,False,False,False,False,False,True,True
jonnydeluca,26365,676356,5005912,Jonny DeLuca,False,False,False,False,False,True,True,False,False
brianvanbelle,27695,687003,41473,Brian Van Belle,False,False,False,False,False,False,False,True,True
craigyoho,33248,684974,4417465,Craig Yoho,False,False,False,False,False,False,False,False,True
joeybart,21524,663698,41168,Joey Bart,True,False,False,False,False,False,True,False,False
cambooser,16061,592155,2560565,Cam Booser,False,False,False,False,False,False,False,False,True
alexcall,19296,669743,38994,Alex Call,False,False,False,False,False,True,True,False,False
jaydenmurray,26482,681151,4722919,Jayden Murray,False,False,False,False,False,False,False,False,True
brysewilson,19990,669060,40922,Bryse Wilson,False,False,False,False,False,False,False,True,True
tyronetaylor,13675,621438,32783,Tyrone Taylor,False,False,False,False,False,True,True,False,False
blakewalston,26270,686796,42442,Blake Walston,False,False,False,False,False,False,False,True,False
nickraquet,20333,675919,41006,Nick Raquet,False,False,False,False,False,False,False,False,True
genesiscabrera,17490,650893,41061,Genesis Cabrera,False,False,False,False,False,False,False,False,True
brandyngarcia,33568,805299,5202600,Brandyn Garcia,False,False,False,False,False,False,False,False,True
esteuryruiz,21780,665923,39680,Esteury Ruiz,False,False,False,False,False,True,True,False,False
johnking,22051,667463,41763,John King,False,False,False,False,False,False,False,False,True
josequintana,11423,500779,32106,Jose Quintana,False,False,False,False,False,False,False,True,False
austinwarren,24937,681810,42848,Austin Warren,False,False,False,False,False,False,False,False,True
bryanhoeing,26304,663773,42200,Bryan Hoeing,False,False,False,False,False,False,False,False,True
anthonykay,20387,,40947,Anthony Kay,False,False,False,False,False,False,False,True,False
miketauchman,15274,643565,33956,Mike Tauchman,False,False,False,False,False,True,True,False,False
cobymayo,28312,691723,4683371,Coby Mayo,False,True,False,False,False,False,True,False,False
juanburgos,27271,686228,5201272,Juan Burgos,False,False,False,False,False,False,False,False,True
carsonragsdale,27508,685068,4218871,Carson Ragsdale,False,False,False,False,False,False,False,True,True
pedroavila,18864,658648,39740,Pedro Avila,False,False,False,False,False,False,False,False,True
andrewwalters,33834,689958,5236382,Andrew Walters,False,False,False,False,False,False,False,False,True
johncurtiss,16128,595928,38159,John Curtiss,False,False,False,False,False,False,False,False,True
andregranillo,29542,701552,5132192,Andre Granillo,False,False,False,False,False,False,False,False,True
michaelgrove,23221,675627,41242,Michael Grove,False,False,False,False,False,False,False,False,True
marcoraya,sa3014550,,4722894,Marco Raya,False,False,False,False,False,False,False,True,True
miguelcastro,15684,612434,33820,Miguel Castro,False,False,False,False,False,False,False,False,True
grantholman,30002,680880,4418343,Grant Holman,False,False,False,False,False,False,False,False,True
danemyers,22054,667472,40048,Dane Myers,False,False,False,False,False,True,True,False,False
mikeclevinger,12808,605182,32769,Mike Clevinger,False,False,False,False,False,False,False,False,True
willbenson,21853,666181,39216,Will Benson,False,False,False,False,False,True,True,False,False
taylorwalls,22458,670764,40576,Taylor Walls,False,False,False,True,False,False,True,False,False
rickytiedemann,sa3018096,,4917902,Ricky Tiedemann,False,False,False,False,False,False,False,True,False
jacksonkowar,21549,663804,41184,Jackson Kowar,False,False,False,False,False,False,False,False,True
willwagner,29634,695238,4413898,Will Wagner,False,False,False,False,True,False,True,False,False
carsonfulmer,18311,608334,34913,Carson Fulmer,False,False,False,False,False,False,False,False,True
andrewhoffmann,29633,694851,5080514,Andrew Hoffmann,False,False,False,False,False,False,False,False,True
ryanburr,17536,621114,39738,Ryan Burr,False,False,False,False,False,False,False,False,True
nickfortes,21538,663743,41674,Nick Fortes,True,False,False,False,False,False,True,False,False
patrickmonteverde,29564,687287,4721043,Patrick Monteverde,False,False,False,False,False,False,False,True,True
samlong,25379,669674,42262,Sam Long,False,False,False,False,False,False,False,False,True
justinhagenman,21546,663795,4991251,Justin Hagenman,False,False,False,False,False,False,False,False,True
calebboushley,19736,676961,41975,Caleb Boushley,False,False,False,False,False,False,False,False,True
yosverzulueta,27765,691172,4717905,Yosver Zulueta,False,False,False,False,False,False,False,False,True
drewthorpe,31967,689672,4629086,Drew Thorpe,False,False,False,False,False,False,False,True,False
saurynlao,21922,666659,5200390,Sauryn Lao,False,False,False,False,False,False,False,False,True
zachpop,20185,647315,41103,Zach Pop,False,False,False,False,False,False,False,False,True
baileyhorn,27753,690544,4414247,Bailey Horn,False,False,False,False,False,False,False,False,True
quinnmathews,sa3023407,,4837405,Quinn Mathews,False,False,False,False,False,False,False,True,False
chaycemcdermott,29866,694646,4415756,Chayce McDermott,False,False,False,False,False,False,False,True,True
roansycontreras,22810,672710,40967,Roansy Contreras,False,False,False,False,False,False,False,True,True
rodderymunoz,25311,682610,5116856,Roddery Munoz,False,False,False,False,False,False,False,False,True
bowdenfrancis,20548,670102,4734325,Bowden Francis,False,False,False,False,False,False,False,True,False
ryanwaldschmidt,sa3025261,,5129344,Ryan Waldschmidt,False,False,False,False,False,True,True,False,False
griffincanning,19867,656288,41065,Griffin Canning,False,False,False,False,False,False,False,True,False
elvispeguero,21652,665625,4881978,Elvis Peguero,False,False,False,False,False,False,False,False,True
nasimnunez,25979,683083,4728688,Nasim Nunez,False,False,True,True,False,False,True,False,False
djherz,26389,687792,4917686,DJ Herz,False,False,False,False,False,False,False,True,False
nolanhoffman,23381,676510,41461,Nolan Hoffman,False,False,False,False,False,False,False,False,True
hunterstrickland,7836,519326,32589,Hunter Strickland,False,False,False,False,False,False,False,False,True
miguelrojas,7802,500743,30791,Miguel Rojas,False,False,True,True,True,False,True,False,False
alejandroosuna,27915,696030,4916547,Alejandro Osuna,False,False,False,False,False,True,True,False,False
robinsonortiz,sa3004006,,41300,Robinson Ortiz,False,False,False,False,False,False,False,False,True
kylehurt,27514,669165,4306800,Kyle Hurt,False,False,False,False,False,False,False,False,True
colinpoche,19403,621363,40364,Colin Poche,False,False,False,False,False,False,False,False,True
sambachman,29754,696147,4621489,Sam Bachman,False,False,False,False,False,False,False,False,True
michaellorenzen,14843,547179,33252,Michael Lorenzen,False,False,False,False,False,False,False,True,False
joeross,12972,605452,32684,Joe Ross,False,False,False,False,False,False,False,False,True
tyadcock,25651,686654,5137056,Ty Adcock,False,False,False,False,False,False,False,False,True
michaelpetersen,20827,656848,41824,Michael Petersen,False,False,False,False,False,False,False,False,True
joeylucchesi,19320,664192,39876,Joey Lucchesi,False,False,False,False,False,False,False,False,True
rjpetit,sa3017848,,4421878,RJ Petit,False,False,False,False,False,False,False,False,True
willklein,27787,694361,4313163,Will Klein,False,False,False,False,False,False,False,False,True
jansonjunk,23301,676083,4881980,Janson Junk,False,False,False,False,False,False,False,True,False
alanroden,31564,702176,4424368,Alan Roden,False,False,False,False,False,True,True,False,False
alekjacob,29628,689690,4346118,Alek Jacob,False,False,False,False,False,False,False,False,True
zakkent,25703,687849,5014989,Zak Kent,False,False,False,False,False,False,False,False,True
ryanjohnson,35325,696270,5007859,Ryan Johnson,False,False,False,False,False,False,False,False,True
chaselee,29574,695445,4414112,Chase Lee,False,False,False,False,False,False,False,False,True
eduarnielnunez,23162,674384,5202976,Eduarniel Nunez,False,False,False,False,False,False,False,False,True
tyfrance,17982,664034,35591,Ty France,False,True,False,False,False,False,True,False,False
javierassad,21741,665871,5002950,Javier Assad,False,False,False,False,False,False,False,True,False
carsonseymour,30084,693313,4420745,Carson Seymour,False,False,False,False,False,False,False,False,True
spencerjones,sa3019969,,4867424,Spencer Jones,False,False,False,False,False,True,True,False,False
scottalexander,10591,518397,33123,Scott Alexander,False,False,False,False,False,False,False,False,True
gusvarland,24737,681402,41552,Gus Varland,False,False,False,False,False,False,False,False,True
jayviensandridge,25158,682144,5196252,Jayvien Sandridge,False,False,False,False,False,False,False,False,True
mitchspence,27707,687765,4987645,Mitch Spence,False,False,False,False,False,False,False,True,True
justinbruihl,23779,677865,42735,Justin Bruihl,False,False,False,False,False,False,False,False,True
tomoyukisugano,35321,608372,4142423,Tomoyuki Sugano,False,False,False,False,False,False,False,True,False
kolbyallard,18694,663465,34980,Kolby Allard,False,False,False,False,False,False,False,False,True
jacejung,31437,690291,4721040,Jace Jung,False,False,False,False,True,False,True,False,False
alejandrocarrillo,26463,,5270370,Alejandro Carrillo,False,False,False,False,False,False,False,False,True
henrydavis,29617,680779,4418683,Henry Davis,True,False,False,False,False,False,True,False,False
lancemccullersjr,14120,621121,32764,Lance McCullers Jr.,False,False,False,False,False,False,False,True,False
joeygerber,24591,680702,41375,Joey Gerber,False,False,False,False,False,False,False,True,True
tinkhence,sa3014709,,4920836,Tink Hence,False,False,False,False,False,False,False,True,False
kevinherget,15369,643361,38314,Kevin Herget,False,False,False,False,False,False,False,False,True
hunterdobbins,30240,690928,4415836,Hunter Dobbins,False,False,False,False,False,False,False,True,False
taylersaucedo,17888,642048,42683,Tayler Saucedo,False,False,False,False,False,False,False,False,True
joshuabaez,sa3017022,,4920835,Joshua Baez,False,False,False,False,False,True,True,False,False
orlandoribalta,26247,687377,5132036,Orlando Ribalta,False,False,False,False,False,False,False,False,True
paulgervase,31571,801434,4927620,Paul Gervase,False,False,False,False,False,False,False,False,True
luisangelacuna,26548,682668,42411,Luisangel Acuna,False,False,True,False,False,False,True,False,False
clarkeschmidt,19899,657376,41085,Clarke Schmidt,False,False,False,False,False,False,False,True,False
thomashatch,19264,641672,39889,Thomas Hatch,False,False,False,False,False,False,False,False,True
yanquielfernandez,28552,692585,4917793,Yanquiel Fernandez,False,False,False,False,False,True,True,False,False
grantwolfram,21623,664991,3961066,Grant Wolfram,False,False,False,False,False,False,False,False,True
jakecousins,21620,664776,42964,Jake Cousins,False,False,False,False,False,False,False,False,True
liamhendriks,3548,521230,31755,Liam Hendriks,False,False,False,False,False,False,False,False,True
robrefsnyder,13770,608701,33411,Rob Refsnyder,False,False,False,False,False,True,True,False,False
andyibanez,18819,628451,34947,Andy Ibanez,False,False,False,False,True,False,True,False,False
joseespada,21131,664744,5125654,Jose Espada,False,False,False,False,False,False,False,False,True
ryanbliss,29547,669208,4414241,Ryan Bliss,False,False,True,False,False,False,True,False,False
joemack,sa3017374,,4872695,Joe Mack,True,False,False,False,False,False,True,False,False
danielrobert,21229,642016,4988501,Daniel Robert,False,False,False,False,False,False,False,False,True
hunterstratton,23455,676702,4987652,Hunter Stratton,False,False,False,False,False,False,False,False,True
alanrangel,19524,660604,4917631,Alan Rangel,False,False,False,False,False,False,False,True,False
iangibaut,17871,664139,37979,Ian Gibaut,False,False,False,False,False,False,False,False,True
eastonmcgee,22176,668834,41810,Easton McGee,False,False,False,False,False,False,False,False,True
daisonacosta,sa944989,,5131747,Daison Acosta,False,False,False,False,False,False,False,False,True
kendallgraveman,15514,608665,33636,Kendall Graveman,False,False,False,False,False,False,False,False,True
rowdytellez,15679,642133,34287,Rowdy Tellez,False,True,False,False,False,False,True,False,False
chrispaddack,20099,663978,35999,Chris Paddack,False,False,False,False,False,False,False,True,False
joshrojas,19734,668942,40718,Josh Rojas,False,False,True,False,True,False,True,False,False
luisperalta,24203,678821,5221476,Luis Peralta,False,False,False,False,False,False,False,False,True
tjmcfarland,3237,519008,32680,T.J. McFarland,False,False,False,False,False,False,False,False,True
kervincastro,21656,,4717832,Kervin Castro,False,False,False,False,False,False,False,False,True
jakeirvin,21504,663623,41290,Jake Irvin,False,False,False,False,False,False,False,True,False
gavinhollowell,25427,668970,4208302,Gavin Hollowell,False,False,False,False,False,False,False,False,True
eversonpereira,23695,677592,41252,Everson Pereira,False,False,False,False,False,True,True,False,False
chrisflexen,13896,623167,36067,Chris Flexen,False,False,False,False,False,False,False,False,True
collinsnider,23307,676092,3183870,Collin Snider,False,False,False,False,False,False,False,False,True
colewilcox,27481,677961,4413868,Cole Wilcox,False,False,False,False,False,False,False,False,True
seanguenther,20045,674944,3896017,Sean Guenther,False,False,False,False,False,False,False,False,True
manuelrodriguez,20794,655889,42363,Manuel Rodriguez,False,False,False,False,False,False,False,False,True
santiagoespinal,19997,669289,39924,Santiago Espinal,False,False,False,False,True,False,True,False,False
austinlove,sa3017609,,4326807,Austin Love,False,False,False,False,False,False,False,False,True
drewsommers,32026,805427,5272008,Drew Sommers,False,False,False,False,False,False,False,False,True
luisgarcia2,23735,677651,4684365,Luis Garcia,False,False,False,False,False,False,False,True,False
yilberdiaz,29271,700270,5217798,Yilber Diaz,False,False,False,False,False,False,False,True,True
jackneely,30106,680891,5016961,Jack Neely,False,False,False,False,False,False,False,False,True
luisperales,sa3014677,,4722916,Luis Perales,False,False,False,False,False,False,False,True,False
davidhamilton,27531,666152,42987,David Hamilton,False,False,True,False,False,False,True,False,False
dillontate,17796,622253,34950,Dillon Tate,False,False,False,False,False,False,False,False,True
enoliparedes,20447,660600,41523,Enoli Paredes,False,False,False,False,False,False,False,False,True
paxtonschultz,25501,687606,4313208,Paxton Schultz,False,False,False,False,False,False,False,False,True
hunterfeduccia,23372,676439,41801,Hunter Feduccia,True,False,False,False,False,False,True,False,False
kevinalcantara,25971,682634,42500,Kevin Alcantara,False,False,False,False,False,True,True,False,False
danaltavilla,16507,656186,35222,Dan Altavilla,False,False,False,False,False,False,False,False,True
rolddymunoz,27407,691548,5131982,Rolddy Munoz,False,False,False,False,False,False,False,False,True
jameskarinchak,20151,,40715,James Karinchak,False,False,False,False,False,False,False,False,True
andrepallante,26108,669467,4109034,Andre Pallante,False,False,False,False,False,False,False,True,False
gavinstone,27792,694813,4417230,Gavin Stone,False,False,False,False,False,False,False,True,False
gabrielarias,22563,672356,40344,Gabriel Arias,False,False,True,True,False,False,True,False,False
carloshernandez,22713,672578,41233,Carlos Hernandez,False,False,False,False,False,False,False,False,True
jonberti,12037,542932,32273,Jon Berti,False,False,False,False,True,False,True,False,False
dereklaw,13133,571882,33139,Derek Law,False,False,False,False,False,False,False,False,True
joseiglesias,10231,578428,30382,Jose Iglesias,False,False,True,True,True,False,True,False,False
garrettacton,27583,670183,4424444,Garrett Acton,False,False,False,False,False,False,False,False,True
dannyyoung,18439,664849,40903,Danny Young,False,False,False,False,False,False,False,False,True
blakeperkins,19921,663368,36974,Blake Perkins,False,False,False,False,False,True,True,False,False
nickburdi,16074,595897,33728,Nick Burdi,False,False,False,False,False,False,False,False,True
giourshela,10681,570482,32721,Gio Urshela,False,False,False,False,True,False,True,False,False
johnbrebbia,12777,605154,39085,John Brebbia,False,False,False,False,False,False,False,False,True
josecorniell,27984,692030,4710478,Jose Corniell,False,False,False,False,False,False,False,True,False
codyfreeman,25629,683227,42925,Cody Freeman,False,False,True,False,False,True,True,False,False
alexfaedo,19874,656412,39901,Alex Faedo,False,False,False,False,False,False,False,False,True
troytaylor,31883,700187,5131856,Troy Taylor,False,False,False,False,False,False,False,False,True
martinperez,6902,527048,31098,Martin Perez,False,False,False,False,False,False,False,True,False
georgesoriano,21863,666277,4917836,George Soriano,False,False,False,False,False,False,False,False,True
jakeeder,27590,671109,4297994,Jake Eder,False,False,False,False,False,False,False,False,True
domingogonzalez,sa3007495,,5132247,Domingo Gonzalez,False,False,False,False,False,False,False,False,True
coltongordon,31312,676467,5133837,Colton Gordon,False,False,False,False,False,False,False,True,False
jeimercandelario,13621,600869,32531,Jeimer Candelario,False,True,False,False,True,False,True,False,False
dylanross,sa3025659,,5310960,Dylan Ross,False,False,False,False,False,False,False,False,True
bryceelder,27779,693821,4301067,Bryce Elder,False,False,False,False,False,False,False,True,False
coltemerson,sa3022923,,5149068,Colt Emerson,False,False,False,True,False,False,True,False,False
angelchivilli,26790,683409,5185106,Angel Chivilli,False,False,False,False,False,False,False,False,True
ericcerantola,sa3017914,,4413997,Eric Cerantola,False,False,False,False,False,False,False,False,True
sammyperalta,25589,671111,4991148,Sammy Peralta,False,False,False,False,False,False,False,True,True
benbowden,20198,641386,41289,Ben Bowden,False,False,False,False,False,False,False,False,True
taylorrashi,26344,688497,4999871,Taylor Rashi,False,False,False,False,False,False,False,False,True
colemancrow,sa3015142,,5127100,Coleman Crow,False,False,False,False,False,False,False,True,False
josetena,23691,677588,42105,Jose Tena,False,False,False,False,True,False,True,False,False
dugandarnell,27812,699911,4987419,Dugan Darnell,False,False,False,False,False,False,False,False,True
leorivas,21009,660844,40858,Leo Rivas,False,False,True,False,False,False,True,False,False
jairoiriarte,26907,683568,5185140,Jairo Iriarte,False,False,False,False,False,False,False,True,True
maxschuemann,24488,680474,3962127,Max Schuemann,False,False,True,True,True,False,True,False,False
jacobreimer,sa3020416,,5084716,Jacob Reimer,False,False,False,False,True,False,True,False,False
leodytaveras,18900,665750,34951,Leody Taveras,False,False,False,False,False,True,True,False,False
alexcobb,6562,502171,31086,Alex Cobb,False,False,False,False,False,False,False,True,False
andrylara,27967,691251,42459,Andry Lara,False,False,False,False,False,False,False,False,True
joerock,30016,697812,4917788,Joe Rock,False,False,False,False,False,False,False,True,True
masonthompson,21850,666168,4705678,Mason Thompson,False,False,False,False,False,False,False,False,True
nathanchurch,31357,701675,4843048,Nathan Church,False,False,False,False,False,True,True,False,False
carlossantana,2396,467793,30280,Carlos Santana,False,True,False,False,False,False,True,False,False
scottmcgough,12056,543518,34834,Scott McGough,False,False,False,False,False,False,False,False,True
jacklittle,26152,669193,4152948,Jack Little,False,False,False,False,False,False,False,False,True
scottblewett,16427,656240,33816,Scott Blewett,False,False,False,False,False,False,False,False,True
rafaelmarchan,21646,665561,40816,Rafael Marchan,True,False,False,False,False,False,True,False,False
jhonybrito,25386,666745,42864,Jhony Brito,False,False,False,False,False,False,False,False,True
stephenkolek,21487,663568,5190073,Stephen Kolek,False,False,False,False,False,False,False,True,False
randalgrichuk,10243,545341,31399,Randal Grichuk,False,False,False,False,False,True,True,False,False
natelavender,sa3017917,,4424442,Nate Lavender,False,False,False,False,False,False,False,False,True
isiahkinerfalefa,16512,643396,33572,Isiah Kiner-Falefa,False,False,False,True,True,False,True,False,False
landonknack,27487,689017,4417826,Landon Knack,False,False,False,False,False,False,False,True,False
connorwong,19896,657136,40086,Connor Wong,True,False,False,False,False,False,True,False,False
danedunning,19409,641540,36080,Dane Dunning,False,False,False,False,False,False,False,False,True
tannerrainey,17610,663432,38582,Tanner Rainey,False,False,False,False,False,False,False,False,True
brandonwaddell,18347,663399,41351,Brandon Waddell,False,False,False,False,False,False,False,False,True
joshwalker,23617,677020,4917841,Josh Walker,False,False,False,False,False,False,False,False,True
tylerfitzgerald,26208,666149,43030,Tyler Fitzgerald,False,False,True,False,False,False,True,False,False
francoaleman,sa3018178,,4719319,Franco Aleman,False,False,False,False,False,False,False,False,True
kylefarmer,14813,571657,33287,Kyle Farmer,False,False,True,False,False,False,True,False,False
joejacques,25178,682175,42654,Joe Jacques,False,False,False,False,False,False,False,False,True
anthonymisiewicz,18152,664948,37567,Anthony Misiewicz,False,False,False,False,False,False,False,False,True
jeffcriswell,27608,676105,4423332,Jeff Criswell,False,False,False,False,False,False,False,False,True
nickloftin,27630,679845,4314013,Nick Loftin,False,False,False,False,False,True,True,False,False
tannermcdougal,sa3017471,,4917778,Tanner McDougal,False,False,False,False,False,False,False,True,False
tyleranderson,12880,542881,32151,Tyler Anderson,False,False,False,False,False,False,False,True,False
josetrevino,16725,624431,35268,Jose Trevino,True,False,False,False,False,False,True,False,False
nickanderson,18337,623433,38102,Nick Anderson,False,False,False,False,False,False,False,False,True
ryanloutos,29521,702795,5124252,Ryan Loutos,False,False,False,False,False,False,False,False,True
camsanders,23479,676742,5126205,Cam Sanders,False,False,False,False,False,False,False,False,True
maxclark,sa3022683,,5148964,Max Clark,False,False,False,False,False,True,True,False,False
joelasorsa,25481,686747,4208304,Joe La Sorsa,False,False,False,False,False,False,False,False,True
brettharris,29788,695391,5133869,Brett Harris,False,False,False,False,True,False,True,False,False
anthonymaldonado,26034,687424,4228651,Anthony Maldonado,False,False,False,False,False,False,False,False,True
mattkrook,19315,640454,41556,Matt Krook,False,False,False,False,False,False,False,False,True
peytonalford,sa3016843,,4669438,Peyton Alford,False,False,False,False,False,False,False,False,True
austingomber,16561,596295,34897,Austin Gomber,False,False,False,False,False,False,False,True,False
seanreynolds,22253,669308,41691,Sean Reynolds,False,False,False,False,False,False,False,False,True
maxanderson,sa3022567,,4838090,Max Anderson,False,False,True,False,True,False,True,False,False
christianencarnacionstrand,30011,687952,5012106,Christian Encarnacion-Strand,False,True,False,False,True,False,True,False,False
scotteffross,18384,664123,40622,Scott Effross,False,False,False,False,False,False,False,False,True
emmanuelrodriguez,sa3014693,,42491,Emmanuel Rodriguez,False,False,False,False,False,True,True,False,False
shinnosukeogasawara,35324,829272,5264585,Shinnosuke Ogasawara,False,False,False,False,False,False,False,False,True
treygibson,sa3023250,,5274900,Trey Gibson,False,False,False,False,False,False,False,True,False
michaeldarrellhicks,31501,690382,5137265,Michael Darrell-Hicks,False,False,False,False,False,False,False,False,True
nolanjones,20529,666134,37340,Nolan Jones,False,False,False,False,False,True,True,False,False
eduardosalazar,23135,674285,4722862,Eduardo Salazar,False,False,False,False,False,False,False,False,True
christianmontesdeoca,30206,801216,5138677,Christian Montes De Oca,False,False,False,False,False,False,False,False,True
maxkranick,22175,668820,4684369,Max Kranick,False,False,False,False,False,False,False,False,True
jefersonquero,sa3015407,,4917867,Jeferson Quero,True,False,False,False,False,False,True,False,False
jacksuwinski,22244,669261,36754,Jack Suwinski,False,False,False,False,False,True,True,False,False
kylenelson,20515,669459,42012,Kyle Nelson,False,False,False,False,False,False,False,False,True
jrritchie,sa3020395,,5080757,JR Ritchie,False,False,False,False,False,False,False,True,False
freddytarnok,23324,676206,41073,Freddy Tarnok,False,False,False,False,False,False,False,True,True
nateeaton,25055,681987,42845,Nate Eaton,False,False,False,False,True,True,True,False,False
austincox,24604,680735,41283,Austin Cox,False,False,False,False,False,False,False,False,True
jimmycrooks,31354,699625,4749675,Jimmy Crooks,True,False,False,False,False,False,True,False,False
bladetidwell,31701,694918,4719088,Blade Tidwell,False,False,False,False,False,False,False,True,False
lyonrichardson,24581,680689,41333,Lyon Richardson,False,False,False,False,False,False,False,False,True
jakewoodford,18674,663765,35284,Jake Woodford,False,False,False,False,False,False,False,False,True
zachbrzykcy,27783,694350,5127801,Zach Brzykcy,False,False,False,False,False,False,False,False,True
tylermattison,sa3018117,,4300972,Tyler Mattison,False,False,False,False,False,False,False,False,True
marcchurch,26353,687847,4999877,Marc Church,False,False,False,False,False,False,False,False,True
carloscortes,21842,666126,41595,Carlos Cortes,False,False,False,False,False,True,True,False,False
sambenschoter,sa3017639,,4190017,Sam Benschoter,False,False,False,False,False,False,False,True,True
isaiahcampbell,25551,663462,3960910,Isaiah Campbell,False,False,False,False,False,False,False,False,True
alexhoppe,sa3020836,,5196247,Alex Hoppe,False,False,False,False,False,False,False,False,True
bryanramos,25621,682868,42822,Bryan Ramos,False,False,False,False,True,False,True,False,False
lucasgilbreath,21290,656458,3279496,Lucas Gilbreath,False,False,False,False,False,False,False,False,True
tylerzuber,20379,676604,42596,Tyler Zuber,False,False,False,False,False,False,False,False,True
christianroa,27662,685005,4298336,Christian Roa,False,False,False,False,False,False,False,False,True
omarcruz,23875,678316,42421,Omar Cruz,False,False,False,False,False,False,False,True,True
milesmikolas,9803,571945,32116,Miles Mikolas,False,False,False,False,False,False,False,True,False
elvinrodriguez,20962,660730,40318,Elvin Rodriguez,False,False,False,False,False,False,False,False,True
austinpope,26136,687166,5136132,Austin Pope,False,False,False,False,False,False,False,False,True
dylancarlson,20126,666185,39226,Dylan Carlson,False,False,False,False,False,True,True,False,False
ryanrolison,22200,669020,41220,Ryan Rolison,False,False,False,False,False,False,False,False,True
anthonyveneziano,27453,685107,5134022,Anthony Veneziano,False,False,False,False,False,False,False,False,True
ildemarovargas,13324,545121,32985,Ildemaro Vargas,False,True,True,False,False,False,True,False,False
mitchgarver,15161,641598,33667,Mitch Garver,True,False,False,False,False,False,True,False,False
cjkayfus,33704,,4719337,CJ Kayfus,False,True,False,False,False,True,True,False,False
connorthomas,25873,671162,4987667,Connor Thomas,False,False,False,False,False,False,False,False,True
josefermin,21746,665877,38851,Jose Fermin,False,False,True,False,False,False,True,False,False
beauburrows,18873,,35046,Beau Burrows,False,False,False,False,False,False,False,False,True
jaredshuster,27472,694363,4623366,Jared Shuster,False,False,False,False,False,False,False,False,True
brycejarvis,27477,686826,4297972,Bryce Jarvis,False,False,False,False,False,False,False,False,True
alexverdugo,17027,657077,33786,Alex Verdugo,False,False,False,False,False,True,True,False,False
anthonyseigler,23802,678011,41194,Anthony Seigler,False,False,False,False,True,False,True,False,False
haoyulee,sa3017863,,5124113,Hao-Yu Lee,False,False,True,False,True,False,True,False,False
loganvanwey,31884,701121,5136495,Logan VanWey,False,False,False,False,False,False,False,False,True
luistorrens,15905,620443,33805,Luis Torrens,True,False,False,False,False,False,True,False,False
michaelmercado,23223,675650,40999,Michael Mercado,False,False,False,False,False,False,False,False,True
nickfrasso,sa3014492,,4425127,Nick Frasso,False,False,False,False,False,False,False,True,True
nelsonrada,sa3018421,,5197480,Nelson Rada,False,False,False,False,False,True,True,False,False
ronnyhenriquez,24094,678692,4905923,Ronny Henriquez,False,False,False,False,False,False,False,False,True
michaelarias,sa3017036,,5185134,Michael Arias,False,False,False,False,False,False,False,False,True
tonygonsolin,19388,664062,38958,Tony Gonsolin,False,False,False,False,False,False,False,True,False
christiankoss,27653,683766,4109031,Christian Koss,False,False,True,False,False,False,True,False,False
anthonymolina,26952,683627,5016983,Anthony Molina,False,False,False,False,False,False,False,False,True
seanhjelle,21481,663546,41206,Sean Hjelle,False,False,False,False,False,False,False,False,True
braxtonfulford,29704,690924,5000931,Braxton Fulford,True,False,False,False,False,False,True,False,False
walkerbuehler,19374,621111,39251,Walker Buehler,False,False,False,False,False,False,False,True,False
ryanritter,31500,690022,5196606,Ryan Ritter,False,False,True,True,False,False,True,False,False
jerarencarnacion,21871,666464,42623,Jerar Encarnacion,False,False,False,False,False,True,True,False,False
andrewmccutchen,9847,457705,28701,Andrew McCutchen,False,False,False,False,False,False,True,False,False
jaxonwiggins,sa3023635,,4721030,Jaxon Wiggins,False,False,False,False,False,False,False,True,False
adamottavino,1247,493603,29705,Adam Ottavino,False,False,False,False,False,False,False,False,True
jesustinoco,16300,622786,39822,Jesus Tinoco,False,False,False,False,False,False,False,False,True
trevorrichards,19309,670950,39912,Trevor Richards,False,False,False,False,False,False,False,False,True
kevinnewman,17696,621028,35022,Kevin Newman,False,False,False,False,True,False,True,False,False
erikswanson,16587,657024,36013,Erik Swanson,False,False,False,False,False,False,False,False,True
hectorneris,11804,593576,32377,Hector Neris,False,False,False,False,False,False,False,False,True
cadendana,31508,702674,5197473,Caden Dana,False,False,False,False,False,False,False,True,False
joemantiply,14857,573009,33691,Joe Mantiply,False,False,False,False,False,False,False,False,True
cionelperez,19614,672335,36089,Cionel Perez,False,False,False,False,False,False,False,False,True
taylerscott,13652,605463,39711,Tayler Scott,False,False,False,False,False,False,False,False,True
aidanmiller,sa3022609,,5148968,Aidan Miller,False,False,False,True,False,False,True,False,False
troyjohnston,26143,687859,4346111,Troy Johnston,False,True,False,False,False,True,True,False,False
brandonyoung,27819,687064,4414339,Brandon Young,False,False,False,False,False,False,False,True,False
djlemahieu,9874,518934,30765,DJ LeMahieu,False,False,True,False,False,False,True,False,False
jamesoutman,24770,681546,41802,James Outman,False,False,False,False,False,True,True,False,False
christianvazquez,9774,543877,31389,Christian Vazquez,True,False,False,False,False,False,True,False,False
patrickcorbin,9323,571578,31313,Patrick Corbin,False,False,False,False,False,False,False,True,False
dednielnunez,23055,673380,4717899,Dedniel Nunez,False,False,False,False,False,False,False,False,True
kylefreeland,16256,607536,33839,Kyle Freeland,False,False,False,False,False,False,False,True,False
julianmerryweather,16703,657240,39816,Julian Merryweather,False,False,False,False,False,False,False,False,True
leojimenez,23782,677870,41397,Leo Jimenez,False,False,True,False,False,False,True,False,False
jakebauers,15194,641343,35013,Jake Bauers,False,True,False,False,False,True,True,False,False
chasmccormick,19599,676801,40574,Chas McCormick,False,False,False,False,False,True,True,False,False
jessechavez,5448,445926,29220,Jesse Chavez,False,False,False,False,False,False,False,False,True
adriandelcastillo,29554,680728,41464,Adrian Del Castillo,False,False,False,False,False,False,True,False,False
randyvasquez,24719,681190,4722847,Randy Vasquez,False,False,False,False,False,False,False,True,False
travisdarnaud,7739,518595,29951,Travis d'Arnaud,True,False,False,False,False,False,True,False,False
ryanfitzgerald,24622,680837,41584,Ryan Fitzgerald,False,False,True,True,False,False,True,False,False
declancronin,25645,686539,5125258,Declan Cronin,False,False,False,False,False,False,False,False,True
vidalbrujan,20536,660644,40462,Vidal Brujan,False,False,False,False,True,False,True,False,False
haydenwesneski,27581,669713,42996,Hayden Wesneski,False,False,False,False,False,False,False,True,False
daviddavalillo,sa3020448,,5332997,David Davalillo,False,False,False,False,False,False,False,True,False
johnrave,26284,670231,4418140,John Rave,False,False,False,False,False,True,True,False,False
milesmastrobuoni,20017,670156,40900,Miles Mastrobuoni,False,False,False,False,True,False,True,False,False
jamesmccann,12859,543510,32046,James McCann,True,False,False,False,False,False,True,False,False
joseurquidy,18413,664353,35759,Jose Urquidy,False,False,False,False,False,False,False,True,False
chrisstratton,13761,608717,32787,Chris Stratton,False,False,False,False,False,False,False,False,True
bryceteodosio,29524,669326,4307826,Bryce Teodosio,False,False,False,False,False,True,True,False,False
nickylopez,19339,670032,38106,Nicky Lopez,False,False,False,False,True,False,True,False,False
joseruiz,14552,614179,36053,Jose Ruiz,False,False,False,False,False,False,False,False,True
garysanchez,11442,596142,31095,Gary Sanchez,True,False,False,False,False,False,True,False,False
connorprielipp,sa3020808,,4620001,Connor Prielipp,False,False,False,False,False,False,False,True,False
tylertolbert,25779,686475,4151063,Tyler Tolbert,False,False,False,False,False,True,True,False,False
tannermurray,sa3016805,,5012115,Tanner Murray,False,False,True,True,True,False,True,False,False
treylipscomb,31567,702358,4413982,Trey Lipscomb,False,False,True,False,True,True,True,False,False
yohelpozo,18848,650968,35675,Yohel Pozo,True,False,False,False,False,False,True,False,False
jahmaijones,18872,663330,34958,Jahmai Jones,False,False,False,False,False,True,True,False,False
jasonalexander,19666,669920,41849,Jason Alexander,False,False,False,False,False,False,False,True,False
jcescarra,20084,641555,41644,J.C. Escarra,True,False,False,False,False,False,True,False,False
darrenmccaughan,20038,670766,40391,Darren McCaughan,False,False,False,False,False,False,False,True,True
anthonydesclafani,13050,543101,33180,Anthony DeSclafani,False,False,False,False,False,False,False,False,True
lukeraley,19354,670042,40422,Luke Raley,False,True,False,False,False,True,True,False,False
zachdezenzo,31562,701305,5137883,Zach Dezenzo,False,False,False,False,False,True,True,False,False
ezequielduran,23733,677649,42457,Ezequiel Duran,False,True,False,True,False,False,True,False,False
brendanrodgers,17907,663898,35073,Brendan Rodgers,False,False,True,False,False,False,True,False,False
mylesstraw,17620,664702,39105,Myles Straw,False,False,False,False,False,True,True,False,False
samhaggerty,18054,664059,38347,Sam Haggerty,False,False,False,False,False,True,True,False,False
markcanha,11445,592192,31670,Mark Canha,False,False,False,False,False,True,True,False,False
brandonwilliamson,25463,682227,42431,Brandon Williamson,False,False,False,False,False,False,False,True,False
tirsoornelas,22566,672359,40481,Tirso Ornelas,False,False,False,False,False,True,True,False,False
eliasdiaz,11680,553869,33594,Elias Diaz,True,False,False,False,False,False,True,False,False
justinfoscue,27501,679822,4298639,Justin Foscue,False,True,True,False,False,False,True,False,False
enriquebradfieldjr,sa3022917,,4683367,Enrique Bradfield Jr.,False,False,False,False,False,True,True,False,False
carlosrodriguez,30161,692230,5123999,Carlos Rodriguez,False,False,False,False,False,False,False,True,False
starlingmarte,9241,516782,30830,Starling Marte,False,False,False,False,False,False,True,False,False
gagejump,sa3034986,,5023852,Gage Jump,False,False,False,False,False,False,False,True,False
koreylee,25543,686676,4418346,Korey Lee,True,False,False,False,False,False,True,False,False
darellhernaiz,26224,687231,43025,Darell Hernaiz,False,False,True,True,True,False,True,False,False
tannergordon,27669,685299,4415658,Tanner Gordon,False,False,False,False,False,False,False,True,False
jonatanclase,26599,682729,4918159,Jonatan Clase,False,False,False,False,False,True,True,False,False
brodyhopkins,sa3023515,,5130133,Brody Hopkins,False,False,False,False,False,False,False,True,False
wilmerflores,5827,527038,30627,Wilmer Flores,False,True,False,False,False,False,True,False,False
mitchbratt,sa3017719,,5123768,Mitch Bratt,False,False,False,False,False,False,False,True,False
kylewright,19665,,39652,Kyle Wright,False,False,False,False,False,False,False,True,False
cesarprieto,30163,693409,5012056,Cesar Prieto,False,False,True,True,True,False,True,False,False
jakerogers,19452,668670,39900,Jake Rogers,True,False,False,False,False,False,True,False,False
hestonkjerstad,31166,677008,4297758,Heston Kjerstad,False,False,False,False,False,True,True,False,False
johnathanrodriguez,22530,671286,41349,Johnathan Rodriguez,False,False,False,False,False,True,True,False,False
juanbrito,sa3009808,,5116859,Juan Brito,False,False,True,False,False,False,True,False,False
kyrenparis,26420,677347,42536,Kyren Paris,False,False,True,False,False,True,True,False,False
tylerheineman,13897,623168,33142,Tyler Heineman,True,False,False,False,False,False,True,False,False
anthonyrendon,12861,543685,32098,Anthony Rendon,False,False,False,False,True,False,True,False,False
jorbitvivas,23917,678391,4722676,Jorbit Vivas,False,False,True,False,True,False,True,False,False
josiahgray,24580,680686,41165,Josiah Gray,False,False,False,False,False,False,False,True,False
charliemorton,4676,450203,29155,Charlie Morton,False,False,False,False,False,False,False,True,False
joeyestes,26257,683155,4917636,Joey Estes,False,False,False,False,False,False,False,True,False
jacksonjobe,30203,695549,4872647,Jackson Jobe,False,False,False,False,False,False,False,True,False
sebastianwalcott,sa3021069,,5150947,Sebastian Walcott,False,False,False,True,False,False,True,False,False
jonahbride,24703,681146,3960984,Jonah Bride,False,False,False,False,True,False,True,False,False
tylercallihan,27497,682997,42487,Tyler Callihan,False,False,True,False,False,True,True,False,False
timtawa,29571,694374,4345192,Tim Tawa,False,True,True,False,False,True,True,False,False
christaylor,13757,621035,32900,Chris Taylor,False,False,False,False,False,True,True,False,False
calquantrill,19312,615698,39875,Cal Quantrill,False,False,False,False,False,False,False,True,False
reesemcguire,15674,624512,33250,Reese McGuire,True,False,False,False,False,False,True,False,False
austinslater,16153,596103,35265,Austin Slater,False,False,False,False,False,True,True,False,False
josuebriceno,sa3018584,,5201953,Josue Briceno,True,True,False,False,False,False,True,False,False
chasedollander,33482,801403,4719068,Chase Dollander,False,False,False,False,False,False,False,True,False
vimaelmachin,17684,605353,39112,Vimael Machin,False,True,True,False,True,False,True,False,False
jhonathandiaz,20298,646242,41392,Jhonathan Diaz,False,False,False,False,False,False,False,True,False
jettwilliams,sa3020134,,5080638,Jett Williams,False,False,True,True,False,True,True,False,False
samadtaylor,22274,669392,39710,Samad Taylor,False,False,True,False,False,True,True,False,False
andrewmorris,sa3020569,,5266690,Andrew Morris,False,False,False,False,False,False,False,True,False
alikawilliams,27604,675961,4424289,Alika Williams,False,False,True,True,True,False,True,False,False
joeyloperfido,29630,694388,4297976,Joey Loperfido,False,False,False,False,False,True,True,False,False
jongray,14916,592351,33203,Jon Gray,False,False,False,False,False,False,False,False,True
austinwynns,15271,642851,35314,Austin Wynns,True,False,False,False,False,False,True,False,False
garrettstubbs,18067,596117,35760,Garrett Stubbs,True,False,False,False,False,False,True,False,False
josemiranda,20538,669304,41000,Jose Miranda,False,False,False,False,True,False,True,False,False
shaywhitcomb,27789,694376,4683352,Shay Whitcomb,False,False,True,False,True,False,True,False,False
oliverdunn,26295,686554,5001160,Oliver Dunn,False,False,False,False,True,False,True,False,False
georgeklassen,sa3023440,,5134517,George Klassen,False,False,False,False,False,False,False,True,False
luiscampusano,22217,669134,40521,Luis Campusano,False,False,False,False,False,False,True,False,False
eliwhite,19346,642201,39963,Eli White,False,False,False,False,False,True,True,False,False
michaelhelman,24605,680737,42065,Michael Helman,False,False,False,False,False,True,True,False,False
luisurias,16622,649966,35383,Luis Urias,False,False,True,False,False,False,True,False,False
didierfuentes,30661,800311,5291189,Didier Fuentes,False,False,False,False,False,False,False,True,False
luisvazquez,23442,676679,40666,Luis Vazquez,False,False,False,True,True,False,True,False,False
jesusrodriguez,sa3008916,,5015255,Jesus Rodriguez,True,False,False,False,True,False,True,False,False
daironblanco,19779,680118,42228,Dairon Blanco,False,False,False,False,False,True,True,False,False
ryanfeltner,21446,663372,4019484,Ryan Feltner,False,False,False,False,False,False,False,True,False
camdevanney,25688,687478,43393,Cam Devanney,False,False,False,False,True,False,True,False,False
blainecrim,25714,688760,4976999,Blaine Crim,False,True,False,False,False,False,True,False,False
derekhill,16947,656537,33721,Derek Hill,False,False,False,False,False,True,True,False,False
tristangray,19877,656484,39918,Tristan Gray,False,False,True,True,False,False,True,False,False
alexjackson,17276,656577,33707,Alex Jackson,True,False,False,False,False,False,True,False,False
ericwagaman,23395,676572,4987650,Eric Wagaman,False,True,False,False,False,True,True,False,False
erickfedde,17425,607200,33793,Erick Fedde,False,False,False,False,False,False,False,True,True
jordanmontgomery,16511,656756,38173,Jordan Montgomery,False,False,False,False,False,False,False,True,False
loganevans,33699,688138,5202474,Logan Evans,False,False,False,False,False,False,False,True,False
manuelmargot,14712,622534,33599,Manuel Margot,False,False,False,False,False,True,True,False,False
alecmarsh,27451,679525,4424276,Alec Marsh,False,False,False,False,False,False,False,True,False
cesarsalazar,21587,663967,41907,Cesar Salazar,True,False,False,False,False,False,True,False,False
emersonhancock,27470,676106,4297897,Emerson Hancock,False,False,False,False,False,False,False,True,False
brettwisely,27735,689172,4997597,Brett Wisely,False,False,True,False,False,False,True,False,False
charliecondon,sa3025257,,5033089,Charlie Condon,False,True,False,False,False,False,True,False,False
vinnycapra,25040,681962,42023,Vinny Capra,False,False,False,True,True,False,True,False,False
cooperingle,sa3023069,,5201983,Cooper Ingle,True,False,False,False,False,False,True,False,False
johanrojas,24336,679032,42829,Johan Rojas,False,False,False,False,False,True,True,False,False
andruwmonasterio,19455,655316,36950,Andruw Monasterio,False,False,False,True,False,False,True,False,False
orelvismartinez,25967,682619,41306,Orelvis Martinez,False,False,True,False,False,False,True,False,False
wademiley,8779,489119,31094,Wade Miley,False,False,False,False,False,False,False,True,False
gabrielhughes,sa3020661,,4634930,Gabriel Hughes,False,False,False,False,False,False,False,True,False
jonathancannon,31730,686563,4620398,Jonathan Cannon,False,False,False,False,False,False,False,True,False
rileyadams,19864,656180,40655,Riley Adams,True,False,False,False,False,False,True,False,False
josedeleon,15463,592254,33831,Jose De Leon,False,False,False,False,False,False,False,True,True
brockwilken,sa3022499,,4758886,Brock Wilken,False,False,False,False,True,False,True,False,False
brycejohnson,20002,669369,42056,Bryce Johnson,False,False,False,False,False,True,True,False,False
mitchellparker,27636,680730,4683356,Mitchell Parker,False,False,False,False,False,False,False,True,False
masonblack,30171,696131,5099971,Mason Black,False,False,False,False,False,False,False,True,False
gustavocampero,22707,672569,5125630,Gustavo Campero,False,False,False,False,False,True,True,False,False
matthewlugo,25980,683090,42486,Matthew Lugo,False,False,False,False,False,True,True,False,False
tommytroy,sa3022561,,4837403,Tommy Troy,False,False,True,False,False,True,True,False,False
tommurphy,13499,608596,33225,Tom Murphy,True,False,False,False,False,False,True,False,False
hagensmith,sa3025544,,5023126,Hagen Smith,False,False,False,False,False,False,False,True,False
mjmelendez,22197,669004,40948,MJ Melendez,False,False,False,False,False,True,True,False,False
jpfrance,21212,641585,3662290,J.P. France,False,False,False,False,False,False,False,True,False
krisbryant,15429,592178,33172,Kris Bryant,False,False,False,False,False,False,True,False,False
andrewknizner,19514,668800,36170,Andrew Knizner,True,False,False,False,False,False,True,False,False
justynhenrymalloy,29606,669234,4718623,Justyn-Henry Malloy,False,False,False,False,False,True,True,False,False
mickeygasper,24759,681508,5132012,Mickey Gasper,True,False,False,False,False,False,True,False,False
jorgebarrosa,23968,678489,41259,Jorge Barrosa,False,False,False,False,False,True,True,False,False
timanderson,15172,641313,33184,Tim Anderson,False,False,True,True,False,False,True,False,False
keidermontero,22630,672456,5182933,Keider Montero,False,False,False,False,False,False,False,True,True
jedixsonpaez,sa3016264,,5332994,Jedixson Paez,False,False,False,False,False,False,False,True,False
jorgemateo,17273,622761,33832,Jorge Mateo,False,False,False,True,False,True,True,False,False
connorseabold,19695,657756,41367,Connor Seabold,False,False,False,False,False,False,False,True,True
caydenwallace,sa3019996,,4721026,Cayden Wallace,False,False,False,False,True,False,True,False,False
ryanvilade,22165,668723,40960,Ryan Vilade,False,False,False,False,False,True,True,False,False
willbrennan,25660,686823,4088296,Will Brennan,False,False,False,False,False,True,True,False,False
tannerhouck,19879,656557,41009,Tanner Houck,False,False,False,False,False,False,False,True,False
lukemaile,13355,571912,33271,Luke Maile,True,False,False,False,False,False,True,False,False
ronnysimon,25346,682927,4912412,Ronny Simon,False,False,True,False,False,True,True,False,False
jhonkensynoel,24257,678877,42548,Jhonkensy Noel,False,False,False,False,False,True,True,False,False
nickallen,22277,669397,40338,Nick Allen,False,False,False,True,False,False,True,False,False
cristianmena,27974,691441,4917796,Cristian Mena,False,False,False,False,False,False,False,True,False
jarredkelenic,22558,672284,41150,Jarred Kelenic,False,False,False,False,False,True,True,False,False
emmanuelrivera,19890,656896,40519,Emmanuel Rivera,False,False,False,False,True,False,True,False,False
rhylanthomas,31793,689041,4672794,Rhylan Thomas,False,False,False,False,False,True,True,False,False
jarlinsusana,sa3018808,,5085894,Jarlin Susana,False,False,False,False,False,False,False,True,False
winstonsantos,sa3015952,,5255100,Winston Santos,False,False,False,False,False,False,False,True,False
ronelblanco,19407,669854,41829,Ronel Blanco,False,False,False,False,False,False,False,True,False
joseurena,11589,570632,33107,Jose Urena,False,False,False,False,False,False,False,True,True
michaelarroyo,sa3018429,,5124097,Michael Arroyo,False,False,True,False,False,False,True,False,False
mccadebrown,30004,685326,4415654,McCade Brown,False,False,False,False,False,False,False,True,False
dominicsmith,15653,642086,33218,Dominic Smith,False,True,False,False,False,False,True,False,False
westonwilson,19358,642215,38682,Weston Wilson,False,False,False,False,False,True,True,False,False
marcusstroman,13431,573186,32815,Marcus Stroman,False,False,False,False,False,False,False,True,False
juniorperez,sa3005744,,42471,Junior Perez,False,False,False,False,False,True,True,False,False
germanmarquez,15038,608566,34874,German Marquez,False,False,False,False,False,False,False,True,False
victormesajr,25999,683748,4917849,Victor Mesa Jr.,False,False,False,False,False,True,True,False,False
victormederos,31533,682989,5127102,Victor Mederos,False,False,False,False,False,False,False,True,False
brandonlockridge,21496,663604,42641,Brandon Lockridge,False,False,False,False,False,True,True,False,False
mattwaldron,25550,663362,4020158,Matt Waldron,False,False,False,False,False,False,False,True,False
scottkingery,17975,664068,35276,Scott Kingery,False,False,True,False,False,True,True,False,False
nestorcortes,17874,641482,36480,Nestor Cortes,False,False,False,False,False,False,False,True,False
orlandoarcia,13185,606115,32530,Orlando Arcia,False,False,True,True,True,False,True,False,False
robertstock,6576,476594,30577,Robert Stock,False,False,False,False,False,False,False,True,False
rafaellantigua,sa3003219,,41955,Rafael Lantigua,False,False,True,False,True,False,True,False,False
luismedina,21649,665622,40949,Luis Medina,False,False,False,False,False,False,False,True,False
austinbarnes,12158,605131,32856,Austin Barnes,True,False,False,False,False,False,True,False,False
akilbaddoo,22168,668731,40634,Akil Baddoo,False,False,False,False,False,True,True,False,False
marcoluciano,25616,682617,41198,Marco Luciano,False,False,False,False,False,True,True,False,False
danielespino,sa3011495,,42438,Daniel Espino,False,False,False,False,False,False,False,True,False
tristonmckenzie,18000,663474,34954,Triston McKenzie,False,False,False,False,False,False,False,True,True
lucasbraun,sa3022996,,5274874,Lucas Braun,False,False,False,False,False,False,False,True,False
brycenmautz,sa3020710,,5067321,Brycen Mautz,False,False,False,False,False,False,False,True,False
chasepetty,30170,695534,4872687,Chase Petty,False,False,False,False,False,False,False,True,False
tristanpeters,30063,671976,5085893,Tristan Peters,False,False,False,False,False,True,True,False,False
enriquehernandez,10472,571771,31358,Enrique Hernandez,False,True,False,False,True,True,True,False,False
eastonlucas,26058,687922,4993411,Easton Lucas,False,False,False,False,False,False,False,True,False
gunnarhoglund,31318,680684,4414154,Gunnar Hoglund,False,False,False,False,False,False,False,True,False
hectorrodriguez,sa3040980,,5122878,Hector Rodriguez,False,False,False,False,False,True,True,False,False
danielsusac,sa3019997,,4751554,Daniel Susac,True,False,False,False,False,False,True,False,False
kohldrake,sa3021723,,5264737,Kohl Drake,False,False,False,False,False,False,False,True,False
samaldegheri,26443,691951,5221123,Sam Aldegheri,False,False,False,False,False,False,False,True,False
blascastano,26117,680604,5136509,Blas Castano,False,False,False,False,False,False,False,True,False
kameronmisner,26374,670224,42416,Kameron Misner,False,False,False,False,False,True,True,False,False
curtismead,23986,678554,42360,Curtis Mead,False,True,False,False,True,False,True,False,False
tymadden,30140,680744,4414347,Ty Madden,False,False,False,False,False,False,False,True,False
taylortrammell,19960,666211,37773,Taylor Trammell,False,False,False,False,False,True,True,False,False
thomasharrington,31989,802419,4736800,Thomas Harrington,False,False,False,False,False,False,False,True,False
taijuanwalker,11836,592836,31864,Taijuan Walker,False,False,False,False,False,False,False,True,True
jacobstallings,13723,607732,34089,Jacob Stallings,True,False,False,False,False,False,True,False,False
cooperkinney,sa3017793,,4872697,Cooper Kinney,False,False,True,False,True,False,True,False,False
griffmcgarry,sa3017130,,4414539,Griff McGarry,False,False,False,False,False,False,False,True,False
benkudrna,sa3018253,,4917813,Ben Kudrna,False,False,False,False,False,False,False,True,False
jihwanbae,23818,678225,40896,Ji Hwan Bae,False,False,False,False,False,True,True,False,False
benhess,sa3033725,,4924721,Ben Hess,False,False,False,False,False,False,False,True,False
angelbastardo,sa3009716,,5259069,Angel Bastardo,False,False,False,False,False,False,False,False,True
adammacko,sa3011555,,4918157,Adam Macko,False,False,False,False,False,False,False,True,True
austinhedges,12976,595978,32168,Austin Hedges,True,False,False,False,False,False,True,False,False
nicksenzel,19293,669222,36180,Nick Senzel,False,False,False,False,True,True,True,False,False
baileyfalter,20070,663559,4705677,Bailey Falter,False,False,False,False,False,False,False,True,False
carloslagrange,sa3019390,,5201825,Carlos Lagrange,False,False,False,False,False,False,False,True,False
kaelenculpepper,sa3025360,,4935268,Kaelen Culpepper,False,False,False,True,False,False,True,False,False
drewmillas,25643,686452,4228448,Drew Millas,True,False,False,False,False,False,True,False,False
gabrielrinconesjr,sa3020758,,5131884,Gabriel Rincones Jr.,False,False,False,False,False,True,True,False,False
dougnikhazy,30142,680951,4414160,Doug Nikhazy,False,False,False,False,False,False,False,True,False
masonbarnett,31741,686930,5195197,Mason Barnett,False,False,False,False,False,False,False,True,False
joeywiemer,27690,686894,4417134,Joey Wiemer,False,False,False,False,False,True,True,False,False
benlively,14932,594902,33194,Ben Lively,False,False,False,False,False,False,False,True,False
bradenmontgomery,sa3038253,,4950345,Braden Montgomery,False,False,False,False,False,True,True,False,False
robinsonpina,23091,673820,4917815,Robinson Pina,False,False,False,False,False,False,False,True,False
jamestriantos,sa3017295,,4917690,James Triantos,False,False,True,False,False,True,True,False,False
blakedunn,29487,694362,4650237,Blake Dunn,False,False,False,False,False,True,True,False,False
benrortvedt,20287,666163,40869,Ben Rortvedt,True,False,False,False,False,False,True,False,False
carsonspiers,27685,686730,5165292,Carson Spiers,False,False,False,False,False,False,False,True,False
spencerturnbull,16207,605513,33732,Spencer Turnbull,False,False,False,False,False,False,False,True,False
mitchfarris,33628,815083,5273851,Mitch Farris,False,False,False,False,False,False,False,True,False
jorgealfaro,12180,595751,31737,Jorge Alfaro,True,False,False,False,False,False,True,False,False
braydentaylor,sa3022921,,4826610,Brayden Taylor,False,False,True,False,True,False,True,False,False
jhonnypereda,19802,640902,40702,Jhonny Pereda,True,False,False,False,False,False,True,False,False
jurrangelocijntje,sa3028930,,5128581,Jurrangelo Cijntje,False,False,False,False,False,False,False,True,False
jasondelay,19806,641511,41458,Jason Delay,True,False,False,False,False,False,True,False,False
treysweeney,29575,700242,4414687,Trey Sweeney,False,False,False,True,False,False,True,False,False
chadwicktromp,16953,644433,35358,Chadwick Tromp,True,False,False,False,False,False,True,False,False
josebarrero,23378,676480,40951,Jose Barrero,False,False,True,False,False,True,True,False,False
williemaciver,24641,680862,4020015,Willie MacIver,True,False,False,False,False,False,True,False,False
lucatresh,sa3017394,,4416289,Luca Tresh,True,False,False,False,False,False,True,False,False
maverickhandley,26106,668974,42801,Maverick Handley,True,False,False,False,False,False,True,False,False
sebastianrivero,21735,665861,41447,Sebastian Rivero,True,False,False,False,False,False,True,False,False
warmingbernabel,26536,682653,4917759,Warming Bernabel,False,True,False,False,False,False,True,False,False
buddykennedy,22505,671083,42985,Buddy Kennedy,False,False,False,False,True,False,True,False,False
drewromo,27763,691011,4917765,Drew Romo,True,False,False,False,False,False,True,False,False
denzerguzman,28816,694203,4917822,Denzer Guzman,False,False,False,True,False,False,True,False,False
haydensenger,21489,663584,4009410,Hayden Senger,True,False,False,False,False,False,True,False,False
ajsmithshawver,29960,700363,4917640,AJ Smith-Shawver,False,False,False,False,False,False,False,True,False
gabrielgonzalez,sa3015723,,4919918,Gabriel Gonzalez,False,False,False,False,False,True,True,False,False
tomasnido,13755,621512,36068,Tomas Nido,True,False,False,False,False,False,True,False,False
justindean,25005,,41531,Justin Dean,False,False,False,False,False,True,True,False,False
brettsullivan,18217,664954,39913,Brett Sullivan,True,False,False,False,False,False,True,False,False
edouardjulien,27534,666397,3985190,Edouard Julien,False,True,True,False,False,False,True,False,False
garretthampson,19262,641658,39899,Garrett Hampson,False,False,False,False,False,True,True,False,False
recehinds,27493,677956,42545,Rece Hinds,False,False,False,False,False,True,True,False,False
briannavarreto,16398,640459,37802,Brian Navarreto,True,False,False,False,False,False,True,False,False
willwilson,25434,669717,42375,Will Wilson,False,False,True,False,True,False,True,False,False
brandonvalenzuela,sa3005729,,4918248,Brandon Valenzuela,True,False,False,False,False,False,True,False,False
yonielcuret,sa3015446,,5185124,Yoniel Curet,False,False,False,False,False,False,False,True,False
rodolfoduran,sa877500,,40577,Rodolfo Duran,True,False,False,False,False,False,True,False,False
domnunez,15055,624513,33826,Dom Nunez,True,False,False,False,False,False,True,False,False
jessewinker,13590,608385,32833,Jesse Winker,False,False,False,False,False,False,True,False,False
henrybolte,sa3020006,,5080756,Henry Bolte,False,False,False,False,False,True,True,False,False
chuckierobinson,19824,642020,40354,Chuckie Robinson,True,False,False,False,False,False,True,False,False
aramisgarcia,16925,605244,33714,Aramis Garcia,True,False,False,False,False,False,True,False,False
grantmccray,25690,687529,4919922,Grant McCray,False,False,False,False,False,True,True,False,False
blakehunt,sa3004153,,43035,Blake Hunt,True,False,False,False,False,False,True,False,False
sandyleon,5273,506702,32101,Sandy Leon,True,False,False,False,False,False,True,False,False
gageworkman,27573,669398,4424290,Gage Workman,False,False,False,True,True,False,True,False,False
willbanfield,23790,677943,41228,Will Banfield,True,False,False,False,False,False,True,False,False
ethanpecko,sa3022997,,4944276,Ethan Pecko,False,False,False,False,False,False,False,True,False
peteyhalpin,27931,690984,4722962,Petey Halpin,False,False,False,False,False,True,True,False,False
wademeckler,31490,,4424090,Wade Meckler,False,False,False,False,False,True,True,False,False
joseherrera,17040,645444,40851,Jose Herrera,True,False,False,False,False,False,True,False,False
domingorobles,sa872881,,41297,Domingo Robles,False,False,False,False,False,False,False,True,True
ryankreidler,25867,668952,42701,Ryan Kreidler,False,False,False,False,False,True,True,False,False
tylerlocklear,31396,682988,4866477,Tyler Locklear,False,True,False,False,False,False,True,False,False
michaelsiani,22557,672279,41209,Michael Siani,False,False,False,False,False,True,True,False,False
ryancusick,sa3017385,,4623349,Ryan Cusick,False,False,False,False,False,False,False,True,True
dashawnkeirseyjr,24496,680577,42753,DaShawn Keirsey Jr.,False,False,False,False,False,True,True,False,False
nicknastrini,29833,680897,4422905,Nick Nastrini,False,False,False,False,False,False,False,True,True
carledwardsjr,13607,605218,33202,Carl Edwards Jr.,False,False,False,False,False,False,False,True,True
andreschaparro,21797,665953,42949,Andres Chaparro,False,True,False,False,False,False,True,False,False
stewardberroa,22766,672642,4993423,Steward Berroa,False,False,False,False,False,True,True,False,False
willdion,sa3017850,,4420174,Will Dion,False,False,False,False,False,False,False,True,True
zachthompson,16094,605507,40761,Zach Thompson,False,False,False,False,False,False,False,True,True
leonardobernal,sa3015773,,5124076,Leonardo Bernal,True,False,False,False,False,False,True,False,False
jackwinkler,29830,676466,5137054,Jack Winkler,False,False,True,False,False,False,True,False,False
sterlinthompson,sa3019999,,4683366,Sterlin Thompson,False,False,False,False,False,True,True,False,False
dustinsaenz,sa3017610,,4298337,Dustin Saenz,False,False,False,False,False,False,False,True,True
jddavis,16219,605204,33796,J.D. Davis,False,True,False,False,True,False,True,False,False
kahlilwatson,sa3017513,,4872684,Kahlil Watson,False,False,False,False,False,True,True,False,False
trevorwilliams,16977,592866,33305,Trevor Williams,False,False,False,False,False,False,False,True,False
ryanspikes,sa3017792,,4917931,Ryan Spikes,False,False,False,False,True,True,True,False,False
alexandercanario,22842,672744,41239,Alexander Canario,False,False,False,False,False,True,True,False,False
connorkaiser,21535,663731,42950,Connor Kaiser,False,False,True,False,False,False,True,False,False
julianaguiar,30031,687924,5195257,Julian Aguiar,False,False,False,False,False,False,False,True,False
josesiri,17452,642350,33954,Jose Siri,False,False,False,False,False,True,True,False,False
jackkochanowicz,27688,686799,4917819,Jack Kochanowicz,False,False,False,False,False,False,False,True,False
endyrodriguez,25332,682848,4712767,Endy Rodriguez,True,True,False,False,False,False,True,False,False
pedroleon,27781,694175,4717898,Pedro Leon,False,False,False,False,False,True,True,False,False
kempalderman,sa3022562,,4720993,Kemp Alderman,False,False,False,False,False,True,True,False,False
josefranco,sa3008714,,5332124,Jose Franco,False,False,False,False,False,False,False,True,False
stuartfairchild,20321,656413,40346,Stuart Fairchild,False,False,False,False,False,True,True,False,False
antoniosenzatela,15488,622608,33750,Antonio Senzatela,False,False,False,False,False,False,False,True,False
tylerwade,15730,642180,33878,Tyler Wade,False,False,False,False,False,True,True,False,False
claydungan,sa1169803,,42899,Clay Dungan,False,False,True,True,False,True,True,False,False
nabilcrismatt,17732,622503,41421,Nabil Crismatt,False,False,False,False,False,False,False,True,False
jasonheyward,4940,518792,29551,Jason Heyward,False,False,False,False,False,True,True,False,False
hunterrenfroe,15464,592669,33205,Hunter Renfroe,False,False,False,False,False,True,True,False,False
zackristofak,27585,670219,4081256,Zac Kristofak,False,False,False,False,False,False,False,False,True
mattmanning,20369,666159,40920,Matt Manning,False,False,False,False,False,False,False,True,True
mattkoperniak,sa3014834,,5010654,Matt Koperniak,False,False,False,False,False,True,True,False,False
adammazur,31900,800049,5061202,Adam Mazur,False,False,False,False,False,False,False,True,False
kendryrojas,sa3016746,,5296012,Kendry Rojas,False,False,False,False,False,False,False,True,False
carsonpalmquist,31612,687223,4621424,Carson Palmquist,False,False,False,False,False,False,False,True,False
drewwaters,20505,671221,41076,Drew Waters,False,False,False,False,False,True,True,False,False
masonmccoy,22232,669200,39947,Mason McCoy,False,False,False,True,False,False,True,False,False
dominicfletcher,26149,666150,42984,Dominic Fletcher,False,False,False,False,False,True,True,False,False
coreyjulks,20311,667452,41526,Corey Julks,False,False,False,False,False,True,True,False,False
richardmatic,sa3023749,,5196163,Richard Matic,False,False,False,False,True,False,True,False,False
maxferguson,sa3016819,,4413977,Max Ferguson,False,False,True,False,False,True,True,False,False
jessescholtens,19205,669947,41452,Jesse Scholtens,False,False,False,False,False,False,False,True,False
wilberdotel,sa3015163,,5332991,Wilber Dotel,False,False,False,False,False,False,False,True,False
braidenward,sa3017332,,4346317,Braiden Ward,False,False,False,False,False,True,True,False,False
rjschreck,sa3022602,,5205673,RJ Schreck,False,False,False,False,False,True,True,False,False
kenwaldichuk,27681,,4189711,Ken Waldichuk,False,False,False,False,False,False,False,True,False
donovanwalton,19314,622268,37232,Donovan Walton,False,False,True,True,False,False,True,False,False
travisjankowski,13768,608671,32751,Travis Jankowski,False,False,False,False,False,True,True,False,False
sethbrown,18171,664913,35676,Seth Brown,False,False,False,False,False,True,True,False,False
zachpenrod,25368,683068,5200487,Zach Penrod,False,False,False,False,False,False,False,True,True
justinturner,5235,457759,29607,Justin Turner,False,True,False,False,False,False,True,False,False
rileythompson,sa876287,,3962720,Riley Thompson,False,False,False,False,False,False,False,False,True
spencerhoward,23252,675921,41072,Spencer Howard,False,False,False,False,False,False,False,False,True
zachlogue,20231,656657,3166693,Zach Logue,False,False,False,False,False,False,False,False,True
andrejackson,21298,,4684364,Andre Jackson,False,False,False,False,False,False,False,False,True
jonathonlong,sa3022864,,4924097,Jonathon Long,False,True,False,False,False,False,True,False,False
willrobertson,25467,683770,43026,Will Robertson,False,False,False,False,False,True,True,False,False
oscargonzalez,20970,660757,39400,Oscar Gonzalez,False,False,False,False,False,True,True,False,False
zackthompson,25918,668868,42485,Zack Thompson,False,False,False,False,False,False,False,True,False
andrewfischer,sa3031366,,5128616,Andrew Fischer,False,False,False,False,True,False,True,False,False
danieljohnson,19643,669288,40351,Daniel Johnson,False,False,False,False,False,True,True,False,False
tsungchecheng,28344,691907,42692,Tsung-Che Cheng,False,False,False,True,True,False,True,False,False
dustinharris,25705,687957,4917924,Dustin Harris,False,False,False,False,False,True,True,False,False
lamontewadejr,18126,664774,37798,LaMonte Wade Jr.,False,True,False,False,False,True,True,False,False
colinhouck,sa3022964,,4870825,Colin Houck,False,False,False,True,True,False,True,False,False
kybush,29823,681066,4917816,Ky Bush,False,False,False,False,False,False,False,True,False
eddysleonard,sa3005554,,4905904,Eddys Leonard,False,False,True,False,True,True,True,False,False
mikeyromero,sa3020216,,5080760,Mikey Romero,False,False,True,True,True,False,True,False,False
yolmersanchez,11602,,32264,Yolmer Sanchez,False,False,True,True,False,False,True,False,False
jaredserna,sa3015579,,5201581,Jared Serna,False,False,True,True,False,False,True,False,False
joshmaciejewski,21310,656671,43004,Josh Maciejewski,False,False,False,False,False,False,False,True,True
yohendrickpinango,sa3009539,,4917684,Yohendrick Pinango,False,False,False,False,False,True,True,False,False
euribielangeles,sa3008877,,4918250,Euribiel Angeles,False,False,True,True,True,False,True,False,False
christianfranklin,sa3017510,,4414623,Christian Franklin,False,False,False,False,False,True,True,False,False
billymckinney,15654,641856,33196,Billy McKinney,False,False,False,False,False,True,True,False,False
vladimirgutierrez,19278,661269,36092,Vladimir Gutierrez,False,False,False,False,False,False,False,False,True
joserodriguez,sa3015437,,42141,Jose Rodriguez,False,False,False,False,False,False,False,False,True
jeancabrera,sa3015433,,5255102,Jean Cabrera,False,False,False,False,False,False,False,True,False
cocomontes,21547,663796,42052,Coco Montes,False,False,True,False,True,True,True,False,False
termarrjohnson,sa3020214,,5080632,Termarr Johnson,False,False,True,False,False,False,True,False,False
kenedycorona,26244,,4991318,Kenedy Corona,False,False,False,False,False,True,True,False,False
filippodituri,sa3021093,,5150965,Filippo Di Turi,False,False,True,True,True,False,True,False,False
terrinvavra,24400,,41099,Terrin Vavra,False,False,True,False,True,False,True,False,False
austingauthier,sa3017121,,5137678,Austin Gauthier,False,False,True,False,False,False,True,False,False
henrybaez,sa3016584,,5255103,Henry Baez,False,False,False,False,False,False,False,True,False
carsonmccusker,33098,676812,4326103,Carson McCusker,False,False,False,False,False,True,True,False,False
carloscarrasco,6632,471911,28968,Carlos Carrasco,False,False,False,False,False,False,False,True,False
cristianpache,19948,665506,39897,Cristian Pache,False,False,False,False,False,True,True,False,False
kristianrobinson,sa3006884,,39677,Kristian Robinson,False,False,False,False,False,True,True,False,False
ryanclifford,sa3020126,,5137882,Ryan Clifford,False,True,False,False,False,True,True,False,False
lazaromontes,sa3018409,,5124103,Lazaro Montes,False,False,False,False,False,True,True,False,False
jaggerhaynes,sa3020876,,4717838,Jagger Haynes,False,False,False,False,False,False,False,True,False
hendrymendez,sa3015727,,4917874,Hendry Mendez,False,False,False,False,False,True,True,False,False
semrobberse,sa3011735,,4722889,Sem Robberse,False,False,False,False,False,False,False,True,False
cooperbowman,sa3016966,,4721314,Cooper Bowman,False,False,True,False,False,True,True,False,False
bradleyblalock,26419,687134,4720860,Bradley Blalock,False,False,False,False,False,False,False,True,False
jaredyoung,20404,676724,41575,Jared Young,False,False,False,False,False,False,True,False,False
michaelstefanic,25353,683021,42711,Michael Stefanic,False,False,True,False,False,False,True,False,False
cademarlowe,25505,687799,4918163,Cade Marlowe,False,False,False,False,False,True,True,False,False
connorjoe,16572,656582,35440,Connor Joe,False,False,False,False,False,True,True,False,False
jakebloss,33168,814005,5137945,Jake Bloss,False,False,False,False,False,False,False,True,False
owenmiller,24655,680911,41187,Owen Miller,False,False,True,False,False,False,True,False,False
owenwhite,22273,669391,41244,Owen White,False,False,False,False,False,False,False,True,False
javiervaz,sa3019906,,4723144,Javier Vaz,False,False,True,False,False,True,True,False,False
joshuapalacios,19818,641943,36462,Joshua Palacios,False,False,False,False,False,True,True,False,False
ryanwebb,sa3018280,,4297904,Ryan Webb,False,False,False,False,False,False,False,True,False
brewerhicklen,20450,676551,41378,Brewer Hicklen,False,False,False,False,False,True,True,False,False
dukeellis,27543,668752,5134021,Duke Ellis,False,False,False,False,False,True,True,False,False
eddierosario,12155,592696,31944,Eddie Rosario,False,False,False,False,False,True,True,False,False
codymorissette,sa3017158,,4417804,Cody Morissette,False,False,True,False,False,False,True,False,False
fraserellard,29530,686642,5125257,Fraser Ellard,False,False,False,False,False,False,False,False,True
michaelfulmer,13218,605242,34842,Michael Fulmer,False,False,False,False,False,False,False,False,True
josequijada,19200,650671,39142,Jose Quijada,False,False,False,False,False,False,False,False,True
jordanweems,13190,607179,40039,Jordan Weems,False,False,False,False,False,False,False,False,True
tomcosgrove,23443,676680,4990459,Tom Cosgrove,False,False,False,False,False,False,False,False,True
josemarte,21761,665896,4875970,Jose Marte,False,False,False,False,False,False,False,False,True
woosukgo,sa3012630,,5134609,Woo-Suk Go,False,False,False,False,False,False,False,False,True
jbbukauskas,20491,656266,40919,J.B. Bukauskas,False,False,False,False,False,False,False,False,True
rickyvanasco,23391,676568,42440,Ricky Vanasco,False,False,False,False,False,False,False,False,True
jeffbrigham,16631,656257,36110,Jeff Brigham,False,False,False,False,False,False,False,False,True
angelperdomo,17759,622780,41448,Angel Perdomo,False,False,False,False,False,False,False,False,True
yerryrodriguez,21955,666720,41267,Yerry Rodriguez,False,False,False,False,False,False,False,False,True
mattthaiss,19318,642136,36176,Matt Thaiss,True,False,False,False,False,False,True,False,False
ethansalas,sa3020881,,5124004,Ethan Salas,True,False,False,False,False,False,True,False,False
henrywilliams,sa3020901,,4622936,Henry Williams,False,False,False,False,False,False,False,True,False
nathanwiles,25474,686249,5196434,Nathan Wiles,False,False,False,False,False,False,False,True,False
tommyhenry,26285,674072,4423337,Tommy Henry,False,False,False,False,False,False,False,True,False
caseykelly,9174,543391,30520,Casey Kelly,False,False,False,False,False,False,False,True,False
noahschultz,sa3020949,,5080754,Noah Schultz,False,False,False,False,False,False,False,True,False
liamdoyle,sa3030545,,5130533,Liam Doyle,False,False,False,False,False,False,False,True,False
kadeanderson,sa3026056,,5198748,Kade Anderson,False,False,False,False,False,False,False,True,False
travissykora,sa3023557,,5149082,Travis Sykora,False,False,False,False,False,False,False,True,False
tylerbremner,sa3027644,,5140115,Tyler Bremner,False,False,False,False,False,False,False,True,False
claytonkershaw,2036,477132,28963,Clayton Kershaw,False,False,False,False,False,False,False,True,False
yudarvish,13074,506433,32055,Yu Darvish,False,False,False,False,False,False,False,True,False
andrewheaney,15423,571760,32672,Andrew Heaney,False,False,False,False,False,False,False,True,False
frankiemontas,14309,593423,33249,Frankie Montas,False,False,False,False,False,False,False,True,False
kentamaeda,18498,628317,34892,Kenta Maeda,False,False,False,False,False,False,False,True,False
kylegibson,10123,502043,31053,Kyle Gibson,False,False,False,False,False,False,False,True,False
xzavioncurry,25595,675540,4204524,Xzavion Curry,False,False,False,False,False,False,False,True,True
iananderson,19951,666120,40916,Ian Anderson,False,False,False,False,False,False,False,True,False
allanwinans,21238,642216,4345949,Allan Winans,False,False,False,False,False,False,False,True,False
kylehendricks,12049,543294,33173,Kyle Hendricks,False,False,False,False,False,False,False,True,False
evanmckendry,sa3010787,,5124532,Evan McKendry,False,False,False,False,False,False,False,True,True
henrylalane,sa3016066,,5204200,Henry Lalane,False,False,False,False,False,False,False,True,False
garrettstallings,sa3014457,,4686059,Garrett Stallings,False,False,False,False,False,False,False,True,True
shaunanderson,19453,641312,39681,Shaun Anderson,False,False,False,False,False,False,False,True,True
brucezimmermann,20370,669145,41118,Bruce Zimmermann,False,False,False,False,False,False,False,True,False
michaelplassmeyer,23191,,41136,Michael Plassmeyer,False,False,False,False,False,False,False,True,True
caseylawrence,11121,596271,35949,Casey Lawrence,False,False,False,False,False,False,False,True,False
moiseschace,sa3015346,,5221488,Moises Chace,False,False,False,False,False,False,False,True,False
connorgillispie,26171,687362,5201596,Connor Gillispie,False,False,False,False,False,False,False,True,False
adamkloffenstein,24493,680572,41246,Adam Kloffenstein,False,False,False,False,False,False,False,True,False
stevenzobac,sa3020875,,5263497,Steven Zobac,False,False,False,False,False,False,False,True,False
brandonwalter,26056,687888,4228724,Brandon Walter,False,False,False,False,False,False,False,True,False
tylormegill,21318,656731,3332018,Tylor Megill,False,False,False,False,False,False,False,True,False
cooperhjerpe,sa3020736,,4635332,Cooper Hjerpe,False,False,False,False,False,False,False,True,False
chasehampton,sa3020682,,5132219,Chase Hampton,False,False,False,False,False,False,False,True,False
nickmaton,21635,665155,41284,Nick Maton,False,False,False,False,False,False,True,False,False
josecuas,17701,621016,35432,Jose Cuas,False,False,False,False,False,False,False,False,True
nicenright,25553,663671,4995355,Nic Enright,False,False,False,False,False,False,False,False,True
brookskriske,21189,621139,42073,Brooks Kriske,False,False,False,False,False,False,False,False,True
ryanjensen,sa3011496,,4418199,Ryan Jensen,False,False,False,False,False,False,False,False,True
benheller,15100,621294,34699,Ben Heller,False,False,False,False,False,False,False,False,True
jonathanheasley,22224,669169,4179560,Jonathan Heasley,False,False,False,False,False,False,False,False,True
noahdavis,25862,663562,4019957,Noah Davis,False,False,False,False,False,False,False,False,True
mattsauer,22284,669422,41042,Matt Sauer,False,False,False,False,False,False,False,False,True
luisortiz,16942,656814,2966,Luis Ortiz,False,False,False,False,False,False,False,False,True
raykerr,23809,678061,40426,Ray Kerr,False,False,False,False,False,False,False,False,True
forrestwhitley,19586,666215,40915,Forrest Whitley,False,False,False,False,False,False,False,False,True
chrisdevenski,12763,606965,32511,Chris Devenski,False,False,False,False,False,False,False,False,True
erasmoramirez,10314,541640,31983,Erasmo Ramirez,False,False,False,False,False,False,False,False,True
corbinmartin,19884,656686,41029,Corbin Martin,False,False,False,False,False,False,False,False,True
tejayantone,16233,622088,42355,Tejay Antone,False,False,False,False,False,False,False,False,True
guillozuniga,19588,670871,4721999,Guillo Zuniga,False,False,False,False,False,False,False,False,True
randyrodriguez,23974,678495,4919929,Randy Rodriguez,False,False,False,False,False,False,False,False,True
evanjustice,30008,687145,4345849,Evan Justice,False,False,False,False,False,False,False,False,True
geoffhartlieb,19558,664129,40865,Geoff Hartlieb,False,False,False,False,False,False,False,False,True
johnmcmillon,27942,669111,5158434,John McMillon,False,False,False,False,False,False,False,False,True
peterlambert,17969,663567,39898,Peter Lambert,False,False,False,False,False,False,False,False,True
wandersuero,15855,593833,34936,Wander Suero,False,False,False,False,False,False,False,False,True
eibersoncastellano,sa3015414,,5259072,Eiberson Castellano,False,False,False,False,False,False,False,False,True
brettdegeus,23592,676969,42589,Brett de Geus,False,False,False,False,False,False,False,False,True
misaeltamarez,sa3009632,,42267,Misael Tamarez,False,False,False,False,False,False,False,False,True
devinsweet,25348,,42851,Devin Sweet,False,False,False,False,False,False,False,False,True
jpfeyereisen,16610,656420,36011,J.P. Feyereisen,False,False,False,False,False,False,False,False,True
jordanlyles,7593,543475,31061,Jordan Lyles,False,False,False,False,False,False,False,False,True
buckfarmer,14814,571656,33627,Buck Farmer,False,False,False,False,False,False,False,False,True
tysonmiller,19976,668338,42362,Tyson Miller,False,False,False,False,False,False,False,False,True
mikebaumann,20206,657508,40543,Mike Baumann,False,False,False,False,False,False,False,False,True
austinvoth,15047,608723,35044,Austin Voth,False,False,False,False,False,False,False,False,True
justinanderson,16201,605121,37611,Justin Anderson,False,False,False,False,False,False,False,False,True
philbickford,18519,641360,34989,Phil Bickford,False,False,False,False,False,False,False,False,True
giovannygallegos,14986,606149,36050,Giovanny Gallegos,False,False,False,False,False,False,False,False,True
kylemuller,20167,666205,41041,Kyle Muller,False,False,False,False,False,False,False,False,True
jtchargois,13767,608638,34854,JT Chargois,False,False,False,False,False,False,False,False,True
hanscrouse,22192,668968,41032,Hans Crouse,False,False,False,False,False,False,False,False,True
joshwinder,24606,680739,4298418,Josh Winder,False,False,False,False,False,False,False,False,True
peterstrzelecki,21367,657265,4012625,Peter Strzelecki,False,False,False,False,False,False,False,False,True
amirgarrett,14375,607237,33652,Amir Garrett,False,False,False,False,False,False,False,False,True
dylanfloro,13394,571670,33852,Dylan Floro,False,False,False,False,False,False,False,False,True
migueldiaz,18815,622766,33751,Miguel Diaz,False,False,False,False,False,False,False,False,True
austinadams,13801,613534,36046,Austin Adams,False,False,False,False,False,False,False,False,True
joshfleming,20418,676596,42615,Josh Fleming,False,False,False,False,False,False,False,False,True
wilmerflores1,sa3015223,,5123583,Wilmer Flores,False,False,False,False,False,False,False,False,True
mitchwhite,19225,669952,39437,Mitch White,False,False,False,False,False,False,False,False,True
seanreidfoley,17034,656887,33756,Sean Reid-Foley,False,False,False,False,False,False,False,False,True
albertabreu,17485,,36041,Albert Abreu,False,False,False,False,False,False,False,False,True
chadkuhl,14975,641771,35021,Chad Kuhl,False,False,False,False,False,False,False,False,True
brenthoneywell,16466,641703,33838,Brent Honeywell,False,False,False,False,False,False,False,False,True
koltoningram,26068,,4997628,Kolton Ingram,False,False,False,False,False,False,False,False,True
dylancoleman,22276,669395,41393,Dylan Coleman,False,False,False,False,False,False,False,False,True
mattcronin,sa3011463,,4081400,Matt Cronin,False,False,False,False,False,False,False,False,True
treywingenter,17793,622259,42218,Trey Wingenter,False,False,False,False,False,False,False,False,True
vinnynittoli,16754,657697,38291,Vinny Nittoli,False,False,False,False,False,False,False,False,True
ryderryan,19891,656924,39736,Ryder Ryan,False,False,False,False,False,False,False,False,True
naoyukiuwasawa,33828,683822,5194586,Naoyuki Uwasawa,False,False,False,False,False,False,False,False,True
rileypint,21858,666207,36183,Riley Pint,False,False,False,False,False,False,False,False,True
tylerjay,17952,664079,34994,Tyler Jay,False,False,False,False,False,False,False,False,True
coltenbrewer,12997,605155,36631,Colten Brewer,False,False,False,False,False,False,False,False,True
chasenshreve,10855,592741,33014,Chasen Shreve,False,False,False,False,False,False,False,False,True
danyjimenez,21170,666204,42380,Dany Jimenez,False,False,False,False,False,False,False,False,True
joshstaumont,18335,622251,36175,Josh Staumont,False,False,False,False,False,False,False,False,True
jacksonstephens,14420,623451,32736,Jackson Stephens,False,False,False,False,False,False,False,False,True
thyagovieira,14510,600986,36048,Thyago Vieira,False,False,False,False,False,False,False,False,True
yuniormarte,14416,628708,40419,Yunior Marte,False,False,False,False,False,False,False,False,True
wesparsons,14764,641149,33284,Wes Parsons,False,False,False,False,False,False,False,False,True
victorgonzalez,16408,624647,42340,Victor Gonzalez,False,False,False,False,False,False,False,False,True
nicholaspadilla,21327,,42522,Nicholas Padilla,False,False,False,False,False,False,False,False,True
alexyoung,18333,622065,34972,Alex Young,False,False,False,False,False,False,False,False,True
kentemanuel,15849,592288,39527,Kent Emanuel,False,False,False,False,False,False,False,False,True
kirbysnead,19179,669912,40815,Kirby Snead,False,False,False,False,False,False,False,False,True
danielduarte,17480,650960,41094,Daniel Duarte,False,False,False,False,False,False,False,False,True
kevinkopps,sa3017005,,3960907,Kevin Kopps,False,False,False,False,False,False,False,False,True
connoroverton,18376,,42972,Connor Overton,False,False,False,False,False,False,False,False,True
tylerduffey,13758,608648,33668,Tyler Duffey,False,False,False,False,False,False,False,False,True
brendanwhite,26024,,4298477,Brendan White,False,False,False,False,False,False,False,False,True
pennmurfee,25174,682171,42631,Penn Murfee,False,False,False,False,False,False,False,False,True
burchsmith,12784,572143,33083,Burch Smith,False,False,False,False,False,False,False,False,True
antoinekelly,sa3011135,,42467,Antoine Kelly,False,False,False,False,False,False,False,False,True
gersonmoreno,sa736656,,39593,Gerson Moreno,False,False,False,False,False,False,False,False,True
joebarlow,22296,,41741,Joe Barlow,False,False,False,False,False,False,False,False,True
laneramsey,25071,,41997,Lane Ramsey,False,False,False,False,False,False,False,False,True
emmanuelramirez,17304,642629,41501,Emmanuel Ramirez,False,False,False,False,False,False,False,False,True
mattcarasiti,13276,571539,34933,Matt Carasiti,False,False,False,False,False,False,False,False,True
joelkuhnel,19995,669270,40855,Joel Kuhnel,False,False,False,False,False,False,False,False,True
sethmartinez,21045,661527,42742,Seth Martinez,False,False,False,False,False,False,False,False,True
tylermatzek,10058,554431,31264,Tyler Matzek,False,False,False,False,False,False,False,False,True
tylerbeede,16981,595881,33798,Tyler Beede,False,False,False,False,False,False,False,False,True
brandonhughes,23460,676714,5001301,Brandon Hughes,False,False,False,False,False,False,False,False,True
dominicleone,13763,608678,33155,Dominic Leone,False,False,False,False,False,False,False,False,True
hobieharris,18615,,42804,Hobie Harris,False,False,False,False,False,False,False,False,True
granthartwig,29946,701643,4085383,Grant Hartwig,False,False,False,False,False,False,False,False,True
stephennogosek,19545,,39707,Stephen Nogosek,False,False,False,False,False,False,False,True,True
bryanmata,sa917784,,41007,Bryan Mata,False,False,False,False,False,False,False,False,True
claytonandrews,23631,677076,41559,Clayton Andrews,False,False,False,False,False,False,False,False,True
luarbertarias,23811,678215,5196880,Luarbert Arias,False,False,False,False,False,False,False,False,True
justingarza,19784,621057,3033851,Justin Garza,False,False,False,False,False,False,False,False,True
yencyalmonte,15068,622075,36064,Yency Almonte,False,False,False,False,False,False,False,False,True
ricardopinto,16318,620982,33821,Ricardo Pinto,False,False,False,False,False,False,False,False,True
walterpennington,27624,679156,5012066,Walter Pennington,False,False,False,False,False,False,False,False,True
jacobbosiokovic,sa918394,,38587,Jacob Bosiokovic,False,False,False,False,False,False,False,False,True
tannerburns,sa3014451,,4298587,Tanner Burns,False,False,False,False,False,False,False,False,True
nickmikolajchak,sa3010303,,4221118,Nick Mikolajchak,False,False,False,False,False,False,False,False,True
mattbarnes,12863,598264,32147,Matt Barnes,False,False,False,False,False,False,False,False,True
huascarynoa,20468,,39679,Huascar Ynoa,False,False,False,False,False,False,False,False,True
skylarhales,sa3022739,,4976773,Skylar Hales,False,False,False,False,False,False,False,False,True
mattbowman,13528,621199,33685,Matt Bowman,False,False,False,False,False,False,False,False,True
brandonbielak,19866,656232,41260,Brandon Bielak,False,False,False,False,False,False,False,False,True
calebkilian,26213,668873,4875969,Caleb Kilian,False,False,False,False,False,False,False,False,True
austindavis,17117,656354,39078,Austin Davis,False,False,False,False,False,False,False,False,True
nickrobertson,26226,687798,4311413,Nick Robertson,False,False,False,False,False,False,False,False,True
oliverortega,21025,,3173726,Oliver Ortega,False,False,False,False,False,False,False,False,True
raymondburgos,22370,670103,4720890,Raymond Burgos,False,False,False,False,False,False,False,False,True
joelyrodriguez,11487,570257,33104,Joely Rodriguez,False,False,False,False,False,False,False,False,True
alexspeas,21859,666208,40946,Alex Speas,False,False,False,False,False,False,False,False,True
anthonygose,5097,543238,31048,Anthony Gose,False,False,False,False,False,False,False,False,True
jesusliranzo,sa658076,,36054,Jesus Liranzo,False,False,False,False,False,False,False,False,True
shintarofujinami,31839,,4142398,Shintaro Fujinami,False,False,False,False,False,False,False,False,True
andrewwantz,24933,681806,42809,Andrew Wantz,False,False,False,False,False,False,False,False,True
evanreifert,sa3014860,,4904087,Evan Reifert,False,False,False,False,False,False,False,False,True
jacobwaguespack,18318,621097,37726,Jacob Waguespack,False,False,False,False,False,False,False,False,True
adamcimber,15288,643256,35780,Adam Cimber,False,False,False,False,False,False,False,False,True
francispena,sa3019374,,5204210,Francis Pena,False,False,False,False,False,False,False,False,True
codybolton,23265,675989,41407,Cody Bolton,False,False,False,False,False,False,False,False,True
nickavila,25667,687014,4989433,Nick Avila,False,False,False,False,False,False,False,False,True
gerardoreyes,16306,622103,35765,Gerardo Reyes,False,False,False,False,False,False,False,False,True
willbednar,sa3017844,,4619495,Will Bednar,False,False,False,False,False,False,False,False,True
jacobbarnes,12323,606930,34868,Jacob Barnes,False,False,False,False,False,False,False,False,True
andersonpilar,sa917899,,5201180,Anderson Pilar,False,False,False,False,False,False,False,False,True
joanadon,22925,672851,4684360,Joan Adon,False,False,False,False,False,False,False,False,True
zachjackson,sa3065331,,36002,Zach Jackson,False,False,False,False,False,False,False,False,True
juniorfernandez,18496,,35017,Junior Fernandez,False,False,False,False,False,False,False,False,True
ericpardinho,sa968102,,40959,Eric Pardinho,False,False,False,False,False,False,False,False,True
elieserhernandez,16933,622694,39836,Elieser Hernandez,False,False,False,False,False,False,False,False,True
luisfrias,21997,666818,42445,Luis Frias,False,False,False,False,False,False,False,False,True
diegocastillo,17496,650895,39103,Diego Castillo,False,False,False,False,False,False,False,False,True
luiscontreras,25839,664351,5015727,Luis Contreras,False,False,False,False,False,False,False,False,True
amoswillingham,26128,686294,4420170,Amos Willingham,False,False,False,False,False,False,False,False,True
andresmachado,14681,,39776,Andres Machado,False,False,False,False,False,False,False,False,True
parkerdunshee,20018,670161,41404,Parker Dunshee,False,False,False,False,False,False,False,False,True
jonathanhernandez,17464,642546,39814,Jonathan Hernandez,False,False,False,False,False,False,False,False,True
nickvespi,21093,663989,4979568,Nick Vespi,False,False,False,False,False,False,False,False,True
michaelflynn,sa3006803,,5135948,Michael Flynn,False,False,False,False,False,False,False,False,True
erickmejia,15817,,34170,Erick Mejia,False,False,False,False,False,False,False,False,True
helcrisolivarez,sa3002965,,4705676,Helcris Olivarez,False,False,False,False,False,False,False,False,True
jacobwallace,sa3010374,,4345696,Jacob Wallace,False,False,False,False,False,False,False,False,True
denyireyes,20526,,41419,Denyi Reyes,False,False,False,False,False,False,False,False,True
brendancellucci,sa3011710,,4300831,Brendan Cellucci,False,False,False,False,False,False,False,False,True
mattfoster,19647,641582,40706,Matt Foster,False,False,False,False,False,False,False,False,True
noahmurdock,27908,668716,4228299,Noah Murdock,False,False,False,False,False,False,False,False,True
nickhernandez,19281,663321,38190,Nick Hernandez,False,False,False,False,False,False,False,False,True
codypoteet,18769,547001,4728692,Cody Poteet,False,False,False,False,False,False,False,False,True
mattkoch,13420,571863,34849,Matt Koch,False,False,False,False,False,False,False,False,True
angelfelipe,21163,,4722956,Angel Felipe,False,False,False,False,False,False,False,False,True
nicknelson,20153,656793,41319,Nick Nelson,False,False,False,False,False,False,False,False,True
toukitoussaint,16929,657053,33790,Touki Toussaint,False,False,False,False,False,False,False,False,True
ryanmiller,22187,668943,5135498,Ryan Miller,False,False,False,False,False,False,False,False,True
alanbusenitz,15239,641427,35843,Alan Busenitz,False,False,False,False,False,False,False,False,True
roybersalinas,sa3009243,,5120814,Royber Salinas,False,False,False,False,False,False,False,False,True
loganallen,18555,663531,35024,Logan Allen,False,False,False,False,False,False,False,False,True
garrettmcdaniels,31751,680729,4424931,Garrett McDaniels,False,False,False,False,False,False,False,False,True
parkermushinski,21324,656786,3963032,Parker Mushinski,False,False,False,False,False,False,False,False,True
emmanuelclase,21032,661403,41743,Emmanuel Clase,False,False,False,False,False,False,False,False,True
reedgarrett,16866,657585,36526,Reed Garrett,False,False,False,False,False,False,False,False,True
tylerowens,26030,687074,5203596,Tyler Owens,False,False,False,False,False,False,False,False,True
calebfreeman,26255,673965,4085111,Caleb Freeman,False,False,False,False,False,False,False,False,True
beckway,sa3014462,,4683369,Beck Way,False,False,False,False,False,False,False,False,True
darwinzonhernandez,19848,,40502,Darwinzon Hernandez,False,False,False,False,False,False,False,False,True
raygaither,sa3017270,,5195676,Ray Gaither,False,False,False,False,False,False,False,False,True
michaelgomez,sa3008454,,4993421,Michael Gomez,False,False,False,False,False,False,False,False,True
blaircalvo,25416,,5116817,Blair Calvo,False,False,False,False,False,False,False,False,True
reissknehr,21541,,3965044,Reiss Knehr,False,False,False,False,False,False,False,False,True
aneuryszabala,20802,,36854,Aneurys Zabala,False,False,False,False,False,False,False,False,True
jorgejuan,sa3005826,,4905924,Jorge Juan,False,False,False,False,False,False,False,False,True
reggiecrawford,sa3020457,,4867505,Reggie Crawford,False,False,False,False,False,False,False,False,True
jamesmeeker,29891,703231,4228713,James Meeker,False,False,False,False,False,False,False,False,True
shoheitomioka,sa3014808,,5001292,Shohei Tomioka,False,False,False,False,False,False,False,False,True
evankravetz,27536,667478,3962703,Evan Kravetz,False,False,False,False,False,False,False,False,True
austinkitchen,27910,685116,3973766,Austin Kitchen,False,False,False,False,False,False,False,False,True
tylerbaum,sa1054042,,4228258,Tyler Baum,False,False,False,False,False,False,False,False,True
jessehahn,13287,534910,33108,Jesse Hahn,False,False,False,False,False,False,False,False,True
stevieemanuels,sa3014698,,4346328,Stevie Emanuels,False,False,False,False,False,False,False,False,True
bradyfeigl,15968,621399,33738,Brady Feigl,False,False,False,False,False,False,False,False,True
tannerdodson,sa3007008,,42152,Tanner Dodson,False,False,False,False,False,False,False,False,True
andrewmoore,sa3016795,,5194584,Andrew Moore,False,False,False,False,False,False,False,False,True
albertobaldonado,11812,,38454,Alberto Baldonado,False,False,False,False,False,False,False,False,True
gerardocarrillo,sa3002790,,41357,Gerardo Carrillo,False,False,False,False,False,False,False,False,True
sandygaston,sa3011136,,41414,Sandy Gaston,False,False,False,False,False,False,False,False,True
tannerkohlhepp,sa3022238,,4413980,Tanner Kohlhepp,False,False,False,False,False,False,False,False,True
reinerlopez,sa3024885,,5150949,Reiner Lopez,False,False,False,False,False,False,False,False,True
natewebb,sa918814,,4905883,Nate Webb,False,False,False,False,False,False,False,False,True
luispena,sa3024134,,41322,Luis Pena,False,False,False,False,False,False,False,False,True
josepaulino,sa3024557,,40984,Jose Paulino,False,False,False,False,False,False,False,False,True
luisperdomo,14682,,35970,Luis Perdomo,False,False,False,False,False,False,False,False,True
jorgerodriguez,sa3040989,,4722880,Jorge Rodriguez,False,False,False,False,False,False,False,False,True
carlosduran,24458,679922,4722955,Carlos Duran,False,False,False,False,False,False,False,False,True
janeromiller,sa3021077,,5150955,Janero Miller,False,False,False,False,False,False,False,False,True
dylanlesko,sa3020677,,5080636,Dylan Lesko,False,False,False,False,False,False,False,False,True
raimongomez,sa3017645,,5194674,Raimon Gomez,False,False,False,False,False,False,False,False,True
rhettkouba,sa3017544,,5195677,Rhett Kouba,False,False,False,False,False,False,False,False,True
brannelifranco,sa3023818,,5196210,Branneli Franco,False,False,False,False,False,False,False,False,True
alexanderalberto,sa3015986,,5194705,Alexander Alberto,False,False,False,False,False,False,False,False,True
drewsmyly,11760,592767,31816,Drew Smyly,False,False,False,False,False,False,False,False,True
willsmith,8048,519293,31549,Will Smith,False,False,False,False,False,False,False,False,True
joekelly,9761,523260,31992,Joe Kelly,False,False,False,False,False,False,False,False,True
jakediekman,5003,518617,32178,Jake Diekman,False,False,False,False,False,False,False,False,True
bryanshaw,8110,543766,30589,Bryan Shaw,False,False,False,False,False,False,False,False,True
josecisnero,6399,542585,31673,Jose Cisnero,False,False,False,False,False,False,False,False,True
danielhudson,7146,543339,30376,Daniel Hudson,False,False,False,False,False,False,False,False,True
jayjackson,7432,543351,30705,Jay Jackson,False,False,False,False,False,False,False,False,True
austinpruitt,15290,643493,36061,Austin Pruitt,False,False,False,False,False,False,False,False,True
wilkingrodriguez,8801,,31939,Wilking Rodriguez,False,False,False,False,False,False,False,False,True
mattmoore,1890,519043,31099,Matt Moore,False,False,False,False,False,False,False,False,True
nickramirez,12575,598286,32140,Nick Ramirez,False,False,False,False,False,False,False,False,True
chaseanderson,6895,502624,32690,Chase Anderson,False,False,False,False,False,False,False,False,True
mattandriese,12022,542882,32549,Matt Andriese,False,False,False,False,False,False,False,False,True
tayronguerrero,11691,,33654,Tayron Guerrero,False,False,False,False,False,False,False,False,True
thayronliranzo,sa3015790,,5124162,Thayron Liranzo,True,False,False,False,False,False,True,False,False
blakesabol,25805,666165,5120296,Blake Sabol,True,False,False,False,False,False,True,False,False
erichaase,14111,606992,33452,Eric Haase,True,False,False,False,False,False,True,False,False
samhuff,22209,669087,40798,Sam Huff,True,False,False,False,False,False,True,False,False
logandriscoll,25475,686482,4722942,Logan Driscoll,True,False,False,False,False,False,True,False,False
carlosperez,10642,,30237,Carlos Perez,True,False,False,False,False,False,True,False,False
diegocartaya,sa3008742,,41234,Diego Cartaya,True,False,False,False,False,False,True,False,False
omarnarvaez,13338,553882,34254,Omar Narvaez,True,False,False,False,False,False,True,False,False
loganporter,20626,682515,4981312,Logan Porter,True,False,False,False,False,False,True,False,False
bryanlavastida,24765,,42133,Bryan Lavastida,True,False,False,False,False,False,True,False,False
alisanchez,18551,645305,37537,Ali Sanchez,True,False,False,False,False,False,True,False,False
jaircamargo,21730,665856,42551,Jair Camargo,True,False,False,False,False,False,True,False,False
austinnola,15941,543592,32961,Austin Nola,True,False,False,False,False,False,True,False,False
martinmaldonado,6887,455117,30289,Martin Maldonado,True,False,False,False,False,False,True,False,False
robbrantly,10655,542963,31133,Rob Brantly,True,False,False,False,False,False,True,False,False
abrahangutierrez,sa3004263,,41738,Abrahan Gutierrez,True,False,False,False,False,False,True,False,False
chadwallach,17161,,33678,Chad Wallach,True,False,False,False,False,False,True,False,False
tuckerbarnhart,10200,571466,31173,Tucker Barnhart,True,False,False,False,False,False,True,False,False
brianserven,19422,661531,41441,Brian Serven,True,False,False,False,False,False,True,False,False
blakemitchell,sa3022756,,5148985,Blake Mitchell,True,False,False,False,False,False,True,False,False
kevinparada,sa3020575,,4683392,Kevin Parada,True,False,False,False,False,False,True,False,False
andyyerzy,sa917939,,41050,Andy Yerzy,True,False,False,False,False,False,True,False,False
ericyang,27698,687066,4301159,Eric Yang,True,False,False,False,False,False,True,False,False
ikeirish,sa3034445,,5128734,Ike Irish,True,True,False,False,False,True,True,False,False
yasmanigrandal,11368,518735,30950,Yasmani Grandal,True,False,False,False,False,False,True,False,False
yangomes,9627,543228,32108,Yan Gomes,True,False,False,False,False,False,True,False,False
sebyzavala,18887,664874,37919,Seby Zavala,True,False,False,False,False,False,True,False,False
curtcasali,12510,592200,32049,Curt Casali,True,False,False,False,False,False,True,False,False
pabloaliendo,sa3006220,,4917682,Pablo Aliendo,True,True,False,False,False,False,True,False,False
chrisokey,19245,,37774,Chris Okey,True,False,False,False,False,False,True,False,False
calebknight,sa3008279,,4228296,Caleb Knight,True,False,False,False,False,False,True,False,False
christianbethancourt,10028,542194,31758,Christian Bethancourt,True,False,False,False,False,False,True,False,False
kylemccann,25575,668832,42901,Kyle McCann,True,False,False,False,False,False,True,False,False
andrewknapp,14942,595284,33304,Andrew Knapp,True,False,False,False,False,False,True,False,False
franciscomejia,16403,,33248,Francisco Mejia,True,False,False,False,False,False,True,False,False
jaksonreetz,17837,656883,33819,Jakson Reetz,True,False,False,False,False,False,True,False,False
renepinto,19859,650907,37637,Rene Pinto,True,False,False,False,False,False,True,False,False
antoniogomez,sa3008746,,4722970,Antonio Gomez,True,False,False,False,False,False,True,False,False
miguelpalma,sa3009279,,4987798,Miguel Palma,True,False,False,False,False,False,True,False,False
enriquejimenez,sa3021091,,5150967,Enrique Jimenez,True,True,False,False,False,False,True,False,False
alfredoduno,sa3021066,,5150938,Alfredo Duno,True,False,False,False,False,False,True,False,False
daiversongutierrez,sa3021086,,5150973,Daiverson Gutierrez,True,False,False,False,False,False,True,False,False
malcolmmoore,sa3025250,,5080758,Malcolm Moore,True,False,False,False,False,False,True,False,False
grantkoch,22045,667428,41647,Grant Koch,True,False,False,False,False,False,True,False,False
carloslinarez,sa3016346,,5137262,Carlos Linarez,True,False,False,False,False,False,True,False,False
yovannyrodriguez,sa3023720,,5196152,Yovanny Rodriguez,True,False,False,False,False,False,True,False,False
franklinrojas,sa3025018,,5196176,Franklin Rojas,True,False,False,False,False,False,True,False,False
yohendrysanchez,sa3023896,,5196207,Yohendry Sanchez,True,False,False,False,False,False,True,False,False
davidbanuelos,23250,675915,39828,David Banuelos,True,False,False,False,False,False,True,False,False
wadestauss,sa3017000,,4416478,Wade Stauss,True,False,False,False,False,False,True,False,False
walkerjanek,sa3025254,,4952502,Walker Janek,True,False,False,False,False,False,True,False,False
caleblomavita,sa3025404,,4959034,Caleb Lomavita,True,False,False,False,False,False,True,False,False
davidrodriguez,sa3060402,,39574,David Rodriguez,True,False,False,False,False,False,True,False,False
carlosmartinez,sa3037142,,35838,Carlos Martinez,True,False,False,False,False,False,True,False,False
eduardotait,sa3022162,,5273117,Eduardo Tait,True,False,False,False,False,False,True,False,False
rainielrodriguez,sa3023987,,5289250,Rainiel Rodriguez,True,False,False,False,False,False,True,False,False
cadenbodine,sa3027305,,5130529,Caden Bodine,True,False,False,False,False,False,True,False,False
lukestevenson,sa3043081,,5198828,Luke Stevenson,True,False,False,False,False,False,True,False,False
ronaldohernandez,sa881850,,40378,Ronaldo Hernandez,True,False,False,False,False,False,True,False,False
mylesnaylor,sa3022605,,5149109,Myles Naylor,False,False,False,False,True,False,True,False,False
brandonwinokur,sa3022613,,5149089,Brandon Winokur,False,False,False,True,True,True,True,False,False
gabrielrodriguez,sa3024645,,41305,Gabriel Rodriguez,False,False,False,False,True,False,True,False,False
malcomnunez,sa3008113,,4684779,Malcom Nunez,False,True,False,False,True,False,True,False,False
luisverdugo,sa3006888,,42425,Luis Verdugo,False,True,False,False,True,False,True,False,False
yuniorseverino,sa3003185,,41373,Yunior Severino,False,False,False,False,True,False,True,False,False
luisdelossantos,21682,665782,41055,Luis De Los Santos,False,False,False,False,True,False,True,False,False
armandoalvarez,19292,669137,42048,Armando Alvarez,False,False,False,False,True,False,True,False,False
charlesleblanc,19813,641779,37820,Charles Leblanc,False,True,False,False,True,False,True,False,False
graekessinger,25813,666197,42667,Grae Kessinger,False,False,False,False,True,False,True,False,False
miguelsano,12164,593934,31260,Miguel Sano,False,False,False,False,True,False,True,False,False
dannymendick,18889,664901,40393,Danny Mendick,False,False,False,False,True,False,True,False,False
coletucker,17326,657061,33789,Cole Tucker,False,False,False,False,True,False,True,False,False
davidbote,14593,623520,35246,David Bote,False,False,False,False,True,False,True,False,False
davidfletcher,17992,664058,35156,David Fletcher,False,False,True,False,True,False,True,False,False
ehireadrianza,8418,501303,30471,Ehire Adrianza,False,False,False,False,True,False,True,False,False
diegocastillo1,19906,660636,40494,Diego Castillo,False,False,False,True,True,False,True,False,False
jacklopez,13663,605346,33518,Jack Lopez,False,False,False,True,True,False,True,False,False
mikebrosseau,19683,,40533,Mike Brosseau,False,False,False,False,True,False,True,False,False
haroldcastro,14691,,32521,Harold Castro,False,False,False,True,True,False,True,False,False
austinshenton,25425,668853,42875,Austin Shenton,False,True,False,False,True,False,True,False,False
jamesnelson,sa3038750,,40954,James Nelson,False,False,False,False,True,False,True,False,False
maikelfranco,12179,,32163,Maikel Franco,False,False,False,False,True,False,True,False,False
alexmcfarlane,sa3020633,,4621422,Alex McFarlane,False,False,False,False,False,False,False,True,True
dariusvines,25928,670241,4917634,Darius Vines,False,False,False,False,False,False,False,True,False
tylerblack,29949,672012,4414183,Tyler Black,False,True,False,False,False,True,True,False,False
nicksogard,25483,686765,42979,Nick Sogard,False,True,True,False,True,False,True,False,False
tyleraustin,11850,,32161,Tyler Austin,False,False,False,False,False,True,True,False,False
deyvisondelossantos,sa3015168,,4989046,Deyvison De Los Santos,False,True,False,False,True,False,True,False,False
davisdaniel,27582,669721,4081461,Davis Daniel,False,False,False,False,False,False,False,True,True
shanepanzini,sa3018257,,4917811,Shane Panzini,False,False,False,False,False,False,False,True,True
alejandrohidalgo,sa3015151,,4917821,Alejandro Hidalgo,False,False,False,False,False,False,False,True,False
druehackenberg,sa3023304,,5271396,Drue Hackenberg,False,False,False,False,False,False,False,True,False
tommymace,sa3018140,,4297927,Tommy Mace,False,False,False,False,False,False,False,True,True
michaelmorales,sa3017783,,4918164,Michael Morales,False,False,False,False,False,False,False,True,False
brockselvidge,sa3017950,,4917904,Brock Selvidge,False,False,False,False,False,False,False,True,False
peterheubeck,sa3017936,,4917831,Peter Heubeck,False,False,False,False,False,False,False,True,False
alexsantosii,sa3014684,,4717902,Alex Santos II,False,False,False,False,False,False,False,True,False
anthonysolometo,sa3018259,,4918238,Anthony Solometo,False,False,False,False,False,False,False,True,False
masonalbright,sa3017847,,4917823,Mason Albright,False,False,False,False,False,False,False,True,False
victorlizarraga,sa3015220,,4918253,Victor Lizarraga,False,False,False,False,False,False,False,True,False
asalacy,sa3014423,,4298334,Asa Lacy,False,False,False,False,False,False,False,True,False
brendanbeck,sa3020680,,4345190,Brendan Beck,False,False,False,False,False,False,False,True,False
jacobsteinmetz,sa3017976,,4917629,Jacob Steinmetz,False,False,False,False,False,False,False,True,False
owenmurphy,sa3020330,,5080750,Owen Murphy,False,False,False,False,False,False,False,True,False
brandonbarriera,sa3020683,,5080640,Brandon Barriera,False,False,False,False,False,False,False,True,False
christianmcgowan,sa3017896,,4918067,Christian McGowan,False,False,False,False,False,False,False,True,False
dylanfile,sa3004197,,4684829,Dylan File,False,False,False,False,False,False,False,True,False
coleirvin,19244,608344,39869,Cole Irvin,False,False,False,False,False,False,False,True,False
bryansammons,20462,676614,4987379,Bryan Sammons,False,False,False,False,False,False,False,True,False
domingogerman,17149,593334,33660,Domingo German,False,False,False,False,False,False,False,True,False
humbertocastellanos,21183,528748,41831,Humberto Castellanos,False,False,False,False,False,False,False,True,False
tjsikkema,sa3011191,,4081274,T.J. Sikkema,False,False,False,False,False,False,False,True,True
joshrogers,18510,642028,38320,Josh Rogers,False,False,False,False,False,False,False,True,False
jackoloughlin,22690,672552,5126694,Jack O'Loughlin,False,False,False,False,False,False,False,True,True
sixtosanchez,19680,664350,36186,Sixto Sanchez,False,False,False,False,False,False,False,True,False
daultonjefferies,19345,641726,39434,Daulton Jefferies,False,False,False,False,False,False,False,True,False
thaddeusward,21513,,42439,Thaddeus Ward,False,False,False,False,False,False,False,True,True
logangillaspie,22461,670810,4905860,Logan Gillaspie,False,False,False,False,False,False,False,True,True
kyletyler,22092,667725,4883501,Kyle Tyler,False,False,False,False,False,False,False,True,True
hyunilchoi,sa3009992,,42492,Hyun-il Choi,False,False,False,False,False,False,False,True,True
yormangomez,sa3015931,,5332448,Yorman Gomez,False,False,False,False,False,False,False,True,False
rossstripling,13273,548389,32789,Ross Stripling,False,False,False,False,False,False,False,True,False
lancelynn,2520,458681,30820,Lance Lynn,False,False,False,False,False,False,False,True,False
brandonbirdsell,sa3020797,,5266091,Brandon Birdsell,False,False,False,False,False,False,False,True,False
richhill,4806,448179,6321,Rich Hill,False,False,False,False,False,False,False,True,False
gersongarabito,19835,642520,42966,Gerson Garabito,False,False,False,False,False,False,False,True,False
kylebrnovich,sa3014923,,5194331,Kyle Brnovich,False,False,False,False,False,False,False,True,False
tyblach,14361,621389,33138,Ty Blach,False,False,False,False,False,False,False,True,False
jimmyendersby,sa3014921,,4228438,Jimmy Endersby,False,False,False,False,False,False,False,True,False
tuckerdavidson,19871,656353,41069,Tucker Davidson,False,False,False,False,False,False,False,True,False
aaronbrooks,12272,605156,33124,Aaron Brooks,False,False,False,False,False,False,False,True,False
deivigarcia,20276,665620,41218,Deivi Garcia,False,False,False,False,False,False,False,True,False
davidbuchanan,11176,571527,33281,David Buchanan,False,False,False,False,False,False,False,True,False
dakotahudson,19206,641712,38680,Dakota Hudson,False,False,False,False,False,False,False,True,False
jamespaxton,11828,572020,31980,James Paxton,False,False,False,False,False,False,False,True,False
johnmeans,16269,607644,39948,John Means,False,False,False,False,False,False,False,True,False
julioteheran,6797,527054,31091,Julio Teheran,False,False,False,False,False,False,False,True,False
johnnycueto,6893,456501,28955,Johnny Cueto,False,False,False,False,False,False,False,True,False
alexwood,13781,622072,32620,Alex Wood,False,False,False,False,False,False,False,True,False
luisfcastillo,20638,622379,42155,Luis F. Castillo,False,False,False,False,False,False,False,True,False
yonnychirinos,16401,630023,39823,Yonny Chirinos,False,False,False,False,False,False,False,True,False
dallaskeuchel,9434,572971,31815,Dallas Keuchel,False,False,False,False,False,False,False,True,False
braylondoughty,sa3067030,,5218306,Braylon Doughty,False,False,False,False,False,False,False,True,False
marcogonzales,15467,594835,33158,Marco Gonzales,False,False,False,False,False,False,False,True,False
hyunjinryu,14444,,32582,Hyun Jin Ryu,False,False,False,False,False,False,False,True,False
paoloespino,8246,502179,29989,Paolo Espino,False,False,False,False,False,False,False,True,False
aaronwilkerson,16904,,36001,Aaron Wilkerson,False,False,False,False,False,False,False,True,False
miguelyajure,21111,,42361,Miguel Yajure,False,False,False,False,False,False,False,True,False
kennyrosenberg,20009,670046,41807,Kenny Rosenberg,False,False,False,False,False,False,False,True,False
adamoller,20132,670124,42170,Adam Oller,False,False,False,False,False,False,False,True,False
zachplesac,19979,668676,42169,Zach Plesac,False,False,False,False,False,False,False,True,False
mattthompson,sa3043772,,42424,Matt Thompson,False,False,False,False,False,False,False,True,False
jonathanbermudez,21241,642834,4905922,Jonathan Bermudez,False,False,False,False,False,False,False,True,False
blairhenley,26190,668874,4081414,Blair Henley,False,False,False,False,False,False,False,True,False
brandonleibrandt,16135,605335,39868,Brandon Leibrandt,False,False,False,False,False,False,False,True,False
humbertomejia,20739,,42358,Humberto Mejia,False,False,False,False,False,False,False,True,False
andersonespinoza,18593,,34987,Anderson Espinoza,False,False,False,False,False,False,False,True,False
lachlanwells,sa877857,,41071,Lachlan Wells,False,False,False,False,False,False,False,True,False
dinelsonlamet,17186,659275,36157,Dinelson Lamet,False,False,False,False,False,False,False,True,False
justinarmbruester,sa3017548,,5194673,Justin Armbruester,False,False,False,False,False,False,False,True,False
tyfloyd,sa3031488,,4719514,Ty Floyd,False,False,False,False,False,False,False,True,False
joshknoth,sa3023420,,5149103,Josh Knoth,False,False,False,False,False,False,False,True,False
jetermartinez,sa3021738,,5150940,Jeter Martinez,False,False,False,False,False,False,False,True,False
noblemeyer,sa3022945,,5148967,Noble Meyer,False,False,False,False,False,False,False,True,False
charleesoto,sa3023450,,5149067,Charlee Soto,False,False,False,False,False,False,False,True,False
isaaccoffey,sa3020222,,4421205,Isaac Coffey,False,False,False,False,False,False,False,True,False
chandlerchamplain,sa3018138,,5195198,Chandler Champlain,False,False,False,False,False,False,False,True,False
humbertocruz,sa3025115,,5196119,Humberto Cruz,False,False,False,False,False,False,False,True,False
jacksonferris,sa3020891,,5080752,Jackson Ferris,False,False,False,False,False,False,False,True,False
camcaminiti,sa3025607,,5218289,Cam Caminiti,False,False,False,False,False,False,False,True,False
kashmayfield,sa3067104,,5218300,Kash Mayfield,False,False,False,False,False,False,False,True,False
levisterling,sa3066664,,5218358,Levi Sterling,False,False,False,False,False,False,False,True,False
brodybrecht,sa3027632,,5061178,Brody Brecht,False,False,False,False,False,False,False,True,False
hyunseokjang,sa3023601,,5208179,Hyun-Seok Jang,False,False,False,False,False,False,False,True,False
botakahashi,sa830370,,41145,Bo Takahashi,False,False,False,False,False,False,False,True,False
arieljurado,17030,,35281,Ariel Jurado,False,False,False,False,False,False,False,True,False
ryansloan,sa3067131,,5218293,Ryan Sloan,False,False,False,False,False,False,False,True,False
kruzschoolcraft,sa3069203,,5293150,Kruz Schoolcraft,False,False,False,False,False,False,False,True,False
gagewood,sa3045536,,5129556,Gage Wood,False,False,False,False,False,False,False,True,False
zachroot,sa3041130,,5128914,Zach Root,False,False,False,False,False,False,False,True,False
jamiearnold,sa3026225,,5128820,Jamie Arnold,False,False,False,False,False,False,False,True,False
rileyquick,sa3040326,,5128516,Riley Quick,False,False,False,False,False,False,False,True,False
patrickforbes,sa3031537,,5128252,Patrick Forbes,False,False,False,False,False,False,False,True,False
marcusphillips,sa3039870,,5199424,Marcus Phillips,False,False,False,False,False,False,False,True,False
kysonwitherspoon,sa3045487,,5199621,Kyson Witherspoon,False,False,False,False,False,False,False,True,False
luisortiz1,27646,682847,5101355,Luis Ortiz,False,False,False,False,False,False,False,True,False
yordannymonegro,sa3015476,,5332366,Yordanny Monegro,False,False,False,False,False,False,False,True,False
miguelmendez,sa3015506,,5332998,Miguel Mendez,False,False,False,False,False,False,False,True,False
khalstephen,sa3043049,,5135839,Khal Stephen,False,False,False,False,False,False,False,True,False
karsonmilbrandt,sa3020659,,5080781,Karson Milbrandt,False,False,False,False,False,False,False,True,False
enmanuelvaldez,21716,665839,41557,Enmanuel Valdez,False,True,False,False,False,False,True,False,False
tremorgan,sa3022919,,5205643,Tre' Morgan,False,True,False,False,False,False,True,False,False
billycook,29573,695257,5137038,Billy Cook,False,True,False,False,False,True,True,False,False
luisguillorme,16451,641645,35149,Luis Guillorme,False,False,True,False,True,False,True,False,False
yoeilincespedes,sa3021085,,5150968,Yoeilin Cespedes,False,False,True,False,False,False,True,False,False
mitchvoit,sa3044552,,5140797,Mitch Voit,False,False,True,False,False,False,True,False,False
angelguzman,sa3021268,,5196215,Angel Guzman,False,False,True,False,False,False,True,False,False
kyledebarge,sa3025260,,4926370,Kyle DeBarge,False,False,True,True,False,False,True,False,False
aroonescobar,sa3018463,,5271848,Aroon Escobar,False,False,True,False,False,False,True,False,False
jacobgonzalez,sa3022498,,4720990,Jacob Gonzalez,False,False,True,True,False,False,True,False,False
jacobberry,sa3019825,,4751529,Jacob Berry,False,False,True,False,True,True,True,False,False
gregjones,25448,675659,4345396,Greg Jones,False,False,True,False,False,True,True,False,False
michaeltoglia,25845,669911,42412,Michael Toglia,False,True,False,False,False,False,True,False,False
yiddicappe,sa3015515,,4917852,Yiddi Cappe,False,False,True,False,False,False,True,False,False
kevinmade,sa3014679,,4917688,Kevin Made,False,False,True,True,False,False,True,False,False
felixmorrobel,sa3021103,,5150885,Felix Morrobel,False,False,True,True,False,False,True,False,False
jddix,sa3066859,,5218362,JD Dix,False,False,True,False,False,False,True,False,False
christiancairo,sa3010028,,4995352,Christian Cairo,False,False,True,False,True,True,True,False,False
jordandiaz,22650,,42515,Jordan Diaz,False,False,True,False,False,False,True,False,False
josedevers,20540,672701,39834,Jose Devers,False,False,True,False,False,False,True,False,False
juliocarreras,sa3005598,,42460,Julio Carreras,False,False,True,False,True,False,True,False,False
joeywendle,13853,621563,33017,Joey Wendle,False,False,True,False,False,False,True,False,False
mattduffy,13836,622110,33453,Matt Duffy,False,False,True,False,False,False,True,False,False
jamiewestbrook,15504,642197,35143,Jamie Westbrook,False,False,True,False,True,False,True,False,False
whitmerrifield,11281,593160,32422,Whit Merrifield,False,False,True,False,False,False,True,False,False
darrenbaker,29912,671117,4418331,Darren Baker,False,False,True,False,False,True,True,False,False
nickgordon,16337,624503,33705,Nick Gordon,False,False,True,False,False,False,True,False,False
tonykemp,14894,643393,34083,Tony Kemp,False,False,True,False,False,False,True,False,False
zachremillard,19788,621545,40514,Zach Remillard,False,False,True,False,False,False,True,False,False
nikogoodrum,12092,592348,32524,Niko Goodrum,False,False,True,True,False,False,True,False,False
victoracosta,sa3015705,,42780,Victor Acosta,False,False,True,False,False,False,True,False,False
luisguerrero,31184,692285,4997599,Luis Guerrero,False,False,True,False,False,False,True,False,False
timelko,31522,671284,5135493,Tim Elko,False,True,False,False,False,False,True,False,False
donovansolano,8623,456781,29703,Donovan Solano,False,True,False,False,False,False,True,False,False
abrahamtoro,19844,647351,40754,Abraham Toro,False,True,False,False,False,False,True,False,False
nikokavadas,29782,694359,4298095,Niko Kavadas,False,True,False,False,False,False,True,False,False
yuligurriel,19198,493329,36006,Yuli Gurriel,False,False,False,False,False,False,True,False,False
ralphyvelazquez,sa3023013,,5149073,Ralphy Velazquez,False,True,False,False,False,False,True,False,False
leodevries,sa3023363,,5196124,Leo De Vries,False,False,False,True,False,False,True,False,False
paytoneeles,sa3023622,,5130535,Payton Eeles,False,False,True,True,False,True,True,False,False
aaronschunk,25524,668845,42430,Aaron Schunk,False,False,True,True,False,False,True,False,False
lioverpeguero,24273,678894,42451,Liover Peguero,False,True,False,True,False,False,True,False,False
lukewilliams,19931,663897,40466,Luke Williams,False,False,False,True,False,False,True,False,False
cameroncauley,sa3017167,,4917917,Cameron Cauley,False,False,True,True,False,True,True,False,False
bradenshewmake,25817,669699,42408,Braden Shewmake,False,False,False,True,False,False,True,False,False
richiemartin,17736,,34930,Richie Martin,False,False,False,True,True,False,True,False,False
daviswendzel,26469,673995,42435,Davis Wendzel,False,False,False,True,False,False,True,False,False
jesusmade,sa3024108,,5196211,Jesus Made,False,False,False,True,False,False,True,False,False
bobseymour,30028,676044,4623365,Bob Seymour,False,True,False,False,False,False,True,False,False
carterkieboom,19958,666198,40446,Carter Kieboom,False,True,False,False,False,False,True,False,False
mattmervis,27845,670223,4297978,Matt Mervis,False,True,False,False,False,False,True,False,False
yohandymorales,sa3022672,,4683376,Yohandy Morales,False,True,False,False,True,False,True,False,False
joeymeneses,14366,608841,34534,Joey Meneses,False,True,False,False,False,False,True,False,False
ryannoda,23312,676116,40518,Ryan Noda,False,True,False,False,False,True,True,False,False
logandavidson,25844,669722,42429,Logan Davidson,False,True,False,False,False,False,True,False,False
damianopalmegiani,sa3017326,,5016964,Damiano Palmegiani,False,True,False,False,True,False,True,False,False
davidvillar,24782,681584,43031,David Villar,False,True,False,False,False,False,True,False,False
blazejordan,sa3014537,,4722953,Blaze Jordan,False,True,False,False,True,False,True,False,False
alexbinelas,sa3017044,,4418681,Alex Binelas,False,True,False,False,False,False,True,False,False
victorbericoto,sa3008767,,42502,Victor Bericoto,False,True,False,False,False,True,True,False,False
jonsingleton,10441,572138,31206,Jon Singleton,False,True,False,False,False,False,True,False,False
bobbydalbec,19966,666915,39382,Bobby Dalbec,False,True,False,True,False,False,True,False,False
ivanmelendez,sa3019859,,4791787,Ivan Melendez,False,True,False,False,False,False,True,False,False
aaronsabato,sa3014494,,4424246,Aaron Sabato,False,True,False,False,False,False,True,False,False
wesclarke,sa3017045,,4413905,Wes Clarke,False,True,False,False,False,False,True,False,False
kestonhiura,20003,669374,39879,Keston Hiura,False,True,False,False,False,False,True,False,False
blakeburke,sa3025381,,4927515,Blake Burke,False,True,False,False,False,False,True,False,False
tristinenglish,26148,663536,3975795,Tristin English,False,True,False,False,False,False,True,False,False
camcollier,sa3020131,,5080634,Cam Collier,False,True,False,False,True,False,True,False,False
nicksolak,19294,669256,39904,Nick Solak,False,True,True,False,False,False,True,False,False
nathanhickey,sa3017398,,4621034,Nathan Hickey,False,True,False,False,False,False,True,False,False
josesalas,sa3014690,,4917851,Jose Salas,False,True,True,False,False,False,True,False,False
eduardoherrera,sa3002702,,5196155,Eduardo Herrera,False,True,False,False,False,False,True,False,False
matthewbatten,20157,676946,40880,Matthew Batten,False,True,False,False,True,False,True,False,False
briananderson,18289,605119,33776,Brian Anderson,False,True,False,False,False,False,True,False,False
tylernevin,17893,663527,39608,Tyler Nevin,False,True,False,False,False,False,True,False,False
micahpries,sa3014830,,4991144,Micah Pries,False,True,False,False,False,False,True,False,False
andrelipcius,25822,,42740,Andre Lipcius,False,True,True,False,False,False,True,False,False
davidhensley,25111,682073,3898501,David Hensley,False,True,False,False,False,False,True,False,False
joseabreu,15676,547989,33095,Jose Abreu,False,True,False,False,False,False,True,False,False
anthonyrizzo,3473,519203,30782,Anthony Rizzo,False,True,False,False,False,False,True,False,False
blighmadris,20054,676632,40684,Bligh Madris,False,True,False,False,False,False,True,False,False
treymancini,15149,,33351,Trey Mancini,False,True,False,False,False,False,True,False,False
joeygallo,14128,608336,32818,Joey Gallo,False,True,False,False,False,False,True,False,False
patrickwisdom,13602,621550,32861,Patrick Wisdom,False,True,False,False,False,False,True,False,False
jasonvosler,16686,613564,35159,Jason Vosler,False,True,False,False,False,False,True,False,False
jaredwalsh,18607,665120,35673,Jared Walsh,False,True,False,False,False,False,True,False,False
brandondrury,11615,592273,32269,Brandon Drury,False,True,False,False,False,False,True,False,False
juanyepez,18400,660766,4895558,Juan Yepez,False,True,False,False,False,False,True,False,False
elehurismontero,20543,660707,41222,Elehuris Montero,False,True,False,False,False,False,True,False,False
lewindiaz,18365,,39921,Lewin Diaz,False,True,False,False,False,False,True,False,False
garrettcooper,15279,643265,33398,Garrett Cooper,False,True,False,False,False,False,True,False,False
nickpratto,22117,668472,39641,Nick Pratto,False,True,False,False,False,False,True,False,False
edwinrios,18316,621458,36645,Edwin Rios,False,True,False,False,False,False,True,False,False
mikeford,15585,645801,38896,Mike Ford,False,True,False,False,False,False,True,False,False
milantolentino,sa3014544,,4722856,Milan Tolentino,False,False,True,True,True,False,True,False,False
kevinsmith,20242,675656,41562,Kevin Smith,False,False,False,True,False,False,True,False,False
osleivisbasabe,23985,,42474,Osleivis Basabe,False,False,True,True,True,False,True,False,False
levijordan,25138,682119,41718,Levi Jordan,False,False,False,True,True,False,True,False,False
chadstevens,29614,677060,4995563,Chad Stevens,False,False,True,True,True,False,True,False,False
jeremyrodriguez,sa3021101,,5150898,Jeremy Rodriguez,False,False,True,True,True,False,True,False,False
joendryvargas,sa3021067,,5150936,Joendry Vargas,False,False,False,True,True,False,True,False,False
yolfrancastillo,sa3023726,,5196166,Yolfran Castillo,False,False,False,True,True,False,True,False,False
emiliosanchez,sa3024110,,5196220,Emilio Sanchez,False,False,False,True,True,False,True,False,False
calebbonemer,sa3067043,,5218360,Caleb Bonemer,False,False,False,True,True,False,True,False,False
robertocampos,sa3014683,,4917801,Roberto Campos,False,False,False,False,False,True,True,False,False
bryandelacruz,19600,650559,40787,Bryan De La Cruz,False,False,False,False,False,True,True,False,False
jaisonchourio,sa3018399,,5124111,Jaison Chourio,False,False,False,False,False,True,True,False,False
samhilliard,17954,656541,35831,Sam Hilliard,False,False,False,False,False,True,True,False,False
eduardoquintero,sa3021208,,5272151,Eduardo Quintero,False,False,False,False,False,True,True,False,False
cavanbiggio,19252,624415,37639,Cavan Biggio,False,False,False,False,False,True,True,False,False
kevinpillar,12434,607680,32859,Kevin Pillar,False,False,False,False,False,True,True,False,False
hudsonhaskin,sa3014449,,4415854,Hudson Haskin,False,False,False,False,False,True,True,False,False
carlosjorge,sa3016722,,5017075,Carlos Jorge,False,False,False,False,False,True,True,False,False
dazcameron,18353,663662,34964,Daz Cameron,False,False,False,False,False,True,True,False,False
aaronzavala,sa3017665,,4832161,Aaron Zavala,False,False,False,False,False,True,True,False,False
seanbouchard,21270,656248,41989,Sean Bouchard,False,False,False,False,False,True,True,False,False
michaelataylor,11489,572191,32219,Michael A. Taylor,False,False,False,False,False,True,True,False,False
josuedepaula,sa3018591,,5102682,Josue De Paula,False,False,False,False,False,True,True,False,False
ivanjohnson,sa1169627,,4722954,Ivan Johnson,False,False,False,False,False,True,True,False,False
joseazocar,18821,640492,35058,Jose Azocar,False,False,False,False,False,True,True,False,False
samuelzavala,sa3015718,,4918254,Samuel Zavala,False,False,False,False,False,True,True,False,False
tylermcdonough,sa3016869,,4416280,Tyler McDonough,False,False,False,True,False,True,True,False,False
eduardogarcia,sa3008751,,41303,Eduardo Garcia,False,False,False,True,False,True,True,False,False
dernichevaldez,sa3021068,,5150942,Derniche Valdez,False,False,False,True,False,True,True,False,False
mattgorski,25855,685301,42962,Matt Gorski,False,True,False,False,False,True,True,False,False
charlieblackmon,7859,453568,31084,Charlie Blackmon,False,False,False,False,False,True,True,False,False
robbiegrossman,5254,543257,31385,Robbie Grossman,False,False,False,False,False,True,True,False,False
sandrofabian,19910,660758,40472,Sandro Fabian,False,False,False,False,False,True,True,False,False
connercapel,19983,668843,38029,Conner Capel,False,False,False,False,False,True,True,False,False
treycabbage,21078,663550,41781,Trey Cabbage,False,False,False,False,False,True,True,False,False
djstewart,17766,621466,34942,DJ Stewart,False,False,False,False,False,True,True,False,False
forrestwall,16496,657088,33726,Forrest Wall,False,False,False,False,False,True,True,False,False
adamduvall,10950,594807,32664,Adam Duvall,False,False,False,False,False,True,True,False,False
alexkirilloff,20325,666135,40636,Alex Kirilloff,False,False,False,False,False,True,True,False,False
jakecave,14477,595909,33417,Jake Cave,False,False,False,False,False,True,True,False,False
kevinkiermaier,11038,595281,31446,Kevin Kiermaier,False,False,False,False,False,True,True,False,False
davidperalta,2136,444482,33384,David Peralta,False,False,False,False,False,True,True,False,False
stonegarrett,19273,656448,35063,Stone Garrett,False,False,False,False,False,True,True,False,False
jpmartinez,24451,679881,40905,J.P. Martinez,False,False,False,False,False,True,True,False,False
bubbathompson,22261,669352,39644,Bubba Thompson,False,False,False,False,False,True,True,False,False
mitchhaniger,14274,571745,32771,Mitch Haniger,False,False,False,False,False,True,True,False,False
daviddahl,13744,621311,32698,David Dahl,False,False,False,False,False,True,True,False,False
ryanmckenna,19928,663630,39147,Ryan McKenna,False,False,False,False,False,True,True,False,False
aaronhicks,5297,543305,31253,Aaron Hicks,False,False,False,False,False,True,True,False,False
avisailgarcia,5760,541645,30729,Avisail Garcia,False,False,False,False,False,True,True,False,False
elierhernandez,13750,,33517,Elier Hernandez,False,False,False,False,False,True,True,False,False
moisesgomez,sa875163,,41508,Moises Gomez,False,False,False,False,False,True,True,False,False
mattfraizer,sa918983,,42980,Matt Fraizer,False,False,False,False,False,True,True,False,False
carlosdelacruz,sa3006903,,41623,Carlos De La Cruz,False,False,False,False,False,True,True,False,False
dasanbrown,sa3011717,,43039,Dasan Brown,False,False,False,False,False,True,True,False,False
franmilreyes,14566,,33339,Franmil Reyes,False,False,False,False,False,True,True,False,False
ethanwilson,sa3060939,,4417251,Ethan Wilson,False,False,False,False,False,True,True,False,False
sammysiani,sa3010704,,42432,Sammy Siani,False,False,False,False,False,True,True,False,False
oscarcolas,30162,693049,4987420,Oscar Colas,False,False,False,False,False,True,True,False,False
dalvyrosario,sa3005712,,4917857,Dalvy Rosario,False,False,False,False,False,True,True,False,False
franchycordero,14567,,33340,Franchy Cordero,False,False,False,False,False,True,True,False,False
zachdeloach,27471,676113,4298327,Zach DeLoach,False,False,False,False,False,True,True,False,False
yonathanperlaza,sa917302,,42989,Yonathan Perlaza,False,False,False,False,False,True,True,False,False
miguelbleis,sa3016834,,4720888,Miguel Bleis,False,False,False,False,False,True,True,False,False
calstevenson,22411,670276,41852,Cal Stevenson,False,False,False,False,False,True,True,False,False
jimmyherron,sa3008183,,43398,Jimmy Herron,False,False,False,False,False,True,True,False,False
estevanflorial,19151,664314,36636,Estevan Florial,False,False,False,False,False,True,True,False,False
quincyhamilton,sa3017215,,4414180,Quincy Hamilton,False,False,False,False,False,True,True,False,False
edwardolivares,19698,658668,36463,Edward Olivares,False,False,False,False,False,True,True,False,False
tylergentry,27784,694355,4414108,Tyler Gentry,False,False,False,False,False,True,True,False,False
colecarrigg,sa3022596,,5149102,Cole Carrigg,False,False,False,False,False,True,True,False,False
cooperhummel,19458,669450,41626,Cooper Hummel,False,False,False,False,False,True,True,False,False
bengamel,12160,592325,31824,Ben Gamel,False,False,False,False,False,True,True,False,False
bennymontgomery,sa3017169,,4872657,Benny Montgomery,False,False,False,False,False,True,True,False,False
rafaelortega,10323,542364,31833,Rafael Ortega,False,False,False,False,False,True,True,False,False
justicebigbie,sa3016971,,5017024,Justice Bigbie,False,False,False,False,False,True,True,False,False
colinbarber,sa3010696,,4717802,Colin Barber,False,False,False,False,False,True,True,False,False
judfabian,sa3019942,,4414207,Jud Fabian,False,False,False,False,False,True,True,False,False
chasedavis,sa3022426,690971,4683374,Chase Davis,False,False,False,False,False,True,True,False,False
reedtrimble,sa3017180,,4644739,Reed Trimble,False,False,False,False,False,True,True,False,False
eddyalvarez,16959,657193,36474,Eddy Alvarez,False,False,False,False,False,True,True,False,False
rafaelmorel,sa3009534,,42501,Rafael Morel,False,False,False,False,False,True,True,False,False
anthonygarcia,sa3059268,,4917912,Anthony Garcia,False,False,False,False,False,True,True,False,False
brockjones,sa3020190,,4837415,Brock Jones,False,False,False,False,False,True,True,False,False
eloyjimenez,17484,650391,33867,Eloy Jimenez,False,False,False,False,False,True,True,False,False
jacobhurtubise,27599,674441,4087123,Jacob Hurtubise,False,False,False,False,False,True,True,False,False
jordynadams,23788,677941,41200,Jordyn Adams,False,False,False,False,False,True,True,False,False
gregallen,16623,656185,34187,Greg Allen,False,False,False,False,False,True,True,False,False
drewavans,25183,682183,3254447,Drew Avans,False,False,False,False,False,True,True,False,False
nelsonvelazquez,23359,676369,41047,Nelson Velazquez,False,False,False,False,False,True,True,False,False
yopheryrodriguez,sa3021083,,5150963,Yophery Rodriguez,False,False,False,False,False,True,True,False,False
pabloreyes,16357,622569,35439,Pablo Reyes,False,False,False,False,False,True,True,False,False
esmilvalencia,sa3021082,,5150961,Esmil Valencia,False,False,False,False,False,True,True,False,False
gianzapata,sa3021079,,5150957,Gian Zapata,False,False,False,False,False,True,True,False,False
adolfosanchez,sa3023709,,5196117,Adolfo Sanchez,False,False,False,False,False,True,True,False,False
luisgonzalez,sa550522,,4917644,Luis Gonzalez,False,False,False,False,False,True,True,False,False
paulinosantana,sa3023718,,5196125,Paulino Santana,False,False,False,False,False,True,True,False,False
adrielradney,sa3023886,,5196147,Adriel Radney,False,False,False,False,False,True,True,False,False
robertarias,sa3024304,,5196149,Robert Arias,False,False,False,False,False,True,True,False,False
druwjones,sa3020676,,5080631,Druw Jones,False,False,False,False,False,True,True,False,False
victorhurtado,sa3023888,,5196154,Victor Hurtado,False,False,False,False,False,True,True,False,False
elijahgreen,sa3032653,,5080635,Elijah Green,False,False,False,False,False,True,True,False,False
leonardopineda,sa3023721,,5196158,Leonardo Pineda,False,False,False,False,False,True,True,False,False
cristhianvaquero,sa3018403,,5124110,Cristhian Vaquero,False,False,False,False,False,True,True,False,False
yassermercedes,sa3019557,,5124099,Yasser Mercedes,False,False,False,False,False,True,True,False,False
alexanderramirez,sa3008757,,4917817,Alexander Ramirez,False,False,False,False,False,True,True,False,False
edwardlantigua,sa3024476,,5196169,Edward Lantigua,False,False,False,False,False,True,True,False,False
justinboyd,sa3020123,,4635325,Justin Boyd,False,False,False,False,False,True,True,False,False
eduardobeltre,sa3024928,,5196173,Eduardo Beltre,False,False,False,False,False,True,True,False,False
chrisroller,23557,676896,41642,Chris Roller,False,False,False,False,False,True,True,False,False
raynerarias,sa3021076,,5150954,Rayner Arias,False,False,False,False,False,True,True,False,False
jamestibbsiii,sa3025333,,4925860,James Tibbs III,False,False,False,False,False,True,True,False,False
luiscova,sa3023723,,5196213,Luis Cova,False,False,False,False,False,True,True,False,False
franciscovilorio,sa3023893,,5196214,Francisco Vilorio,False,False,False,False,False,True,True,False,False
robertcalaz,sa3021078,,5150966,Robert Calaz,False,False,False,False,False,True,True,False,False
stivenmartinez,sa3024627,,5196217,Stiven Martinez,False,False,False,False,False,True,True,False,False
andresarias,sa3025145,,5196218,Andres Arias,False,False,False,False,False,True,True,False,False
jonnyfarmelo,sa3023362,,5149081,Jonny Farmelo,False,False,False,False,False,True,True,False,False
aidansmith,sa3022611,806223,5149092,Aidan Smith,False,False,False,False,False,True,True,False,False
kendallgeorge,sa3022660,,5149110,Kendall George,False,False,False,False,False,True,True,False,False
pjmorlando,sa3025199,,5218348,PJ Morlando,False,False,False,False,False,True,True,False,False
luisguanipa,sa3020884,,5150962,Luis Guanipa,False,False,False,False,False,True,True,False,False
braylonpayne,sa3025647,,5218354,Braylon Payne,False,False,False,False,False,True,True,False,False
brailerguerrero,sa3021072,,5150951,Brailer Guerrero,False,False,False,False,False,True,True,False,False
theogillen,sa3025565,,5218298,Theo Gillen,False,False,False,False,False,True,True,False,False
dillonhead,sa3022753,,5149066,Dillon Head,False,False,False,False,False,True,True,False,False
arnaldolantigua,sa3021084,,5150964,Arnaldo Lantigua,False,False,False,False,False,True,True,False,False
vancehoneycutt,sa3025526,,4949081,Vance Honeycutt,False,False,False,False,False,True,True,False,False
travisblankenhorn,18395,663905,40427,Travis Blankenhorn,False,False,False,False,False,True,True,False,False
dantenori,sa3025411,,5218350,Dante Nori,False,False,False,False,False,True,True,False,False
brandomayea,sa3020679,,5150948,Brando Mayea,False,False,False,False,False,True,True,False,False
sladecaldwell,sa3066460,,5218295,Slade Caldwell,False,False,False,False,False,True,True,False,False
zyhirhope,sa3022703,,5204650,Zyhir Hope,False,False,False,False,False,True,True,False,False
mikesirota,sa3042374,,4956819,Mike Sirota,False,False,False,False,False,True,True,False,False
ethanconrad,sa3029266,,5276362,Ethan Conrad,False,False,False,False,False,True,True,False,False
camcannarella,sa3028360,,5129285,Cam Cannarella,False,False,False,False,False,True,True,False,False
brendansummerhill,sa3043325,,5140852,Brendan Summerhill,False,False,False,False,False,True,True,False,False
jacelaviolette,sa3036058,,5129010,Jace LaViolette,False,False,False,False,False,True,True,False,False
charlesdavalan,sa3029860,,5199167,Charles Davalan,False,False,False,False,False,True,True,False,False
edwardflorentino,sa3023944,,5296638,Edward Florentino,False,False,False,False,False,True,True,False,False
nategeorge,sa3067128,,5303972,Nate George,False,False,False,False,False,True,True,False,False
nickmartini,12005,605361,36497,Nick Martini,False,False,False,False,False,True,True,False,False
taipeete,sa3022966,,5149107,Tai Peete,False,False,False,False,False,True,True,False,False
andrewsalas,sa3067045,,5282180,Andrew Salas,False,False,False,False,False,True,True,False,False
calconley,sa3017080,,4838352,Cal Conley,False,False,True,True,False,False,True,False,False
yonnyhernandez,19432,,37742,Yonny Hernandez,False,False,True,True,False,False,True,False,False
jacepeterson,12325,607054,32323,Jace Peterson,False,False,False,True,False,False,True,False,False
livansoto,22471,670869,40988,Livan Soto,False,False,True,True,False,False,True,False,False
yordysvaldes,sa3010037,,4722850,Yordys Valdes,False,False,True,True,False,False,True,False,False
lukewaddell,sa3017075,,4315289,Luke Waddell,False,False,True,True,False,False,True,False,False
fernandocruz1,sa3024303,815890,5196126,Fernando Cruz,False,False,True,True,False,False,True,False,False
griffoferrall,sa3025409,,5007720,Griff O'Ferrall,False,False,True,True,False,False,True,False,False
tatesouthisene,sa3069150,,5293161,Tate Southisene,False,False,True,True,False,False,True,False,False
gavinkilen,sa3035353,,5128254,Gavin Kilen,False,False,True,True,False,False,True,False,False
jonathanornelas,24597,680716,41339,Jonathan Ornelas,False,False,False,True,False,False,True,False,False
nickahmed,12147,605113,32355,Nick Ahmed,False,False,False,True,False,False,True,False,False
cristianhernandez,sa3015696,,4917689,Cristian Hernandez,False,False,False,True,False,False,True,False,False
aeversonarteaga,sa3014707,,4919923,Aeverson Arteaga,False,False,False,True,False,False,True,False,False
angelgenao,sa3015706,,4722972,Angel Genao,False,False,False,True,False,False,True,False,False
jacobamaya,23296,676070,42106,Jacob Amaya,False,False,False,True,False,False,True,False,False
freddyzamora,sa3014500,,4298516,Freddy Zamora,False,False,False,True,False,False,True,False,False
alantrejo,20056,676701,40572,Alan Trejo,False,False,False,True,False,False,True,False,False
wanderfranco,23667,,40929,Wander Franco,False,False,False,True,False,False,True,False,False
edwinarroyo,sa3017626,,4919919,Edwin Arroyo,False,False,False,True,False,False,True,False,False
zackshort,19562,670097,36953,Zack Short,False,False,False,True,False,False,True,False,False
georgelombardjr,sa3023233,,5149070,George Lombard Jr.,False,False,False,True,False,False,True,False,False
jacksoncluff,sa3010342,,42974,Jackson Cluff,False,False,False,True,False,False,True,False,False
rodolfocastro,21987,,41532,Rodolfo Castro,False,False,False,True,False,False,True,False,False
eguyrosario,19964,666703,36745,Eguy Rosario,False,False,False,True,False,False,True,False,False
aledmysdiaz,15937,649557,33390,Aledmys Diaz,False,False,False,True,False,False,True,False,False
brandoncrawford,5343,543063,30469,Brandon Crawford,False,False,False,True,False,False,True,False,False
drewswift,sa3017281,,4424283,Drew Swift,False,False,False,True,False,False,True,False,False
luisgarcia1,sa3031942,,41257,Luis Garcia,False,False,False,True,False,False,True,False,False
edhoward,sa3014540,,4917687,Ed Howard,False,False,False,True,False,False,True,False,False
roderickarias,sa3019674,,5124108,Roderick Arias,False,False,False,True,False,False,True,False,False
welbynfrancisca,sa3021087,,5150975,Welbyn Francisca,False,False,False,True,False,False,True,False,False
cooperpratt,sa3022867,,5149101,Cooper Pratt,False,False,False,True,False,False,True,False,False
starlyncaba,sa3021070,,5150952,Starlyn Caba,False,False,False,True,False,False,True,False,False
felnincelesten,sa3023381,,5150934,Felnin Celesten,False,False,False,True,False,False,True,False,False
arjunnimmala,sa3022892,,5148966,Arjun Nimmala,False,False,False,True,False,False,True,False,False
adriansantana,sa3022890,,5149080,Adrian Santana,False,False,False,True,False,False,True,False,False
sergioalcantara,16417,,33283,Sergio Alcantara,False,False,False,True,False,False,True,False,False
daiberdelossantos,sa3023885,,5196128,Daiber De Los Santos,False,False,False,True,False,False,True,False,False
jorgequintana,sa3024107,,5196129,Jorge Quintana,False,False,False,True,False,False,True,False,False
emilmorales,sa3023887,,5196148,Emil Morales,False,False,False,True,False,False,True,False,False
joseperdomo,sa3025104,,5196153,Jose Perdomo,False,False,False,True,False,False,True,False,False
yandelricardo,sa3024305,,5196156,Yandel Ricardo,False,False,False,True,False,False,True,False,False
ashlyandujar,sa3023890,,5196157,Ashly Andujar,False,False,False,True,False,False,True,False,False
angelfeliz,sa3023892,,5196160,Angel Feliz,False,False,False,True,False,False,True,False,False
jhonnylevel,sa3023898,,5196168,Jhonny Level,False,False,False,True,False,False,True,False,False
edgarmontero,sa3024109,,5196216,Edgar Montero,False,False,False,True,False,False,True,False,False
joswalugo,sa3023894,,5196219,Joswa Lugo,False,False,False,True,False,False,True,False,False
seaverking,sa3025414,,5205764,Seaver King,False,False,False,True,False,False,True,False,False
brycerainer,sa3066592,,5218286,Bryce Rainer,False,False,False,True,False,False,True,False,False
kellonlindsey,sa3067042,,5218299,Kellon Lindsey,False,False,False,True,False,False,True,False,False
wehiwaaloy,sa3025961,,5198677,Wehiwa Aloy,False,False,False,True,False,False,True,False,False
franklinarias,sa3021845,,5273064,Franklin Arias,False,False,False,True,False,False,True,False,False
kaysoncunningham,sa3069148,,5293149,Kayson Cunningham,False,False,False,True,False,False,True,False,False
billycarlson,sa3069250,815814,5293142,Billy Carlson,False,False,False,True,False,False,True,False,False
daxkilby,sa3069080,,5293184,Dax Kilby,False,False,False,True,False,False,True,False,False
ethanholliday,sa3069100,,5293136,Ethan Holliday,False,False,False,True,False,False,True,False,False
gavinfien,sa3069166,,5293155,Gavin Fien,False,False,False,False,False,False,True,False,False
josuardejesusgonzalez,sa3067675,,5289843,Josuar De Jesus Gonzalez,False,False,False,True,False,False,True,False,False
eliwillits,sa3069164,,5293140,Eli Willits,False,False,False,True,False,False,True,False,False
aivaarquette,sa3026235,,5140737,Aiva Arquette,False,False,False,True,False,False,True,False,False
marekhouston,sa3034152,,5128689,Marek Houston,False,False,False,True,False,False,True,False,False
mattcarpenter,8090,572761,31015,Matt Carpenter,False,False,False,False,False,False,True,False,False
jdmartinez,6184,502110,31065,J.D. Martinez,False,False,False,False,False,False,True,False,False
danielvogelbach,14130,596129,32851,Daniel Vogelbach,False,False,False,False,False,False,True,False,False
williecalhoun,17838,641432,35238,Willie Calhoun,False,False,False,False,False,False,True,False,False
haroldramirez,14387,623912,33259,Harold Ramirez,False,False,False,False,False,False,True,False,False
jacksonmiller,sa3065575,,4683380,Jackson Miller,False,False,False,False,False,False,True,False,False
xavierisaac,sa3020498,,5080779,Xavier Isaac,False,False,False,False,False,False,True,False,False
trentonbrooks,19384,670092,39120,Trenton Brooks,False,False,False,False,False,False,True,False,False
lukenbaker,21497,663609,41313,Luken Baker,False,False,False,False,False,False,True,False,False
jackgurevitch,sa3032859,,5135856,Jack Gurevitch,False,True,False,False,False,False,True,False,False
haroldrivas,sa3067705,,5332622,Harold Rivas,False,False,False,False,False,True,True,False,False
doriansoto,sa3067678,,5332624,Dorian Soto,False,False,False,True,False,False,True,False,False
carsondemartini,sa3025198,,4923349,Carson DeMartini,False,False,False,True,True,False,True,False,False
alimbersanta,sa3015478,,5332989,Alimber Santa,False,False,False,False,False,False,False,False,True
natepayne,sa3067390,,5332992,Nate Payne,False,False,False,False,False,False,False,True,False
gerelmimaldonado,sa3016018,,5332993,Gerelmi Maldonado,False,False,False,False,False,False,False,True,False
joseolivares,sa3016267,,5332996,Jose Olivares,False,False,False,False,False,False,False,True,False
ivanluciano,sa3067397,,5333212,Ivan Luciano,True,False,False,False,False,False,True,False,False
devinsaltiban,sa3022827,,5333211,Devin Saltiban,False,False,False,False,False,True,True,False,False
ixanhenderson,sa3022953,,5333206,Ixan Henderson,False,False,False,False,False,False,False,True,False
tjrumfield,sa3017330,,5014349,T.J. Rumfield,False,False,False,False,True,False,True,False,False
nestorgerman,sa3023517,,5128973,Nestor German,False,False,False,False,False,False,False,True,False
leviwells,sa3023441,,4721046,Levi Wells,False,False,False,False,False,False,False,True,False
ryanwideman,sa3060916,834240,5278889,Ryan Wideman,False,False,False,False,False,True,True,False,False
jancelvillarroel,sa3020102,,5205472,Jancel Villarroel,True,False,False,False,False,True,True,False,False
austincharles,sa3020497,,5205707,Austin Charles,False,False,False,True,True,False,True,False,False
ronnycruz,sa3067336,,5295855,Ronny Cruz,False,False,False,True,False,False,True,False,False
adamserwinowski,sa3020626,,5295857,Adam Serwinowski,False,False,False,False,False,False,False,True,False
tannerthach,sa3043649,805880,5132501,Tanner Thach,False,True,False,False,False,False,True,False,False
georgewolkow,sa3022817,,5149086,George Wolkow,False,False,False,False,False,True,True,False,False
jakecook,sa3029303,,5135107,Jake Cook,False,False,False,False,False,True,True,False,False
nickdumesnil,sa3030644,825094,5282794,Nick Dumesnil,False,False,False,False,False,True,True,False,False
brycemayer,sa3025558,,5143560,Bryce Mayer,False,False,False,False,False,False,False,True,False
