tjid,fgId,NameASCII,org,pos,age,jersey
shoheiohtani,19755,Shohei Ohtani,LAD,DH,31,17
aaronjudge,15640,Aaron Judge,NYY,OF,34,99
juansoto,20123,Juan Soto,NYM,OF,27,22
paulskenes,33677,Paul Skenes,PIT,SP,24,30
joseramirez,13510,Jose Ramirez,CLE,3B,33,11
tarikskubal,22267,Tarik Skubal,DET,SP,29,29
garrettcrochet,27463,Garrett Crochet,BOS,SP,27,35
bobbywittjr,25764,Bobby Witt Jr.,KCR,SS,26,7
kyletucker,18345,Kyle Tucker,LAD,OF,29,23
calraleigh,21534,Cal Raleigh,SEA,C,29,29
corbincarroll,25878,Corbin Carroll,ARI,OF,25,7
yoshinobuyamamoto,33825,Yoshinobu Yamamoto,LAD,SP,27,18
logangilbert,22250,Logan Gilbert,SEA,SP,29,36
kyleschwarber,16478,Kyle Schwarber,PHI,DH,33,12
loganwebb,17995,Logan Webb,SFG,SP,29,62
bryanwoo,30279,Bryan Woo,SEA,SP,26,22
maxfried,13743,Max Fried,NYY,SP,32,54
fernandotatisjr,19709,Fernando Tatis Jr.,SDP,OF,27,23
juliorodriguez,23697,Julio Rodriguez,SEA,OF,25,44
juniorcaminero,28163,Junior Caminero,TBR,3B,22,13
freddyperalta,18679,Freddy Peralta,NYM,SP,30,51
hunterbrown,25880,Hunter Brown,HOU,SP,27,58
ketelmarte,13613,Ketel Marte,ARI,2B,32,4
cristophersanchez,20778,Cristopher Sanchez,PHI,SP,29,61
franciscolindor,12916,Francisco Lindor,NYM,SS,32,12
chrissale,10603,Chris Sale,ATL,SP,37,51
mannymachado,11493,Manny Machado,SDP,3B,33,13
ronaldacunajr,18401,Ronald Acuna Jr.,ATL,OF,28,13
yordanalvarez,19556,Yordan Alvarez,HOU,DH,29,44
gunnarhenderson,26289,Gunnar Henderson,BAL,SS,25,2
alexbregman,17678,Alex Bregman,CHC,3B,32,3
huntergreene,22182,Hunter Greene,CIN,SP,26,21
vladimirguerrerojr,19611,Vladimir Guerrero Jr.,TOR,1B,27,27
masonmiller,31757,Mason Miller,SDP,RP,27,22
dylancease,18525,Dylan Cease,TOR,SP,30,84
edwindiaz,14710,Edwin Diaz,LAD,RP,32,3
brentrooker,19627,Brent Rooker,ATH,DH,31,25
joeryan,21390,Joe Ryan,MIN,SP,30,41
frambervaldez,17295,Framber Valdez,FA,SP,32,59
williamcontreras,20503,William Contreras,MIL,C,28,24
andresmunoz,20373,Andres Munoz,SEA,RP,27,75
nickpivetta,15454,Nick Pivetta,SDP,SP,33,27
nicohoerner,21479,Nico Hoerner,CHC,2B,29,2
codybellinger,15998,Cody Bellinger,NYY,OF,30,35
cadesmith,27867,Cade Smith,CLE,RP,27,36
coleragans,21846,Cole Ragans,KCR,SP,28,55
jacksonchourio,28806,Jackson Chourio,MIL,OF,22,11
georgekirby,25436,George Kirby,SEA,SP,28,68
mookiebetts,13611,Mookie Betts,LAD,SS,33,50
joshhader,14212,Josh Hader,HOU,RP,32,71
jarrenduran,24617,Jarren Duran,BOS,OF,29,16
blakesnell,13543,Blake Snell,LAD,SP,33,7
jhoanduran,21029,Jhoan Duran,PHI,RP,28,59
kevingausman,14107,Kevin Gausman,TOR,SP,35,34
jacksonmerrill,29490,Jackson Merrill,SDP,OF,23,3
devinwilliams,15816,Devin Williams,NYM,RP,31,38
austinriley,18360,Austin Riley,ATL,3B,29,27
jacobdegrom,10954,Jacob deGrom,TEX,SP,38,48
ellydelacruz,26668,Elly De La Cruz,CIN,SS,24,44
sonnygray,12768,Sonny Gray,BOS,SP,36,54
josealtuve,5417,Jose Altuve,HOU,2B,36,27
zackwheeler,10310,Zack Wheeler,PHI,SP,36,45
aroldischapman,10233,Aroldis Chapman,BOS,RP,38,44
georgespringer,12856,George Springer,TOR,DH,36,4
spencerschwellenbach,31846,Spencer Schwellenbach,ATL,SP,26,56
mattolson,14344,Matt Olson,ATL,1B,32,28
jazzchisholmjr,20454,Jazz Chisholm Jr.,NYY,2B,28,13
benrice,29576,Ben Rice,NYY,1B,27,22
davidbednar,19569,David Bednar,NYY,RP,31,53
petecrowarmstrong,27769,Pete Crow-Armstrong,CHC,OF,24,4
raiseliglesias,17130,Raisel Iglesias,ATL,RP,36,26
jesusluzardo,19959,Jesus Luzardo,PHI,SP,28,44
stevenkwan,24610,Steven Kwan,CLE,OF,28,38
wyattlangford,33333,Wyatt Langford,TEX,OF,24,36
seiyasuzuki,30116,Seiya Suzuki,CHC,DH,31,27
geraldoperdomo,22799,Geraldo Perdomo,ARI,SS,26,2
nathaneovaldi,9132,Nathan Eovaldi,TEX,SP,36,17
petealonso,19251,Pete Alonso,BAL,1B,31,25
trevormegill,17722,Trevor Megill,MIL,RP,32,29
ryanpepiot,26221,Ryan Pepiot,TBR,SP,28,44
nickkurtz,35110,Nick Kurtz,ATH,1B,23,16
brandonnimmo,12927,Brandon Nimmo,TEX,OF,33,24
carlosestevez,14542,Carlos Estevez,KCR,RP,33,53
shealangeliers,25816,Shea Langeliers,ATH,C,28,23
kylebradish,24586,Kyle Bradish,BAL,SP,29,38
treaturner,16252,Trea Turner,PHI,SS,33,7
jameswood,29518,James Wood,WSN,OF,23,29
jeffhoffman,17432,Jeff Hoffman,TOR,RP,33,23
spencerstrider,27498,Spencer Strider,ATL,SP,27,99
randyarozarena,19290,Randy Arozarena,SEA,OF,31,56
brandonwoodruff,16162,Brandon Woodruff,MIL,SP,33,53
ozziealbies,16556,Ozzie Albies,ATL,2B,29,1
willsmith1,19197,Will Smith,LAD,C,31,16
bryceharper,11579,Bryce Harper,PHI,1B,33,3
christianyelich,11477,Christian Yelich,MIL,DH,34,22
luiscastillo,15689,Luis Castillo,SEA,SP,33,58
petefairbanks,17998,Pete Fairbanks,MIA,RP,32,29
drakebaldwin,31539,Drake Baldwin,ATL,C,25,30
tylerglasnow,14374,Tyler Glasnow,LAD,SP,32,31
taylorward,17548,Taylor Ward,BAL,OF,32,3
kenleyjansen,3096,Kenley Jansen,DET,RP,38,74
rafaeldevers,17350,Rafael Devers,SFG,DH,29,16
rileygreene,25976,Riley Greene,DET,OF,25,31
freddiefreeman,5361,Freddie Freeman,LAD,1B,36,5
briceturang,22186,Brice Turang,MIL,2B,26,2
ryanhelsley,18138,Ryan Helsley,BAL,RP,31,21
ianhapp,17919,Ian Happ,CHC,OF,31,8
gleybertorres,16997,Gleyber Torres,DET,2B,29,25
romananthony,31812,Roman Anthony,BOS,OF,22,19
bobichette,19612,Bo Bichette,NYM,SS,28,19
pablolopez,17085,Pablo Lopez,MIN,SP,30,49
maikelgarcia,22715,Maikel Garcia,KCR,3B,26,11
emiliopagan,14771,Emilio Pagan,CIN,RP,35,15
mattchapman,16505,Matt Chapman,SFG,3B,33,26
joshnaylor,18839,Josh Naylor,SEA,1B,29,12
danielpalencia,27914,Daniel Palencia,CHC,RP,26,48
juricksonprofar,10815,Jurickson Profar,ATL,OF,33,17
vinniepasquantino,27676,Vinnie Pasquantino,KCR,1B,28,9
adleyrutschman,26288,Adley Rutschman,BAL,C,28,35
salvadorperez,7304,Salvador Perez,KCR,C,36,13
euryperez,27768,Eury Perez,MIA,SP,23,39
tannerbibee,30134,Tanner Bibee,CLE,SP,27,28
eugeniosuarez,12552,Eugenio Suarez,CIN,3B,34,28
teoscarhernandez,13066,Teoscar Hernandez,LAD,OF,33,37
yainerdiaz,23003,Yainer Diaz,HOU,C,27,21
griffinjax,20253,Griffin Jax,TBR,RP,31,22
marcussemien,12533,Marcus Semien,NYM,2B,35,10
andypages,24816,Andy Pages,LAD,OF,25,44
robertsuarez,30115,Robert Suarez,ATL,RP,35,75
isaacparedes,20036,Isaac Paredes,HOU,3B,27,15
shotaimanaga,33829,Shota Imanaga,CHC,SP,32,18
jacksonholliday,31781,Jackson Holliday,BAL,2B,22,7
gavinwilliams,30122,Gavin Williams,CLE,SP,26,32
coreyseager,13624,Corey Seager,TEX,SS,32,5
bryanabreu,16609,Bryan Abreu,HOU,RP,29,52
abneruribe,25327,Abner Uribe,MIL,RP,26,45
michaelking,19853,Michael King,SDP,SP,31,34
byronbuxton,14161,Byron Buxton,MIN,OF,32,25
agustinramirez,26546,Agustin Ramirez,MIA,C,24,50
ryanwalker,20423,Ryan Walker,SFG,RP,30,74
jacobmisiorowski,31623,Jacob Misiorowski,MIL,SP,24,32
willyadames,15986,Willy Adames,SFG,SS,30,2
brysonstott,26294,Bryson Stott,PHI,2B,28,5
jordanwestburg,27815,Jordan Westburg,BAL,3B,27,11
willvest,19769,Will Vest,DET,RP,31,19
yandydiaz,16578,Yandy Diaz,TBR,DH,34,2
emmetsheehan,29839,Emmet Sheehan,LAD,SP,26,80
bryanreynolds,19326,Bryan Reynolds,PIT,OF,31,10
nicklodolo,26378,Nick Lodolo,CIN,SP,28,40
edwinuceta,20539,Edwin Uceta,TBR,RP,28,63
michaelharrisii,25931,Michael Harris II,ATL,OF,25,23
zacgallen,19291,Zac Gallen,FA,SP,30,23
christianwalker,13419,Christian Walker,HOU,1B,35,8
oneilcruz,21711,Oneil Cruz,PIT,OF,27,15
calebdurbin,29646,Caleb Durbin,MIL,3B,26,21
chaseburns,35333,Chase Burns,CIN,SP,23,26
brendandonovan,24679,Brendan Donovan,SEA,2B,29,33
camschlittler,32095,Cam Schlittler,NYY,SP,25,31
jeremypena,21636,Jeremy Pena,HOU,SS,28,3
rangersuarez,17277,Ranger Suarez,BOS,SP,30,55
joadell,20220,Jo Adell,LAA,OF,27,7
jackflaherty,17479,Jack Flaherty,DET,SP,30,9
huntergoodman,29715,Hunter Goodman,COL,C,26,15
shanebieber,19427,Shane Bieber,TOR,SP,31,57
salfrelick,29622,Sal Frelick,MIL,OF,26,10
granttaylor,33927,Grant Taylor,CHW,RP,24,31
jacobwilson,33266,Jacob Wilson,ATH,SS,24,5
mackenziegore,22201,MacKenzie Gore,TEX,SP,27,1
matthewboyd,15440,Matthew Boyd,CHC,SP,35,16
robbieray,11486,Robbie Ray,SFG,SP,34,38
andrewabbott,29911,Andrew Abbott,CIN,SP,27,41
jeremiahestrada,22210,Jeremiah Estrada,SDP,RP,27,56
alecbohm,21618,Alec Bohm,PHI,3B,29,28
cjabrams,25768,CJ Abrams,WSN,SS,25,5
luisgarciajr,20391,Luis Garcia Jr.,WSN,2B,26,2
lukekeaschall,33321,Luke Keaschall,MIN,2B,23,15
tannerscott,17586,Tanner Scott,LAD,RP,31,66
dennissantana,17878,Dennis Santana,PIT,RP,30,60
sandyalcantara,18684,Sandy Alcantara,MIA,SP,30,22
nolanmclean,33703,Nolan McLean,NYM,SP,24,26
mattbrash,25756,Matt Brash,SEA,RP,28,47
roycelewis,20437,Royce Lewis,MIN,3B,27,23
aaronnola,16149,Aaron Nola,PHI,SP,33,27
brandonlowe,18882,Brandon Lowe,PIT,2B,31,5
drewrasmussen,25385,Drew Rasmussen,TBR,SP,30,57
chandlersimpson,31912,Chandler Simpson,TBR,OF,25,14
maxmuncy,13301,Max Muncy,LAD,3B,35,13
trevorrogers,22286,Trevor Rogers,BAL,SP,28,28
merrillkelly,11156,Merrill Kelly,ARI,SP,37,29
ceddannerafaela,24262,Ceddanne Rafaela,BOS,OF,25,3
junghoolee,33824,Jung Hoo Lee,SFG,OF,27,51
garrettwhitlock,20191,Garrett Whitlock,BOS,RP,30,22
shanebaz,22264,Shane Baz,BAL,SP,27,34
xavieredwards,22266,Xavier Edwards,MIA,2B,26,9
treyyesavage,35456,Trey Yesavage,TOR,SP,22,39
zachneto,31347,Zach Neto,LAA,SS,25,9
jordanleasure,29950,Jordan Leasure,CHW,RP,27,49
dansbyswanson,18314,Dansby Swanson,CHC,SS,32,7
jakobmarsee,31370,Jakob Marsee,MIA,OF,25,87
mattshaw,33322,Matt Shaw,CHC,3B,24,6
lukeweaver,16918,Luke Weaver,NYM,RP,32,30
andrewkittredge,12828,Andrew Kittredge,BAL,RP,36,39
troymelton,31807,Troy Melton,DET,RP,25,52
krisbubic,21455,Kris Bubic,KCR,SP,28,50
alejandrokirk,22581,Alejandro Kirk,TOR,C,27,30
kerrycarpenter,25961,Kerry Carpenter,DET,OF,28,30
kylefinnegan,15009,Kyle Finnegan,DET,RP,34,67
noahcameron,30184,Noah Cameron,KCR,SP,26,65
philmaton,18064,Phil Maton,CHC,RP,33,88
marcellozuna,10324,Marcell Ozuna,FA,DH,35,20
mattstrahm,13799,Matt Strahm,KCR,RP,34,25
cadehorton,31872,Cade Horton,CHC,SP,24,22
miguelvargas,20178,Miguel Vargas,CHW,3B,26,20
edwardcabrera,21690,Edward Cabrera,CHC,SP,28,30
camilodoval,21992,Camilo Doval,NYY,RP,28,75
jorgepolanco,13152,Jorge Polanco,NYM,DH,32,11
daultonvarsho,19918,Daulton Varsho,TOR,OF,29,5
noelvimarte,26517,Noelvi Marte,CIN,OF,24,4
adrianmorejon,20039,Adrian Morejon,SDP,RP,27,50
bubbachandler,29868,Bubba Chandler,PIT,SP,23,57
stevenmatz,13361,Steven Matz,TBR,RP,35,41
daylenlile,29995,Daylen Lile,WSN,OF,23,4
wilyerabreu,23772,Wilyer Abreu,BOS,OF,27,52
heliotramos,22515,Heliot Ramos,SFG,OF,26,17
joseferrer,24017,Jose Ferrer,SEA,RP,26,45
connellyearly,33666,Connelly Early,BOS,SP,24,71
bradkeller,15734,Brad Keller,PHI,RP,30,40
josesoriano,22100,Jose Soriano,LAA,SP,27,59
lawrencebutler,22542,Lawrence Butler,ATH,OF,25,4
jakecronenworth,18036,Jake Cronenworth,SDP,2B,32,9
carlosrodon,16137,Carlos Rodon,NYY,SP,33,55
jojoromero,19574,JoJo Romero,STL,RP,29,59
spencertorkelson,27465,Spencer Torkelson,DET,1B,26,20
garrettcleavinger,17897,Garrett Cleavinger,TBR,RP,32,60
nolanarenado,9777,Nolan Arenado,ARI,3B,35,28
trevorstory,12564,Trevor Story,BOS,SS,33,10
kylestowers,26151,Kyle Stowers,MIA,OF,28,28
tommyedman,19470,Tommy Edman,LAD,2B,31,25
robertgarcia,23363,Robert Garcia,TEX,RP,30,62
tjfriedl,19522,TJ Friedl,CIN,OF,30,29
mitchkeller,17594,Mitch Keller,PIT,SP,30,23
huntergaddis,25636,Hunter Gaddis,CLE,RP,28,33
robertstephenson,13594,Robert Stephenson,LAA,RP,33,24
alexvesia,25007,Alex Vesia,LAD,RP,30,51
baileyober,21224,Bailey Ober,MIN,SP,30,17
luisrobertjr,20043,Luis Robert Jr.,NYM,OF,28,88
tonysantillan,19926,Tony Santillan,CIN,RP,29,64
adolisgarcia,19287,Adolis Garcia,PHI,OF,33,53
calvinfaucher,20116,Calvin Faucher,MIA,RP,30,53
brycemiller,29837,Bryce Miller,SEA,SP,27,50
rileyobrien,20348,Riley O'Brien,STL,RP,31,61
miketrout,10155,Mike Trout,LAA,DH,34,27
ernieclement,20352,Ernie Clement,TOR,3B,30,22
bradysinger,25377,Brady Singer,CIN,SP,29,51
xanderbogaerts,12161,Xander Bogaerts,SDP,SS,33,2
trentgrisham,18564,Trent Grisham,NYY,OF,29,12
shawnarmstrong,12857,Shawn Armstrong,CLE,RP,35,43
alecburleson,27615,Alec Burleson,STL,OF,27,41
jassondominguez,28080,Jasson Dominguez,NYY,OF,23,24
colesands,21461,Cole Sands,MIN,RP,28,44
kirbyyates,9073,Kirby Yates,LAA,RP,39,39
yuseikikuchi,20633,Yusei Kikuchi,LAA,SP,35,16
coltkeith,27899,Colt Keith,DET,DH,24,33
cedricmullins,17929,Cedric Mullins,TBR,OF,31,31
aaronashby,23550,Aaron Ashby,MIL,RP,28,26
dylancrews,33541,Dylan Crews,WSN,OF,24,3
kodaisenga,31838,Kodai Senga,NYM,SP,33,34
yimigarcia,12095,Yimi Garcia,TOR,RP,35,93
anthonysantander,14551,Anthony Santander,TOR,DH,31,25
seranthonydominguez,19249,Seranthony Dominguez,CHW,RP,31,58
ivanherrera,20599,Ivan Herrera,STL,DH,26,48
carloscorrea,14162,Carlos Correa,HOU,SS,31,1
jacoblatz,21306,Jacob Latz,TEX,RP,30,67
mattmclain,29695,Matt McLain,CIN,2B,26,9
rynenelson,26253,Ryne Nelson,ARI,SP,28,19
josealvarado,17780,Jose Alvarado,PHI,RP,31,46
brentondoyle,25479,Brenton Doyle,COL,OF,28,9
dylanlee,19996,Dylan Lee,ATL,RP,31,52
gabrielmoreno,22664,Gabriel Moreno,ARI,C,26,14
caseymize,20492,Casey Mize,DET,SP,29,12
kyleleahy,24763,Kyle Leahy,STL,RP,29,62
ottolopez,19608,Otto Lopez,MIA,SS,27,6
jeffmcneil,15362,Jeff McNeil,ATH,2B,34,22
jackleiter,30146,Jack Leiter,TEX,SP,26,35
tylerrogers,15541,Tyler Rogers,TOR,RP,35,71
michaelbusch,26319,Michael Busch,CHC,1B,28,29
tylerholton,26231,Tyler Holton,DET,RP,30,87
andrewbenintendi,17901,Andrew Benintendi,CHW,OF,31,23
gabespeier,17170,Gabe Speier,SEA,RP,31,55
luisarraez,18568,Luis Arraez,FA,1B,29,4
reeseolson,24968,Reese Olson,DET,SP,26,45
ramonlaureano,17128,Ramon Laureano,SDP,OF,31,5
chrisbassitt,12304,Chris Bassitt,FA,SP,37,40
justinsterner,27694,Justin Sterner,ATH,RP,29,60
brayanbello,23920,Brayan Bello,BOS,SP,27,66
ezequieltovar,24064,Ezequiel Tovar,COL,SS,24,14
markvientos,22184,Mark Vientos,NYM,3B,26,27
mattsvanson,29629,Matt Svanson,STL,RP,27,49
seanmanaea,15873,Sean Manaea,NYM,SP,34,59
loganhenderson,31475,Logan Henderson,MIL,SP,24,43
larsnootbaar,21454,Lars Nootbaar,STL,OF,28,21
clayholmes,13649,Clay Holmes,NYM,SP,33,35
jonathanindia,21523,Jonathan India,KCR,2B,29,6
victorvodnik,24614,Victor Vodnik,COL,RP,26,38
jesussanchez,19913,Jesus Sanchez,HOU,OF,28,4
sethlugo,12447,Seth Lugo,KCR,SP,36,67
nickcastellanos,11737,Nick Castellanos,PHI,OF,34,8
benbrown,23590,Ben Brown,CHC,SP,26,32
addisonbarger,24598,Addison Barger,TOR,3B,26,47
connornorby,29592,Connor Norby,MIA,3B,26,1
davidpeterson,20302,David Peterson,NYM,SP,30,23
samuelbasallo,28824,Samuel Basallo,BAL,C,21,29
kevinginkel,19876,Kevin Ginkel,ARI,RP,32,37
tylersoderstrom,27467,Tyler Soderstrom,ATH,OF,24,21
louisvarland,27691,Louis Varland,TOR,RP,28,77
michaelwacha,14078,Michael Wacha,KCR,SP,34,52
lucaserceg,19360,Lucas Erceg,KCR,RP,31,60
jackperkins,31468,Jack Perkins,ATH,RP,26,50
mickeymoniak,19956,Mickey Moniak,COL,OF,28,22
benjoyce,31461,Ben Joyce,LAA,RP,25,44
nolanschanuel,33189,Nolan Schanuel,LAA,1B,24,18
shelbymiller,10197,Shelby Miller,FA,RP,35,55
jpcrawford,15491,J.P. Crawford,SEA,SS,31,3
willicastro,17338,Willi Castro,COL,OF,29,1
fernandocruz,7048,Fernando Cruz,NYY,RP,36,63
kyleteel,33549,Kyle Teel,CHW,C,24,8
andrewsaalfrank,26203,Andrew Saalfrank,ARI,RP,28,27
shanesmith,31687,Shane Smith,CHW,SP,26,64
rokisasaki,35323,Roki Sasaki,LAD,SP,24,11
claytonbeeter,27494,Clayton Beeter,WSN,RP,27,39
hoganharris,21520,Hogan Harris,ATH,RP,29,36
mattwallner,26466,Matt Wallner,MIN,OF,28,38
sethhalvorsen,33294,Seth Halvorsen,COL,RP,26,54
jasonadam,11861,Jason Adam,SDP,RP,34,40
masynwinn,27479,Masyn Winn,STL,SS,24,0
ryanohearn,16442,Ryan O'Hearn,PIT,1B,32,29
coltoncowser,29591,Colton Cowser,BAL,OF,26,17
eriksabrowski,24978,Erik Sabrowski,CLE,RP,28,62
giancarlostanton,4949,Giancarlo Stanton,NYY,DH,36,27
gregorysoto,19677,Gregory Soto,PIT,RP,31,31
jamesontaillon,11674,Jameson Taillon,CHC,SP,34,50
austinwells,27562,Austin Wells,NYY,C,26,28
colsonmontgomery,29712,Colson Montgomery,CHW,SS,24,12
orionkerkering,31776,Orion Kerkering,PHI,RP,25,50
josebutto,23313,Jose Butto,SFG,RP,28,70
joshlowe,19953,Josh Lowe,LAA,OF,28,3
braxtonashcraft,23793,Braxton Ashcraft,PIT,RP,26,67
keeganakin,19362,Keegan Akin,BAL,RP,31,45
calebthielbar,10078,Caleb Thielbar,CHC,RP,39,24
zachmckinstry,19392,Zach McKinstry,DET,3B,31,39
quinnpriester,25977,Quinn Priester,MIL,SP,25,46
chasemeidroth,31580,Chase Meidroth,CHW,SS,24,10
jackdreyer,30249,Jack Dreyer,LAD,RP,27,86
andresgimenez,19950,Andres Gimenez,TOR,2B,27,0
justintopa,15145,Justin Topa,MIN,RP,35,48
spencersteer,26323,Spencer Steer,CIN,1B,28,7
gavinsheets,19901,Gavin Sheets,SDP,OF,30,30
joeycantillo,23335,Joey Cantillo,CLE,RP,26,54
markleiterjr,15551,Mark Leiter Jr.,ATH,RP,35,38
jaccaglianone,35041,Jac Caglianone,KCR,OF,23,14
josecaballero,23401,Jose Caballero,NYY,OF,29,72
isaacmattson,20385,Isaac Mattson,PIT,RP,30,72
ericlauer,19316,Eric Lauer,TOR,SP,31,56
jeffreysprings,17677,Jeffrey Springs,ATH,SP,33,59
jaredkoenig,27517,Jared Koenig,MIL,RP,32,47
brandonpfaadt,27782,Brandon Pfaadt,ARI,SP,27,32
tylerfreeman,22532,Tyler Freeman,COL,OF,27,2
lenynsosa,22896,Lenyn Sosa,CHW,2B,26,50
caseyschmitt,27577,Casey Schmitt,SFG,2B,27,10
tylerkinley,18297,Tyler Kinley,ATL,RP,35,45
jtrealmuto,11739,J.T. Realmuto,PHI,C,35,10
brettbaty,26123,Brett Baty,NYM,3B,26,7
ianseymour,27932,Ian Seymour,TBR,RP,27,61
kylemanzardo,29794,Kyle Manzardo,CLE,DH,25,9
jorgesoler,14221,Jorge Soler,LAA,OF,34,12
brookslee,31595,Brooks Lee,MIN,SS,25,22
lucasgiolito,15474,Lucas Giolito,FA,SP,31,54
zacklittell,15823,Zack Littell,FA,SP,30,52
bryanking,25890,Bryan King,HOU,RP,29,74
trevorlarnach,21501,Trevor Larnach,MIN,DH,29,9
brandonmarsh,20202,Brandon Marsh,PHI,OF,28,16
jonahtong,32157,Jonah Tong,NYM,SP,23,21
luisrengifo,19858,Luis Rengifo,FA,3B,29,2
harrisonbader,18030,Harrison Bader,SFG,OF,32,9
willsoncontreras,11609,Willson Contreras,BOS,1B,34,40
bryanbaker,19804,Bryan Baker,TBR,RP,31,47
ajblubaugh,31764,AJ Blubaugh,HOU,RP,25,69
johnschreiber,20020,John Schreiber,KCR,RP,32,46
elvisalvarado,21662,Elvis Alvarado,ATH,RP,27,61
mikeyastrzemski,14854,Mike Yastrzemski,ATL,OF,35,18
joshjung,26299,Josh Jung,TEX,3B,28,6
jonathanaranda,21837,Jonathan Aranda,TBR,1B,28,8
jimmyherget,17556,Jimmy Herget,COL,RP,32,44
willwarren,30182,Will Warren,NYY,SP,27,98
ryanjeffers,24618,Ryan Jeffers,MIN,C,29,27
anthonybender,19742,Anthony Bender,MIA,RP,31,37
evancarter,27790,Evan Carter,TEX,OF,23,32
ryanmcmahon,15112,Ryan McMahon,NYY,3B,31,19
brooksraley,10061,Brooks Raley,NYM,RP,38,25
dylanbeavers,31695,Dylan Beavers,BAL,OF,24,12
hunterharvey,15507,Hunter Harvey,CHC,RP,31,45
justinsteele,17312,Justin Steele,CHC,SP,30,35
marcelomayer,29668,Marcelo Mayer,BOS,3B,23,11
parkermessick,31986,Parker Messick,CLE,SP,25,77
ajminter,18655,A.J. Minter,NYM,RP,32,33
drewpomeranz,11426,Drew Pomeranz,LAA,RP,37,13
austinhays,19363,Austin Hays,CHW,OF,30,12
jordanromano,16122,Jordan Romano,LAA,RP,33,68
eduardbazardo,20997,Eduard Bazardo,SEA,RP,30,83
carmenmlodzinski,27572,Carmen Mlodzinski,PIT,RP,27,50
mikeburrows,24728,Mike Burrows,HOU,SP,26,50
brendonlittle,21574,Brendon Little,TOR,RP,29,54
deankremer,19350,Dean Kremer,BAL,SP,30,64
spencerhorwitz,26477,Spencer Horwitz,PIT,1B,28,2
joeyortiz,25493,Joey Ortiz,MIL,SS,27,3
franciscoalvarez,26121,Francisco Alvarez,NYM,C,24,4
chrismartin,11847,Chris Martin,TEX,RP,40,55
simeonwoodsrichardson,24494,Simeon Woods Richardson,MIN,SP,25,24
stevenokert,13580,Steven Okert,HOU,RP,34,48
tyleroneill,15711,Tyler O'Neill,BAL,OF,31,9
mattfesta,19330,Matt Festa,CLE,RP,33,52
parkermeadows,23800,Parker Meadows,DET,OF,26,22
braydonfisher,24609,Braydon Fisher,TOR,RP,25,63
carsonkelly,13620,Carson Kelly,CHC,C,31,15
miguelandujar,15878,Miguel Andujar,FA,3B,31,38
chadpatrick,30113,Chad Patrick,MIL,SP,27,39
joseberrios,14168,Jose Berrios,TOR,SP,32,17
connorphillips,27649,Connor Phillips,CIN,RP,25,34
zacheflin,13774,Zach Eflin,BAL,SP,32,24
ryanthompson,16647,Ryan Thompson,ARI,RP,34,81
wenceelperez,22857,Wenceel Perez,DET,OF,26,46
ryanweathers,23796,Ryan Weathers,NYY,SP,26,40
justinslaten,25648,Justin Slaten,BOS,RP,28,63
kebryanhayes,18577,Ke'Bryan Hayes,CIN,3B,29,3
blaketreinen,12572,Blake Treinen,LAD,RP,38,49
jordanbeck,31431,Jordan Beck,COL,OF,25,27
kodyfunderburk,24993,Kody Funderburk,MIN,RP,29,57
andrewvaughn,26197,Andrew Vaughn,MIL,1B,28,28
alexisdiaz,21132,Alexis Diaz,TEX,RP,29,48
dustinmay,19716,Dustin May,STL,SP,28,3
gregweissert,20375,Greg Weissert,BOS,RP,31,57
isaaccollins,25477,Isaac Collins,KCR,OF,28,1
paytontolle,35466,Payton Tolle,BOS,SP,23,70
piercejohnson,13435,Pierce Johnson,CIN,RP,35,52
erikmiller,26252,Erik Miller,SFG,RP,28,68
seannewcomb,16943,Sean Newcomb,CHW,RP,33,15
justinwrobleski,31204,Justin Wrobleski,LAD,RP,25,70
masonmontgomery,29770,Mason Montgomery,PIT,RP,26,46
ryanzeferjahn,25420,Ryan Zeferjahn,LAA,RP,28,56
haseongkim,27506,Ha-Seong Kim,ATL,SS,30,7
jordanlawlar,29976,Jordan Lawlar,ARI,3B,23,10
dominiccanzone,26438,Dominic Canzone,SEA,OF,28,8
porterhodge,26413,Porter Hodge,CHC,RP,25,37
tylermahle,16358,Tyler Mahle,SFG,SP,31,54
luisgil,21052,Luis Gil,NYY,SP,28,81
nolangorman,22263,Nolan Gorman,STL,3B,26,16
yarielrodriguez,33838,Yariel Rodriguez,TOR,RP,29,29
jakemeyers,20308,Jake Meyers,HOU,OF,30,6
grahamashcraft,27552,Graham Ashcraft,CIN,RP,28,23
davidrobertson,8241,David Robertson,FA,RP,41,30
michaelmcgreevy,29869,Michael McGreevy,STL,SP,25,36
tylerstephenson,17988,Tyler Stephenson,CIN,C,29,37
camsmith,35108,Cam Smith,HOU,OF,23,11
bradyhouse,29993,Brady House,WSN,3B,23,12
coleyoung,31680,Cole Young,SEA,2B,22,2
yenniercano,25911,Yennier Cano,BAL,RP,32,78
kylekarros,33252,Kyle Karros,COL,3B,23,12
luisseverino,15890,Luis Severino,ATH,SP,32,40
christianmoore,34979,Christian Moore,LAA,2B,23,4
masatakayoshida,31837,Masataka Yoshida,BOS,DH,32,7
anthonyvolpe,27647,Anthony Volpe,NYY,SS,25,11
jacoblopez,25098,Jacob Lopez,ATH,SP,28,57
ryanyarbrough,16502,Ryan Yarbrough,NYY,RP,34,33
victorscottii,31349,Victor Scott II,STL,OF,25,11
keibertruiz,19610,Keibert Ruiz,WSN,C,27,20
colinrea,12317,Colin Rea,CHC,SP,35,53
maxmuncy1,29779,Max Muncy,ATH,3B,23,10
zebbymatthews,31827,Zebby Matthews,MIN,SP,26,52
reiddetmers,27468,Reid Detmers,LAA,RP,26,48
hobymilner,13346,Hoby Milner,CHC,RP,35,41
bennettsousa,21345,Bennett Sousa,HOU,RP,31,62
tommynance,19178,Tommy Nance,TOR,RP,35,45
amedrosario,15518,Amed Rosario,NYY,3B,30,14
victorrobles,18363,Victor Robles,SEA,OF,29,10
reynaldolopez,16400,Reynaldo Lopez,ATL,SP,32,40
pjpoulin,23394,P.J. Poulin,WSN,RP,29,50
tyleralexander,17735,Tyler Alexander,TEX,RP,31,13
haydenbirdsong,31635,Hayden Birdsong,SFG,RP,24,60
jakemangum,26202,Jake Mangum,PIT,OF,30,28
nickmears,25376,Nick Mears,KCR,RP,29,31
nickmartinez,12730,Nick Martinez,FA,SP,35,28
nickgonzales,27490,Nick Gonzales,PIT,2B,27,3
bencasparius,30085,Ben Casparius,LAD,RP,27,78
edgarquero,28022,Edgar Quero,CHW,C,23,7
angelzerpa,22717,Angel Zerpa,MIL,RP,26,61
michaelkopech,17282,Michael Kopech,FA,RP,30,45
lourdesgurrieljr,19238,Lourdes Gurriel Jr.,ARI,OF,32,12
kristiancampbell,33644,Kristian Campbell,BOS,2B,24,28
justinlawrence,17639,Justin Lawrence,PIT,RP,31,61
carterjensen,29478,Carter Jensen,KCR,C,22,22
tobiasmyers,22191,Tobias Myers,NYM,RP,27,32
salstewart,31505,Sal Stewart,CIN,1B,22,27
mauriciodubon,16530,Mauricio Dubon,ATL,OF,31,14
jakeburger,22275,Jake Burger,TEX,1B,30,21
edgardohenriquez,26944,Edgardo Henriquez,LAD,RP,24,60
calebferguson,19349,Caleb Ferguson,CIN,RP,29,46
dannycoulombe,13293,Danny Coulombe,FA,RP,36,54
nathanlukes,18123,Nathan Lukes,TOR,OF,31,38
timherrin,25139,Tim Herrin,CLE,RP,29,29
colehenry,27570,Cole Henry,WSN,RP,26,99
branthurter,30133,Brant Hurter,DET,RP,27,48
maxkepler,12144,Max Kepler,FA,OF,33,17
tajbradley,22543,Taj Bradley,MIN,SP,25,26
loganohoppe,24729,Logan O'Hoppe,LAA,C,26,14
aaronbummer,16258,Aaron Bummer,ATL,RP,32,49
yoendrysgomez,22872,Yoendrys Gomez,TBR,RP,26,94
jakobjunis,13619,Jakob Junis,TEX,RP,33,16
johanoviedo,22487,Johan Oviedo,BOS,SP,28,29
joshbell,13145,Josh Bell,MIN,DH,33,56
juanmejia,23237,Juan Mejia,COL,RP,25,47
yoanmoncada,17232,Yoan Moncada,LAA,3B,31,10
tommykahnle,11384,Tommy Kahnle,FA,RP,36,43
tristoncasas,22514,Triston Casas,BOS,1B,26,36
tannerbanks,16990,Tanner Banks,PHI,RP,34,58
michaelsoroka,18383,Michael Soroka,ARI,SP,28,34
bonaylor,21865,Bo Naylor,CLE,C,26,23
justinwilson,4301,Justin Wilson,FA,RP,38,32
jordanwalker,27475,Jordan Walker,STL,OF,24,18
huascarbrazoban,6107,Huascar Brazoban,NYM,RP,36,43
joelpeguero,21951,Joel Peguero,SFG,RP,29,63
michaelkelly,12791,Michael Kelly,ATH,RP,33,49
lanethomas,16939,Lane Thomas,KCR,OF,30,15
davidmorgan,31616,David Morgan,SDP,RP,26,66
tylerwells,20000,Tyler Wells,BAL,SP,31,68
mikevasil,30105,Mike Vasil,CHW,RP,26,61
kadestrowd,26191,Kade Strowd,ARI,RP,28,57
dlhall,22207,DL Hall,MIL,RP,27,37
cadecavalli,27473,Cade Cavalli,WSN,SP,27,24
brayanrocchio,23690,Brayan Rocchio,CLE,SS,25,4
gavinlux,19955,Gavin Lux,TBR,DH,28,11
cristianjavier,17606,Cristian Javier,HOU,SP,29,53
paulsewald,13892,Paul Sewald,FA,RP,36,62
michaelmassey,27684,Michael Massey,KCR,2B,28,19
brockburke,17968,Brock Burke,CIN,RP,29,49
luismatos,26467,Luis Matos,SFG,OF,24,29
brandoneisert,27668,Brandon Eisert,CHW,RP,28,53
landenroupp,30076,Landen Roupp,SFG,SP,27,65
colewinn,22113,Cole Winn,TEX,RP,26,60
ianhamilton,19261,Ian Hamilton,ATL,RP,31,71
colinselby,24986,Colin Selby,BAL,RP,28,60
scottbarlow,14993,Scott Barlow,FA,RP,33,58
anthonybanda,14706,Anthony Banda,LAD,RP,32,43
sladececconi,27500,Slade Cecconi,CLE,SP,27,44
masonenglert,22288,Mason Englert,TBR,RP,26,59
ryanfernandez,24862,Ryan Fernandez,STL,RP,28,64
cadegibson,31815,Cade Gibson,MIA,RP,28,58
austinmartin,27462,Austin Martin,MIN,OF,27,16
maxmeyer,27474,Max Meyer,MIA,SP,27,23
joelpayamps,14332,Joel Payamps,ATL,RP,32,53
evansisk,24995,Evan Sisk,PIT,RP,29,48
grahampauley,31363,Graham Pauley,MIA,3B,25,21
colesulser,15256,Cole Sulser,TBR,RP,36,71
grantanderson,20546,Grant Anderson,MIL,RP,29,56
jjbleday,26368,JJ Bleday,CIN,OF,28,22
dillondingler,27464,Dillon Dingler,DET,C,27,13
taylorrogers,13449,Taylor Rogers,MIN,RP,35,55
blazealexander,23789,Blaze Alexander,BAL,3B,27,9
mattgage,17381,Matt Gage,SFG,RP,33,93
seanmurphy,19352,Sean Murphy,ATL,C,31,12
davisschneider,23565,Davis Schneider,TOR,OF,27,36
chasesilseth,30074,Chase Silseth,LAA,RP,26,63
tylerphillips,20629,Tyler Phillips,MIA,RP,28,30
matthewliberatore,22294,Matthew Liberatore,STL,SP,26,32
alekthomas,23792,Alek Thomas,ARI,OF,26,5
wandyperalta,14295,Wandy Peralta,SDP,RP,34,58
ronnymauricio,23698,Ronny Mauricio,NYM,3B,25,0
spencerbivens,30226,Spencer Bivens,SFG,RP,32,76
jacobwebb,19274,Jacob Webb,CHC,RP,32,71
carlosnarvaez,19722,Carlos Narvaez,BOS,C,27,75
jakebird,21267,Jake Bird,NYY,RP,30,59
cadepovich,30055,Cade Povich,BAL,SP,26,37
wikelmangonzalez,26641,Wikelman Gonzalez,CHW,RP,24,66
ryanbrasier,5615,Ryan Brasier,FA,RP,38,54
hunterbigge,26259,Hunter Bigge,TBR,RP,28,43
corbinburnes,19361,Corbin Burnes,ARI,SP,31,39
heribertohernandez,24878,Heriberto Hernandez,MIA,OF,26,13
daniellynchiv,21537,Daniel Lynch IV,KCR,RP,29,41
dreyjameson,26260,Drey Jameson,ARI,RP,28,99
brentsuter,13942,Brent Suter,LAA,RP,36,31
tylerferguson,19481,Tyler Ferguson,ATH,RP,32,44
javiersanoja,28253,Javier Sanoja,MIA,OF,23,8
sawyergipsonlong,26048,Sawyer Gipson-Long,DET,SP,28,66
alexlange,19883,Alex Lange,KCR,RP,30,56
dannyjansen,16535,Danny Jansen,TEX,C,31,33
andrewchafin,12988,Andrew Chafin,FA,RP,36,39
luisgarcia,6984,Luis Garcia,NYM,RP,39,66
victorcaratini,14968,Victor Caratini,MIN,C,32,37
dietrichenns,13932,Dietrich Enns,BAL,RP,35,71
grantholmes,16944,Grant Holmes,ATL,SP,30,66
kylehart,19646,Kyle Hart,SDP,RP,33,68
ottokemp,31792,Otto Kemp,PHI,3B,26,4
joeywentz,19962,Joey Wentz,ATL,RP,28,33
kodyclemens,20572,Kody Clemens,MIN,1B,30,2
hurstonwaldrep,33527,Hurston Waldrep,ATL,SP,24,64
brooksbaldwin,31394,Brooks Baldwin,CHW,OF,25,27
luiscurvelo,24710,Luis Curvelo,TEX,RP,25,57
yukimatsui,33826,Yuki Matsui,SDP,RP,30,1
carlosvargas,22915,Carlos Vargas,SEA,RP,26,54
justinverlander,8700,Justin Verlander,FA,SP,43,35
freddyfermin,21840,Freddy Fermin,SDP,C,31,54
enyeldelossantos,18403,Enyel De Los Santos,HOU,RP,30,65
ericorze,27626,Eric Orze,MIN,RP,28,19
owencaissie,27496,Owen Caissie,MIA,OF,23,17
adaelamador,27962,Adael Amador,COL,2B,23,1
jordanwicks,30094,Jordan Wicks,CHC,RP,26,36
daurimoreta,21101,Dauri Moreta,FA,RP,30,36
jadenhill,30250,Jaden Hill,COL,RP,26,0
juanmorillo,21924,Juan Morillo,ARI,RP,27,67
seanburke,29878,Sean Burke,CHW,SP,26,59
bryceeldridge,33390,Bryce Eldridge,SFG,DH,21,8
jakemccarthy,21622,Jake McCarthy,COL,OF,28,31
timhill,16814,Tim Hill,NYY,RP,36,41
rynestanek,15947,Ryne Stanek,STL,RP,34,55
robertgasser,29812,Robert Gasser,MIL,SP,27,54
ricogarcia,20023,Rico Garcia,BAL,RP,32,50
spencerarrighetti,29921,Spencer Arrighetti,HOU,SP,26,41
denzelclarke,29858,Denzel Clarke,ATH,OF,26,1
piersonohl,30179,Pierson Ohl,COL,RP,26,62
luismorales,32227,Luis Morales,ATH,SP,23,58
lakebachar,19222,Lake Bachar,MIA,RP,31,84
joshsmith,26396,Josh Smith,TEX,SS,28,8
paulblackburn,14739,Paul Blackburn,NYY,RP,32,58
kalebort,20061,Kaleb Ort,LAA,RP,34,63
jaredtriolo,25807,Jared Triolo,PIT,SS,28,19
joseleclerc,14524,Jose Leclerc,FA,RP,32,37
patrickbailey,27478,Patrick Bailey,SFG,C,27,14
konnorpilkington,21453,Konnor Pilkington,WSN,RP,28,45
davidfesta,30056,David Festa,MIN,SP,26,58
christophermorel,21897,Christopher Morel,MIA,OF,27,5
jeremiahjackson,22239,Jeremiah Jackson,BAL,OF,26,82
jalenbeeks,17192,Jalen Beeks,FA,RP,32,68
osvaldobido,23150,Osvaldo Bido,NYY,RP,30,56
liamhicks,29844,Liam Hicks,MIA,C,27,34
jonathanbowlan,24607,Jonathan Bowlan,PHI,RP,29,52
kyleharrison,27758,Kyle Harrison,BOS,SP,24,38
tylergilbert,17964,Tyler Gilbert,CHW,RP,32,40
jpsears,23429,JP Sears,SDP,SP,30,38
jacobmelton,31661,Jacob Melton,TBR,OF,25,29
stevencruz,23165,Steven Cruz,KCR,RP,27,64
nathaniellowe,19566,Nathaniel Lowe,FA,1B,30,37
alexfreeland,31665,Alex Freeland,LAD,3B,24,76
jacksonrutledge,26215,Jackson Rutledge,WSN,RP,27,44
hyeseongkim,35322,Hyeseong Kim,LAD,2B,27,6
jhostynxongarcia,28142,Jhostynxon Garcia,PIT,OF,23,34
maxlazar,23426,Max Lazar,PHI,RP,27,60
carsonwilliams,30038,Carson Williams,TBR,SS,23,7
masonfluharty,31553,Mason Fluharty,TOR,RP,24,68
jocpederson,11899,Joc Pederson,TEX,DH,34,4
maxscherzer,3137,Max Scherzer,FA,SP,41,31
zachcole,31583,Zach Cole,HOU,OF,25,16
josesuarez,19911,Jose Suarez,ATL,SP,28,54
chadgreen,15552,Chad Green,TOR,RP,35,57
oswaldperaza,22823,Oswald Peraza,LAA,3B,26,10
coopercriswell,24975,Cooper Criswell,SEA,SP,29,18
evanphillips,17734,Evan Phillips,FA,RP,31,59
michaelconforto,16376,Michael Conforto,FA,OF,33,23
jtginn,27889,J.T. Ginn,ATH,SP,27,35
adrianhouser,12718,Adrian Houser,SFG,SP,33,12
brenanhanifee,22304,Brenan Hanifee,DET,RP,28,75
richiepalacios,24589,Richie Palacios,TBR,OF,29,1
zackkelly,20349,Zack Kelly,BOS,RP,31,76
julianfernandez,18341,Julian Fernandez,WSN,RP,30,65
zacharymaxwell,31610,Zachary Maxwell,CIN,RP,25,78
jonahheim,16930,Jonah Heim,FA,C,31,28
kevinkelly,25679,Kevin Kelly,TBR,RP,28,49
rhyshoskins,16472,Rhys Hoskins,FA,1B,33,12
taylorclarke,17611,Taylor Clarke,ARI,RP,33,45
tommypham,2967,Tommy Pham,FA,OF,38,28
mickabel,27756,Mick Abel,MIN,SP,24,20
luinderavila,24452,Luinder Avila,KCR,RP,24,58
angelmartinez,26540,Angel Martinez,CLE,OF,24,1
ramonurias,18795,Ramon Urias,FA,3B,32,29
lukejackson,11752,Luke Jackson,FA,RP,34,77
caseylegumina,25921,Casey Legumina,SEA,RP,29,64
eduardorodriguez,13164,Eduardo Rodriguez,ARI,SP,33,57
kylenicolas,27775,Kyle Nicolas,PIT,RP,27,66
ryanpressly,7005,Ryan Pressly,FA,RP,37,55
zackgelof,29766,Zack Gelof,ATH,2B,26,20
natepearson,20160,Nate Pearson,HOU,RP,29,55
carsonwhisenhunt,31676,Carson Whisenhunt,SFG,SP,25,88
griffinconine,21626,Griffin Conine,MIA,OF,28,18
gregorysantos,21894,Gregory Santos,SFG,RP,26,48
bradybasso,25582,Brady Basso,ATH,RP,28,66
josecastillo,17169,Jose Castillo,FA,RP,30,66
rafaelmontero,12760,Rafael Montero,FA,RP,35,99
nicksandlin,20517,Nick Sandlin,LAA,RP,29,52
ryanborucki,16350,Ryan Borucki,CHW,RP,32,43
dominichamel,30153,Dominic Hamel,NYY,RP,27,53
oswaldocabrera,21707,Oswaldo Cabrera,NYY,3B,27,95
hunterbarco,33174,Hunter Barco,PIT,SP,25,45
josefermin1,33908,Jose Fermin,LAA,RP,24,68
yohanramirez,19444,Yohan Ramirez,PIT,RP,31,49
chrismurphy,26214,Chris Murphy,CHW,RP,28,72
miguelamaya,21693,Miguel Amaya,CHC,C,27,9
bradgleyrodriguez,29107,Bradgley Rodriguez,SDP,RP,22,72
kyleisbel,21614,Kyle Isbel,KCR,OF,29,28
bryanhudson,19924,Bryan Hudson,CHW,RP,29,60
brandonsproat,33850,Brandon Sproat,MIL,SP,25,23
zacveen,27770,Zac Veen,COL,OF,24,13
jacobyoung,29931,Jacob Young,WSN,OF,26,30
brentheadrick,27702,Brent Headrick,NYY,RP,28,47
beaubrieske,26079,Beau Brieske,DET,RP,28,4
thairoestrada,16426,Thairo Estrada,FA,2B,30,39
benwilliamson,33197,Ben Williamson,TBR,3B,25,9
trevormcdonald,26448,Trevor McDonald,SFG,SP,25,72
stevenwilson,20353,Steven Wilson,TBR,RP,31,24
brennanbernardino,16835,Brennan Bernardino,COL,RP,34,83
keatonwinn,23499,Keaton Winn,SFG,RP,28,67
jordanhicks,19618,Jordan Hicks,CHW,RP,29,46
michelotanez,22533,Michel Otanez,TEX,RP,28,47
tristanbeck,21584,Tristan Beck,SFG,RP,30,43
paulgoldschmidt,9218,Paul Goldschmidt,FA,1B,38,48
danielschneemann,25180,Daniel Schneemann,CLE,2B,29,10
daltonrushing,31382,Dalton Rushing,LAD,C,25,68
kumarrocker,31843,Kumar Rocker,TEX,SP,26,80
felixbautista,20666,Felix Bautista,BAL,RP,31,74
roberthasselliii,27482,Robert Hassell III,WSN,OF,24,6
pavinsmith,19892,Pavin Smith,ARI,DH,30,26
daysbelhernandez,20271,Daysbel Hernandez,ATL,RP,29,62
joeboyle,29608,Joe Boyle,TBR,SP,26,36
jtbrubaker,17578,JT Brubaker,SFG,RP,32,34
mattvierling,21558,Matt Vierling,DET,OF,29,8
garrettmitchell,27555,Garrett Mitchell,MIL,OF,27,5
trentthornton,17948,Trent Thornton,FA,RP,32,46
moisesballesteros,28820,Moises Ballesteros,CHC,DH,22,25
thomassaggese,27883,Thomas Saggese,STL,2B,24,25
edmundososa,17022,Edmundo Sosa,PHI,2B,30,33
travisadams,30180,Travis Adams,MIN,RP,26,45
codiheuer,23293,Codi Heuer,CLE,RP,29,50
georgevalera,22541,George Valera,CLE,DH,25,7
pauldejong,18015,Paul DeJong,NYY,3B,32,18
adamfrazier,15223,Adam Frazier,FA,2B,34,26
shawndubin,24977,Shawn Dubin,ARI,RP,30,65
colinholderman,22361,Colin Holderman,CLE,RP,30,35
sammoll,14874,Sam Moll,CIN,RP,34,50
gordongraceffo,29519,Gordon Graceffo,STL,RP,26,44
javierbaez,12979,Javier Baez,DET,SS,33,28
yerrydelossantos,21420,Yerry De los Santos,NYY,RP,28,73
aaroncivale,19479,Aaron Civale,FA,SP,31,38
chaseshugart,21544,Chase Shugart,PHI,RP,29,55
codylaweryson,26429,Cody Laweryson,FA,RP,28,66
jorgealcala,19459,Jorge Alcala,TOR,RP,30,56
dylandodd,29928,Dylan Dodd,ATL,RP,28,46
dylanmoore,18042,Dylan Moore,PHI,2B,33,25
kylebackhus,29615,Kyle Backhus,PHI,RP,28,43
zachagnos,31552,Zach Agnos,COL,RP,25,36
johnrooney,24590,John Rooney,TBR,RP,29,67
connorbrogdon,21205,Connor Brogdon,CLE,RP,31,75
davidfry,24934,David Fry,CLE,DH,30,6
harryford,29958,Harry Ford,WSN,C,23,17
andrewalvarez,29914,Andrew Alvarez,WSN,SP,27,54
ryanmountcastle,18373,Ryan Mountcastle,BAL,1B,29,6
valentebellozo,23899,Valente Bellozo,COL,RP,26,83
luismey,25620,Luis Mey,CIN,RP,25,47
jakefraley,19260,Jake Fraley,TBR,OF,31,17
ronmarinaccio,23488,Ron Marinaccio,SDP,RP,30,97
richardfitts,30160,Richard Fitts,STL,SP,26,35
timmayza,15042,Tim Mayza,PHI,RP,34,54
lukelittle,28036,Luke Little,CHC,RP,25,43
jonathanloaisiga,19753,Jonathan Loaisiga,ARI,RP,31,43
joshsimpson,25957,Josh Simpson,MIA,RP,28,66
drewgilbert,31545,Drew Gilbert,SFG,OF,25,1
maximoacosta,27963,Maximo Acosta,MIA,3B,23,24
ryangusto,26440,Ryan Gusto,MIA,SP,27,65
brockstewart,16727,Brock Stewart,LAD,RP,34,41
richardlovelady,19337,Richard Lovelady,WSN,RP,30,74
loganallen1,27589,Logan Allen,CLE,SP,27,26
chrisroycroft,31261,Chris Roycroft,STL,RP,29,58
yaramilhiraldo,25215,Yaramil Hiraldo,BAL,RP,30,76
pedropages,25782,Pedro Pages,STL,C,27,43
jonathanpintaro,33980,Jonathan Pintaro,NYM,SP,28,91
joshwinckowski,22387,Josh Winckowski,FA,RP,28,25
davismartin,21448,Davis Martin,CHW,SP,29,65
romygonzalez,21562,Romy Gonzalez,BOS,1B,29,23
jovanimoran,20422,Jovani Moran,BOS,RP,29,47
loutrivino,15043,Lou Trivino,FA,RP,34,57
nickyorke,27504,Nick Yorke,PIT,2B,24,38
kaiweiteng,24282,Kai-Wei Teng,HOU,SP,27,66
craigkimbrel,6655,Craig Kimbrel,NYM,RP,38,46
reiversanmartin,19754,Reiver Sanmartin,SFG,RP,30,48
philipabner,33821,Philip Abner,ARI,RP,24,50
nachoalvarezjr,31765,Nacho Alvarez Jr.,ATL,3B,23,24
sethjohnson,26020,Seth Johnson,PHI,RP,27,51
kylehigashioka,5517,Kyle Higashioka,TEX,C,36,11
haydenharris,31913,Hayden Harris,ATL,RP,27,79
lazaroestrada,24914,Lazaro Estrada,TOR,SP,27,60
bricematthews,33280,Brice Matthews,HOU,2B,24,28
elimorgan,20203,Eli Morgan,FA,RP,30,33
justinmartinez,24453,Justin Martinez,ARI,RP,24,63
ryanbergert,29863,Ryan Bergert,KCR,SP,26,38
ethanroberts,24930,Ethan Roberts,CHC,RP,28,39
michaeltonkin,10315,Michael Tonkin,FA,RP,36,39
ajpuk,19343,A.J. Puk,ARI,RP,31,33
colbythomas,31855,Colby Thomas,ATH,OF,25,32
albertsuarez,6175,Albert Suarez,BAL,RP,36,49
randydobnak,23798,Randy Dobnak,SEA,SP,31,68
dylansmith,30145,Dylan Smith,DET,RP,26,58
jorgelopez,14527,Jorge Lopez,FA,RP,33,21
bobbymiller,27483,Bobby Miller,LAD,RP,27,28
robzastryzny,15094,Rob Zastryzny,MIL,RP,34,58
lucassims,13470,Lucas Sims,FA,RP,32,39
bradlord,31972,Brad Lord,WSN,RP,26,41
jonnydeluca,26365,Jonny DeLuca,TBR,OF,27,21
brianvanbelle,27695,Brian Van Belle,TBR,SP,29,67
craigyoho,33248,Craig Yoho,MIL,RP,26,48
joeybart,21524,Joey Bart,PIT,C,29,14
cambooser,16061,Cam Booser,TBR,RP,34,71
alexcall,19296,Alex Call,LAD,OF,31,12
jaydenmurray,26482,Jayden Murray,HOU,RP,29,70
brysewilson,19990,Bryse Wilson,PHI,RP,28,46
tyronetaylor,13675,Tyrone Taylor,NYM,OF,32,15
nickraquet,20333,Nick Raquet,STL,RP,30,70
genesiscabrera,17490,Genesis Cabrera,PHI,RP,29,92
brandyngarcia,33568,Brandyn Garcia,ARI,RP,26,55
esteuryruiz,21780,Esteury Ruiz,MIA,OF,27,3
johnking,22051,John King,FA,RP,31,47
josequintana,11423,Jose Quintana,FA,SP,37,62
austinwarren,24937,Austin Warren,NYM,RP,30,44
bryanhoeing,26304,Bryan Hoeing,SDP,RP,29,78
miketauchman,15274,Mike Tauchman,FA,OF,35,18
cobymayo,28312,Coby Mayo,BAL,1B,24,16
juanburgos,27271,Juan Burgos,ARI,RP,26,52
carsonragsdale,27508,Carson Ragsdale,FA,SP,28,83
andrewwalters,33834,Andrew Walters,CLE,RP,25,91
johncurtiss,16128,John Curtiss,ARI,RP,33,46
andregranillo,29542,Andre Granillo,STL,RP,26,65
miguelcastro,15684,Miguel Castro,FA,RP,31,60
grantholman,30002,Grant Holman,ATH,RP,26,67
danemyers,22054,Dane Myers,CIN,OF,30,17
mikeclevinger,12808,Mike Clevinger,PIT,RP,35,52
willbenson,21853,Will Benson,CIN,OF,28,30
taylorwalls,22458,Taylor Walls,TBR,SS,29,6
jacksonkowar,21549,Jackson Kowar,MIN,RP,29,37
willwagner,29634,Will Wagner,SDP,3B,27,7
carsonfulmer,18311,Carson Fulmer,FA,RP,32,49
andrewhoffmann,29633,Andrew Hoffmann,ARI,RP,26,56
ryanburr,17536,Ryan Burr,FA,RP,32,43
nickfortes,21538,Nick Fortes,TBR,C,29,40
patrickmonteverde,29564,Patrick Monteverde,MIA,SP,28,44
samlong,25379,Sam Long,FA,RP,30,73
justinhagenman,21546,Justin Hagenman,NYM,RP,29,51
calebboushley,19736,Caleb Boushley,FA,RP,32,70
yosverzulueta,27765,Yosver Zulueta,SEA,RP,28,61
saurynlao,21922,Sauryn Lao,FA,RP,26,73
zachpop,20185,Zach Pop,PHI,RP,29,56
baileyhorn,27753,Bailey Horn,DET,RP,28,57
chaycemcdermott,29866,Chayce McDermott,BAL,RP,27,59
roansycontreras,22810,Roansy Contreras,COL,RP,26,59
rodderymunoz,25311,Roddery Munoz,HOU,RP,26,46
bowdenfrancis,20548,Bowden Francis,TOR,SP,30,44
griffincanning,19867,Griffin Canning,FA,SP,30,46
elvispeguero,21652,Elvis Peguero,FA,RP,29,47
nasimnunez,25979,Nasim Nunez,WSN,SS,25,26
nolanhoffman,23381,Nolan Hoffman,PHI,RP,28,47
hunterstrickland,7836,Hunter Strickland,FA,RP,37,60
miguelrojas,7802,Miguel Rojas,LAD,2B,37,72
alejandroosuna,27915,Alejandro Osuna,TEX,OF,23,19
colinpoche,19403,Colin Poche,FA,RP,32,83
sambachman,29754,Sam Bachman,LAA,RP,26,40
michaellorenzen,14843,Michael Lorenzen,COL,SP,34,24
joeross,12972,Joe Ross,FA,RP,33,41
tyadcock,25651,Ty Adcock,SDP,RP,29,52
michaelpetersen,20827,Michael Petersen,MIA,RP,32,49
joeylucchesi,19320,Joey Lucchesi,FA,RP,33,57
willklein,27787,Will Klein,LAD,RP,26,61
jansonjunk,23301,Janson Junk,MIA,SP,30,26
alanroden,31564,Alan Roden,MIN,OF,26,18
alekjacob,29628,Alek Jacob,SDP,RP,28,37
zakkent,25703,Zak Kent,TEX,RP,28,61
ryanjohnson,35325,Ryan Johnson,LAA,RP,23,32
chaselee,29574,Chase Lee,TOR,RP,27,53
eduarnielnunez,23162,Eduarniel Nunez,ATH,RP,27,54
tyfrance,17982,Ty France,FA,1B,31,2
javierassad,21741,Javier Assad,CHC,SP,28,72
carsonseymour,30084,Carson Seymour,SFG,RP,27,77
scottalexander,10591,Scott Alexander,FA,RP,36,54
jayviensandridge,25158,Jayvien Sandridge,LAA,RP,27,88
mitchspence,27707,Mitch Spence,ATH,RP,28,28
justinbruihl,23779,Justin Bruihl,STL,RP,29,47
tomoyukisugano,35321,Tomoyuki Sugano,FA,SP,36,19
kolbyallard,18694,Kolby Allard,CLE,RP,28,49
jacejung,31437,Jace Jung,DET,3B,25,17
alejandrocarrillo,26463,Alejandro Carrillo,NYM,RP,29,84
henrydavis,29617,Henry Davis,PIT,C,26,32
lancemccullersjr,14120,Lance McCullers Jr.,HOU,SP,32,43
joeygerber,24591,Joey Gerber,NYM,RP,29,55
kevinherget,15369,Kevin Herget,FA,RP,35,57
hunterdobbins,30240,Hunter Dobbins,STL,SP,26,40
taylersaucedo,17888,Tayler Saucedo,LAA,RP,33,60
orlandoribalta,26247,Orlando Ribalta,WSN,RP,28,64
paulgervase,31571,Paul Gervase,LAD,RP,26,65
luisangelacuna,26548,Luisangel Acuna,CHW,2B,24,0
clarkeschmidt,19899,Clarke Schmidt,NYY,SP,30,36
thomashatch,19264,Thomas Hatch,ARI,RP,31,43
yanquielfernandez,28552,Yanquiel Fernandez,NYY,DH,23,88
grantwolfram,21623,Grant Wolfram,BAL,RP,29,86
liamhendriks,3548,Liam Hendriks,FA,RP,37,31
robrefsnyder,13770,Rob Refsnyder,SEA,OF,35,30
andyibanez,18819,Andy Ibanez,ATH,3B,33,77
joseespada,21131,Jose Espada,BAL,RP,29,72
ryanbliss,29547,Ryan Bliss,SEA,2B,26,1
danielrobert,21229,Daniel Robert,PHI,RP,31,48
hunterstratton,23455,Hunter Stratton,ATL,RP,29,65
alanrangel,19524,Alan Rangel,PHI,SP,28,56
iangibaut,17871,Ian Gibaut,FA,RP,32,79
eastonmcgee,22176,Easton McGee,MIL,RP,28,50
kendallgraveman,15514,Kendall Graveman,FA,RP,35,49
rowdytellez,15679,Rowdy Tellez,FA,1B,31,44
chrispaddack,20099,Chris Paddack,FA,SP,30,40
joshrojas,19734,Josh Rojas,KCR,3B,32,40
luisperalta,24203,Luis Peralta,COL,RP,25,41
tjmcfarland,3237,T.J. McFarland,FA,RP,37,48
jakeirvin,21504,Jake Irvin,WSN,SP,29,27
gavinhollowell,25427,Gavin Hollowell,CHC,RP,28,46
eversonpereira,23695,Everson Pereira,CHW,OF,25,28
chrisflexen,13896,Chris Flexen,CHC,RP,31,77
collinsnider,23307,Collin Snider,FA,RP,30,52
colewilcox,27481,Cole Wilcox,SEA,RP,26,43
seanguenther,20045,Sean Guenther,FA,RP,30,73
manuelrodriguez,20794,Manuel Rodriguez,TBR,RP,29,39
santiagoespinal,19997,Santiago Espinal,CIN,3B,31,4
drewsommers,32026,Drew Sommers,DET,RP,25,51
luisgarcia2,23735,Luis Garcia,FA,SP,29,77
yilberdiaz,29271,Yilber Diaz,ARI,RP,25,45
davidhamilton,27531,David Hamilton,BOS,2B,28,17
dillontate,17796,Dillon Tate,FA,RP,32,9
paxtonschultz,25501,Paxton Schultz,WSN,RP,28,75
hunterfeduccia,23372,Hunter Feduccia,TBR,C,29,30
kevinalcantara,25971,Kevin Alcantara,CHC,OF,23,13
danaltavilla,16507,Dan Altavilla,FA,RP,33,58
rolddymunoz,27407,Rolddy Munoz,ATL,RP,26,70
andrepallante,26108,Andre Pallante,STL,SP,27,53
gabrielarias,22563,Gabriel Arias,CLE,SS,26,13
carloshernandez,22713,Carlos Hernandez,CLE,RP,29,40
jonberti,12037,Jon Berti,FA,3B,36,5
joseiglesias,10231,Jose Iglesias,FA,2B,36,7
garrettacton,27583,Garrett Acton,MIA,RP,28,52
dannyyoung,18439,Danny Young,ATL,RP,32,81
blakeperkins,19921,Blake Perkins,MIL,OF,29,16
nickburdi,16074,Nick Burdi,FA,RP,33,68
giourshela,10681,Gio Urshela,FA,3B,34,13
johnbrebbia,12777,John Brebbia,COL,RP,36,60
josecorniell,27984,Jose Corniell,TEX,SP,23,59
codyfreeman,25629,Cody Freeman,TEX,2B,25,39
troytaylor,31883,Troy Taylor,SEA,RP,24,59
martinperez,6902,Martin Perez,ATL,SP,35,54
georgesoriano,21863,George Soriano,WSN,RP,27,62
jakeeder,27590,Jake Eder,WSN,RP,27,46
coltongordon,31312,Colton Gordon,HOU,SP,27,61
jeimercandelario,13621,Jeimer Candelario,FA,3B,32,3
bryceelder,27779,Bryce Elder,ATL,SP,27,55
angelchivilli,26790,Angel Chivilli,NYY,RP,23,57
sammyperalta,25589,Sammy Peralta,MIL,RP,28,57
benbowden,20198,Ben Bowden,ATH,RP,31,62
taylorrashi,26344,Taylor Rashi,ARI,RP,30,54
josetena,23691,Jose Tena,WSN,3B,25,8
dugandarnell,27812,Dugan Darnell,FA,RP,29,52
leorivas,21009,Leo Rivas,SEA,2B,28,76
maxschuemann,24488,Max Schuemann,ATH,2B,29,12
leodytaveras,18900,Leody Taveras,BAL,OF,27,40
andrylara,27967,Andry Lara,WSN,RP,23,72
joerock,30016,Joe Rock,TBR,RP,25,68
masonthompson,21850,Mason Thompson,FA,RP,28,71
nathanchurch,31357,Nathan Church,STL,OF,25,27
carlossantana,2396,Carlos Santana,FA,1B,40,41
scottmcgough,12056,Scott McGough,FA,RP,36,48
jacklittle,26152,Jack Little,FA,RP,28,81
scottblewett,16427,Scott Blewett,STL,RP,30,66
rafaelmarchan,21646,Rafael Marchan,PHI,C,27,13
stephenkolek,21487,Stephen Kolek,KCR,SP,29,32
randalgrichuk,10243,Randal Grichuk,FA,OF,34,15
isiahkinerfalefa,16512,Isiah Kiner-Falefa,FA,SS,31,7
landonknack,27487,Landon Knack,LAD,SP,28,96
connorwong,19896,Connor Wong,BOS,C,30,12
danedunning,19409,Dane Dunning,SEA,RP,31,34
tannerrainey,17610,Tanner Rainey,FA,RP,33,32
brandonwaddell,18347,Brandon Waddell,NYM,RP,32,82
joshwalker,23617,Josh Walker,BAL,RP,31,61
tylerfitzgerald,26208,Tyler Fitzgerald,SFG,2B,28,49
kylefarmer,14813,Kyle Farmer,FA,2B,35,6
anthonymisiewicz,18152,Anthony Misiewicz,CIN,RP,31,71
nickloftin,27630,Nick Loftin,KCR,OF,27,12
tyleranderson,12880,Tyler Anderson,LAA,SP,36,31
josetrevino,16725,Jose Trevino,CIN,C,33,35
nickanderson,18337,Nick Anderson,ATH,RP,35,64
ryanloutos,29521,Ryan Loutos,SEA,RP,27,52
camsanders,23479,Cam Sanders,PIT,RP,29,64
joelasorsa,25481,Joe La Sorsa,PIT,RP,28,54
brettharris,29788,Brett Harris,ATH,3B,28,11
anthonymaldonado,26034,Anthony Maldonado,HOU,RP,28,63
mattkrook,19315,Matt Krook,ATH,RP,31,65
austingomber,16561,Austin Gomber,TEX,SP,32,26
seanreynolds,22253,Sean Reynolds,FA,RP,28,25
christianencarnacionstrand,30011,Christian Encarnacion-Strand,CIN,1B,26,33
scotteffross,18384,Scott Effross,FA,RP,32,57
shinnosukeogasawara,35324,Shinnosuke Ogasawara,WSN,RP,28,16
michaeldarrellhicks,31501,Michael Darrell-Hicks,PIT,RP,28,68
nolanjones,20529,Nolan Jones,CLE,OF,28,22
eduardosalazar,23135,Eduardo Salazar,FA,RP,28,62
christianmontesdeoca,30206,Christian Montes De Oca,ARI,RP,26,59
maxkranick,22175,Max Kranick,FA,RP,28,32
jacksuwinski,22244,Jack Suwinski,PIT,OF,27,65
kylenelson,20515,Kyle Nelson,FA,RP,29,24
freddytarnok,23324,Freddy Tarnok,FA,RP,27,56
nateeaton,25055,Nate Eaton,BOS,OF,29,18
austincox,24604,Austin Cox,FA,RP,29,68
jimmycrooks,31354,Jimmy Crooks,STL,C,24,8
bladetidwell,31701,Blade Tidwell,SFG,SP,25,40
lyonrichardson,24581,Lyon Richardson,CIN,RP,26,72
jakewoodford,18674,Jake Woodford,TBR,RP,29,41
zachbrzykcy,27783,Zach Brzykcy,MIA,RP,26,62
marcchurch,26353,Marc Church,TEX,RP,25,30
carloscortes,21842,Carlos Cortes,ATH,OF,29,26
isaiahcampbell,25551,Isaiah Campbell,ARI,RP,28,49
bryanramos,25621,Bryan Ramos,BAL,3B,24,67
lucasgilbreath,21290,Lucas Gilbreath,COL,RP,30,78
tylerzuber,20379,Tyler Zuber,MIA,RP,31,55
christianroa,27662,Christian Roa,HOU,RP,27,73
omarcruz,23875,Omar Cruz,SDP,RP,27,60
milesmikolas,9803,Miles Mikolas,FA,SP,37,39
elvinrodriguez,20962,Elvin Rodriguez,FA,RP,28,83
austinpope,26136,Austin Pope,ATL,RP,27,66
dylancarlson,20126,Dylan Carlson,FA,OF,27,15
ryanrolison,22200,Ryan Rolison,CHC,RP,28,50
anthonyveneziano,27453,Anthony Veneziano,TEX,RP,28,67
ildemarovargas,13324,Ildemaro Vargas,ARI,2B,34,6
mitchgarver,15161,Mitch Garver,FA,C,35,18
cjkayfus,33704,CJ Kayfus,CLE,OF,24,2
connorthomas,25873,Connor Thomas,FA,RP,28,57
josefermin,21746,Jose Fermin,STL,2B,27,15
jaredshuster,27472,Jared Shuster,STL,RP,27,78
brycejarvis,27477,Bryce Jarvis,ARI,RP,28,40
alexverdugo,17027,Alex Verdugo,FA,OF,30,8
anthonyseigler,23802,Anthony Seigler,MIL,3B,27,18
loganvanwey,31884,Logan VanWey,HOU,RP,27,64
luistorrens,15905,Luis Torrens,NYM,C,30,13
michaelmercado,23223,Michael Mercado,PHI,RP,27,63
ronnyhenriquez,24094,Ronny Henriquez,MIA,RP,26,32
tonygonsolin,19388,Tony Gonsolin,LAD,SP,32,26
christiankoss,27653,Christian Koss,SFG,2B,28,50
anthonymolina,26952,Anthony Molina,ATL,RP,24,43
seanhjelle,21481,Sean Hjelle,FA,RP,29,64
braxtonfulford,29704,Braxton Fulford,COL,C,27,37
walkerbuehler,19374,Walker Buehler,FA,SP,31,31
ryanritter,31500,Ryan Ritter,COL,SS,25,8
jerarencarnacion,21871,Jerar Encarnacion,SFG,OF,28,19
andrewmccutchen,9847,Andrew McCutchen,FA,DH,39,22
adamottavino,1247,Adam Ottavino,FA,RP,40,58
jesustinoco,16300,Jesus Tinoco,MIA,RP,31,38
trevorrichards,19309,Trevor Richards,PHI,RP,33,38
kevinnewman,17696,Kevin Newman,KCR,3B,32,27
erikswanson,16587,Erik Swanson,FA,RP,32,50
hectorneris,11804,Hector Neris,KCR,RP,37,51
cadendana,31508,Caden Dana,LAA,SP,22,36
joemantiply,14857,Joe Mantiply,FA,RP,35,35
cionelperez,19614,Cionel Perez,FA,RP,30,58
taylerscott,13652,Tayler Scott,ATL,RP,34,50
troyjohnston,26143,Troy Johnston,COL,OF,29,20
brandonyoung,27819,Brandon Young,BAL,SP,27,63
djlemahieu,9874,DJ LeMahieu,FA,2B,37,26
jamesoutman,24770,James Outman,MIN,OF,29,43
christianvazquez,9774,Christian Vazquez,FA,C,35,8
patrickcorbin,9323,Patrick Corbin,FA,SP,36,46
dednielnunez,23055,Dedniel Nunez,NYM,RP,30,72
kylefreeland,16256,Kyle Freeland,COL,SP,33,21
julianmerryweather,16703,Julian Merryweather,FA,RP,34,66
leojimenez,23782,Leo Jimenez,TOR,2B,25,49
jakebauers,15194,Jake Bauers,MIL,1B,30,9
chasmccormick,19599,Chas McCormick,FA,OF,31,20
jessechavez,5448,Jesse Chavez,FA,RP,42,60
adriandelcastillo,29554,Adrian Del Castillo,ARI,DH,26,25
randyvasquez,24719,Randy Vasquez,SDP,SP,27,98
travisdarnaud,7739,Travis d'Arnaud,LAA,C,37,25
ryanfitzgerald,24622,Ryan Fitzgerald,LAD,2B,32,53
vidalbrujan,20536,Vidal Brujan,NYM,3B,28,2
haydenwesneski,27581,Hayden Wesneski,HOU,SP,28,39
johnrave,26284,John Rave,KCR,OF,28,16
milesmastrobuoni,20017,Miles Mastrobuoni,SEA,3B,30,21
jamesmccann,12859,James McCann,ARI,C,36,8
joseurquidy,18413,Jose Urquidy,FA,SP,31,65
chrisstratton,13761,Chris Stratton,FA,RP,35,41
bryceteodosio,29524,Bryce Teodosio,LAA,OF,27,22
nickylopez,19339,Nicky Lopez,COL,3B,31,12
joseruiz,14552,Jose Ruiz,FA,RP,31,63
garysanchez,11442,Gary Sanchez,FA,C,33,99
tylertolbert,25779,Tyler Tolbert,KCR,OF,28,2
yohelpozo,18848,Yohel Pozo,STL,C,29,63
jahmaijones,18872,Jahmai Jones,DET,OF,28,18
jasonalexander,19666,Jason Alexander,HOU,SP,33,54
jcescarra,20084,J.C. Escarra,NYY,C,31,25
darrenmccaughan,20038,Darren McCaughan,CIN,RP,30,79
anthonydesclafani,13050,Anthony DeSclafani,FA,RP,36,21
lukeraley,19354,Luke Raley,SEA,OF,31,20
zachdezenzo,31562,Zach Dezenzo,HOU,OF,26,9
ezequielduran,23733,Ezequiel Duran,TEX,SS,27,20
brendanrodgers,17907,Brendan Rodgers,FA,2B,29,1
mylesstraw,17620,Myles Straw,TOR,OF,31,3
samhaggerty,18054,Sam Haggerty,TEX,OF,32,0
markcanha,11445,Mark Canha,FA,OF,37,21
tirsoornelas,22566,Tirso Ornelas,SDP,OF,26,21
eliasdiaz,11680,Elias Diaz,FA,C,35,17
justinfoscue,27501,Justin Foscue,TEX,2B,27,56
carlosrodriguez,30161,Carlos Rodriguez,MIL,SP,24,27
starlingmarte,9241,Starling Marte,FA,DH,37,6
koreylee,25543,Korey Lee,CHW,C,27,26
darellhernaiz,26224,Darell Hernaiz,ATH,SS,24,2
tannergordon,27669,Tanner Gordon,COL,SP,28,29
jonatanclase,26599,Jonatan Clase,TOR,OF,24,8
wilmerflores,5827,Wilmer Flores,FA,DH,34,41
cesarprieto,30163,Cesar Prieto,STL,3B,27,31
jakerogers,19452,Jake Rogers,DET,C,31,34
hestonkjerstad,31166,Heston Kjerstad,BAL,OF,27,13
johnathanrodriguez,22530,Johnathan Rodriguez,CLE,OF,26,30
kyrenparis,26420,Kyren Paris,LAA,OF,24,19
tylerheineman,13897,Tyler Heineman,TOR,C,35,55
jorbitvivas,23917,Jorbit Vivas,NYY,2B,25,90
charliemorton,4676,Charlie Morton,FA,SP,42,50
joeyestes,26257,Joey Estes,ATH,SP,24,68
jacksonjobe,30203,Jackson Jobe,DET,SP,23,21
jonahbride,24703,Jonah Bride,TEX,3B,30,31
tylercallihan,27497,Tyler Callihan,CIN,2B,26,32
timtawa,29571,Tim Tawa,ARI,OF,27,13
christaylor,13757,Chris Taylor,FA,OF,35,33
calquantrill,19312,Cal Quantrill,FA,SP,31,48
reesemcguire,15674,Reese McGuire,MIL,C,31,33
austinslater,16153,Austin Slater,FA,OF,33,29
chasedollander,33482,Chase Dollander,COL,SP,24,32
vimaelmachin,17684,Vimael Machin,COL,3B,32,65
jhonathandiaz,20298,Jhonathan Diaz,SEA,SP,29,74
samadtaylor,22274,Samad Taylor,SEA,2B,27,0
joeyloperfido,29630,Joey Loperfido,TOR,OF,27,10
jongray,14916,Jon Gray,FA,RP,34,22
austinwynns,15271,Austin Wynns,ATH,C,35,29
josemiranda,20538,Jose Miranda,SDP,3B,28,64
shaywhitcomb,27789,Shay Whitcomb,HOU,2B,27,10
oliverdunn,26295,Oliver Dunn,CHW,3B,28,45
luiscampusano,22217,Luis Campusano,SDP,DH,27,12
eliwhite,19346,Eli White,ATL,OF,32,36
michaelhelman,24605,Michael Helman,TEX,OF,30,24
luisurias,16622,Luis Urias,FA,2B,29,17
didierfuentes,30661,Didier Fuentes,ATL,SP,21,75
luisvazquez,23442,Luis Vazquez,BAL,3B,26,52
daironblanco,19779,Dairon Blanco,KCR,OF,33,44
ryanfeltner,21446,Ryan Feltner,COL,SP,29,18
camdevanney,25688,Cam Devanney,FA,3B,29,34
blainecrim,25714,Blaine Crim,COL,1B,29,16
derekhill,16947,Derek Hill,CHW,OF,30,47
tristangray,19877,Tristan Gray,MIN,2B,30,10
alexjackson,17276,Alex Jackson,MIN,C,30,64
ericwagaman,23395,Eric Wagaman,MIN,1B,28,13
erickfedde,17425,Erick Fedde,FA,SP,33,59
loganevans,33699,Logan Evans,SEA,SP,25,23
manuelmargot,14712,Manuel Margot,DET,OF,31,7
cesarsalazar,21587,Cesar Salazar,HOU,C,30,18
emersonhancock,27470,Emerson Hancock,SEA,SP,27,26
brettwisely,27735,Brett Wisely,TBR,2B,27,0
vinnycapra,25040,Vinny Capra,BOS,3B,29,41
johanrojas,24336,Johan Rojas,PHI,OF,25,23
andruwmonasterio,19455,Andruw Monasterio,MIL,SS,29,14
wademiley,8779,Wade Miley,FA,SP,39,22
jonathancannon,31730,Jonathan Cannon,CHW,SP,25,48
rileyadams,19864,Riley Adams,WSN,C,30,15
josedeleon,15463,Jose De Leon,FA,SP,33,78
brycejohnson,20002,Bryce Johnson,SDP,OF,30,29
mitchellparker,27636,Mitchell Parker,WSN,SP,26,70
masonblack,30171,Mason Black,KCR,SP,26,47
gustavocampero,22707,Gustavo Campero,LAA,OF,28,51
matthewlugo,25980,Matthew Lugo,LAA,OF,25,15
mjmelendez,22197,MJ Melendez,FA,OF,27,1
jpfrance,21212,J.P. France,HOU,SP,31,68
krisbryant,15429,Kris Bryant,COL,DH,34,23
andrewknizner,19514,Andrew Knizner,SEA,C,31,25
justynhenrymalloy,29606,Justyn-Henry Malloy,TBR,OF,26,55
mickeygasper,24759,Mickey Gasper,BOS,C,30,11
jorgebarrosa,23968,Jorge Barrosa,ARI,OF,25,1
timanderson,15172,Tim Anderson,FA,2B,33,77
keidermontero,22630,Keider Montero,DET,SP,25,54
jorgemateo,17273,Jorge Mateo,ATL,SS,31,2
connorseabold,19695,Connor Seabold,TOR,RP,30,61
ryanvilade,22165,Ryan Vilade,TBR,OF,27,46
willbrennan,25660,Will Brennan,FA,OF,28,17
tannerhouck,19879,Tanner Houck,BOS,SP,30,89
lukemaile,13355,Luke Maile,FA,C,35,17
ronnysimon,25346,Ronny Simon,PIT,OF,26,63
jhonkensynoel,24257,Jhonkensy Noel,BAL,OF,24,43
nickallen,22277,Nick Allen,HOU,SS,27,20
cristianmena,27974,Cristian Mena,ARI,SP,23,64
jarredkelenic,22558,Jarred Kelenic,CHW,OF,26,24
emmanuelrivera,19890,Emmanuel Rivera,FA,3B,30,26
rhylanthomas,31793,Rhylan Thomas,SEA,OF,26,31
ronelblanco,19407,Ronel Blanco,HOU,SP,32,56
joseurena,11589,Jose Urena,FA,RP,34,54
mccadebrown,30004,McCade Brown,COL,SP,25,51
dominicsmith,15653,Dominic Smith,FA,1B,31,7
westonwilson,19358,Weston Wilson,BAL,OF,31,37
marcusstroman,13431,Marcus Stroman,FA,SP,35,0
germanmarquez,15038,German Marquez,FA,SP,31,48
victormesajr,25999,Victor Mesa Jr.,TBR,OF,24,10
victormederos,31533,Victor Mederos,LAA,SP,25,58
brandonlockridge,21496,Brandon Lockridge,MIL,OF,29,20
mattwaldron,25550,Matt Waldron,SDP,SP,29,61
scottkingery,17975,Scott Kingery,FA,2B,32,13
nestorcortes,17874,Nestor Cortes,FA,SP,31,65
orlandoarcia,13185,Orlando Arcia,FA,SS,31,11
robertstock,6576,Robert Stock,BOS,SP,36,78
austinbarnes,12158,Austin Barnes,NYM,C,36,15
akilbaddoo,22168,Akil Baddoo,MIL,OF,27,25
tristonmckenzie,18000,Triston McKenzie,SDP,RP,28,25
chasepetty,30170,Chase Petty,CIN,SP,23,61
tristanpeters,30063,Tristan Peters,CHW,OF,26,25
enriquehernandez,10472,Enrique Hernandez,FA,1B,34,8
eastonlucas,26058,Easton Lucas,FA,SP,29,62
gunnarhoglund,31318,Gunnar Hoglund,ATH,SP,26,53
samaldegheri,26443,Sam Aldegheri,LAA,SP,24,61
blascastano,26117,Blas Castano,SEA,SP,27,62
kameronmisner,26374,Kameron Misner,KCR,OF,28,26
curtismead,23986,Curtis Mead,CHW,1B,25,29
taylortrammell,19960,Taylor Trammell,HOU,OF,28,26
thomasharrington,31989,Thomas Harrington,PIT,SP,24,78
taijuanwalker,11836,Taijuan Walker,PHI,SP,33,99
jacobstallings,13723,Jacob Stallings,FA,C,36,25
jihwanbae,23818,Ji Hwan Bae,NYM,OF,26,3
austinhedges,12976,Austin Hedges,CLE,C,33,27
baileyfalter,20070,Bailey Falter,KCR,SP,29,36
drewmillas,25643,Drew Millas,WSN,C,28,14
dougnikhazy,30142,Doug Nikhazy,CLE,SP,26,65
masonbarnett,31741,Mason Barnett,ATH,SP,25,63
joeywiemer,27690,Joey Wiemer,WSN,OF,27,21
benlively,14932,Ben Lively,FA,SP,34,39
robinsonpina,23091,Robinson Pina,FA,SP,27,33
blakedunn,29487,Blake Dunn,CIN,OF,27,59
benrortvedt,20287,Ben Rortvedt,LAD,C,28,38
carsonspiers,27685,Carson Spiers,CIN,SP,28,68
spencerturnbull,16207,Spencer Turnbull,FA,SP,33,12
mitchfarris,33628,Mitch Farris,LAA,SP,25,70
jorgealfaro,12180,Jorge Alfaro,KCR,C,33,35
jhonnypereda,19802,Jhonny Pereda,SEA,C,30,5
treysweeney,29575,Trey Sweeney,DET,SS,26,27
chadwicktromp,16953,Chadwick Tromp,ATL,C,31,41
josebarrero,23378,Jose Barrero,BAL,OF,28,96
williemaciver,24641,Willie MacIver,TEX,C,29,65
maverickhandley,26106,Maverick Handley,BAL,C,28,98
sebastianrivero,21735,Sebastian Rivero,LAA,C,27,38
warmingbernabel,26536,Warming Bernabel,FA,1B,24,25
buddykennedy,22505,Buddy Kennedy,SFG,3B,27,46
denzerguzman,28816,Denzer Guzman,LAA,SS,22,13
haydensenger,21489,Hayden Senger,NYM,C,29,30
ajsmithshawver,29960,AJ Smith-Shawver,ATL,SP,23,32
tomasnido,13755,Tomas Nido,FA,C,32,0
brettsullivan,18217,Brett Sullivan,COL,C,32,59
edouardjulien,27534,Edouard Julien,COL,1B,27,47
garretthampson,19262,Garrett Hampson,CIN,OF,31,53
recehinds,27493,Rece Hinds,CIN,OF,25,57
briannavarreto,16398,Brian Navarreto,MIA,C,31,64
willwilson,25434,Will Wilson,SEA,2B,27,7
domnunez,15055,Dom Nunez,CLE,C,31,46
jessewinker,13590,Jesse Winker,FA,DH,32,3
grantmccray,25690,Grant McCray,SFG,OF,25,58
sandyleon,5273,Sandy Leon,ATL,C,37,8
gageworkman,27573,Gage Workman,CHW,3B,26,41
willbanfield,23790,Will Banfield,CIN,C,26,60
peteyhalpin,27931,Petey Halpin,CLE,OF,24,0
joseherrera,17040,Jose Herrera,TEX,C,29,11
ryankreidler,25867,Ryan Kreidler,MIN,OF,28,6
tylerlocklear,31396,Tyler Locklear,ARI,1B,25,31
michaelsiani,22557,Michael Siani,LAD,OF,26,22
dashawnkeirseyjr,24496,DaShawn Keirsey Jr.,ATL,OF,29,21
carledwardsjr,13607,Carl Edwards Jr.,FA,RP,34,58
andreschaparro,21797,Andres Chaparro,WSN,1B,27,87
stewardberroa,22766,Steward Berroa,MIL,OF,27,35
zachthompson,16094,Zach Thompson,FA,RP,32,73
jackwinkler,29830,Jack Winkler,FA,2B,27,63
jddavis,16219,J.D. Davis,FA,3B,33,22
trevorwilliams,16977,Trevor Williams,WSN,SP,34,32
alexandercanario,22842,Alexander Canario,FA,OF,26,29
connorkaiser,21535,Connor Kaiser,KCR,2B,29,30
josesiri,17452,Jose Siri,FA,OF,30,19
jackkochanowicz,27688,Jack Kochanowicz,LAA,SP,25,41
endyrodriguez,25332,Endy Rodriguez,PIT,1B,26,5
stuartfairchild,20321,Stuart Fairchild,CLE,OF,30,17
antoniosenzatela,15488,Antonio Senzatela,COL,SP,31,49
tylerwade,15730,Tyler Wade,TEX,OF,31,14
nabilcrismatt,17732,Nabil Crismatt,FA,SP,31,61
jasonheyward,4940,Jason Heyward,FA,OF,36,22
hunterrenfroe,15464,Hunter Renfroe,FA,OF,34,16
adammazur,31900,Adam Mazur,MIA,SP,25,60
carsonpalmquist,31612,Carson Palmquist,COL,SP,25,45
drewwaters,20505,Drew Waters,KCR,OF,27,8
masonmccoy,22232,Mason McCoy,SDP,SS,31,18
dominicfletcher,26149,Dominic Fletcher,PIT,OF,28,26
coreyjulks,20311,Corey Julks,FA,OF,30,32
jessescholtens,19205,Jesse Scholtens,TBR,SP,32,65
donovanwalton,19314,Donovan Walton,LAA,2B,32,18
travisjankowski,13768,Travis Jankowski,FA,OF,35,16
sethbrown,18171,Seth Brown,ATH,OF,33,15
justinturner,5235,Justin Turner,FA,1B,41,3
willrobertson,25467,Will Robertson,BAL,OF,28,54
oscargonzalez,20970,Oscar Gonzalez,FA,OF,28,39
danieljohnson,19643,Daniel Johnson,MIA,OF,30,36
tsungchecheng,28344,Tsung-Che Cheng,BOS,SS,24,71
dustinharris,25705,Dustin Harris,CHW,OF,26,37
lamontewadejr,18126,LaMonte Wade Jr.,CHW,1B,32,34
billymckinney,15654,Billy McKinney,FA,OF,31,33
cocomontes,21547,Coco Montes,FA,OF,29,10
carsonmccusker,33098,Carson McCusker,FA,OF,28,60
carloscarrasco,6632,Carlos Carrasco,ATL,SP,39,59
bradleyblalock,26419,Bradley Blalock,MIA,SP,25,31
jaredyoung,20404,Jared Young,NYM,DH,30,29
michaelstefanic,25353,Michael Stefanic,ATH,2B,30,17
connorjoe,16572,Connor Joe,FA,OF,33,17
owenmiller,24655,Owen Miller,FA,2B,29,11
owenwhite,22273,Owen White,FA,SP,26,67
joshuapalacios,19818,Joshua Palacios,FA,OF,30,47
eddierosario,12155,Eddie Rosario,FA,OF,34,9
fraserellard,29530,Fraser Ellard,CHW,RP,28,55
michaelfulmer,13218,Michael Fulmer,SFG,RP,33,49
josequijada,19200,Jose Quijada,FA,RP,30,65
jordanweems,13190,Jordan Weems,FA,RP,33,51
tomcosgrove,23443,Tom Cosgrove,FA,RP,30,38
jeffbrigham,16631,Jeff Brigham,FA,RP,34,34
angelperdomo,17759,Angel Perdomo,LAA,RP,32,52
mattthaiss,19318,Matt Thaiss,FA,C,31,34
nathanwiles,25474,Nathan Wiles,FA,SP,27,71
tommyhenry,26285,Tommy Henry,ARI,SP,28,47
caseykelly,9174,Casey Kelly,FA,SP,36,60
claytonkershaw,2036,Clayton Kershaw,FA,SP,38,22
yudarvish,13074,Yu Darvish,SDP,SP,39,11
andrewheaney,15423,Andrew Heaney,FA,SP,35,33
frankiemontas,14309,Frankie Montas,FA,SP,33,47
kentamaeda,18498,Kenta Maeda,FA,SP,38,18
kylegibson,10123,Kyle Gibson,FA,SP,38,48
xzavioncurry,25595,Xzavion Curry,FA,SP,27,49
iananderson,19951,Ian Anderson,FA,SP,28,34
allanwinans,21238,Allan Winans,FA,SP,30,62
kylehendricks,12049,Kyle Hendricks,FA,SP,36,28
shaunanderson,19453,Shaun Anderson,LAA,SP,31,64
brucezimmermann,20370,Bruce Zimmermann,STL,SP,31,54
caseylawrence,11121,Casey Lawrence,SEA,SP,38,41
connorgillispie,26171,Connor Gillispie,FA,SP,28,55
brandonwalter,26056,Brandon Walter,HOU,SP,29,60
tylormegill,21318,Tylor Megill,NYM,SP,30,38
nickmaton,21635,Nick Maton,CHW,DH,29,0
nicenright,25553,Nic Enright,FA,RP,29,59
brookskriske,21189,Brooks Kriske,ATH,RP,32,48
noahdavis,25862,Noah Davis,PIT,RP,29,56
mattsauer,22284,Matt Sauer,FA,RP,27,64
forrestwhitley,19586,Forrest Whitley,TBR,RP,28,38
chrisdevenski,12763,Chris Devenski,PIT,RP,35,57
erasmoramirez,10314,Erasmo Ramirez,FA,RP,36,30
corbinmartin,19884,Corbin Martin,FA,RP,30,48
randyrodriguez,23974,Randy Rodriguez,SFG,RP,26,73
geoffhartlieb,19558,Geoff Hartlieb,ATH,RP,32,31
wandersuero,15855,Wander Suero,ATH,RP,34,39
brettdegeus,23592,Brett de Geus,PHI,RP,28,74
jpfeyereisen,16610,J.P. Feyereisen,FA,RP,33,40
pennmurfee,25174,Penn Murfee,CHW,RP,32,63
sethmartinez,21045,Seth Martinez,BOS,RP,31,40
tylermatzek,10058,Tyler Matzek,FA,RP,35,68
luarbertarias,23811,Luarbert Arias,FA,RP,25,76
justingarza,19784,Justin Garza,FA,RP,32,71
mattbowman,13528,Matt Bowman,FA,RP,35,51
codybolton,23265,Cody Bolton,HOU,RP,28,67
jacobbarnes,12323,Jacob Barnes,FA,RP,36,67
luiscontreras,25839,Luis Contreras,FA,RP,30,73
noahmurdock,27908,Noah Murdock,PIT,RP,27,58
nickhernandez,19281,Nick Hernandez,ATH,RP,31,52
codypoteet,18769,Cody Poteet,FA,RP,31,53
toukitoussaint,16929,Touki Toussaint,LAA,RP,30,55
garrettmcdaniels,31751,Garrett McDaniels,LAA,RP,26,57
emmanuelclase,21032,Emmanuel Clase,CLE,RP,28,48
reedgarrett,16866,Reed Garrett,NYM,RP,33,75
tylerowens,26030,Tyler Owens,FA,RP,25,62
calebfreeman,26255,Caleb Freeman,FA,RP,28,68
jessehahn,13287,Jesse Hahn,FA,RP,36,49
carlosduran,24458,Carlos Duran,FA,RP,24,39
blakesabol,25805,Blake Sabol,TBR,C,28,18
erichaase,14111,Eric Haase,SFG,C,33,13
samhuff,22209,Sam Huff,BAL,C,28,31
omarnarvaez,13338,Omar Narvaez,FA,C,34,22
loganporter,20626,Logan Porter,SFG,C,30,13
alisanchez,18551,Ali Sanchez,NYY,C,29,29
austinnola,15941,Austin Nola,FA,C,36,20
martinmaldonado,6887,Martin Maldonado,FA,C,39,15
robbrantly,10655,Rob Brantly,FA,C,36,19
tuckerbarnhart,10200,Tucker Barnhart,FA,C,35,18
tylerblack,29949,Tyler Black,MIL,OF,25,7
nicksogard,25483,Nick Sogard,BOS,1B,28,20
davisdaniel,27582,Davis Daniel,FA,SP,29,58
logangillaspie,22461,Logan Gillaspie,SDP,SP,29,71
richhill,4806,Rich Hill,FA,SP,46,35
gersongarabito,19835,Gerson Garabito,MIL,SP,30,60
luisfcastillo,20638,Luis F. Castillo,FA,SP,31,43
luisortiz1,27646,Luis Ortiz,CLE,SP,27,45
enmanuelvaldez,21716,Enmanuel Valdez,PIT,1B,27,47
billycook,29573,Billy Cook,PIT,OF,27,25
luisguillorme,16451,Luis Guillorme,FA,2B,31,0
michaeltoglia,25845,Michael Toglia,CIN,1B,27,48
luisguerrero,31184,Luis Guerrero,HOU,2B,25,91
timelko,31522,Tim Elko,CHW,1B,27,30
donovansolano,8623,Donovan Solano,FA,1B,38,16
abrahamtoro,19844,Abraham Toro,KCR,1B,29,21
nikokavadas,29782,Niko Kavadas,LAA,1B,27,20
yuligurriel,19198,Yuli Gurriel,FA,DH,42,10
aaronschunk,25524,Aaron Schunk,ATL,SS,28,30
lioverpeguero,24273,Liover Peguero,PHI,SS,25,31
lukewilliams,19931,Luke Williams,ATL,SS,29,37
bobseymour,30028,Bob Seymour,FA,1B,27,41
carterkieboom,19958,Carter Kieboom,CLE,DH,28,31
mattmervis,27845,Matt Mervis,FA,1B,28,36
ryannoda,23312,Ryan Noda,BAL,1B,30,41
logandavidson,25844,Logan Davidson,TBR,1B,28,21
davidvillar,24782,David Villar,FA,1B,29,32
jonsingleton,10441,Jon Singleton,FA,1B,34,35
bobbydalbec,19966,Bobby Dalbec,FA,1B,31,31
kestonhiura,20003,Keston Hiura,FA,1B,29,7
tristinenglish,26148,Tristin English,ATL,1B,29,30
nicksolak,19294,Nick Solak,SDP,1B,31,15
chadstevens,29614,Chad Stevens,COL,SS,27,21
bryandelacruz,19600,Bryan De La Cruz,PHI,OF,29,14
samhilliard,17954,Sam Hilliard,FA,OF,32,16
cavanbiggio,19252,Cavan Biggio,FA,OF,31,18
kevinpillar,12434,Kevin Pillar,FA,OF,37,1
dazcameron,18353,Daz Cameron,FA,OF,29,20
seanbouchard,21270,Sean Bouchard,FA,OF,30,12
michaelataylor,11489,Michael A. Taylor,FA,OF,35,21
joseazocar,18821,Jose Azocar,ATL,OF,30,18
mattgorski,25855,Matt Gorski,FA,1B,28,62
calstevenson,22411,Cal Stevenson,FA,OF,29,47
cooperhummel,19458,Cooper Hummel,FA,OF,31,16
jacobhurtubise,27599,Jacob Hurtubise,SEA,OF,28,26
jordynadams,23788,Jordyn Adams,FA,OF,26,80
gregallen,16623,Greg Allen,FA,OF,33,25
drewavans,25183,Drew Avans,COL,OF,30,18
pabloreyes,16357,Pablo Reyes,SDP,OF,32,26
nickmartini,12005,Nick Martini,FA,DH,36,35
jonathanornelas,24597,Jonathan Ornelas,NYY,SS,26,64
nickahmed,12147,Nick Ahmed,FA,SS,36,23
jacobamaya,23296,Jacob Amaya,ARI,SS,27,18
alantrejo,20056,Alan Trejo,FA,SS,30,31
zackshort,19562,Zack Short,NYY,SS,31,38
trentonbrooks,19384,Trenton Brooks,FA,DH,30,41
lukenbaker,21497,Luken Baker,ARI,DH,29,21
cjalexander,20557,CJ Alexander,ATH,3B,29,
colewaites,25665,Cole Waites,SFG,SIRP,28,
rafaelfloresjr,31991,Rafael Flores Jr.,PIT,C,25,
ernestomartinezjr,sa3003173,Ernesto Martinez Jr.,MIL,1B,27,
geraldogando,sa3005026,Gerald Ogando,BAL,SIRP,25,
dalvinrosario,sa3005144,Dalvin Rosario,CIN,SIRP,26,
carlosdrodriguez,sa3005478,Carlos D. Rodriguez,ATL,CF,25,
stevenperez,sa3008362,Steven Perez,CLE,SIRP,25,
jjdorazio,sa3008876,J.J. D'Orazio,ARI,C,24,
leandropineda,sa3008905,Leandro Pineda,PHI,RF,24,
eddinsonpaulino,sa3009538,Eddinson Paulino,TOR,3B,23,
hancelrincon,sa3009629,Hancel Rincon,STL,SP,24,
listhersosa,sa3009725,Listher Sosa,ARI,SIRP,24,
edgarisea,sa3009936,Edgar Isea,ARI,SIRP,23,
luisvelasquez,sa3010135,Luis Velasquez,NYY,SIRP,25,
anthonynunez,sa3010171,Anthony Nunez,BAL,SIRP,24,
andrewnavigato,sa3010703,Andrew Navigato,DET,SS,28,
jaredjohnson,sa3011626,Jared Johnson,ATH,SIRP,25,
yosbersanchez,sa3011636,Yosber Sanchez,DET,SIRP,25,
gabrielsosa,sa3011682,Gabriel Sosa,SEA,SIRP,25,
gavincollyer,sa3011742,Gavin Collyer,TEX,SIRP,25,
erickbrito,sa3011753,Erick Brito,PHI,SS,24,
benpeoples,sa3011784,Ben Peoples,CHW,SIRP,25,
shanedrohan,sa3014447,Shane Drohan,BOS,MIRP,27,
tekoahroby,sa3014519,Tekoah Roby,STL,MIRP,24,
daxfulton,sa3014535,Dax Fulton,MIA,SP,24,
poyuchen,sa3014699,Po-Yu Chen,PIT,SP,24,
braxtonroxby,sa3014811,Braxton Roxby,SFG,SIRP,27,
carsoncoleman,sa3014857,Carson Coleman,NYY,SIRP,28,
brettauerbach,sa3014941,Brett Auerbach,SFG,2B,27,
jackdashwood,sa3015035,Jack Dashwood,LAA,SIRP,28,
josedavila,sa3015092,Jose Davila,STL,SP,23,
juancorniel,sa3015169,Juan Corniel,ARI,SS,23,
yerlinconfidan,sa3015176,Yerlin Confidan,CIN,RF,23,
wilfredveras,sa3015178,Wilfred Veras,CHW,RF,23,
kalairosario,sa3015199,Kala'i Rosario,MIN,RF,23,
josefernandez,sa3015204,Jose Fernandez,ARI,SS,22,
joeelbis,sa3015216,Joe Elbis,ARI,SP,23,
ricardoolivar,sa3015234,Ricardo Olivar,MIN,C,24,
brandanbidois,sa3015277,Brandan Bidois,PIT,SIRP,25,
dahiansantos,sa3015282,Dahian  Santos,TOR,MIRP,23,
joshstephan,sa3015286,Josh Stephan,TEX,SP,24,
elisonjoseph,sa3015306,Elison Joseph,ATL,SIRP,25,
joseacuna,sa3015331,Jose Acuna,CIN,SP,23,
aidancurry,sa3015334,Aidan Curry,TEX,MIRP,23,
yerlinrodriguez,sa3015362,Yerlin Rodriguez,MIL,SIRP,24,
yujanyerherrera,sa3015370,Yujanyer Herrera,COL,SIRP,22,
adrianrodriguez,sa3015385,Adrian Rodriguez,TEX,SIRP,25,
juannunez,sa3015464,Juan Nunez,BAL,SP,25,
antwonekelly,sa3015489,Antwone Kelly,PIT,SIRP,22,
joeldiaz,sa3015500,Joel Diaz,NYM,SP,22,
yaquirivera,sa3015504,Yaqui Rivera,BAL,SIRP,22,
jeraltoledo,sa3015590,Jeral Toledo,PIT,2B,23,
christiancerda,sa3015623,Christian Cerda,ARI,C,23,
victorarias,sa3015636,Victor Arias,TOR,CF,22,
omaralfonzo,sa3015665,Omar Alfonzo,PIT,C,22,
ronaldhernandez,sa3015738,Ronald Hernandez,NYM,C,22,
esmerlynvaldez,sa3015768,Esmerlyn Valdez,PIT,RF,22,
leobalcazar,sa3015798,Leo Balcazar,CIN,SS,22,
gregorybarrios,sa3015800,Gregory Barrios,TBR,SS,22,
jadherareinamo,sa3015802,Jadher Areinamo,TBR,2B,22,
gleiderfigueroa,sa3015813,Gleider Figueroa,TEX,3B,22,
pedroramirez,sa3015834,Pedro Ramirez,CHC,3B,22,
andyperez,sa3015857,Andy Perez,COL,SS,22,
kennycastillo,sa3015863,Kenny Castillo,ARI,C,22,
randelclemente,sa3016003,Randel Clemente,STL,SIRP,24,
jordyvargas,sa3016052,Jordy Vargas,COL,SP,22,
ricardoyan,sa3016056,Ricardo Yan,ARI,SP,23,
welintonherrera,sa3016061,Welinton Herrera,COL,SIRP,22,
felipedelacruz,sa3016065,Felipe De La Cruz,NYM,SIRP,25,
diegovelasquez,sa3016144,Diego Velasquez,SFG,SS,22,
jaydennestanista,sa3016230,Jaydenn  Estanista,PHI,SIRP,24,
keythelkey,sa3016282,Keythel Key,LAA,SIRP,22,
yendygomez,sa3016287,Yendy Gomez,LAA,SIRP,22,
jaroldrosado,sa3016502,Jarold Rosado,CHW,SIRP,23,
miguelullola,sa3016504,Miguel Ullola,HOU,SIRP,24,
felixarronde,sa3016526,Felix Arronde,KCR,SP,23,
luisserna,sa3016528,Luis Serna,NYY,SP,21,
jhonielserrano,sa3016710,Jhoniel Serrano,MIA,SIRP,22,
luissuisbel,sa3016717,Luis Suisbel,SEA,3B,23,
edwardduran,sa3016719,Edward Duran,TOR,C,22,
frederickbencosme,sa3016779,Frederick Bencosme,BAL,SS,23,
spencerpackard,sa3016803,Spencer Packard,SEA,LF,28,
douglasorellana,sa3016817,Douglas Orellana,NYM,SIRP,24,
gabrielreyes,sa3016833,Gabriel Reyes,DET,SIRP,23,
luisalvarez,sa3016847,Luis Alvarez,NYM,SIRP,23,
abimelecortiz,sa3016926,Abimelec  Ortiz,TEX,1B,24,
benjamincowles,sa3016976,Benjamin Cowles,CHC,SS,26,
ismaelagreda,sa3017010,Ismael Agreda,TEX,MIRP,22,
austinsmith,sa3017071,Austin Smith,COL,SIRP,27,
austinvernon,sa3017138,Austin Vernon,TBR,SIRP,27,
tysonguerrero,sa3017140,Tyson Guerrero,KCR,SIRP,27,
andrewbaker,sa3017196,Andrew Baker,PHI,SIRP,26,
luisrrodriguez,sa3017275,Luis R. Rodriguez,NYM,SIRP,23,
bjmurrayjr,sa3017287,BJ Murray Jr.,CHC,3B,26,
loganworkman,sa3017313,Logan Workman,TBR,SP,27,
garretthawkins,sa3017383,Garrett Hawkins,SDP,SIRP,26,
jayallenii,sa3017403,Jay Allen II,CIN,CF,23,
noahmiller,sa3017512,Noah Miller,LAD,SS,23,
alexpham,sa3017550,Alex Pham,BAL,SP,26,
creedwillems,sa3017562,Creed Willems,BAL,C,23,
rileymartin,sa3017601,Riley Martin,CHC,SIRP,28,
tyleruberstine,sa3017643,Tyler Uberstine,BOS,MIRP,27,
jakefox,sa3017734,Jake Fox,CLE,CF,23,
ronankopp,sa3017751,Ronan Kopp,LAD,SIRP,23,
gavinconticello,sa3017770,Gavin Conticello,ARI,RF,23,
connorcooke,sa3017822,Connor Cooke,TOR,SIRP,26,
zacleigh,sa3017873,Zac Leigh,CHC,SIRP,28,
kevinabel,sa3017879,Kevin Abel,CIN,MIRP,27,
robbyahlstrom,sa3018193,Robby Ahlstrom,TEX,SIRP,27,
frankmozzicato,sa3018242,Frank Mozzicato,KCR,SIRP,23,
jackhartman,sa3018250,Jack Hartman,TBR,SIRP,27,
walberturena,sa3018298,Walbert Urena,LAA,SIRP,22,
reynaldoyean,sa3018303,Reynaldo Yean,LAD,SIRP,22,
luichicasilla,sa3018332,Luichi Casilla,COL,SIRP,21,
kendeglysvirguez,sa3018351,Kendeglys Virguez,CLE,SIRP,22,
keinerdelgado,sa3018397,Keiner Delgado,PIT,SS,22,
samuelmunoz,sa3018407,Samuel Munoz,LAD,LF,21,
yordanydelossantos,sa3018408,Yordany De Los Santos,PIT,SS,21,
jhonnyseverino,sa3018415,Jhonny Severino,PIT,SS,21,
leandroarias,sa3018433,Leandro Arias,BAL,SS,21,
victorortega,sa3018439,Victor Ortega,MIA,C,22,
carlospacheco,sa3018455,Carlos Pacheco,ATH,CF,21,
dariolaverde,sa3018470,Dario Laverde,LAA,C,21,
kelvinhidalgo,sa3018472,Kelvin Hidalgo,COL,SS,21,
capriortiz,sa3018473,Capri Ortiz,LAA,SS,21,
derekbernard,sa3018477,Derek Bernard,COL,LF,20,
axielplaz,sa3018480,Axiel Plaz,PIT,C,20,
estuarsuero,sa3018481,Estuar Suero,PIT,CF,20,
luisbaez,sa3018482,Luis Baez,HOU,1B,22,
juanvillavicencio,sa3018494,Juan Villavicencio,PHI,SS,21,
roynierhernandez,sa3018495,Roynier Hernandez,COL,3B,21,
jesusbaez,sa3018507,Jesus Baez,STL,3B,21,
janselluis,sa3018508,Jansel Luis,ARI,SS,21,
luislara,sa3018514,Luis Lara,MIL,CF,21,
fernandopeguero,sa3018546,Fernando Peguero,BAL,CF,21,
yeremycabrera,sa3018549,Yeremy Cabrera,TEX,CF,20,
jeralperez,sa3018557,Jeral Perez,CHW,2B,21,
marvinalcantara,sa3018558,Marvin Alcantara,BOS,SS,21,
josealpuria,sa3018562,Jose Alpuria,ARI,CF,21,
thomassosa,sa3018566,Thomas Sosa,BAL,LF,21,
jeffersonrojas,sa3018571,Jefferson Rojas,CHC,SS,21,
franyerbermontilla,sa3018580,Franyerber Montilla,DET,SS,21,
albertohernandez,sa3018582,Alberto Hernandez,HOU,SS,22,
albertobarriga,sa3018595,Alberto Barriga,ARI,C,21,
juanmatheus,sa3018611,Juan Matheus,NYY,SS,22,
chrissuero,sa3018614,Chris Suero,NYM,C,22,
marcovargas,sa3018632,Marco Vargas,NYM,SS,21,
byronchourio,sa3018644,Byron Chourio,MIN,CF,21,
josephmontalvo,sa3018802,Joseph Montalvo,DET,SP,24,
fernandoperez,sa3018826,Fernando Perez,TOR,SP,22,
josechirinos,sa3018859,Jose Chirinos,NYM,SP,21,
christianzazueta,sa3018867,Christian Zazueta,LAD,SP,21,
richardfernandez,sa3018898,Richard Fernandez,ATH,SIRP,23,
cristofertorin,sa3018938,Cristofer Torin,ARI,2B,21,
alexanderalbertus,sa3018950,Alexander Albertus,CHW,3B,21,
juanamarante,sa3019048,Juan Amarante,PHI,SIRP,22,
aldrinbatista,sa3019119,Aldrin Batista,CHW,SP,23,
anyerlaureano,sa3019123,Anyer Laureano,CIN,SIRP,23,
enriquesegura,sa3019147,Enrique Segura,TEX,SP,21,
hanselrosario,sa3019247,Hansel Rosario,NYY,SIRP,23,
josefleury,sa3019255,Jose Fleury,HOU,SP,24,
wellingtonaracena,sa3019265,Wellington Aracena,BAL,SIRP,21,
leonelsequera,sa3019268,Leonel Sequera,STL,SP,20,
seanpaullinan,sa3019270,Sean Paul Linan,WSN,SP,21,
yuminlin,sa3019278,Yu-Min Lin,ARI,SP,22,
luisdeleon,sa3019283,Luis De Leon,BAL,SP,23,
jhancarloslara,sa3019367,Jhancarlos  Lara,ATL,SIRP,23,
chalnielarias,sa3019370,Chalniel Arias,NYY,SP,22,
santiagosuarez,sa3019386,Santiago Suarez,TBR,SP,21,
wilmysanchez,sa3019396,Wilmy Sanchez,HOU,SIRP,22,
abdiasdelacruz,sa3019401,Abdias De La Cruz,ARI,RF,21,
sabiermarte,sa3019431,Sabier Marte,NYY,SP,22,
jorgelysmota,sa3019465,Jorgelys Mota,WSN,3B,21,
eliscuevas,sa3019509,Elis Cuevas,BAL,CF,21,
franyerherrera,sa3019520,Franyer Herrera,NYY,SP,21,
carlosespinosa,sa3019549,Carlos Espinosa,LAA,SIRP,24,
yeriperez,sa3019566,Yeri Perez,KCR,SIRP,21,
liomarmartinez,sa3019612,Liomar Martinez,MIA,SIRP,21,
juanbello,sa3019615,Juan Bello,HOU,SP,22,
joglygarcia,sa3019633,Jogly Garcia,CLE,SIRP,22,
davispolo,sa3019637,Davis Polo,ATL,SP,21,
yoffrysolano,sa3019638,Yoffry Solano,MIA,2B,21,
yordyherrera,sa3019643,Yordy Herrera,STL,SIRP,21,
ovisportes,sa3019644,Ovis Portes,CIN,SIRP,21,
tonyblancojr,sa3019722,Tony Blanco Jr.,PIT,1B,21,
joelhurtado,sa3019774,Joel Hurtado,LAA,SIRP,25,
williambergolla,sa3019777,William Bergolla,CHW,SS,21,
anderstolhurst,sa3019818,Anders Tolhurst,TOR,SIRP,26,
dalestanavich,sa3019833,Dale Stanavich,MIA,SIRP,27,
romeosanabria,sa3019865,Romeo Sanabria,SDP,1B,24,
kevinkilpatrickjr,sa3019891,Kevin Kilpatrick Jr.,ATL,CF,25,
jackbrannigan,sa3019922,Jack Brannigan,PIT,SS,25,
matthewwood,sa3019924,Matthew Wood,MIL,C,25,
robertmoore,sa3019928,Robert Moore,PHI,SS,24,
loganwagner,sa3019932,Logan Wagner,LAD,3B,22,
joshwhite,sa3019953,Josh White,MIA,MIRP,25,
davidmccabe,sa3019964,David McCabe,ATL,3B,26,
nathanmartorella,sa3019978,Nathan Martorella,MIA,1B,25,
tannerschobel,sa3020009,Tanner Schobel,MIN,SS,25,
tjbrock,sa3020079,T.J. Brock,TOR,SIRP,26,
jacobmiller,sa3020111,Jacob Miller,MIA,SP,22,
lukeadams,sa3020135,Luke Adams,MIL,1B,22,
dominickeegan,sa3020194,Dominic Keegan,TBR,1B,25,
joshkasevich,sa3020203,Josh Kasevich,TOR,SS,25,
bryanrincon,sa3020221,Bryan Rincon,PHI,SS,22,
liamsimon,sa3020256,Liam Simon,SFG,SIRP,25,
tylerstuart,sa3020264,Tyler Stuart,WSN,SP,26,
lamarkingjr,sa3020279,Lamar King Jr.,SDP,C,22,
marquisgrissomjr,sa3020312,Marquis Grissom Jr.,WSN,SIRP,24,
cynielson,sa3020321,Cy Nielson,PIT,SIRP,25,
marcusjohnson,sa3020324,Marcus Johnson,TBR,SP,25,
wilianbormie,sa3020327,Wilian Bormie,TEX,SIRP,23,
bradennett,sa3020336,Braden Nett,ATH,MIRP,24,
benross,sa3020353,Ben Ross,MIN,SS,25,
blakeburkhalter,sa3020382,Blake Burkhalter,ATL,SIRP,25,
masonadams,sa3020388,Mason Adams,CHW,SP,26,
dylanray,sa3020392,Dylan Ray,ARI,SP,25,
duncandavitt,sa3020394,Duncan Davitt,CHW,SP,26,
chriscampos,sa3020396,Chris Campos,LAD,SP,25,
spencergiesting,sa3020402,Spencer Giesting,ARI,MIRP,24,
jackchoate,sa3020407,Jack Choate,SFG,MIRP,25,
maxwagner,sa3020415,Max Wagner,BAL,3B,24,
haydenwynja,sa3020464,Hayden Wynja,SFG,SIRP,27,
spencermiles,sa3020475,Spencer Miles,SFG,SIRP,25,
daltonrogers,sa3020479,Dalton Rogers,BOS,MIRP,24,
michaelprosecky,sa3020526,Michael Prosecky,COL,SP,25,
williamkempner,sa3020527,William Kempner,MIA,SIRP,25,
cameronweston,sa3020528,Cameron Weston,BAL,SP,25,
tracebright,sa3020558,Trace Bright,BAL,SP,25,
cjculpepper,sa3020563,C.J. Culpepper,MIN,SP,24,
ericadler,sa3020592,Eric Adler,CHW,SIRP,25,
brodymccullough,sa3020599,Brody McCullough,CHC,SP,26,
davidsandlin,sa3020606,David Sandlin,BOS,SIRP,25,
trevormartin,sa3020608,Trevor Martin,TBR,SP,25,
kenyahuggins,sa3020609,Kenya Huggins,ATH,SP,23,
ericreyzelman,sa3020611,Eric Reyzelman ,NYY,SIRP,25,
ryanjennings,sa3020634,Ryan Jennings,TOR,SIRP,27,
lucaswepf,sa3020704,Lucas Wepf,LAD,SIRP,26,
tylerschweitzer,sa3020712,Tyler Schweitzer,CHW,SP,25,
andrewpintar,sa3020715,Andrew Pintar,MIA,CF,25,
cameronfoster,sa3020735,Cameron Foster,BAL,SIRP,27,
jakebennett,sa3020737,Jake Bennett,WSN,SP,25,
marquesjohnson,sa3020741,Marques Johnson,SFG,SIRP,25,
peytonpallette,sa3020742,Peyton Pallette,CHW,SIRP,25,
maxrajcic,sa3020746,Max Rajcic,STL,SP,24,
colepaplham,sa3020749,Cole Paplham,SDP,SIRP,26,
natefurman,sa3020763,Nate Furman,SFG,2B,24,
petehansen,sa3020798,Pete Hansen,STL,SP,25,
rileycornelio,sa3020830,Riley Cornelio,WSN,SIRP,26,
connornoland,sa3020834,Connor Noland,CHC,SP,26,
dominicperachi,sa3020841,Dominic Perachi,PIT,SP,25,
jaredkarros,sa3020859,Jared Karros,LAD,SP,25,
thomasbalbonijr,sa3020861,Thomas  Balboni Jr.,NYY,SIRP,25,
samynaterajr,sa3020862,Samy Natera Jr.,LAA,SIRP,26,
isaiahlowe,sa3020864,Isaiah Lowe,SDP,SP,23,
tylergough,sa3020865,Tyler Gough,SEA,SP,22,
austinpeterson,sa3020868,Austin Peterson,CLE,SP,26,
paytonmartin,sa3020869,Payton Martin,LAD,SP,22,
michaelknorr,sa3020872,Michael Knorr,HOU,SIRP,26,
andrewtaylor,sa3020873,Andrew Taylor,HOU,MIRP,24,
wenhuipan,sa3020878,Wen-Hui Pan,PHI,SIRP,23,
marceloperez,sa3020889,Marcelo Perez,SEA,SP,26,
darrenbowen,sa3020945,Darren Bowen,MIN,SIRP,25,
luisgastelum,sa3020964,Luis Gastelum,STL,SIRP,24,
garygillhill,sa3020972,Gary Gill Hill,TBR,SP,21,
yerenyteus,sa3020978,Yereny Teus,TBR,MIRP,22,
luiscarias,sa3021006,Luis Carias,LAD,SP,21,
samuelsanchez,sa3021008,Samuel Sanchez,LAD,SP,20,
francistexido,sa3021028,Francis Texido,LAA,MIRP,21,
sandyozuna,sa3021041,Sandy Ozuna,COL,SP,20,
yefersonvargas,sa3021044,Yeferson Vargas,LAA,SIRP,21,
yuniortur,sa3021045,Yunior Tur,ATH,SIRP,26,
demetriocrisantes,sa3021051,Demetrio Crisantes,ARI,2B,21,
pedrocatuy,sa3021061,Pedro Catuy,ARI,CF,20,
yeikerreyes,sa3021126,Yeiker Reyes,COL,CF,20,
andruwmusett,sa3021175,Andruw  Musett,BOS,C,20,
anyelomarquez,sa3021178,Anyelo Marquez,LAA,2B,20,
juanflores,sa3021185,Juan Flores,LAA,C,20,
joshualiranzo,sa3021198,Joshua Liranzo,BAL,3B,19,
carlostaveras,sa3021209,Carlos Taveras,WSN,1B,20,
luiyinalastre,sa3021210,Luiyin Alastre,MIL,LF,20,
starlynnunez,sa3021216,Starlyn Nunez,BOS,SS,20,
miguelrodriguez,sa3021226,Miguel Rodriguez,BAL,C,20,
braylinmorel,sa3021229,Braylin  Morel,TEX,RF,20,
heribertorincon,sa3021238,Heriberto Rincon,NYM,CF,20,
andresvalor,sa3021278,Andres Valor,MIA,CF,20,
johngil,sa3021284,John Gil,ATL,SS,20,
mariobaez,sa3021286,Mario Baez,ATL,SS,19,
danieljoselopez,sa3021298,Daniel  Jose Lopez,KCR,CF,20,
dashylltejeda,sa3021315,Dashyll Tejeda,WSN,CF,20,
heribertocaraballo,sa3021317,Heriberto Caraballo,STL,C,21,
carloscaro,sa3021325,Carlos Caro,PIT,2B,21,
edgleenperez,sa3021330,Edgleen Perez,PIT,C,20,
jacksonlancaster,sa3021468,Jackson Lancaster,TBR,SIRP,27,
mavisgraves,sa3021472,Mavis Graves,PHI,SP,22,
adrianbohorquez,sa3021501,Adrian  Bohorquez,MIN,SP,21,
yordinchalas,sa3021508,Yordin Chalas,ARI,SIRP,22,
luisarestigueta,sa3021521,Luis Arestigueta,ATL,SP,20,
josebello,sa3021530,Jose Bello,BOS,SP,21,
kelvissalcedo,sa3021531,Kelvis Salcedo,DET,SP,20,
jersonalejandro,sa3021533,Jerson Alejandro,NYY,SP,20,
marlonnieves,sa3021567,Marlon Nieves,LAD,SP,21,
juanvalera,sa3021570,Juan Valera,BOS,SP,20,
bryanmartinez,sa3021600,Bryan Martinez,LAA,RF,20,
dameurypena,sa3021624,Dameury  Pena,MIN,2B,20,
ramonramirez,sa3021637,Ramon Ramirez,KCR,C,21,
asbelgonzalez,sa3021639,Asbel Gonzalez,KCR,CF,20,
michaelkennedy,sa3021728,Michael Kennedy,CLE,SP,21,
jacksonhumphries,sa3021729,Jackson  Humphries,CLE,MIRP,21,
davidmatoma,sa3021761,David Matoma,PIT,SP,20,
keynerbenitez,sa3021795,Keyner Benitez,MIA,SP,20,
jacobwosinski,sa3021825,Jacob Wosinski,MIN,MIRP,27,
javiermogollon,sa3021855,Javier Mogollon,CHW,2B,20,
ubaldosoto,sa3022015,Ubaldo Soto,LAA,SP,19,
josevasquez,sa3022116,Jose Vasquez,LAD,SIRP,21,
brayannarvaez,sa3022133,Brayan Narvaez,SFG,SP,21,
yohanfersantana,sa3022143,Yohanfer Santana,MIA,SP,20,
michaelvalverde,sa3022157,Michael Valverde,TEX,SIRP,23,
kylebischoff,sa3022176,Kyle Bischoff,MIN,SIRP,26,
joseurbina,sa3022218,Jose Urbina,TBR,SP,20,
ashtonizzi,sa3022230,Ashton Izzi,ARI,SP,22,
keelermorfe,sa3022239,Keeler Morfe,BAL,SP,20,
eriandysramon,sa3022256,Eriandys Ramon,CHC,3B,23,
yasselsoler,sa3022281,Yassel Soler,ARI,3B,20,
carlosgutierrez,sa3022336,Carlos Gutierrez,SFG,LF,21,
koltoncurtis,sa3022381,Kolton Curtis,TEX,SP,22,
lisbeldiaz,sa3022399,Lisbel Diaz,SFG,RF,20,
brockrodden,sa3022432,Brock Rodden,SEA,2B,26,
homerbushjr,sa3022480,Homer Bush Jr.,TBR,CF,24,
riofoster,sa3022491,Rio Foster,LAA,RF,23,
sabinceballos,sa3022500,Sabin Ceballos,SFG,3B,23,
trentharris,sa3022526,Trent Harris,SFG,SIRP,27,
willsimpson,sa3022530,Will Simpson,TBR,1B,24,
natenankil,sa3022532,Nate Nankil,ATH,RF,23,
ryanlasko,sa3022539,Ryan Lasko,ATH,CF,24,
jonahcox,sa3022541,Jonah Cox,SFG,CF,24,
jackhurley,sa3022564,Jack Hurley,ARI,CF,24,
ryanignoffo,sa3022573,Ryan Ignoffo,MIA,C,25,
paulbonzagni,sa3022587,Paul Bonzagni,TEX,SP,24,
joshrivera,sa3022590,Josh Rivera,TOR,SS,23,
brettbateman,sa3022603,Brett Bateman,CHC,CF,24,
sammystafura,sa3022612,Sammy Stafura,PIT,SS,21,
jacebohrofen,sa3022653,Jace Bohrofen,TOR,CF,24,
mikeboeve,sa3022658,Mike Boeve,MIL,3B,24,
braylenwimmer,sa3022671,Braylen Wimmer,COL,SS,25,
colefoster,sa3022673,Cole Foster,SFG,SS,24,
charlieszykowny,sa3022689,Charlie Szykowny,SFG,3B,26,
yahilmelendez,sa3022692,Yahil Melendez,CHC,SS,20,
willbush,sa3022698,Will Bush,HOU,C,22,
chasejaworsky,sa3022700,Chase Jaworsky,MIA,SS,21,
bodavidson,sa3022706,Bo Davidson,SFG,CF,23,
camdenminacci,sa3022728,Camden Minacci,LAA,SIRP,24,
haydendurke,sa3022733,Hayden Durke,ARI,SIRP,24,
romanangelo,sa3022737,Roman Angelo,ARI,MIRP,26,
ryanlobus,sa3022744,Ryan Lobus,TEX,SIRP,25,
rocriggio,sa3022750,Roc Riggio,COL,2B,24,
dylancampbell,sa3022751,Dylan Campbell,PHI,RF,23,
carlsonreed,sa3022793,Carlson Reed,PIT,MIRP,23,
colbylangford,sa3022800,Colby Langford,HOU,SIRP,24,
tavianjosenberger,sa3022808,Tavian Josenberger,BAL,CF,24,
shengenlin,sa3022820,Sheng-En  Lin,CIN,SP,20,
charlesmcadoo,sa3022823,Charles McAdoo,TOR,3B,24,
ericbitonti,sa3022866,Eric Bitonti,MIL,1B,20,
alfonsinrosario,sa3022868,Alfonsin Rosario,CLE,RF,22,
carsonjacobs,sa3022872,Carson Jacobs,CHW,SIRP,24,
izacktiger,sa3022875,Izack Tiger,TEX,SIRP,25,
chenweilin,sa3022876,Chen-Wei Lin,STL,SP,24,
jacobodle,sa3022877,Jacob Odle,STL,SIRP,22,
luisdelatorre,sa3022880,Luis De La Torre,SFG,SIRP,22,
machorvath,sa3022885,Mac Horvath,TBR,CF,24,
lujamesgroover,sa3022887,LuJames Groover,ARI,3B,24,
samshaw,sa3022889,Sam Shaw,TOR,LF,20,
johnpeck,sa3022896,John Peck,DET,SS,23,
coltonledbetter,sa3022897,Colton Ledbetter,TBR,CF,24,
kyleamendt,sa3022904,Kyle Amendt,ARI,SIRP,26,
mattjachec,sa3022906,Matt Jachec,CLE,MIRP,24,
carsonrucker,sa3022926,Carson Rucker,DET,3B,21,
kchunt,sa3022937,K.C. Hunt,MIL,SP,25,
bobonds,sa3022938,Bo Bonds,TOR,SIRP,25,
willjohnston,sa3022940,Will Johnston,ATH,SP,25,
sethkeener,sa3022949,Seth Keener,CHW,SIRP,24,
christianoppor,sa3022950,Christian Oppor,CHW,MIRP,21,
bostonbaro,sa3022962,Boston Baro,NYM,SS,21,
ajewing,sa3022963,A.J. Ewing,NYM,CF,21,
kylehenley,sa3023012,Kyle Henley,CIN,CF,21,
patrickreilly,sa3023038,Patrick Reilly,BAL,SP,24,
tjnichols,sa3023039,T.J. Nichols,TBR,MIRP,24,
jadenwoods,sa3023064,Jaden Woods,PIT,SIRP,24,
jacobbresnahan,sa3023066,Jacob Bresnahan,SFG,SP,21,
barrettkent,sa3023082,Barrett Kent,LAA,SP,21,
andrewdunford,sa3023086,Andrew Dunford,DET,SP,21,
tatekuehner,sa3023099,Tate Kuehner,MIL,MIRP,25,
juniorciprian,sa3023107,Junior Ciprian,ARI,SP,21,
tyweatherly,sa3023130,Ty Weatherly,BAL,MIRP,25,
joewhitman,sa3023131,Joe Whitman,SFG,SP,24,
jadenhamm,sa3023134,Jaden Hamm,DET,SP,23,
kieferlord,sa3023135,Kiefer Lord,BAL,SIRP,24,
isaiahcoupet,sa3023156,Isaiah Coupet,COL,MIRP,23,
jackmahoney,sa3023157,Jack Mahoney,COL,SP,24,
joshhansell,sa3023158,Josh Hansell,KCR,SIRP,24,
jameshicks,sa3023161,James Hicks,HOU,SP,25,
cadengrice,sa3023166,Caden Grice,ARI,SP,24,
joshadamczewski,sa3023168,Josh Adamczewski,MIL,LF,21,
mattwilkinson,sa3023171,Matt Wilkinson,CLE,SP,23,
codyadcock,sa3023175,Cody Adcock,CIN,SIRP,24,
calelansville,sa3023176,Cale Lansville,SFG,SP,23,
nigelbelgrave,sa3023180,Nigel Belgrave,MIA,SP,24,
joshekness,sa3023204,Josh Ekness,MIA,SIRP,24,
kademorris,sa3023206,Kade Morris,ATH,MIRP,24,
haydenmullins,sa3023218,Hayden Mullins,BOS,SIRP,25,
blakewehunt,sa3023220,Blake Wehunt,BOS,MIRP,25,
owenwild,sa3023278,Owen Wild,TBR,SP,23,
jackwenninger,sa3023282,Jack Wenninger,NYM,SP,24,
patrickcopen,sa3023283,Patrick Copen,LAD,SIRP,24,
braxtonbragg,sa3023303,Braxton Bragg,BAL,SP,25,
cadekuehler,sa3023306,Cade Kuehler,ATL,SIRP,24,
garrettbaumann,sa3023310,Garrett Baumann,ATL,SP,21,
landenmaroudis,sa3023351,Landen Maroudis,TOR,SP,21,
juaronwattsbrown,sa3023352,Juaron Watts-Brown,BAL,MIRP,24,
brettwichrowski,sa3023366,Brett Wichrowski,MIL,SP,23,
sambrown,sa3023367,Sam Brown,WSN,1B,24,
mauiahuna,sa3023373,Maui Ahuna,SFG,SS,24,
tyjohnson,sa3023410,Ty Johnson,TBR,SP,24,
jacksonnezuh,sa3023411,Jackson Nezuh,HOU,SP,24,
alexclemmey,sa3023421,Alex Clemmey,WSN,SIRP,20,
nellytaylor,sa3023426,Nelly Taylor,BOS,CF,23,
ryanbirchard,sa3023449,Ryan Birchard,MIL,MIRP,22,
kaipeterson,sa3023453,Kai Peterson,TOR,SIRP,23,
samknowlton,sa3023467,Sam Knowlton,ARI,SIRP,26,
jacksonbaumeister,sa3023471,Jackson Baumeister,TBR,SP,23,
khristiancurtis,sa3023473,Khristian Curtis,PIT,MIRP,24,
jojoingrassia,sa3023475,Jojo Ingrassia,BOS,MIRP,23,
joshgrosz,sa3023478,Josh Grosz,COL,SP,23,
michaelforret,sa3023479,Michael Forret,BAL,MIRP,22,
benshields,sa3023483,Ben Shields,COL,SIRP,27,
nickdean,sa3023506,Nick Dean,CHC,MIRP,25,
zachfruit,sa3023507,Zach Fruit,BAL,SP,24,
willsanders,sa3023508,Will Sanders,CHC,SP,24,
drewdowd,sa3023509,Drew Dowd,TBR,SP,24,
blakewolters,sa3023513,Blake Wolters,KCR,SP,21,
eriqswan,sa3023514,Eriq Swan,WSN,SIRP,24,
grantrogers,sa3023522,Grant Rogers,TOR,SP,25,
alonzotredwell,sa3023524,Alonzo Tredwell,HOU,MIRP,24,
bishopletson,sa3023526,Bishop Letson,MIL,SP,21,
alejandrorosario,sa3023538,Alejandro Rosario,TEX,SP,24,
stevenechavarria,sa3023560,Steven Echavarria,ATH,SP,20,
naziermule,sa3023566,Nazier Mule,CHC,SIRP,21,
coleschoenwetter,sa3023567,Cole Schoenwetter,CIN,SP,21,
zandermueth,sa3023569,Zander Mueth,PIT,SIRP,21,
chriskean,sa3023576,Chris Kean,NYY,SIRP,24,
paulwilson,sa3023596,Paul Wilson,DET,SP,21,
hirowyatt,sa3023613,Hiro Wyatt,KCR,SP,21,
adrianherrera,sa3023627,Adrian Herrera,CIN,SP,21,
trevorharrison,sa3023629,Trevor Harrison,TBR,SP,20,
keynermartinez,sa3023631,Keyner Martinez,SFG,SP,21,
alexmakarewich,sa3023642,Alex Makarewich,LAD,SIRP,24,
wyattcrowell,sa3023662,Wyatt Crowell,LAD,SP,24,
travishoneyman,sa3023679,Travis Honeyman,STL,CF,24,
dextersperalta,sa3023745,Dexters Peralta,NYY,SS,18,
jirvinmorillo,sa3023751,Jirvin Morillo,CIN,C,19,
josecastro,sa3023752,Jose Castro,MIA,RF,19,
enddyazocar,sa3023764,Enddy Azocar,BOS,RF,19,
angelbrachi,sa3023784,Angel Brachi,TBR,SS,19,
yoelroque,sa3023834,Yoel Roque,MIN,SIRP,19,
josuethquinonez,sa3023882,Josueth Quinonez ,DET,CF,19,
haydenalvarez,sa3023906,Hayden Alvarez,LAA,CF,19,
yairopadilla,sa3023925,Yairo Padilla,STL,SS,19,
pedroblanco,sa3023945,Pedro Blanco,ARI,1B,19,
anthonymarquez,sa3023960,Anthony Marquez,SFG,SS,19,
josefeliz,sa3024069,Jose Feliz,WSN,SP,20,
kifraidyencarnacion,sa3024081,Kifraidy Encarnacion,MIA,SIRP,20,
jordansanchez,sa3024112,Jordan Sanchez,BAL,RF,20,
joseanderson,sa3024133,Jose Anderson,MIL,RF,19,
elvingarcia,sa3024147,Elvin Garcia,BAL,3B,19,
andersonbrito,sa3024232,Anderson Brito,HOU,SIRP,21,
luismaracara,sa3024260,Luis Maracara,SDP,SP,18,
gregorysanchez,sa3024267,Gregory Sanchez,COL,SP,19,
yhoikerfajardo,sa3024273,Yhoiker Fajardo,BOS,SP,19,
daurifernandez,sa3024327,Dauri Fernandez,CLE,SS,19,
juneikercaceres,sa3024329,Juneiker Caceres,CLE,RF,18,
juanmateo,sa3024340,Juan Mateo,ATL,SS,19,
johanrodriguez,sa3024364,Johan Rodriguez,CLE,SS,18,
reinoldnavarro,sa3024459,Reinold Navarro,PIT,SIRP,19,
manuelgenao,sa3024519,Manuel Genao,MIA,SIRP,20,
estebanmejia,sa3024583,Esteban Mejia,BAL,SP,19,
almentolentino,sa3024628,Almen Tolentino,MIA,C,19,
manueldavila,sa3024787,Manuel Davila,SDP,SP,18,
olivergonzalez,sa3024789,Oliver Gonzalez,LAD,SP,19,
jeanpierreortiz,sa3024922,JeanPierre Ortiz,CIN,SP,22,
sterlingpatick,sa3024981,Sterling Patick,LAD,MIRP,21,
argeniscayama,sa3025006,Argenis Cayama,SFG,SP,19,
wilbersondepena,sa3025019,Wilberson De Pena,NYY,RF,19,
graysonhitt,sa3025020,Grayson Hitt,ARI,SP,24,
bryanbalzer,sa3025047,Bryan Balzer,SDP,SP,21,
cadenscarborough,sa3025060,Caden Scarborough,TEX,SP,21,
cademcgee,sa3025153,Cade McGee,STL,3B,23,
paytongreen,sa3025195,Payton Green,MIA,SS,23,
johnspikerman,sa3025197,John Spikerman,PHI,CF,23,
carterjohnson,sa3025203,Carter Johnson,MIA,SS,20,
teddymcgraw,sa3025220,Teddy McGraw,SEA,MIRP,24,
chinghsienko,sa3025230,Ching-Hsien Ko,LAD,RF,19,
zachehrhard,sa3025247,Zach Ehrhard,LAD,RF,23,
billyamick,sa3025249,Billy Amick,MIN,3B,23,
dylandreiling,sa3025251,Dylan Dreiling,TEX,LF,23,
jaredthomas,sa3025252,Jared Thomas,COL,LF,23,
khadimdiaw,sa3025259,Khadim Diaw,MIN,C,22,
brandonbutterworth,sa3025264,Brandon Butterworth,BAL,SS,23,
huntercranton,sa3025298,Hunter Cranton,ARI,SIRP,25,
fultonlockhart,sa3025301,Fulton Lockhart,LAA,SIRP,22,
nickmitchell,sa3025315,Nick Mitchell,CLE,RF,22,
seankeys,sa3025317,Sean Keys,TOR,3B,23,
najervictor,sa3025330,Najer Victor,LAA,SIRP,24,
davidmershon,sa3025335,David Mershon,LAA,CF,23,
cadenpowell,sa3025361,Caden Powell,HOU,3B,22,
tommywhite,sa3025383,Tommy White,ATH,3B,23,
joshkurodagrauer,sa3025386,Josh Kuroda-Grauer,ATH,2B,23,
emilienpitre,sa3025391,Emilien Pitre,TBR,2B,23,
callanmoss,sa3025392,Callan Moss,PIT,1B,22,
ryanstafford,sa3025405,Ryan Stafford,BAL,C,23,
eliserranoiii,sa3025407,Eli Serrano III,NYM,LF,23,
austinovern,sa3025408,Austin Overn,BAL,CF,23,
ethananderson,sa3025410,Ethan Anderson,BAL,1B,22,
josephsullivan,sa3025413,Joseph Sullivan,HOU,LF,24,
griffinburkholder,sa3025418,Griffin Burkholder,PHI,CF,20,
jacobcozart,sa3025434,Jacob Cozart,CLE,C,23,
cadenfavors,sa3025446,Caden Favors,CLE,SIRP,24,
omarmontano,sa3025468,Omar Montano,MIN,MIRP,20,
marcodinges,sa3025495,Marco Dinges,MIL,C,22,
lukehayden,sa3025504,Luke Hayden,CIN,MIRP,23,
kevinbazzell,sa3025511,Kevin Bazzell,WSN,C,23,
peytonstovall,sa3025512,Peyton Stovall,CIN,2B,23,
piercegeorge,sa3025520,Pierce George,CHW,SIRP,23,
micahashman,sa3025559,Micah Ashman,BAL,MIRP,23,
joshmallitz,sa3025568,Josh Mallitz,SDP,MIRP,24,
logansamuels,sa3025571,Logan Samuels,ATL,SP,24,
tysonhardin,sa3025574,Tyson Hardin,MIL,SP,24,
joshrandall,sa3025585,Josh Randall,WSN,SP,23,
herickhernandez,sa3025588,Herick Hernandez,ATL,SIRP,22,
willwatson,sa3025592,Will Watson,NYM,MIRP,23,
carterholton,sa3025599,Carter Holton,ATL,SP,23,
dakotajordan,sa3025601,Dakota Jordan,SFG,CF,23,
ryanlambert,sa3025613,Ryan Lambert,NYM,SIRP,23,
aidanfoeller,sa3025616,Aidan Foeller,LAD,SP,24,
twinepalmer,sa3025618,Twine Palmer,BAL,MIRP,21,
joshhartle,sa3025623,Josh Hartle,CLE,SP,23,
frankelissalt,sa3025634,Frank Elissalt,STL,SIRP,24,
colehertzler,sa3025638,Cole Hertzler,HOU,SP,23,
brockmoore,sa3025654,Brock Moore,SEA,SIRP,26,
ethanbagwell,sa3025661,Ethan Bagwell,ATL,SP,20,
blakeaita,sa3025822,Blake Aita,BOS,SP,23,
chaseallsup,sa3025950,Chase Allsup,BAL,SP,23,
chrisarroyo,sa3026239,Chris Arroyo,MIA,RF,21,
brooksauger,sa3026300,Brooks Auger,LAD,SP,24,
rjaustin,sa3026315,RJ Austin,BAL,CF,22,
drewbeam,sa3026785,Drew Beam,KCR,SP,23,
landonbeidelschies,sa3026885,Landon Beidelschies,ATL,SP,22,
maxbelyeu,sa3026937,Max Belyeu,COL,RF,22,
codybowker,sa3027486,Cody Bowker,PHI,SP,22,
brooksbryan,sa3027921,Brooks Bryan,KCR,C,21,
micahbucknam,sa3027969,Micah Bucknam,TOR,SP,22,
justincampbell,sa3028334,Justin Campbell,CLE,SP,25,
eastoncarmichael,sa3028459,Easton Carmichael,PIT,C,22,
ajcausey,sa3028661,A.J. Causey,KCR,SIRP,23,
denniscolleran,sa3029168,Dennis Colleran,KCR,SIRP,22,
brandoncompton,sa3029229,Brandon Compton,MIA,LF,22,
chriscortez,sa3029417,Chris Cortez,LAA,SIRP,23,
brycecunningham,sa3029687,Bryce Cunningham,NYY,SP,23,
briancurley,sa3029705,Brian Curley,ARI,SIRP,23,
deancurley,sa3029706,Dean Curley,CLE,3B,22,
bradendavis,sa3029886,Braden Davis,STL,SP,23,
korbyndickerson,sa3030281,Korbyn Dickerson,SEA,CF,22,
danieldickinson,sa3030286,Daniel Dickinson,MIL,2B,22,
natedohm,sa3030418,Nate Dohm,STL,SP,23,
josephdzierwa,sa3030726,Joseph Dzierwa,BAL,SP,22,
danieleagen,sa3030728,Daniel Eagen,ARI,SP,23,
jamesellwanger,sa3030911,James Ellwanger,MIN,SP,22,
seanepiscope,sa3030964,Sean Episcope,MIL,MIRP,22,
anthonyeyanson,sa3031104,Anthony Eyanson,BOS,SP,21,
drewfaurot,sa3031193,Drew Faurot,MIA,2B,22,
jalinflores,sa3031465,Jalin Flores,STL,SS,22,
connorfoley,sa3031511,Connor Foley,ARI,SIRP,22,
ryanforcucci,sa3031539,Ryan Forcucci,HOU,SP,23,
christianfoutch,sa3031591,Christian Foutch,BOS,SIRP,22,
tannerfranklin,sa3031652,Tanner Franklin,STL,SP,22,
ethanfrey,sa3031717,Ethan  Frey,HOU,DH,22,
ryangallagher,sa3031857,Ryan Gallagher,MIN,SP,23,
henrygodbout,sa3032331,Henry Godbout ,BOS,2B,22,
austingordon,sa3032478,Austin Gordon,LAA,SP,23,
murfgray,sa3032619,Murf Gray,PIT,3B,22,
adonysguzman,sa3032892,Adonys Guzman,PIT,C,22,
davidhagaman,sa3032946,David Hagaman,ARI,SP,23,
ethanhedges,sa3033512,Ethan Hedges,COL,3B,22,
griffinherring,sa3033707,Griffin Herring,COL,SP,23,
lukeholman,sa3034003,Luke Holman,CIN,SP,23,
johnholobetz,sa3034016,John Holobetz,BOS,SP,23,
griffinhugus,sa3034275,Griffin Hugus,SEA,SP,22,
thatcherhurd,sa3034340,Thatcher Hurd,NYY,MIRP,23,
benjacobs,sa3034527,Ben Jacobs,DET,SP,22,
grantjay,sa3034611,Grant Jay,SEA,C,22,
lebarronjohnsonjr,sa3034782,Lebarron Johnson Jr.,COL,SIRP,24,
jacksonkent,sa3035282,Jackson Kent,WSN,SP,23,
kaedenkent,sa3035283,Kaeden Kent,NYY,SS,22,
kanekepley,sa3035293,Kane Kepley,CHC,CF,22,
justinlamkin,sa3035887,Justin Lamkin,KCR,SP,22,
lplangevin,sa3035936,L.P. Langevin,KCR,SIRP,22,
camleiter,sa3036203,Cam Leiter,LAD,SP,22,
alexlodise,sa3036445,Alex Lodise,ATL,SS,22,
michaellombardi,sa3036476,Michael Lombardi,KCR,SIRP,22,
aidanmajor,sa3036887,Aidan Major,CLE,SP,23,
colemathis,sa3037300,Cole Mathis,CHC,1B,22,
aidenmay,sa3037366,Aiden May,MIA,MIRP,23,
nikomazza,sa3037404,Niko Mazza,SFG,MIRP,24,
mattmcshane,sa3037749,Matt McShane,BOS,SIRP,23,
jbmiddleton,sa3037985,JB Middleton,COL,MIRP,22,
jacobmorrison,sa3038406,Jacob Morrison,MIL,SP,22,
masonmorris,sa3038414,Mason Morris,CIN,MIRP,22,
masonneville,sa3038799,Mason Neville,CIN,CF,22,
cadeobermueller,sa3038991,Cade Obermueller,PHI,SP,22,
colepeschl,sa3039760,Cole Peschl,MIN,SP,23,
ethanpetry,sa3039828,Ethan Petry,WSN,1B,22,
jamesquinnirons,sa3040344,James  Quinn-Irons,TBR,CF,23,
jtquinn,sa3040345,JT Quinn,BAL,SP,22,
dominickreid,sa3040572,Dominick Reid,CHC,SP,22,
jasonreitz,sa3040605,Jason Reitz,MIN,SP,21,
ajrussell,sa3041324,AJ Russell,TEX,SP,22,
michaelsalina,sa3041443,Michael Salina,SDP,SIRP,22,
jonathansantucci,sa3041559,Jonathan Santucci,NYM,SIRP,23,
nolanschubart,sa3041794,Nolan Schubart,CLE,LF,22,
brettsears,sa3041892,Brett Sears,ATL,SP,26,
chaseshores,sa3042212,Chase Shores,LAA,SIRP,22,
lukesinnard,sa3042362,Luke Sinnard,ATL,SP,23,
parkersmith,sa3042618,Parker Smith,HOU,MIRP,23,
jaredspencer,sa3042828,Jared Spencer,TOR,SIRP,23,
samstuhr,sa3043272,Sam Stuhr,ATH,SP,23,
devintaylor,sa3043560,Devin Taylor,ATH,LF,22,
zanetaylor,sa3043592,Zane Taylor,ATH,SIRP,24,
kavarestears,sa3043596,Kavares Tears,SDP,RF,23,
yoeltejedajr,sa3043611,Yoel Tejeda Jr. ,WSN,SP,22,
jdthompson,sa3043764,JD Thompson,MIL,SP,22,
gavinturley,sa3044148,Gavin Turley,ATH,LF,22,
landynvidourek,sa3044483,Landyn Vidourek,LAD,CF,22,
mikevillani,sa3044503,Mike Villani,CIN,SIRP,23,
joeyvolini,sa3044555,Joey Volini,MIA,SP,23,
aaronwalton,sa3044756,Aaron Walton,CLE,CF,22,
masonwhite,sa3045125,Mason White,BOS,SS,22,
maxwilliams,sa3045333,Max Williams,MIA,RF,21,
malachiwitherspoon,sa3045488,Malachi Witherspoon,DET,SIRP,21,
jakobwright,sa3045618,Jakob Wright,LAD,MIRP,23,
gageziehl,sa3045855,Gage Ziehl,CHW,SP,23,
cadecrossland,sa3058955,Cade Crossland,STL,SP,22,
kylelodise,sa3059833,Kyle Lodise,CHW,SS,22,
masonpeters,sa3060252,Mason Peters,SEA,SIRP,22,
nickpotter,sa3060295,Nick Potter,HOU,SIRP,22,
colinyeaman,sa3060984,Colin Yeaman,BAL,SS,22,
ethanyoung,sa3060988,Ethan Young,STL,MIRP,22,
jackhostetler,sa3065768,Jack Hostetler,MIL,SIRP,22,
cobbhightower,sa3066025,Cobb Hightower,BAL,SS,21,
nickmontgomery,sa3066457,Nick Montgomery,ATL,C,20,
diegotornes,sa3066458,Diego Tornes,ATL,LF,17,
raudyreyes,sa3066459,Raudy Reyes,ATL,SIRP,17,
crisrodriguez,sa3066593,Cris Rodriguez,DET,RF,18,
owenhall,sa3066594,Owen Hall,DET,SP,20,
ethanschiefelbein,sa3066595,Ethan Schiefelbein,DET,SP,20,
eddierynders,sa3066663,Eddie Rynders,PIT,3B,20,
wyattsanford,sa3066665,Wyatt Sanford,PIT,SS,20,
johandelossantos,sa3066666,Johan De Los Santos,PIT,CF,17,
darellmorel,sa3066667,Darell Morel,PIT,3B,18,
tysonlewis,sa3066822,Tyson Lewis,CIN,SS,20,
tysouthisene,sa3066842,Ty Southisene,CHC,SS,20,
drakegeorge,sa3067033,Drake George,SFG,SIRP,24,
nathanflewelling,sa3067041,Nathan Flewelling,TBR,C,19,
logantabeling,sa3067065,Logan Tabeling,LAD,SIRP,24,
brycemeccage,sa3067069,Bryce Meccage,MIL,SP,20,
dasanhill,sa3067070,Dasan Hill,MIN,SP,20,
weienlin,sa3067072,Wei-En Lin,ATH,SP,20,
hunterdryden,sa3067105,Hunter Dryden,SFG,SP,24,
johnnyking,sa3067123,Johnny King,TOR,SP,19,
yulianbarreto,sa3067124,Yulian Barreto,SFG,SS,18,
cristopherpolanco,sa3067125,Cristopher Polanco,TOR,SS,18,
djeanmacares,sa3067126,Djean Macares,SFG,CF,18,
josepena,sa3067127,Jose Pena,BAL,SS,17,
juansanchez,sa3067129,Juan Sanchez,TOR,SS,18,
brandonclarke,sa3067144,Brandon Clarke,BOS,SP,23,
bostonbateman,sa3067145,Boston Bateman,BAL,SP,20,
bradysmith,sa3067255,Brady Smith,LAD,SP,21,
chaseharlan,sa3067256,Chase Harlan,LAD,3B,19,
libertsaponte,sa3067288,Liberts Aponte,CIN,SS,18,
treygregoryalford,sa3067313,Trey Gregory-Alford,LAA,SP,22,
kannonkemp,sa3067314,Kannon Kemp,SDP,SP,21,
conradcason,sa3067316,Conrad Cason,BOS,SP,19,
devinfitzgerald,sa3067320,Devin Fitz-Gerald,TEX,3B,20,
kalefountain,sa3067321,Kale Fountain,SDP,3B,20,
sirjamisonjones,sa3067322,Sir Jamison Jones,WSN,C,20,
tytuscissell,sa3067331,Tytus Cissell,ARI,SS,20,
elilovich,sa3067332,Eli Lovich,CHC,RF,20,
shotaromorii,sa3067343,Shotaro Morii,ATH,TWP,19,
dylanjordan,sa3067384,Dylan Jordan,LAA,SP,20,
joeyoakie,sa3067418,Joey Oakie,CLE,SP,20,
davidshields,sa3067433,David Shields,KCR,SP,19,
grantshepardson,sa3067434,Grant Shepardson,MIA,SP,20,
maicolreyes,sa3067441,Maicol Reyes,TEX,SIRP,21,
kennyfenelon,sa3067474,Kenny Fenelon,MIL,CF,18,
cristopheracosta,sa3067475,Cristopher Acosta,MIL,SS,18,
brailynantunez,sa3067486,Brailyn Antunez,MIL,CF,18,
enyellopez,sa3067495,Enyel Lopez,TEX,SIRP,20,
warrencalcano,sa3067541,Warren Calcano,KCR,SS,18,
chasemobley,sa3067542,Chase Mobley,CLE,SP,20,
colemiller,sa3067552,Cole Miller,ATH,SP,21,
kevindefrank,sa3067574,Kevin Defrank,MIA,SP,17,
elianpena,sa3067674,Elian Pena,NYM,3B,18,
kendrymartinez,sa3067676,Kendry Martinez,SEA,2B,18,
kevinalvarez,sa3067677,Kevin Alvarez,HOU,LF,18,
juancabada,sa3067679,Juan Cabada,CHC,SS,18,
manicedeno,sa3067680,Mani Cedeno,NYY,SS,17,
aydenjohnson,sa3067681,Ayden Johnson,ATH,3B,18,
wilfridelacruz,sa3067682,Wilfri De La Cruz,BAL,3B,18,
maykelcoret,sa3067683,Maykel Coret,TBR,RF,18,
yorgerbautista,sa3067684,Yorger Bautista,SEA,CF,18,
warelsolano,sa3067685,Warel Solano,TBR,SS,18,
brayancortesia,sa3067686,Brayan Cortesia,WSN,SS,18,
breysonguedez,sa3067688,Breyson Guedez,ATH,LF,18,
santiagoleon,sa3067689,Santiago Leon,MIN,SS,18,
deividcoronil,sa3067691,Deivid Coronil,SDP,SS,18,
haritzoncastillo,sa3067692,Haritzon Castillo,MIN,SS,18,
jhoandelacruz,sa3067693,Jhoan De La Cruz,SDP,SS,18,
eliandelacruz,sa3067695,Elian De La Cruz,ARI,RF,18,
raymermedina,sa3067696,Raymer Medina,TBR,2B,18,
elorkyrodriguez,sa3067697,Elorky Rodriguez,TEX,LF,18,
jhomnardoreyes,sa3067700,Jhomnardo Reyes,MIN,RF,18,
alejandrocruz,sa3067702,Alejandro Cruz,CHW,3B,19,
marconigerman,sa3067715,Marconi German,WSN,SS,18,
johanmachado,sa3067724,Johan Machado,MIA,SS,18,
danielhernandez,sa3067734,Daniel Hernandez,WSN,C,18,
juanrujano,sa3067752,Juan Rujano,STL,C,18,
juantomas,sa3067758,Juan Tomas,CHC,SS,18,
kamuelvillar,sa3067803,Kamuel Villar,COL,SS,18,
rubencastillo,sa3067849,Ruben Castillo,NYY,CF,18,
cesaracosta,sa3067868,Cesar Acosta,NYM,C,17,
carlosalvarez,sa3068082,Carlos Alvarez,SDP,SP,18,
sadbieldelzine,sa3068089,Sadbiel Delzine,BOS,SP,18,
adrianpena,sa3068110,Adrian  Pena,MIA,SP,18,
darwingozuna,sa3068179,Darwing Ozuna,ATH,RF,18,
royelnystrop,sa3068180,Royelny Strop,STL,CF,18,
santiagocastellanos,sa3068480,Santiago Castellanos,MIN,SP,17,
eliomargarces,sa3068523,Eliomar Garces,TBR,SS,18,
gabrieldavalillo,sa3068659,Gabriel Davalillo,LAA,C,18,
pedromontero,sa3068682,Pedro Montero,MIA,SP,18,
eivermosquera,sa3068767,Eiver Mosquera,MIA,SP,19,
bradyebel,sa3069149,Brady  Ebel,MIL,SS,18,
nickbecker,sa3069151,Nick Becker,SEA,SS,19,
joshowens,sa3069169,Josh Owens,TEX,SS,19,
tyharvey,sa3069181,Ty Harvey,SDP,C,19,
quentinyoung,sa3069187,Quentin Young,MIN,3B,19,
josedevers1,sa3015292,Jose Devers,CLE,SS,23,
hectorrodriguez1,sa3015828,Hector  Rodriguez,CIN,RF,22,
yuniormarte1,sa3018367,Yunior Marte,SFG,SP,22,
jakemiller1,sa3020408,Jake Miller,DET,MIRP,25,
seansullivan1,sa3023162,Sean Sullivan,COL,MIRP,23,
antoniojimenez1,sa3034692,Antonio Jimenez,NYM,SS,22,
jaredjones1,sa3034881,Jared Jones,PIT,1B,22,
michaelmassey1,sa3037259,Michael Massey,DET,SIRP,23,
lukedickerson1,sa3067329,Luke Dickerson,WSN,2B,20,
