tjid,NameASCII,fgId,Name,Org,Pos,PlayerId,Age,_merge
maxstassi,Max Stassi,10059,,,,,,left_only
billyhamilton,Billy Hamilton,10199,,,,,,left_only
domingosantana,Domingo Santana,10348,,,,,,left_only
andrewbellatti,Andrew Bellatti,10657,,,,,,left_only
michaelmariot,Michael Mariot,10835,,,,,,left_only
vincevelasquez,Vince Velasquez,11189,,,,,,left_only
jakemarisnick,Jake Marisnick,11339,,,,,,left_only
dixonmachado,Dixon Machado,11472,,,,,,left_only
noahsyndergaard,Noah Syndergaard,11762,,,,,,left_only
orlandocalixte,Orlando Calixte,11905,,,,,,left_only
trevorbauer,Trevor Bauer,12703,,,,,,left_only
raulalcantara,Raul Alcantara,12790,,,,,,left_only
gregorypolanco,Gregory Polanco,12907,,,,,,left_only
joseosuna,Jose Osuna,12937,,,,,,left_only
michaelperez,Michael Perez,12977,,,,,,left_only
jakelamb,Jake Lamb,13329,,,,,,left_only
williamcuevas,William Cuevas,13331,,,,,,left_only
adriansampson,Adrian Sampson,13339,,,,,,left_only
drewverhagen,Drew VerHagen,13424,,,,,,left_only
johngant,John Gant,13684,,,,,,left_only
joeykrehbiel,Joey Krehbiel,13707,,,,,,left_only
robertoosuna,Roberto Osuna,13764,,,,,,left_only
albertalmorajr,Albert Almora Jr.,14109,,,,,,left_only
andrewvelazquez,Andrew Velazquez,14196,,,,,,left_only
yasielpuig,Yasiel Puig,14225,,,,,,left_only
joehudson,Joe Hudson,14412,,,,,,left_only
jbwendelken,J.B. Wendelken,14506,,,,,,left_only
rowanwick,Rowan Wick,14646,,,,,,left_only
keonekela,Keone Kela,14696,,,,,,left_only
lukevoit,Luke Voit,14811,,,,,,left_only
dylancovey,Dylan Covey,14825,,,,,,left_only
yackselrios,Yacksel Rios,15007,,,,,,left_only
trevorgott,Trevor Gott,15046,,,,,,left_only
timlocastro,Tim Locastro,15124,,,,,,left_only
zackweiss,Zack Weiss,15444,,,,,,left_only
victorreyes,Victor Reyes,15487,,,,,,left_only
masahirotanaka,Masahiro Tanaka,15764,,,,,,left_only
robkaminsky,Rob Kaminsky,15792,,,,,,left_only
adamplutko,Adam Plutko,15846,,,,,,left_only
oscarmercado,Oscar Mercado,16375,,,,,,left_only
christianarroyo,Christian Arroyo,16434,,,,,,left_only
jacobnottingham,Jacob Nottingham,16448,,,,,,left_only
ryanmcbroom,Ryan McBroom,16524,,,,,,left_only
brianokeefe,Brian O'Keefe,16680,,,,,,left_only
javyguerra,Javy Guerra,17292,,,,,,left_only
luisliberato,Luis Liberato,17307,,,,,,left_only
michaelchavis,Michael Chavis,17321,,,,,,left_only
patrickweigel,Patrick Weigel,17792,,,,,,left_only
isandiaz,Isan Diaz,17922,,,,,,left_only
andrewstevenson,Andrew Stevenson,17932,,,,,,left_only
jamesnaile,James Naile,18186,,,,,,left_only
austindean,Austin Dean,18288,,,,,,left_only
taylorhearn,Taylor Hearn,18325,,,,,,left_only
pjhiggins,P.J. Higgins,18433,,,,,,left_only
byunghopark,ByungHo Park,18497,,,,,,left_only
hyunsookim,Hyun Soo Kim,18718,,,,,,left_only
seunghwanoh,Seunghwan Oh,18719,,,,,,left_only
guillermoheredia,Guillermo Heredia,18721,,,,,,left_only
robertdugger,Robert Dugger,19191,,,,,,left_only
wesbenjamin,Wes Benjamin,19243,,,,,,left_only
justindunn,Justin Dunn,19268,,,,,,left_only
joserojas,Jose Rojas,19331,,,,,,left_only
jaegyunhwang,Jae-Gyun Hwang,19369,,,,,,left_only
kylefunkhouser,Kyle Funkhouser,19456,,,,,,left_only
alexdegoti,Alex De Goti,19477,,,,,,left_only
andrewvasquez,Andrew Vasquez,19482,,,,,,left_only
devinsmeltzer,Devin Smeltzer,19487,,,,,,left_only
ryanhendrix,Ryan Hendrix,19535,,,,,,left_only
jonduplantier,Jon Duplantier,19546,,,,,,left_only
natemondou,Nate Mondou,19563,,,,,,left_only
patrickmurphy,Patrick Murphy,19712,,,,,,left_only
darickhall,Darick Hall,19717,,,,,,left_only
kodiwhitley,Kodi Whitley,19731,,,,,,left_only
wilcrowe,Wil Crowe,19800,,,,,,left_only
charliebarnes,Charlie Barnes,19865,,,,,,left_only
drewellis,Drew Ellis,19873,,,,,,left_only
adonismedina,Adonis Medina,19903,,,,,,left_only
trevorstephan,Trevor Stephan,19932,,,,,,left_only
jaredoliva,Jared Oliva,19968,,,,,,left_only
tresbarrera,Tres Barrera,19977,,,,,,left_only
wyattmills,Wyatt Mills,20010,,,,,,left_only
evanwhite,Evan White,20078,,,,,,left_only
brendanmckay,Brendan McKay,20186,,,,,,left_only
jeremybeasley,Jeremy Beasley,20205,,,,,,left_only
gilbertocelestino,Gilberto Celestino,20233,,,,,,left_only
tylerivey,Tyler Ivey,20237,,,,,,left_only
coryabbott,Cory Abbott,20277,,,,,,left_only
antoniosantos,Antonio Santos,20383,,,,,,left_only
nickmargevicius,Nick Margevicius,20395,,,,,,left_only
elivillalobos,Eli Villalobos,20408,,,,,,left_only
petersolomon,Peter Solomon,20476,,,,,,left_only
thomasszapucki,Thomas Szapucki,21065,,,,,,left_only
alejolopez,Alejo Lopez,21127,,,,,,left_only
markkolozsvary,Mark Kolozsvary,21304,,,,,,left_only
jordanbalazovic,Jordan Balazovic,21866,,,,,,left_only
hagendanner,Hagen Danner,22116,,,,,,left_only
paytonhenry,Payton Henry,22164,,,,,,left_only
calmitchell,Cal Mitchell,22169,,,,,,left_only
jeterdowns,Jeter Downs,22202,,,,,,left_only
chrisrodriguez,Chris Rodriguez,22310,,,,,,left_only
joseehernandez,Jose E. Hernandez,22318,,,,,,left_only
stephenridings,Stephen Ridings,22358,,,,,,left_only
tommyromero,Tommy Romero,23465,,,,,,left_only
chandlerseagle,Chandler Seagle,23552,,,,,,left_only
jordangroshans,Jordan Groshans,23794,,,,,,left_only
travisswaggerty,Travis Swaggerty,24491,,,,,,left_only
drewrom,Drew Rom,24602,,,,,,left_only
nashwalters,Nash Walters,25413,,,,,,left_only
levistoudt,Levi Stoudt,25650,,,,,,left_only
mckinleymoore,McKinley Moore,25663,,,,,,left_only
randywynne,Randy Wynne,25804,,,,,,left_only
cjstubbs,C.J. Stubbs,25814,,,,,,left_only
ethansmall,Ethan Small,26364,,,,,,left_only
kwanghyunkim,Kwang Hyun Kim,27458,,,,,,left_only
yoshitsutsugo,Yoshi Tsutsugo,27459,,,,,,left_only
shogoakiyama,Shogo Akiyama,27461,,,,,,left_only
karlkauffmann,Karl Kauffmann,27488,,,,,,left_only
koheiarihara,Kohei Arihara,27505,,,,,,left_only
hyeonjongyang,Hyeon-Jong Yang,27513,,,,,,left_only
hirokazusawamura,Hirokazu Sawamura,27515,,,,,,left_only
jakepalisch,Jake Palisch,31598,,,,,,left_only
dayanviciedo,Dayan Viciedo,3917,,,,,,left_only
rafaeldolis,Rafael Dolis,4185,,,,,,left_only
nikturley,Nik Turley,5530,,,,,,left_only
neftalisoto,Neftali Soto,5663,,,,,,left_only
danielbard,Daniel Bard,7115,,,,,,left_only
mattdavidson,Matt Davidson,7226,,,,,,left_only
brianmoran,Brian Moran,9646,,,,,,left_only
traycethompson,Trayce Thompson,9952,,,,,,left_only
anthonyprato,Anthony Prato,sa1052903,,,,,,left_only
nickkahle,Nick Kahle,sa1115979,,,,,,left_only
marcussmith,Marcus Smith,sa1169620,,,,,,left_only
ryanward,Ryan Ward,sa1169792,,,,,,left_only
codymilligan,Cody Milligan,sa1169818,,,,,,left_only
mattlloyd,Matt Lloyd,sa1169978,,,,,,left_only
edgarbarclay,Edgar Barclay,sa1170012,,,,,,left_only
mattoneill,Matt O'Neill,sa1170279,,,,,,left_only
jackcushing,Jack Cushing,sa1170342,,,,,,left_only
treymcgough,Trey McGough,sa1170436,,,,,,left_only
chriskachmar,Chris Kachmar,sa1170503,,,,,,left_only
davidleal,David Leal,sa1171029,,,,,,left_only
ryananderson,Ryan Anderson,sa1172845,,,,,,left_only
rodolfomartinez,Rodolfo Martinez,sa206642,,,,,,left_only
luispacheco,Luis Pacheco,sa3002678,,,,,,left_only
juanmercedes,Juan Mercedes,sa3002818,,,,,,left_only
leonardotaveras,Leonardo Taveras,sa3002934,,,,,,left_only
luispalacios,Luis Palacios,sa3003021,,,,,,left_only
carlosromero,Carlos Romero,sa3003106,,,,,,left_only
eliezeralfonzo,Eliezer Alfonzo,sa3003262,,,,,,left_only
franciscoacuna,Francisco Acuna,sa3003291,,,,,,left_only
andersonbido,Anderson Bido,sa3004204,,,,,,left_only
blakeweiman,Blake Weiman,sa3004211,,,,,,left_only
mattseelinger,Matt Seelinger,sa3004483,,,,,,left_only
brodyrodning,Brody Rodning,sa3004591,,,,,,left_only
osvaldoberrios,Osvaldo Berrios,sa3004702,,,,,,left_only
bryceconley,Bryce Conley,sa3004704,,,,,,left_only
timnaughton,Tim Naughton,sa3004713,,,,,,left_only
samcarlson,Sam Carlson,sa3005015,,,,,,left_only
mattturner,Matt Turner,sa3005029,,,,,,left_only
adamhall,Adam Hall,sa3005077,,,,,,left_only
gabrielyanez,Gabriel Yanez,sa3005332,,,,,,left_only
leonardopestana,Leonardo Pestana,sa3005456,,,,,,left_only
jefersonmorales,Jeferson Morales,sa3005472,,,,,,left_only
keyberrodriguez,Keyber Rodriguez,sa3005488,,,,,,left_only
jesusvaldez,Jesus Valdez,sa3005492,,,,,,left_only
rainernunez,Rainer Nunez,sa3005551,,,,,,left_only
ronaikerpalma,Ronaiker Palma,sa3005624,,,,,,left_only
cruznoriega,Cruz Noriega,sa3005702,,,,,,left_only
viandelpena,Viandel Pena,sa3005775,,,,,,left_only
joshuacornielly,Joshua Cornielly,sa3005890,,,,,,left_only
wilkinramos,Wilkin Ramos,sa3006487,,,,,,left_only
alfredvega,Alfred Vega,sa3006495,,,,,,left_only
eddyyean,Eddy Yean,sa3006543,,,,,,left_only
brayancastillo,Brayan Castillo,sa3006544,,,,,,left_only
valentinlinarez,Valentin Linarez,sa3006557,,,,,,left_only
eduardovalencia,Eduardo Valencia,sa3006622,,,,,,left_only
jakeanchia,Jake Anchia,sa3006674,,,,,,left_only
gabemosser,Gabe Mosser,sa3006834,,,,,,left_only
devinmann,Devin Mann,sa3006869,,,,,,left_only
frainyerchavez,Frainyer Chavez,sa3007019,,,,,,left_only
chriswilliams,Chris Williams,sa3007028,,,,,,left_only
bobbymilacki,Bobby Milacki,sa3007216,,,,,,left_only
troywatson,Troy Watson,sa3007249,,,,,,left_only
rayneldelgado,Raynel Delgado,sa3007288,,,,,,left_only
clayhelvey,Clay Helvey,sa3007459,,,,,,left_only
mattkroon,Matt Kroon,sa3007502,,,,,,left_only
rubencardenas,Ruben Cardenas,sa3007505,,,,,,left_only
austinschulfer,Austin Schulfer,sa3007585,,,,,,left_only
jakehigginbotham,Jake Higginbotham,sa3007590,,,,,,left_only
seanboyle,Sean Boyle,sa3007618,,,,,,left_only
maxburt,Max Burt,sa3007631,,,,,,left_only
nickschnell,Nick Schnell,sa3007639,,,,,,left_only
justinjarvis,Justin Jarvis,sa3007775,,,,,,left_only
elihmarrero,Elih Marrero,sa3007822,,,,,,left_only
codyroberts,Cody Roberts,sa3007869,,,,,,left_only
brennendavis,Brennen Davis,sa3007876,,,,,,left_only
onixvega,Onix Vega,sa3008007,,,,,,left_only
kyledatres,Kyle Datres,sa3008029,,,,,,left_only
peytongray,Peyton Gray,sa3008046,,,,,,left_only
joshbreaux,Josh Breaux,sa3008051,,,,,,left_only
antoniojimenez,Antonio Jimenez,sa3008074,,,,,,left_only
hunterstovall,Hunter Stovall,sa3008181,,,,,,left_only
koreyholland,Korey Holland,sa3008249,,,,,,left_only
jaxbiggers,Jax Biggers,sa3008251,,,,,,left_only
joandersuarez,Joander Suarez,sa3008263,,,,,,left_only
andyweber,Andy Weber,sa3008282,,,,,,left_only
brendanhardy,Brendan Hardy,sa3008290,,,,,,left_only
jaylenpalmer,Jaylen Palmer,sa3008297,,,,,,left_only
lennytorresjr,Lenny Torres Jr.,sa3008329,,,,,,left_only
gustavorodriguez,Gustavo Rodriguez,sa3008438,,,,,,left_only
omarmartinez,Omar Martinez,sa3008573,,,,,,left_only
dayanfrias,Dayan Frias,sa3008768,,,,,,left_only
noelberthromero,Noelberth Romero,sa3008808,,,,,,left_only
joseramos,Jose Ramos,sa3008845,,,,,,left_only
omardelossantos,Omar De Los Santos,sa3008938,,,,,,left_only
carlosmendoza,Carlos Mendoza,sa3008944,,,,,,left_only
stivenacevedo,Stiven Acevedo,sa3008952,,,,,,left_only
frankrodriguez,Frank Rodriguez,sa3009330,,,,,,left_only
gabrieljackson,Gabriel Jackson,sa3009463,,,,,,left_only
carlospena,Carlos Pena,sa3009519,,,,,,left_only
andrewquezada,Andrew Quezada,sa3009858,,,,,,left_only
lukeritter,Luke Ritter,sa3009878,,,,,,left_only
stephenjones,Stephen Jones,sa3009935,,,,,,left_only
chasesolesky,Chase Solesky,sa3009940,,,,,,left_only
luismoreno,Luis Moreno,sa3009950,,,,,,left_only
kodyhoese,Kody Hoese,sa3010021,,,,,,left_only
jackdunn,Jack Dunn,sa3010029,,,,,,left_only
jtarruda,J.T. Arruda,sa3010036,,,,,,left_only
andrewmisiaszek,Andrew Misiaszek,sa3010118,,,,,,left_only
florencioserrano,Florencio Serrano,sa3010124,,,,,,left_only
blaketownsend,Blake Townsend,sa3010125,,,,,,left_only
wooyoungjin,Woo Young Jin,sa3010132,,,,,,left_only
danielcope,Daniel Cope,sa3010157,,,,,,left_only
ripkenreyes,Ripken Reyes,sa3010159,,,,,,left_only
jarodbayless,Jarod Bayless,sa3010236,,,,,,left_only
garvinalston,Garvin Alston,sa3010238,,,,,,left_only
connorvanscoyoc,Connor Van Scoyoc,sa3010243,,,,,,left_only
nickfraze,Nick Fraze,sa3010250,,,,,,left_only
austinroberts,Austin Roberts,sa3010254,,,,,,left_only
andrewbash,Andrew Bash,sa3010259,,,,,,left_only
kellenstrahm,Kellen Strahm,sa3010278,,,,,,left_only
jasonblanchard,Jason Blanchard,sa3010313,,,,,,left_only
jakewalkinshaw,Jake Walkinshaw,sa3010317,,,,,,left_only
trevorboone,Trevor Boone,sa3010336,,,,,,left_only
dariushill,Darius Hill,sa3010395,,,,,,left_only
ryanshreve,Ryan Shreve,sa3010555,,,,,,left_only
benanderson,Ben Anderson,sa3010560,,,,,,left_only
daltonroach,Dalton Roach,sa3010567,,,,,,left_only
cooperjohnson,Cooper Johnson,sa3010584,,,,,,left_only
randylabaut,Randy Labaut,sa3010615,,,,,,left_only
brandonkomar,Brandon Komar,sa3010630,,,,,,left_only
cadebunnell,Cade Bunnell,sa3010702,,,,,,left_only
morganmcsweeney,Morgan McSweeney,sa3010781,,,,,,left_only
fineasdelbontasmith,Fineas Del Bonta-Smith,sa3010821,,,,,,left_only
justinyeager,Justin Yeager,sa3010825,,,,,,left_only
bradleyhanner,Bradley Hanner,sa3010837,,,,,,left_only
chasestrumpf,Chase Strumpf,sa3010845,,,,,,left_only
austinbergner,Austin Bergner,sa3011122,,,,,,left_only
danieljuarez,Daniel Juarez,sa3011139,,,,,,left_only
sethshuman,Seth Shuman,sa3011187,,,,,,left_only
ryangarcia,Ryan Garcia,sa3011190,,,,,,left_only
willholland,Will Holland,sa3011204,,,,,,left_only
alecgamboa,Alec Gamboa,sa3011249,,,,,,left_only
aidananderson,Aidan Anderson,sa3011250,,,,,,left_only
jasebowen,Jase Bowen,sa3011267,,,,,,left_only
jackralston,Jack Ralston,sa3011296,,,,,,left_only
toddpeterson,Todd Peterson,sa3011334,,,,,,left_only
hanselmarcelino,Hansel Marcelino,sa3011376,,,,,,left_only
philclarke,Phil Clarke,sa3011379,,,,,,left_only
drewparrish,Drew Parrish,sa3011395,,,,,,left_only
joelvaldez,Joel Valdez,sa3011397,,,,,,left_only
hunterbishop,Hunter Bishop,sa3011413,,,,,,left_only
michaelcuevas,Michael Cuevas,sa3011437,,,,,,left_only
stephenscott,Stephen Scott,sa3011469,,,,,,left_only
jcflowers,J.C. Flowers,sa3011493,,,,,,left_only
houstonroth,Houston Roth,sa3011527,,,,,,left_only
nickrichmond,Nick Richmond,sa3011538,,,,,,left_only
conorgrammes,Conor Grammes,sa3011651,,,,,,left_only
noahsong,Noah Song,sa3011695,,,,,,left_only
averyshort,Avery Short,sa3011712,,,,,,left_only
ryanharbin,Ryan Harbin,sa3011733,,,,,,left_only
karsonsimas,Karson Simas,sa3011739,,,,,,left_only
shanesasaki,Shane Sasaki,sa3011754,,,,,,left_only
alexandercornielle,Alexander Cornielle,sa3011779,,,,,,left_only
hungonkim,Hun Gon Kim,sa3011906,,,,,,left_only
byeongwoojeon,Byeong-woo Jeon,sa3011926,,,,,,left_only
kihyunyang,Kih-Yun Yang,sa3011929,,,,,,left_only
seongminkim,Seongmin Kim,sa3011930,,,,,,left_only
kyuminwoo,Kyu-min Woo,sa3012000,,,,,,left_only
yongkyulee,Yongkyu Lee,sa3012015,,,,,,left_only
jaehokim,Jaeho Kim,sa3012016,,,,,,left_only
minhokang,Minho Kang,sa3012023,,,,,,left_only
jeongchoi,Jeong Choi,sa3012034,,,,,,left_only
jonghyunwon,Jong-hyun Won,sa3012035,,,,,,left_only
euijiyang,Euiji Yang,sa3012037,,,,,,left_only
yongchanlee,Yongchan Lee,sa3012046,,,,,,left_only
ahseopson,Ah-seop Son,sa3012050,,,,,,left_only
taegunkim,Taegun Kim,sa3012057,,,,,,left_only
geonchangseo,Geonchang Seo,sa3012058,,,,,,left_only
junwoojeon,Junwoo Jeon,sa3012061,,,,,,left_only
kyoungminhur,Kyoung-min Hur,sa3012064,,,,,,left_only
sangsookim,Sang-soo Kim,sa3012065,,,,,,left_only
seunghyunlee,Seung-hyun Lee,sa3012166,,,,,,left_only
daeyukim,Dae-yu Kim,sa3012179,,,,,,left_only
hoonjung,Hoon Jung,sa3012191,,,,,,left_only
taegonoh,Tae-gon Oh,sa3012193,,,,,,left_only
siyoungpark,Si-young Park,sa3012194,,,,,,left_only
taeyanglee,Tae-yang Lee,sa3012211,,,,,,left_only
jonghunpark,Jong-hun Park,sa3012213,,,,,,left_only
chankyuim,Chan-kyu Im,sa3012220,,,,,,left_only
kangnamyoo,Kang-nam Yoo,sa3012221,,,,,,left_only
woochanlee,Woo-chan Lee,sa3012225,,,,,,left_only
hyunyang,Hyun Yang,sa3012238,,,,,,left_only
jongwookko,Jong-wook Ko,sa3012243,,,,,,left_only
daewookim,Dae-woo Kim,sa3012247,,,,,,left_only
geonhuihong,Geon-hui Hong,sa3012262,,,,,,left_only
seunghyukhan,Seung-hyuk Han,sa3012265,,,,,,left_only
jinyongseo,Jin-yong Seo,sa3012277,,,,,,left_only
sunghoonchoi,Sung-hoon Choi,sa3012284,,,,,,left_only
jihyukryu,Ji-hyuk Ryu,sa3012288,,,,,,left_only
seihyokpark,Sei-hyok Park,sa3012290,,,,,,left_only
jaehyunkim,Jae-hyun Kim,sa3012294,,,,,,left_only
taehoonkim,Tae-hoon Kim,sa3012298,,,,,,left_only
hyunheehan,Hyun-hee Han,sa3012299,,,,,,left_only
jawookkoo,Ja-wook Koo,sa3012300,,,,,,left_only
haeminpark,Hae-min Park,sa3012304,,,,,,left_only
wonjungkim,Won-jung Kim,sa3012308,,,,,,left_only
juntaekim,Jun-tae Kim,sa3012310,,,,,,left_only
jusukha,Ju-suk Ha,sa3012320,,,,,,left_only
giyeongim,Gi-yeong Im,sa3012323,,,,,,left_only
seungwookpark,Seung-wook Park,sa3012327,,,,,,left_only
seungwonmoon,Seung-won Moon,sa3012330,,,,,,left_only
hangchoi,Hang Choi,sa3012332,,,,,,left_only
yooseomhan,Yoo-seom Han,sa3012336,,,,,,left_only
minwoopark,Min-woo Park,sa3012337,,,,,,left_only
jinsungkang,Jin-sung Kang,sa3012344,,,,,,left_only
jinhyukno,Jin-hyuk No,sa3012348,,,,,,left_only
seongukkim,Seong-uk Kim,sa3012349,,,,,,left_only
sungbumna,Sung-bum Na,sa3012352,,,,,,left_only
hyeongbeomlee,Hyeong-beom Lee,sa3012353,,,,,,left_only
seunghokang,Seung-ho Kang,sa3012361,,,,,,left_only
jaejunebae,Jae-june Bae,sa3012364,,,,,,left_only
seunghyunjang,Seung-hyun Jang,sa3012365,,,,,,left_only
deokjuham,Deok-ju Ham,sa3012366,,,,,,left_only
intaekim,In-tae Kim,sa3012367,,,,,,left_only
woosunglee,Woo-sung Lee,sa3012368,,,,,,left_only
sangwoocho,Sang-woo Cho,sa3012372,,,,,,left_only
jinhyungpark,Jin-hyung Park,sa3012378,,,,,,left_only
seungminkoo,Seung-min Koo,sa3012379,,,,,,left_only
seungtaekhan,Seung-taek Han,sa3012396,,,,,,left_only
jongsookim,Jong-soo Kim,sa3012399,,,,,,left_only
hyunsikjang,Hyun-sik Jang,sa3012411,,,,,,left_only
jungholim,Jung-ho Lim,sa3012412,,,,,,left_only
sangminlee,Sang-min Lee,sa3012413,,,,,,left_only
huidongkwon,Hui-dong Kwon,sa3012415,,,,,,left_only
youngpyoko,Young-pyo Ko,sa3012418,,,,,,left_only
minhyuckkim,Min-hyuck Kim,sa3012419,,,,,,left_only
woojunshim,Woo-jun Shim,sa3012420,,,,,,left_only
sangchulmoon,Sang-chul Moon,sa3012421,,,,,,left_only
minsubsong,Min-sub Song,sa3012423,,,,,,left_only
jaeminshim,Jae-min Shim,sa3012426,,,,,,left_only
sewoongpark,Se-woong Park,sa3012427,,,,,,left_only
joongyeolahn,Joong-yeol Ahn,sa3012428,,,,,,left_only
junwonjang,Jun-won Jang,sa3012436,,,,,,left_only
sukhwanyang,Suk-hwan Yang,sa3012438,,,,,,left_only
jungdaebae,Jung-dae Bae,sa3012441,,,,,,left_only
jiyeolim,Ji-yeol Im,sa3012449,,,,,,left_only
byeongwuklim,Byeong-wuk Lim,sa3012450,,,,,,left_only
yeongminha,Yeong-min Ha,sa3012451,,,,,,left_only
gyebeompark,Gye-beom Park,sa3012458,,,,,,left_only
yoonsukoh,Yoon-suk Oh,sa3012464,,,,,,left_only
changjinlee,Chang-jin Lee,sa3012466,,,,,,left_only
yuyeongkim,Yu-yeong Kim,sa3012469,,,,,,left_only
chanhopark,Chan-ho Park,sa3012474,,,,,,left_only
yeongujo,Yeong-u Jo,sa3012483,,,,,,left_only
taejinkim,Tae-jin Kim,sa3012499,,,,,,left_only
jaewhanbae,Jae-whan Bae,sa3012500,,,,,,left_only
minsukim,Min-su Kim,sa3012504,,,,,,left_only
sangbaekeom,Sang-baek Eom,sa3012505,,,,,,left_only
kwonju,Kwon Ju,sa3012508,,,,,,left_only
seunghyeonbaek,Seung-hyeon Baek,sa3012512,,,,,,left_only
sangkyulee,Sang-kyu Lee,sa3012514,,,,,,left_only
jaeseongkim,Jae-seong Kim,sa3012516,,,,,,left_only
minjaeshin,Min-jae Shin,sa3012520,,,,,,left_only
minhyeokkim,Min-hyeok Kim,sa3012522,,,,,,left_only
wontaechoi,Won-tae Choi,sa3012525,,,,,,left_only
taekhyeongkim,Taek-hyeong Kim,sa3012526,,,,,,left_only
jeongyongchoi,Jeong-yong Choi,sa3012537,,,,,,left_only
jeseongbae,Je-seong Bae,sa3012544,,,,,,left_only
daeinhwang,Dae-in Hwang,sa3012545,,,,,,left_only
jungsoopark,Jung-soo Park,sa3012548,,,,,,left_only
horyungkim,Ho-ryung Kim,sa3012550,,,,,,left_only
junyounglee,Jun-young Lee,sa3012552,,,,,,left_only
doyunlee,Do-yun Lee,sa3012554,,,,,,left_only
hyunsangjoo,Hyun-sang Joo,sa3012555,,,,,,left_only
beomsukim,Beom-su Kim,sa3012557,,,,,,left_only
woongbinkim,Woong-bin Kim,sa3012561,,,,,,left_only
seungminchoi,Seung-min Choi,sa3012562,,,,,,left_only
changmokoo,Chang-mo Koo,sa3012564,,,,,,left_only
changkihong,Chang-ki Hong,sa3012570,,,,,,left_only
kiyeonkim,Ki-yeon Kim,sa3012571,,,,,,left_only
jusungkim,Ju-sung Kim,sa3012574,,,,,,left_only
soohaengjo,Soo-haeng Jo,sa3012578,,,,,,left_only
younghalee,Young-ha Lee,sa3012579,,,,,,left_only
hyosangjoo,Hyo-sang Joo,sa3012583,,,,,,left_only
juhyeongan,Ju-hyeong An,sa3012586,,,,,,left_only
sunggyulee,Sung-gyu Lee,sa3012587,,,,,,left_only
chungyeonchoi,Chung-yeon Choi,sa3012589,,,,,,left_only
wonjunchoi,Won-jun Choi,sa3012595,,,,,,left_only
sanghyunjeon,Sang-hyun Jeon,sa3012596,,,,,,left_only
jinyounglee,Jin-young Lee,sa3012598,,,,,,left_only
beomsooshin,Beom-soo Shin,sa3012601,,,,,,left_only
taeyeankim,Tae-yean Kim,sa3012603,,,,,,left_only
jinhyukjang,Jin-hyuk Jang,sa3012604,,,,,,left_only
inhwankim,In-hwan Kim,sa3012607,,,,,,left_only
dongyoonchung,Dong-yoon Chung,sa3012614,,,,,,left_only
sanghyeonahn,Sang-hyeon Ahn,sa3012616,,,,,,left_only
chanhyungkim,Chan-hyung Kim,sa3012617,,,,,,left_only
sungyoungchoi,Sung-young Choi,sa3012618,,,,,,left_only
junyoungpark,Jun-young Park,sa3012619,,,,,,left_only
taehundo,Tae-hun Do,sa3012620,,,,,,left_only
hyeonbinhong,Hyeon-bin Hong,sa3012624,,,,,,left_only
chiyoungan,Chi-young An,sa3012625,,,,,,left_only
junghyunlee,Jung-hyun Lee,sa3012626,,,,,,left_only
seokjoooh,Seok-joo Oh,sa3012629,,,,,,left_only
juyoungson,Ju-young Son,sa3012633,,,,,,left_only
yuchanlee,Yu-chan Lee,sa3012635,,,,,,left_only
myeongsinkim,Myeong-sin Kim,sa3012636,,,,,,left_only
wonjoonchoi,Won-joon Choi,sa3012637,,,,,,left_only
chigukpark,Chi-guk Park,sa3012638,,,,,,left_only
seongyoonkim,Seong-yoon Kim,sa3012644,,,,,,left_only
jongdeokna,Jong-deok Na,sa3012648,,,,,,left_only
seongpinyoon,Seong-pin Yoon,sa3012649,,,,,,left_only
seokhwankim,Seok-hwan Kim,sa3012653,,,,,,left_only
seungcheolyoo,Seung-cheol Yoo,sa3012654,,,,,,left_only
jeonghunlee,Jeong-hun Lee,sa3012655,,,,,,left_only
sangwonpark,Sang-won Park,sa3012657,,,,,,left_only
seonghanpark,Seong-han Park,sa3012661,,,,,,left_only
rheehyunso,Rhee-hyun So,sa3012662,,,,,,left_only
minkim,Min Kim,sa3012664,,,,,,left_only
baekhokang,Baek-ho Kang,sa3012665,,,,,,left_only
sungjumoon,Sung-ju Moon,sa3012668,,,,,,left_only
donghyunsung,Dong-hyun Sung,sa3012670,,,,,,left_only
mingyukim,Min-gyu Kim,sa3012671,,,,,,left_only
minjaejeon,Min-jae Jeon,sa3012673,,,,,,left_only
beengwak,Been Gwak,sa3012674,,,,,,left_only
shinzipark,Shin-zi Park,sa3012675,,,,,,left_only
jaehyunchoo,Jae-hyun Choo,sa3012679,,,,,,left_only
changseopyang,Chang-seop Yang,sa3012682,,,,,,left_only
chaeheungchoi,Chae-heung Choi,sa3012683,,,,,,left_only
sungjongchung,Sung-jong Chung,sa3012688,,,,,,left_only
junyoungha,Jun-young Ha,sa3012691,,,,,,left_only
wonseoklee,Won-seok Lee,sa3012693,,,,,,left_only
jeongwookim,Jeong-woo Kim,sa3012696,,,,,,left_only
minjunchoi,Min-jun Choi,sa3012698,,,,,,left_only
junwoochoi,Jun-woo Choi,sa3012699,,,,,,left_only
youngkyukim,Young-kyu Kim,sa3012700,,,,,,left_only
youngsoooh,Young-soo Oh,sa3012702,,,,,,left_only
hyungjunkim,Hyung-jun Kim,sa3012705,,,,,,left_only
donghyunson,Dong-hyun Son,sa3012706,,,,,,left_only
yongjujeon,Yong-ju Jeon,sa3012707,,,,,,left_only
sangdonglee,Sang-dong Lee,sa3012708,,,,,,left_only
minseokpark,Min-seok Park,sa3012709,,,,,,left_only
bonhyeokgu,Bon-hyeok Gu,sa3012711,,,,,,left_only
wooyoungjung,Woo-young Jung,sa3012714,,,,,,left_only
seunghwansong,Seung-hwan Song,sa3012716,,,,,,left_only
taekeunkim,Tae-keun Kim,sa3012717,,,,,,left_only
daehankim,Dae-han Kim,sa3012718,,,,,,left_only
juseongpark,Ju-seong Park,sa3012719,,,,,,left_only
youngguncho,Young-gun Cho,sa3012720,,,,,,left_only
seungkyupark,Seung-kyu Park,sa3012721,,,,,,left_only
dohwankim,Do-hwan Kim,sa3012722,,,,,,left_only
taeinwon,Tae-in Won,sa3012723,,,,,,left_only
yongsushin,Yong-su Shin,sa3012724,,,,,,left_only
hyeonsukim,Hyeon-su Kim,sa3012725,,,,,,left_only
seungmingo,Seung-min Go,sa3012726,,,,,,left_only
jinpark,Jin Park,sa3012728,,,,,,left_only
kihoonkim,Ki-hoon Kim,sa3012729,,,,,,left_only
sunwoooh,Sun-woo Oh,sa3012730,,,,,,left_only
woohyukbyun,Woo-hyuk Byun,sa3012733,,,,,,left_only
sihwanroh,Si-hwan Roh,sa3012734,,,,,,left_only
yihwankim,Yi-hwan Kim,sa3012735,,,,,,left_only
janghyeokyoo,Jang-hyeok Yoo,sa3012737,,,,,,left_only
hyunwoochae,Hyun-woo Chae,sa3012739,,,,,,left_only
changpyeongkim,Chang-pyeong Kim,sa3012740,,,,,,left_only
saminchun,Sa-min Chun,sa3012744,,,,,,left_only
kangminkim,Kang-min Kim,sa3012834,,,,,,left_only
hyoungwoochoi,Hyoung-woo Choi,sa3012871,,,,,,left_only
hyojunko,Hyo-jun Ko,sa3012882,,,,,,left_only
kyungsupark,Kyung-su Park,sa3012911,,,,,,left_only
kyungeunnoh,Kyung-eun Noh,sa3012918,,,,,,left_only
eunbeomsong,Eun-beom Song,sa3012960,,,,,,left_only
jinsungkim,Jin-sung Kim,sa3013091,,,,,,left_only
keonkukkim,Keon-kuk Kim,sa3013098,,,,,,left_only
joohwanchoi,Joo-hwan Choi,sa3013103,,,,,,left_only
sangsukim,Sang-su Kim,sa3013115,,,,,,left_only
sunghyunkim,Sung-hyun Kim,sa3013146,,,,,,left_only
jaewonlee,Jae-won Lee,sa3013147,,,,,,left_only
kangryulkim,Kang-ryul Kim,sa3013163,,,,,,left_only
junghyunbaek,Jung-hyun Baek,sa3013166,,,,,,left_only
minsungkim,Min-sung Kim,sa3013175,,,,,,left_only
hyungjonglee,Hyung-jong Lee,sa3013195,,,,,,left_only
jaehwankim,Jae-hwan Kim,sa3013200,,,,,,left_only
jaehoonchoi,Jae-hoon Choi,sa3013205,,,,,,left_only
changminlim,Chang-min Lim,sa3013206,,,,,,left_only
sungwoojang,Sung-woo Jang,sa3013216,,,,,,left_only
sunbinkim,Sun-bin Kim,sa3013220,,,,,,left_only
sunjinoh,Sun-jin Oh,sa3013231,,,,,,left_only
jihwanoh,Ji-hwan Oh,sa3013245,,,,,,left_only
donghwanchoi,Dong-hwan Choi,sa3013250,,,,,,left_only
eunseongchae,Eun-seong Chae,sa3013253,,,,,,left_only
kunwoopark,Kun-woo Park,sa3013255,,,,,,left_only
soobinjung,Soo-bin Jung,sa3013258,,,,,,left_only
dongwonpark,Dong-won Park,sa3013271,,,,,,left_only
jiyounglee,Ji-young Lee,sa3013276,,,,,,left_only
chihongan,Chi-hong An,sa3013286,,,,,,left_only
bokeunjeong,Bo-keun Jeong,sa3014210,,,,,,left_only
junsuhan,Jun-su Han,sa3014211,,,,,,left_only
woohyunyang,Woo-hyun Yang,sa3014212,,,,,,left_only
hyeonwookang,Hyeon-woo Kang,sa3014272,,,,,,left_only
jichankim,Ji-chan Kim,sa3014279,,,,,,left_only
jihoonchoi,Ji-hoon Choi,sa3014282,,,,,,left_only
jooonkim,Joo-on Kim,sa3014287,,,,,,left_only
jeongwonchoi,Jeong-won Choi,sa3014290,,,,,,left_only
hyeongjunso,Hyeong Jun So,sa3014303,,,,,,left_only
kyusungkim,Kyu-sung Kim,sa3014306,,,,,,left_only
sangkwonbyeon,Sang-kwon Byeon,sa3014307,,,,,,left_only
dongjaehwang,Dong Jae Hwang,sa3014313,,,,,,left_only
kangjunlee,Kang Jun Lee,sa3014315,,,,,,left_only
sukhyunhan,Suk-hyun Han,sa3014319,,,,,,left_only
hocheolseo,Ho-cheol Seo,sa3014321,,,,,,left_only
seonghocheon,Seong Ho Cheon,sa3014323,,,,,,left_only
inhochoi,In Ho Choi,sa3014330,,,,,,left_only
junghyunpark,Jung Hyun Park,sa3014331,,,,,,left_only
jaeminkang,Jae Min Kang,sa3014332,,,,,,left_only
seungminlee,Seung Min Lee,sa3014336,,,,,,left_only
jinhokim,Jin-ho Kim,sa3014341,,,,,,left_only
jihoonpark,Ji Hoon Park,sa3014342,,,,,,left_only
myeongjinoh,Myeong Jin Oh,sa3014344,,,,,,left_only
kyohoonlee,Kyo-hoon Lee,sa3014347,,,,,,left_only
byeonghwikim,Byeong Hwi Kim,sa3014351,,,,,,left_only
haiyoungjung,Hai Young Jung,sa3014352,,,,,,left_only
jongpyohong,Jong Pyo Hong,sa3014355,,,,,,left_only
wonhoehyun,Won Hoe Hyun,sa3014356,,,,,,left_only
jaeiklee,Jae-ik Lee,sa3014357,,,,,,left_only
juhongpark,Ju Hong Park,sa3014359,,,,,,left_only
jongchanlim,Jong Chan Lim,sa3014361,,,,,,left_only
junyongchoi,Jun Yong Choi,sa3014362,,,,,,left_only
jungyongyi,Jung Yong Yi,sa3014366,,,,,,left_only
minhyeokshin,Min-hyeok Shin,sa3014368,,,,,,left_only
minpark,Min Park,sa3014371,,,,,,left_only
wonseokoh,Won Seok Oh,sa3014380,,,,,,left_only
ganghyunkim,Gang-hyun Kim,sa3014382,,,,,,left_only
jaeyeolkim,Jae-yeol Kim,sa3014394,,,,,,left_only
hyoseungryu,Hyo Seung Ryu,sa3014398,,,,,,left_only
siwonpark,Si Won Park,sa3014404,,,,,,left_only
wonpyohong,Won Pyo Hong,sa3014405,,,,,,left_only
insanan,In San An,sa3014407,,,,,,left_only
taegyeongkim,Tae Gyeong Kim,sa3014408,,,,,,left_only
jinougryou,Jin Oug Ryou,sa3014409,,,,,,left_only
taehyunkim,Tae-hyun Kim,sa3014410,,,,,,left_only
hoyeonlee,Ho-yeon Lee,sa3014412,,,,,,left_only
treicruz,Trei Cruz,sa3014420,,,,,,left_only
haydencantrelle,Hayden Cantrelle,sa3014426,,,,,,left_only
trevorhauver,Trevor Hauver,sa3014448,,,,,,left_only
carsontaylor,Carson Taylor,sa3014468,,,,,,left_only
zachmccambley,Zach McCambley,sa3014478,,,,,,left_only
ajvukovich,A.J. Vukovich,sa3014525,,,,,,left_only
ianbedell,Ian Bedell,sa3014538,,,,,,left_only
cjvaneyk,CJ Van Eyk,sa3014713,,,,,,left_only
adisyncoffey,Adisyn Coffey,sa3014738,,,,,,left_only
juhyounglee,Ju Hyoung Lee,sa3014742,,,,,,left_only
dongjinkwon,Dong Jin Kwon,sa3014744,,,,,,left_only
chahyeonhan,Cha Hyeon Han,sa3014746,,,,,,left_only
jinsukim,Jin Su Kim,sa3014748,,,,,,left_only
jaeseokan,Jae Seok An,sa3014749,,,,,,left_only
jaeyoungjang,Jae Young Jang,sa3014751,,,,,,left_only
jinukkim,Jin Uk Kim,sa3014753,,,,,,left_only
euileelee,Eui Lee Lee,sa3014756,,,,,,left_only
chaeholee,Chae-ho Lee,sa3014763,,,,,,left_only
myeongjunko,Myeong Jun Ko,sa3014774,,,,,,left_only
doosungchang,Doo-sung Chang,sa3014778,,,,,,left_only
cesargomez,Cesar Gomez,sa3014799,,,,,,left_only
carsonrudd,Carson Rudd,sa3014812,,,,,,left_only
carterloewen,Carter Loewen,sa3014844,,,,,,left_only
adamlaskey,Adam Laskey,sa3014851,,,,,,left_only
holdenpowell,Holden Powell,sa3014854,,,,,,left_only
sahidvalenzuela,Sahid Valenzuela,sa3014882,,,,,,left_only
tjshook,TJ Shook,sa3014915,,,,,,left_only
colepercival,Cole Percival,sa3014919,,,,,,left_only
daneacker,Dane Acker,sa3014924,,,,,,left_only
kaleemshoff,Kale Emshoff,sa3014934,,,,,,left_only
bradylindsly,Brady Lindsly,sa3014942,,,,,,left_only
franciscourbaez,Francisco Urbaez,sa3014944,,,,,,left_only
paulwitt,Paul Witt,sa3014949,,,,,,left_only
youngbinlee,Young Bin Lee,sa3015000,,,,,,left_only
loganboyer,Logan Boyer,sa3015002,,,,,,left_only
nickkrauth,Nick Krauth,sa3015006,,,,,,left_only
jonolsen,Jon Olsen,sa3015032,,,,,,left_only
masonhickman,Mason Hickman,sa3015033,,,,,,left_only
bogyeongmoon,Bo-gyeong Moon,sa3015048,,,,,,left_only
woojunjeong,Woo Jun Jeong,sa3015053,,,,,,left_only
seungyeupna,Seung Yeup Na,sa3015054,,,,,,left_only
jaeyoungsong,Jae Young Song,sa3015055,,,,,,left_only
victorlabrada,Victor Labrada,sa3015062,,,,,,left_only
joonghyeonyoon,Joong-hyeon Yoon,sa3015067,,,,,,left_only
ryanwatson,Ryan Watson,sa3015070,,,,,,left_only
ttbowens,TT Bowens,sa3015107,,,,,,left_only
kijoongkim,Ki Joong Kim,sa3015113,,,,,,left_only
wheejipkim,Whee Jip Kim,sa3015123,,,,,,left_only
geonhyoungkim,Geon Hyoung Kim,sa3015138,,,,,,left_only
juwonkim,Ju Won Kim,sa3015141,,,,,,left_only
drakefellows,Drake Fellows,sa3015208,,,,,,left_only
aaronrozek,Aaron Rozek,sa3015224,,,,,,left_only
nolanclenney,Nolan Clenney,sa3015328,,,,,,left_only
alonzorichardson,Alonzo Richardson,sa3015333,,,,,,left_only
minsookim,Min-soo Kim,sa3015366,,,,,,left_only
fernandocaldera,Fernando Caldera,sa3015547,,,,,,left_only
jesuscastillo,Jesus Castillo,sa3015587,,,,,,left_only
felixreyes,Felix Reyes,sa3015688,,,,,,left_only
johnstankiewicz,John Stankiewicz,sa3016001,,,,,,left_only
endersolira,Enderso Lira,sa3016145,,,,,,left_only
carlosavila,Carlos Avila,sa3016161,,,,,,left_only
victorjuarez,Victor Juarez,sa3016226,,,,,,left_only
christianromero,Christian Romero,sa3016260,,,,,,left_only
davidleon,David Leon,sa3016336,,,,,,left_only
luisgutierrez,Luis Gutierrez,sa3016469,,,,,,left_only
edinsonduran,Edinson Duran,sa3016561,,,,,,left_only
eliocampos,Elio Campos,sa3016645,,,,,,left_only
colindavis,Colin Davis,sa3016806,,,,,,left_only
konnerpiotto,Konner Piotto,sa3016810,,,,,,left_only
marcoscastanon,Marcos Castanon,sa3016818,,,,,,left_only
kenyonyovan,Kenyon Yovan,sa3016839,,,,,,left_only
zachhumphreys,Zach Humphreys,sa3016853,,,,,,left_only
mylesemmerson,Myles Emmerson,sa3016862,,,,,,left_only
mikeantico,Mike Antico,sa3016922,,,,,,left_only
garrettschoenle,Garrett Schoenle,sa3016937,,,,,,left_only
coreyrosier,Corey Rosier,sa3016961,,,,,,left_only
grantrichardson,Grant Richardson,sa3016964,,,,,,left_only
austinmurr,Austin Murr,sa3016967,,,,,,left_only
noahmendlinger,Noah Mendlinger,sa3017001,,,,,,left_only
jackrogers,Jack Rogers,sa3017017,,,,,,left_only
adamhackenberg,Adam Hackenberg,sa3017041,,,,,,left_only
ethanmurray,Ethan Murray,sa3017051,,,,,,left_only
rosscarver,Ross Carver,sa3017069,,,,,,left_only
drakeosborn,Drake Osborn,sa3017077,,,,,,left_only
rileytirotta,Riley Tirotta,sa3017078,,,,,,left_only
haydenjuenger,Hayden Juenger,sa3017103,,,,,,left_only
peytonwilson,Peyton Wilson,sa3017110,,,,,,left_only
phillipsikes,Phillip Sikes,sa3017113,,,,,,left_only
bennetthostetler,Bennett Hostetler,sa3017120,,,,,,left_only
connorpavolony,Connor Pavolony,sa3017156,,,,,,left_only
juangonzalez,Juan Gonzalez,sa3017166,,,,,,left_only
garrettspain,Garrett Spain,sa3017174,,,,,,left_only
nickdombkowski,Nick Dombkowski,sa3017201,,,,,,left_only
tommymccollum,Tommy McCollum,sa3017204,,,,,,left_only
ethanroutzahn,Ethan Routzahn,sa3017206,,,,,,left_only
rowdeyjordan,Rowdey Jordan,sa3017214,,,,,,left_only
adamzebrowski,Adam Zebrowski,sa3017221,,,,,,left_only
shanemcguire,Shane McGuire,sa3017284,,,,,,left_only
anthonysimonelli,Anthony Simonelli,sa3017312,,,,,,left_only
williamfleming,William Fleming,sa3017314,,,,,,left_only
seanhunley,Sean Hunley,sa3017316,,,,,,left_only
patrickhalligan,Patrick Halligan,sa3017319,,,,,,left_only
drubaker,Dru Baker,sa3017331,,,,,,left_only
jimmyburnette,Jimmy Burnette,sa3017367,,,,,,left_only
paulmcintosh,Paul McIntosh,sa3017372,,,,,,left_only
yongikmoon,Yong-ik Moon,sa3017380,,,,,,left_only
antonioknowles,Antonio Knowles,sa3017387,,,,,,left_only
brettkerry,Brett Kerry,sa3017390,,,,,,left_only
josetorres,Jose Torres,sa3017396,,,,,,left_only
mikejarvis,Mike Jarvis,sa3017401,,,,,,left_only
yongjunchoi,Yong Jun Choi,sa3017444,,,,,,left_only
juhyeonglee,Ju Hyeong Lee,sa3017446,,,,,,left_only
jeongwoopark,Jeong-woo Park,sa3017450,,,,,,left_only
ryancardona,Ryan Cardona,sa3017470,,,,,,left_only
tristangarnett,Tristan Garnett,sa3017473,,,,,,left_only
manuelcastro,Manuel Castro,sa3017493,,,,,,left_only
jaeheelee,Jae Hee Lee,sa3017497,,,,,,left_only
aaronbrown,Aaron Brown,sa3017500,,,,,,left_only
alexcornwell,Alex Cornwell,sa3017501,,,,,,left_only
laellockhart,Lael Lockhart,sa3017502,,,,,,left_only
trentbaker,Trent Baker,sa3017504,,,,,,left_only
caseyopitz,Casey Opitz,sa3017509,,,,,,left_only
tuckermitchell,Tucker Mitchell,sa3017511,,,,,,left_only
zanemills,Zane Mills,sa3017535,,,,,,left_only
carlostavera,Carlos Tavera,sa3017536,,,,,,left_only
wyattolds,Wyatt Olds,sa3017539,,,,,,left_only
tylermyrick,Tyler Myrick,sa3017541,,,,,,left_only
petervanloon,Peter Van Loon,sa3017543,,,,,,left_only
tylerschoff,Tyler Schoff,sa3017545,,,,,,left_only
patrickwinkel,Patrick Winkel,sa3017556,,,,,,left_only
kylerfedko,Kyler Fedko,sa3017561,,,,,,left_only
lukealbright,Luke Albright,sa3017592,,,,,,left_only
jakerice,Jake Rice,sa3017593,,,,,,left_only
jacksinclair,Jack Sinclair,sa3017596,,,,,,left_only
aarondavenport,Aaron Davenport,sa3017615,,,,,,left_only
ryanlong,Ryan Long,sa3017616,,,,,,left_only
noahcardenas,Noah Cardenas,sa3017624,,,,,,left_only
hunterparks,Hunter Parks,sa3017640,,,,,,left_only
lukemurphy,Luke Murphy,sa3017653,,,,,,left_only
kennypiper,Kenny Piper,sa3017664,,,,,,left_only
masonerla,Mason Erla,sa3017685,,,,,,left_only
keagangillies,Keagan Gillies,sa3017686,,,,,,left_only
mariogomez,Mario Gomez,sa3017696,,,,,,left_only
masongreen,Mason Green,sa3017717,,,,,,left_only
frankiescalzojr,Frankie Scalzo Jr.,sa3017724,,,,,,left_only
trentonwallace,Trenton Wallace,sa3017748,,,,,,left_only
huntergregory,Hunter Gregory,sa3017754,,,,,,left_only
benharris,Ben Harris,sa3017779,,,,,,left_only
ryansublette,Ryan Sublette,sa3017781,,,,,,left_only
brycemcgowan,Bryce McGowan,sa3017786,,,,,,left_only
walkerpowell,Walker Powell,sa3017815,,,,,,left_only
houstonharding,Houston Harding,sa3017820,,,,,,left_only
chasewatkins,Chase Watkins,sa3017842,,,,,,left_only
sethlonsway,Seth Lonsway,sa3017857,,,,,,left_only
seoungbinson,Seoung Bin Son,sa3017864,,,,,,left_only
nickzwack,Nick Zwack,sa3017867,,,,,,left_only
seungyongchoi,Seung Yong Choi,sa3017870,,,,,,left_only
jackanderson,Jack Anderson,sa3017872,,,,,,left_only
joonhyeonglim,Joon-hyeong Lim,sa3017878,,,,,,left_only
keonwookim,Keon Woo Kim,sa3017893,,,,,,left_only
taeyangoh,Tae Yang Oh,sa3017911,,,,,,left_only
jonnycuevas,Jonny Cuevas,sa3017931,,,,,,left_only
parkerchavers,Parker Chavers,sa3017939,,,,,,left_only
baileydees,Bailey Dees,sa3017946,,,,,,left_only
mikeparedes,Mike Paredes,sa3017968,,,,,,left_only
jaylennowlin,Jaylen Nowlin,sa3017978,,,,,,left_only
jeongbumlee,Jeong-bum Lee,sa3017983,,,,,,left_only
chaseplymell,Chase Plymell,sa3017985,,,,,,left_only
blakebeers,Blake Beers,sa3018004,,,,,,left_only
christianmacleod,Christian MacLeod,sa3018005,,,,,,left_only
kyuhyunchang,Kyu Hyun Chang,sa3018018,,,,,,left_only
byeonghyeonjo,Byeong Hyeon Jo,sa3018029,,,,,,left_only
minkihong,Min Ki Hong,sa3018038,,,,,,left_only
sanheumyun,San Heum Yun,sa3018040,,,,,,left_only
seoungjaepark,Seoung Jae Park,sa3018050,,,,,,left_only
hanbyulkim,Han Byul Kim,sa3018055,,,,,,left_only
jaehyeonlee,Jae Hyeon Lee,sa3018058,,,,,,left_only
doyeongkim,Do Yeong Kim,sa3018059,,,,,,left_only
jiminchoi,Ji Min Choi,sa3018061,,,,,,left_only
sejincho,Se Jin Cho,sa3018072,,,,,,left_only
minsukcho,Min Suk Cho,sa3018076,,,,,,left_only
seehoonkim,See-hoon Kim,sa3018077,,,,,,left_only
yeonghyunpark,Yeong Hyun Park,sa3018085,,,,,,left_only
jaehyukkim,Jae Hyuk Kim,sa3018086,,,,,,left_only
zachmessinger,Zach Messinger,sa3018093,,,,,,left_only
trentondenholm,Trenton Denholm,sa3018139,,,,,,left_only
blakeholub,Blake Holub,sa3018147,,,,,,left_only
ryanboyer,Ryan Boyer,sa3018151,,,,,,left_only
jasonmatthews,Jason Matthews,sa3018152,,,,,,left_only
jackleftwich,Jack Leftwich,sa3018169,,,,,,left_only
jakemiller,Jake Miller,sa3018171,,,,,,left_only
seansullivan,Sean Sullivan,sa3018185,,,,,,left_only
chanuisong,Chan-ui Song,sa3018197,,,,,,left_only
jeongbinyoon,Jeong-bin Yoon,sa3018198,,,,,,left_only
inseoheo,In Seo Heo,sa3018204,,,,,,left_only
seungkisong,Seung Ki Song,sa3018211,,,,,,left_only
kylehayes,Kyle Hayes,sa3018212,,,,,,left_only
sangminchoi,Sang-min Choi,sa3018216,,,,,,left_only
jiminlim,Ji Min Lim,sa3018217,,,,,,left_only
seongbinhwang,Seong Bin Hwang,sa3018222,,,,,,left_only
dusolhan,Du-sol Han,sa3018227,,,,,,left_only
cheolwonchung,Cheol-won Chung,sa3018228,,,,,,left_only
dongjumoon,Dong Ju Moon,sa3018231,,,,,,left_only
jeekanglee,Jee-kang Lee,sa3018232,,,,,,left_only
junkyuryu,Jun Kyu Ryu,sa3018249,,,,,,left_only
taeyanghan,Tae Yang Han,sa3018255,,,,,,left_only
hyungukang,Hyun Gu Kang,sa3018256,,,,,,left_only
junyeongpark,Jun Yeong Park,sa3018258,,,,,,left_only
dongheeyoon,Dong Hee Yoon,sa3018265,,,,,,left_only
jeungwooseok,Jeung Woo Seok,sa3018268,,,,,,left_only
youngjunjeon,Young Jun Jeon,sa3018269,,,,,,left_only
sunghohong,Sung-ho Hong,sa3018270,,,,,,left_only
haeseunglee,Hae-seung Lee,sa3018272,,,,,,left_only
justinking,Justin King,sa3018278,,,,,,left_only
riskieltineo,Riskiel Tineo,sa3018375,,,,,,left_only
luissanchez,Luis Sanchez,sa3018578,,,,,,left_only
antoniomenendez,Antonio Menendez,sa3018799,,,,,,left_only
alfredmorillo,Alfred Morillo,sa3018870,,,,,,left_only
dylanheid,Dylan Heid,sa3019113,,,,,,left_only
reylinperez,Reylin Perez,sa3019204,,,,,,left_only
jaehyoukjang,Jae Hyouk Jang,sa3019472,,,,,,left_only
hyeongwoocho,Hyeong Woo Cho,sa3019473,,,,,,left_only
ryanmiddendorf,Ryan Middendorf,sa3019506,,,,,,left_only
sihoopark,Si Hoo Park,sa3019592,,,,,,left_only
minseoklee,Min Seok Lee,sa3019715,,,,,,left_only
jaehwanchun,Jae-hwan Chun,sa3019748,,,,,,left_only
daehyeoncho,Dae-hyeon Cho,sa3019749,,,,,,left_only
brodymoore,Brody Moore,sa3019839,,,,,,left_only
tuckerflint,Tucker Flint,sa3019856,,,,,,left_only
dylanphillips,Dylan Phillips,sa3019862,,,,,,left_only
bengobbel,Ben Gobbel,sa3019870,,,,,,left_only
nickbiddison,Nick Biddison,sa3019888,,,,,,left_only
ianmejia,Ian Mejia,sa3019911,,,,,,left_only
cadefergus,Cade Fergus,sa3019919,,,,,,left_only
collinprice,Collin Price,sa3019935,,,,,,left_only
drakelogan,Drake Logan,sa3019936,,,,,,left_only
jaredsouthard,Jared Southard,sa3019951,,,,,,left_only
mattpushard,Matt Pushard,sa3019955,,,,,,left_only
jordangeber,Jordan Geber,sa3019958,,,,,,left_only
zachmorgan,Zach Morgan,sa3019968,,,,,,left_only
brennanmilone,Brennan Milone,sa3019974,,,,,,left_only
silasardoin,Silas Ardoin,sa3019976,,,,,,left_only
andrewjenkins,Andrew Jenkins,sa3019979,,,,,,left_only
kodyhuff,Kody Huff,sa3019982,,,,,,left_only
spencerbramwell,Spencer Bramwell,sa3020000,,,,,,left_only
johnmichaelbertrand,John Michael Bertrand,sa3020082,,,,,,left_only
kevingraham,Kevin Graham,sa3020087,,,,,,left_only
harrisonspohn,Harrison Spohn,sa3020093,,,,,,left_only
tylerguilfoil,Tyler Guilfoil,sa3020113,,,,,,left_only
treyfaltine,Trey Faltine,sa3020118,,,,,,left_only
thomasgavello,Thomas Gavello,sa3020122,,,,,,left_only
tommysaccojr,Tommy Sacco Jr.,sa3020125,,,,,,left_only
billycorcoran,Billy Corcoran,sa3020172,,,,,,left_only
bensears,Ben Sears,sa3020178,,,,,,left_only
devontebrown,Devonte Brown,sa3020189,,,,,,left_only
gavinlogan,Gavin Logan,sa3020191,,,,,,left_only
mariocamilletti,Mario Camilletti,sa3020192,,,,,,left_only
michaelturconi,Michael Turconi,sa3020195,,,,,,left_only
jalenbattles,Jalen Battles,sa3020205,,,,,,left_only
ryanmccarty,Ryan McCarty,sa3020244,,,,,,left_only
roelgarciaiii,Roel Garcia III,sa3020253,,,,,,left_only
devereauxharrison,Devereaux Harrison,sa3020259,,,,,,left_only
brianfitzpatrick,Brian Fitzpatrick,sa3020265,,,,,,left_only
daltonshuffield,Dalton Shuffield,sa3020270,,,,,,left_only
ryanbrady,Ryan Brady,sa3020313,,,,,,left_only
alexwilliams,Alex Williams,sa3020314,,,,,,left_only
danielharper,Daniel Harper,sa3020316,,,,,,left_only
andrewwalling,Andrew Walling,sa3020319,,,,,,left_only
kyleluckham,Kyle Luckham,sa3020378,,,,,,left_only
shanemurphy,Shane Murphy,sa3020389,,,,,,left_only
joemiller,Joe Miller,sa3020393,,,,,,left_only
trevinmichael,Trevin Michael,sa3020400,,,,,,left_only
johnklein,John Klein,sa3020405,,,,,,left_only
tylervogel,Tyler Vogel,sa3020406,,,,,,left_only
jaredkollar,Jared Kollar,sa3020439,,,,,,left_only
carsonskipper,Carson Skipper,sa3020451,,,,,,left_only
chazzmartinez,Chazz Martinez,sa3020468,,,,,,left_only
jaredlyons,Jared Lyons,sa3020483,,,,,,left_only
carteryoung,Carter Young,sa3020534,,,,,,left_only
prestonjohnson,Preston Johnson,sa3020565,,,,,,left_only
jonathanbrand,Jonathan Brand,sa3020567,,,,,,left_only
austinkrob,Austin Krob,sa3020594,,,,,,left_only
zachjacobs,Zach Jacobs,sa3020600,,,,,,left_only
ryanramsey,Ryan Ramsey,sa3020605,,,,,,left_only
brandonjohnson,Brandon Johnson,sa3020610,,,,,,left_only
jikangchoi,Ji Kang Choi,sa3020640,,,,,,left_only
joelampe,Joe Lampe,sa3020642,,,,,,left_only
seungwooju,Seung Woo Ju,sa3020643,,,,,,left_only
byungheonlee,Byung-heon Lee,sa3020656,,,,,,left_only
byeongheonlee,Byeong Heon Lee,sa3020664,,,,,,left_only
youngwoongkim,Young Woong Kim,sa3020665,,,,,,left_only
youngchanyou,Young Chan You,sa3020687,,,,,,left_only
myunggeunpark,Myung Geun Park,sa3020692,,,,,,left_only
hosunglee,Ho Sung Lee,sa3020693,,,,,,left_only
minsukkim,Min Suk Kim,sa3020694,,,,,,left_only
hyunbinmoon,Hyun Bin Moon,sa3020698,,,,,,left_only
rounlee,Ro Un Lee,sa3020699,,,,,,left_only
youngjinsong,Young Jin Song,sa3020700,,,,,,left_only
corylewis,Cory Lewis,sa3020702,,,,,,left_only
madduxhoughton,Maddux Houghton,sa3020716,,,,,,left_only
shawnrapp,Shawn Rapp,sa3020743,,,,,,left_only
masonvinyard,Mason Vinyard,sa3020753,,,,,,left_only
guylipscomb,Guy Lipscomb,sa3020764,,,,,,left_only
natepeterson,Nate Peterson,sa3020804,,,,,,left_only
harrisoncohen,Harrison Cohen,sa3020811,,,,,,left_only
miguelcienfuegos,Miguel Cienfuegos,sa3020816,,,,,,left_only
treydombroski,Trey Dombroski,sa3020833,,,,,,left_only
joeymancini,Joey Mancini,sa3020858,,,,,,left_only
adammaier,Adam Maier,sa3020883,,,,,,left_only
yuseongkim,Yu Seong Kim,sa3020886,,,,,,left_only
baronstuart,Baron Stuart,sa3020888,,,,,,left_only
sungwonchoo,Sung-won Choo,sa3020897,,,,,,left_only
jarretwhorff,Jarret Whorff,sa3020905,,,,,,left_only
seungwonlee,Seung Won Lee,sa3020910,,,,,,left_only
gunheekim,Gun Hee Kim,sa3020912,,,,,,left_only
dongheonkim,Dong Heon Kim,sa3020913,,,,,,left_only
dogyukwak,Do Gyu Kwak,sa3020916,,,,,,left_only
youngcheolyoon,Young Cheol Yoon,sa3020917,,,,,,left_only
seohyeonkim,Seo Hyeon Kim,sa3020919,,,,,,left_only
minsungkang,Min-sung Kang,sa3020924,,,,,,left_only
hojoonkim,Ho-joon Kim,sa3020941,,,,,,left_only
turnerhill,Turner Hill,sa3020943,,,,,,left_only
shawnross,Shawn Ross,sa3020951,,,,,,left_only
javierherrera,Javier Herrera,sa3021203,,,,,,left_only
willchilders,Will Childers,sa3021720,,,,,,left_only
mitchneunborn,Mitch Neunborn,sa3021722,,,,,,left_only
emilturbi,Emil Turbi,sa3021836,,,,,,left_only
colinfields,Colin Fields,sa3021985,,,,,,left_only
robertbrooks,Robert Brooks,sa3022160,,,,,,left_only
joeadametz,Joe Adametz,sa3022323,,,,,,left_only
jeremiahboyd,Jeremiah Boyd,sa3022402,,,,,,left_only
maikelmiralles,Maikel Miralles,sa3022418,,,,,,left_only
nikmcclaughry,Nik McClaughry,sa3022484,,,,,,left_only
johnnyolmstead,Johnny Olmstead,sa3022494,,,,,,left_only
lukemann,Luke Mann,sa3022529,,,,,,left_only
colbyhalter,Colby Halter,sa3022531,,,,,,left_only
markcoleyii,Mark Coley II,sa3022534,,,,,,left_only
nickschwartz,Nick Schwartz,sa3022542,,,,,,left_only
tonybullard,Tony Bullard,sa3022556,,,,,,left_only
keatonanthony,Keaton Anthony,sa3022608,,,,,,left_only
calebhobson,Caleb Hobson,sa3022610,,,,,,left_only
andrewpinckney,Andrew Pinckney,sa3022670,,,,,,left_only
phillipglasser,Phillip Glasser,sa3022680,,,,,,left_only
drewcavanaugh,Drew Cavanaugh,sa3022682,,,,,,left_only
anthonyhuezo,Anthony Huezo,sa3022691,,,,,,left_only
lukebell,Luke Bell,sa3022731,,,,,,left_only
andrewlindsey,Andrew Lindsey,sa3022734,,,,,,left_only
zachfranklin,Zach Franklin,sa3022735,,,,,,left_only
caseyanderson,Casey Anderson,sa3022742,,,,,,left_only
cadenconnor,Caden Connor,sa3022755,,,,,,left_only
alecbaker,Alec Baker,sa3022794,,,,,,left_only
matthewetzel,Matthew Etzel,sa3022815,,,,,,left_only
dustindickerson,Dustin Dickerson,sa3022828,,,,,,left_only
jimjarvis,Jim Jarvis,sa3022891,,,,,,left_only
westoneberly,Weston Eberly,sa3022928,,,,,,left_only
thomasschultz,Thomas Schultz,sa3022936,,,,,,left_only
matthewbollenbacher,Matthew Bollenbacher,sa3022954,,,,,,left_only
collinbaumgartner,Collin Baumgartner,sa3023002,,,,,,left_only
dakotahawkins,Dakota Hawkins,sa3023103,,,,,,left_only
ethanbosacker,Ethan Bosacker,sa3023163,,,,,,left_only
bradychoban,Brady Choban,sa3023212,,,,,,left_only
joeolsavsky,Joe Olsavsky,sa3023289,,,,,,left_only
hwanyuje,Hwan Yu Je,sa3023312,,,,,,left_only
youngbinpark,Young Bin Park,sa3023313,,,,,,left_only
kanghoonwoo,Kang Hoon Woo,sa3023314,,,,,,left_only
byeongjunkim,Byeong Jun Kim,sa3023317,,,,,,left_only
soojongpark,Soo Jong Park,sa3023318,,,,,,left_only
seokwonyun,Seok Won Yun,sa3023319,,,,,,left_only
donghyeokkim,Dong Hyeok Kim,sa3023320,,,,,,left_only
donghahwang,Dong Ha Hwang,sa3023321,,,,,,left_only
dohyunyoon,Do Hyun Yoon,sa3023322,,,,,,left_only
sanghyuklee,Sang Hyuk Lee,sa3023323,,,,,,left_only
geonkang,Geon Kang,sa3023325,,,,,,left_only
dongkyukim,Dong Kyu Kim,sa3023329,,,,,,left_only
hangyeolpark,Han Gyeol Park,sa3023339,,,,,,left_only
tycummings,Ty Cummings,sa3023365,,,,,,left_only
matthogan,Matt Hogan,sa3023375,,,,,,left_only
hyunjongkim,Hyun Jong Kim,sa3023382,,,,,,left_only
taekyeonkim,Taek Yeon Kim,sa3023383,,,,,,left_only
jaesanglee,Jae Sang Lee,sa3023384,,,,,,left_only
youngwooko,Young Woo Ko,sa3023385,,,,,,left_only
junpyojhun,Jun Pyo Jhun,sa3023386,,,,,,left_only
hyeongison,Hyeon Gi Son,sa3023387,,,,,,left_only
yeonjukim,Yeon Ju Kim,sa3023388,,,,,,left_only
jihwanpark,Ji Hwan Park,sa3023390,,,,,,left_only
yunhakim,Yun Ha Kim,sa3023397,,,,,,left_only
dejesusenmanuel,De Jesus Enmanuel,sa3023398,,,,,,left_only
sanghyunweon,Sang Hyun Weon,sa3023401,,,,,,left_only
junseohwang,Jun Seo Hwang,sa3023402,,,,,,left_only
hojinkim,Ho Jin Kim,sa3023403,,,,,,left_only
tommyvail,Tommy Vail,sa3023413,,,,,,left_only
jonginchoi,Jong In Choi,sa3023435,,,,,,left_only
carterspivey,Carter Spivey,sa3023477,,,,,,left_only
youngmookhwang,Young Mook Hwang,sa3023498,,,,,,left_only
hyeonsujeong,Hyeon Su Jeong,sa3023521,,,,,,left_only
junhochoi,Jun Ho Choi,sa3023533,,,,,,left_only
jongjunlee,Jong Jun Lee,sa3023535,,,,,,left_only
jihoosong,Ji Hoo Song,sa3023539,,,,,,left_only
daminjeon,Da Min Jeon,sa3023543,,,,,,left_only
yunsungpark,Yun Sung Park,sa3023552,,,,,,left_only
wonyeongchoi,Won Yeong Choi,sa3023554,,,,,,left_only
sunyeopyook,Sun Yeop Yook,sa3023555,,,,,,left_only
chrisvillaman,Chris Villaman,sa3023559,,,,,,left_only
yeongwooshin,Yeong Woo Shin,sa3023562,,,,,,left_only
junjaejeong,Jun Jae Jeong,sa3023563,,,,,,left_only
dongukcho,Dong Uk Cho,sa3023645,,,,,,left_only
hyunseokchoi,Hyun Seok Choi,sa3023648,,,,,,left_only
hudsonleach,Hudson Leach,sa3023649,,,,,,left_only
seongwookang,Seong Woo Kang,sa3023656,,,,,,left_only
minjaekim,Min Jae Kim,sa3023657,,,,,,left_only
wooseokchoi,Woo Seok Choi,sa3023661,,,,,,left_only
hyeonseungjung,Hyeon Seung Jung,sa3023678,,,,,,left_only
hyunminahn,Hyun Min Ahn,sa3023680,,,,,,left_only
sungjunwon,Sung Jun Won,sa3024193,,,,,,left_only
sanghyeonlim,Sang Hyeon Lim,sa3024194,,,,,,left_only
junhyeokyun,Jun Hyeok Yun,sa3024944,,,,,,left_only
changyonglee,Chang Yong Lee,sa3024945,,,,,,left_only
changgeonham,Chang Geon Ham,sa3024963,,,,,,left_only
minjunpark,Min Jun Park,sa3024996,,,,,,left_only
sungwookim,Sung Woo Kim,sa3025088,,,,,,left_only
hojunlee,Ho Jun Lee,sa3025090,,,,,,left_only
elijahhainline,Elijah Hainline,sa3025157,,,,,,left_only
mitchelldaly,Mitchell Daly,sa3025169,,,,,,left_only
juhwanson,Ju Hwan Son,sa3025180,,,,,,left_only
bridgerholmes,Bridger Holmes,sa3025189,,,,,,left_only
colbymartin,Colby Martin,sa3025304,,,,,,left_only
coltonbecker,Colton Becker,sa3025438,,,,,,left_only
cameronpferrer,Cameron Pferrer,sa3025489,,,,,,left_only
nateackenhausen,Nate Ackenhausen,sa3025507,,,,,,left_only
evanyates,Evan Yates,sa3025545,,,,,,left_only
jisungyou,Ji Sung You,sa3025583,,,,,,left_only
tongkeonyeo,Tong Keon Yeo,sa3025620,,,,,,left_only
dogeunyang,Do Geun Yang,sa3025621,,,,,,left_only
bumjoonkim,Bum-joon Kim,sa3025625,,,,,,left_only
miguelsantos,Miguel Santos,sa3025631,,,,,,left_only
joonwoopark,Joon Woo Park,sa3025666,,,,,,left_only
garrettgainey,Garrett Gainey,sa3025668,,,,,,left_only
nolanclifford,Nolan Clifford,sa3025670,,,,,,left_only
inhanlee,In Han Lee,sa3025671,,,,,,left_only
seungilkim,Seung Il Kim,sa3025672,,,,,,left_only
hyunjunryu,Hyun Jun Ryu,sa3025673,,,,,,left_only
jaehwanhan,Jae Hwan Han,sa3025674,,,,,,left_only
daehokim,Dae Ho Kim,sa3025675,,,,,,left_only
juheonlee,Ju Heon Lee,sa3025677,,,,,,left_only
seunggukang,Seung Gu Kang,sa3025678,,,,,,left_only
minjukim,Min Ju Kim,sa3025680,,,,,,left_only
jongsungim,Jong Sung Im,sa3025682,,,,,,left_only
judeabbadessa,Jude Abbadessa,sa3025689,,,,,,left_only
leviabbott,Levi Abbott,sa3025695,,,,,,left_only
malikabdul,Malik Abdul,sa3025698,,,,,,left_only
trentabel,Trent Abel,sa3025699,,,,,,left_only
markabell,Mark Abell,sa3025702,,,,,,left_only
jacksonabernathy,Jackson Abernathy,sa3025705,,,,,,left_only
andrewabler,Andrew Abler,sa3025707,,,,,,left_only
johnabraham,John Abraham,sa3025709,,,,,,left_only
toddabraham,Todd Abraham,sa3025710,,,,,,left_only
joeabramson,Joe Abramson,sa3025714,,,,,,left_only
marquesabulhosn,Marques Abulhosn,sa3025721,,,,,,left_only
jessackerman,Jess Ackerman,sa3025727,,,,,,left_only
tyacker,Ty Acker,sa3025730,,,,,,left_only
rileyacosta,Riley Acosta,sa3025738,,,,,,left_only
brandonadams,Brandon Adams,sa3025748,,,,,,left_only
charlieadamson,Charlie Adamson,sa3025749,,,,,,left_only
christianadams,Christian Adams,sa3025750,,,,,,left_only
gageadams,Gage Adams,sa3025757,,,,,,left_only
matthewadams,Matthew Adams,sa3025764,,,,,,left_only
reyfieldadamsiii,Reyfield Adams III,sa3025766,,,,,,left_only
sethadams,Seth Adams,sa3025768,,,,,,left_only
tjadams,TJ Adams,sa3025770,,,,,,left_only
zaneadams,Zane Adams,sa3025773,,,,,,left_only
jonathanadelmann,Jonathan Adelmann,sa3025776,,,,,,left_only
trentadelman,Trent Adelman,sa3025777,,,,,,left_only
grantadler,Grant Adler,sa3025783,,,,,,left_only
ehingeradrianza,Ehinger Adrianza,sa3025787,,,,,,left_only
jarrenadvincula,Jarren Advincula,sa3025789,,,,,,left_only
bradyafthim,Brady Afthim,sa3025791,,,,,,left_only
jamesagabedis,James Agabedis,sa3025792,,,,,,left_only
joeyagar,Joey Agar,sa3025793,,,,,,left_only
justusagosto,Justus Agosto,sa3025800,,,,,,left_only
adamagresti,Adam Agresti,sa3025801,,,,,,left_only
ivanaguirre,Ivan Aguirre,sa3025807,,,,,,left_only
brettahalt,Brett Ahalt,sa3025808,,,,,,left_only
qwynnahearn,Qwynn Ahearn,sa3025810,,,,,,left_only
garrettahern,Garrett Ahern,sa3025811,,,,,,left_only
fareedahmed,Fareed Ahmed,sa3025813,,,,,,left_only
davisaiken,Davis Aiken,sa3025817,,,,,,left_only
tjaiken,TJ Aiken,sa3025818,,,,,,left_only
addisonainsworth,Addison Ainsworth,sa3025819,,,,,,left_only
parkerairhart,Parker Airhart,sa3025821,,,,,,left_only
ollieakens,Ollie Akens,sa3025827,,,,,,left_only
chrisakers,Chris Akers,sa3025828,,,,,,left_only
djakiyama,DJ Akiyama,sa3025829,,,,,,left_only
jadenalba,Jaden Alba,sa3025835,,,,,,left_only
tyleralbanese,Tyler Albanese,sa3025839,,,,,,left_only
alexalberico,Alex Alberico,sa3025841,,,,,,left_only
eddiealbert,Eddie Albert,sa3025843,,,,,,left_only
kadenalberghini,Kaden Alberghini,sa3025847,,,,,,left_only
tyleralbright,Tyler Albright,sa3025853,,,,,,left_only
tuckeralch,Tucker Alch,sa3025856,,,,,,left_only
bobbyalcock,Bobby Alcock,sa3025857,,,,,,left_only
chandleralderman,Chandler Alderman,sa3025863,,,,,,left_only
nickalderfer,Nick Alderfer,sa3025864,,,,,,left_only
mattalduino,Matt Alduino,sa3025869,,,,,,left_only
hectoralejandro,Hector Alejandro,sa3025870,,,,,,left_only
benalekson,Ben Alekson,sa3025872,,,,,,left_only
angeloaleman,Angelo Aleman,sa3025873,,,,,,left_only
aydenalexander,Ayden Alexander,sa3025875,,,,,,left_only
hunteralexander,Hunter Alexander,sa3025880,,,,,,left_only
kyreealexander,Kyree Alexander,sa3025884,,,,,,left_only
mattalexander,Matt Alexander,sa3025885,,,,,,left_only
sebastianalexander,Sebastian Alexander,sa3025886,,,,,,left_only
adamalexis,Adam Alexis,sa3025888,,,,,,left_only
slatealford,Slate Alford,sa3025895,,,,,,left_only
marcoali,Marco Ali,sa3025897,,,,,,left_only
alexalicea,Alex Alicea,sa3025898,,,,,,left_only
johnnyalkire,Johnny Alkire,sa3025899,,,,,,left_only
tyleralleman,Tyler Alleman,sa3025906,,,,,,left_only
camallen,Cam Allen,sa3025908,,,,,,left_only
chaseallen,Chase Allen,sa3025909,,,,,,left_only
colbyallen,Colby Allen,sa3025911,,,,,,left_only
cooperallen,Cooper Allen,sa3025912,,,,,,left_only
courtneyallen,Courtney Allen,sa3025913,,,,,,left_only
destinallenfox,Destin Allen-Fox,sa3025914,,,,,,left_only
dwightallenii,Dwight Allen II,sa3025916,,,,,,left_only
joeallen,Joe Allen,sa3025919,,,,,,left_only
keeganallen,Keegan Allen,sa3025920,,,,,,left_only
leeallenjr,Lee Allen Jr.,sa3025921,,,,,,left_only
paytonallen,Payton Allen,sa3025927,,,,,,left_only
tyallen,Ty Allen,sa3025932,,,,,,left_only
zeballen,Zeb Allen,sa3025935,,,,,,left_only
priceallman,Price Allman,sa3025941,,,,,,left_only
tommyallman,Tommy Allman,sa3025942,,,,,,left_only
gavinalloway,Gavin Alloway,sa3025944,,,,,,left_only
jacksonallred,Jackson Allred,sa3025945,,,,,,left_only
josealmazan,Jose Almazan,sa3025954,,,,,,left_only
kuhioaloy,Kuhio Aloy,sa3025960,,,,,,left_only
jakealtman,Jake Altman,sa3025968,,,,,,left_only
julianalvarez,Julian Alvarez,sa3025976,,,,,,left_only
ledyalvarez,Ledy Alvarez,sa3025977,,,,,,left_only
noahalvarez,Noah Alvarez,sa3025980,,,,,,left_only
gavinalveti,Gavin Alveti,sa3025983,,,,,,left_only
evanalwine,Evan Alwine,sa3025986,,,,,,left_only
lukealwood,Luke Alwood,sa3025987,,,,,,left_only
dreamaral,Dre Amaral,sa3025988,,,,,,left_only
jtamaral,JT Amaral,sa3025989,,,,,,left_only
kristianamaro,Kristian Amaro,sa3025990,,,,,,left_only
andrewamato,Andrew Amato,sa3025991,,,,,,left_only
calamborn,Cal Amborn,sa3025993,,,,,,left_only
andyambriz,Andy Ambriz,sa3025995,,,,,,left_only
chaseambrose,Chase Ambrose,sa3025997,,,,,,left_only
leeamedee,Lee Amedee,sa3026000,,,,,,left_only
brockamelung,Brock Amelung,sa3026002,,,,,,left_only
ryanament,Ryan Ament,sa3026003,,,,,,left_only
kadenamundson,Kaden Amundson,sa3026015,,,,,,left_only
maxwellandeel,Maxwell Andeel,sa3026018,,,,,,left_only
aedananderson,Aedan Anderson,sa3026020,,,,,,left_only
aricanderson,Aric Anderson,sa3026021,,,,,,left_only
austinanderson,Austin Anderson,sa3026023,,,,,,left_only
brandonanderson,Brandon Anderson,sa3026030,,,,,,left_only
brandinanderson,Brandin Anderson,sa3026031,,,,,,left_only
calebanderson,Caleb Anderson,sa3026033,,,,,,left_only
domanderson,Dom Anderson,sa3026038,,,,,,left_only
drakeanderson,Drake Anderson,sa3026039,,,,,,left_only
garneranderson,Garner Anderson,sa3026040,,,,,,left_only
jacobanderson,Jacob Anderson,sa3026052,,,,,,left_only
jadenanderson,Jaden Anderson,sa3026053,,,,,,left_only
lukeanderson,Luke Anderson,sa3026061,,,,,,left_only
matthewanderson,Matthew Anderson,sa3026064,,,,,,left_only
michaelanderson,Michael Anderson,sa3026065,,,,,,left_only
nateanderson,Nate Anderson,sa3026066,,,,,,left_only
davidandolina,David Andolina,sa3026075,,,,,,left_only
chrisandrews,Chris Andrews,sa3026080,,,,,,left_only
heathandrews,Heath Andrews,sa3026082,,,,,,left_only
jakeandrews,Jake Andrews,sa3026084,,,,,,left_only
stevenandrews,Steven Andrews,sa3026088,,,,,,left_only
willandrews,Will Andrews,sa3026090,,,,,,left_only
davidandrus,David Andrus,sa3026093,,,,,,left_only
paulandrzejewski,Paul Andrzejewski,sa3026095,,,,,,left_only
beauankeney,Beau Ankeney,sa3026106,,,,,,left_only
jackanker,Jack Anker,sa3026107,,,,,,left_only
chazanthony,Chaz Anthony,sa3026112,,,,,,left_only
arielantigua,Ariel Antigua,sa3026114,,,,,,left_only
gunnerantillon,Gunner Antillon,sa3026115,,,,,,left_only
anthonyanzaldi,Anthony Anzaldi,sa3026124,,,,,,left_only
cadenaoki,Caden Aoki,sa3026126,,,,,,left_only
enzoapodaca,Enzo Apodaca,sa3026129,,,,,,left_only
evanappelwick,Evan Appelwick,sa3026132,,,,,,left_only
carsonapplegate,Carson Applegate,sa3026133,,,,,,left_only
jamesappleford,James Appleford,sa3026134,,,,,,left_only
issacaraiza,Issac Araiza,sa3026136,,,,,,left_only
marcusaranda,Marcus Aranda,sa3026140,,,,,,left_only
caioaraujo,Caio Araujo,sa3026141,,,,,,left_only
reecearbogast,Reece Arbogast,sa3026144,,,,,,left_only
jackarcamone,Jack Arcamone,sa3026146,,,,,,left_only
ganonarcher,Ganon Archer,sa3026151,,,,,,left_only
brycearchie,Bryce Archie,sa3026155,,,,,,left_only
samardoin,Sam Ardoin,sa3026161,,,,,,left_only
bryanarendt,Bryan Arendt,sa3026168,,,,,,left_only
brockarender,Brock Arender,sa3026169,,,,,,left_only
andrewargenziano,Andrew Argenziano,sa3026174,,,,,,left_only
nickargento,Nick Argento,sa3026175,,,,,,left_only
nickarias,Nick Arias,sa3026184,,,,,,left_only
joeariola,Joe Ariola,sa3026188,,,,,,left_only
jwarmistead,JW Armistead,sa3026193,,,,,,left_only
jakearmsey,Jake Armsey,sa3026197,,,,,,left_only
danearmson,Dane Armson,sa3026198,,,,,,left_only
brycearmstrong,Bryce Armstrong,sa3026202,,,,,,left_only
chasearmstrong,Chase Armstrong,sa3026203,,,,,,left_only
johnarmstrong,John Armstrong,sa3026208,,,,,,left_only
tycearmstrong,Tyce Armstrong,sa3026212,,,,,,left_only
kadearn,Kade Arn,sa3026214,,,,,,left_only
brysonarnette,Bryson Arnette,sa3026217,,,,,,left_only
jeremiaharnett,Jeremiah Arnett,sa3026218,,,,,,left_only
noaharnett,Noah Arnett,sa3026219,,,,,,left_only
lukearnold,Luke Arnold,sa3026227,,,,,,left_only
tristanarnold,Tristan Arnold,sa3026229,,,,,,left_only
ansonaroz,Anson Aroz,sa3026234,,,,,,left_only
victorarreola,Victor Arreola,sa3026236,,,,,,left_only
adamarther,Adam Arther,sa3026243,,,,,,left_only
jackarthur,Jack Arthur,sa3026244,,,,,,left_only
caseyartigues,Casey Artigues,sa3026245,,,,,,left_only
michelleartzberger,Michelle Artzberger,sa3026249,,,,,,left_only
willasby,Will Asby,sa3026252,,,,,,left_only
jaydenasencio,Jayden Asencio,sa3026255,,,,,,left_only
ryanash,Ryan Ash,sa3026259,,,,,,left_only
connorashby,Connor Ashby,sa3026261,,,,,,left_only
kyleashworth,Kyle Ashworth,sa3026270,,,,,,left_only
treyates,Trey Ates,sa3026276,,,,,,left_only
georgeathanasiadis,George Athanasiadis,sa3026277,,,,,,left_only
kyleathmer,Kyle Athmer,sa3026278,,,,,,left_only
alecatkinson,Alec Atkinson,sa3026280,,,,,,left_only
bobbyatkinson,Bobby Atkinson,sa3026282,,,,,,left_only
charlieatkinson,Charlie Atkinson,sa3026283,,,,,,left_only
spenceraubin,Spencer Aubin,sa3026295,,,,,,left_only
maxaude,Max Aude,sa3026296,,,,,,left_only
tyleraugust,Tyler August,sa3026303,,,,,,left_only
matthewaukerman,Matthew Aukerman,sa3026304,,,,,,left_only
jackaustin,Jack Austin,sa3026310,,,,,,left_only
jordanaustin,Jordan Austin,sa3026311,,,,,,left_only
hunterautrey,Hunter Autrey,sa3026319,,,,,,left_only
anthonyavalos,Anthony Avalos,sa3026320,,,,,,left_only
blakeavila,Blake Avila,sa3026324,,,,,,left_only
grantaycock,Grant Aycock,sa3026334,,,,,,left_only
davidayers,David Ayers,sa3026336,,,,,,left_only
robbieayers,Robbie Ayers,sa3026339,,,,,,left_only
christianazcona,Christian Azcona,sa3026343,,,,,,left_only
nicoazpilcueta,Nico Azpilcueta,sa3026346,,,,,,left_only
jackbach,Jack Bach,sa3026355,,,,,,left_only
jordanbach,Jordan Bach,sa3026356,,,,,,left_only
natebach,Nate Bach,sa3026357,,,,,,left_only
colbybackus,Colby Backus,sa3026369,,,,,,left_only
jacobbadawi,Jacob Badawi,sa3026374,,,,,,left_only
devanbade,Devan Bade,sa3026375,,,,,,left_only
kylebade,Kyle Bade,sa3026376,,,,,,left_only
claybadylak,Clay Badylak,sa3026383,,,,,,left_only
nicobaez,Nico Baez,sa3026391,,,,,,left_only
bjbailey,B.J. Bailey,sa3026400,,,,,,left_only
graybailey,Gray Bailey,sa3026406,,,,,,left_only
kieranbailey,Kieran Bailey,sa3026409,,,,,,left_only
lorenzobailey,Lorenzo Bailey,sa3026410,,,,,,left_only
chrisbaillargeon,Chris Baillargeon,sa3026413,,,,,,left_only
timbaird,Tim Baird,sa3026419,,,,,,left_only
brandonbak,Brandon Bak,sa3026420,,,,,,left_only
tylerbak,Tyler Bak,sa3026422,,,,,,left_only
benjaminbakerlivingston,Benjamin Baker-Livingston,sa3026423,,,,,,left_only
bowenbaker,Bowen Baker,sa3026424,,,,,,left_only
davisbaker,Davis Baker,sa3026433,,,,,,left_only
dillonbaker,Dillon Baker,sa3026434,,,,,,left_only
holdenbaker,Holden Baker,sa3026436,,,,,,left_only
jacksonbaker,Jackson Baker,sa3026439,,,,,,left_only
loganbaker,Logan Baker,sa3026445,,,,,,left_only
treybaker,Trey Baker,sa3026450,,,,,,left_only
tracebaker,Trace Baker,sa3026451,,,,,,left_only
vonbaker,Von Baker,sa3026454,,,,,,left_only
xavierbaker,Xavier Baker,sa3026456,,,,,,left_only
ryanbakes,Ryan Bakes,sa3026457,,,,,,left_only
jacksonbaldrate,Jackson Baldrate,sa3026469,,,,,,left_only
gavinbaldwin,Gavin Baldwin,sa3026471,,,,,,left_only
brysonbales,Bryson Bales,sa3026476,,,,,,left_only
connorball,Connor Ball,sa3026484,,,,,,left_only
dawsonball,Dawson Ball,sa3026485,,,,,,left_only
michaelball,Michael Ball,sa3026487,,,,,,left_only
nathanball,Nathan Ball,sa3026489,,,,,,left_only
carsonballard,Carson Ballard,sa3026491,,,,,,left_only
michaelballard,Michael Ballard,sa3026492,,,,,,left_only
thomasballard,Thomas Ballard,sa3026493,,,,,,left_only
elianbalmaceda,Elian Balmaceda,sa3026497,,,,,,left_only
blakebalsz,Blake Balsz,sa3026500,,,,,,left_only
jasonban,Jason Ban,sa3026506,,,,,,left_only
cristienbanda,Cristien Banda,sa3026507,,,,,,left_only
bradybanker,Brady Banker,sa3026512,,,,,,left_only
haganbanks,Hagan Banks,sa3026515,,,,,,left_only
kalumbanksjr,Kalum Banks Jr.,sa3026517,,,,,,left_only
nylebanks,Nyle Banks,sa3026519,,,,,,left_only
willbanks,Will Banks,sa3026522,,,,,,left_only
dylanbanner,Dylan Banner,sa3026523,,,,,,left_only
jaybant,Jay Bant,sa3026526,,,,,,left_only
bjbanyon,BJ Banyon,sa3026528,,,,,,left_only
dannybarbero,Danny Barbero,sa3026536,,,,,,left_only
lukebarbier,Luke Barbier,sa3026541,,,,,,left_only
jakebarbour,Jake Barbour,sa3026543,,,,,,left_only
colinbarczi,Colin Barczi,sa3026545,,,,,,left_only
lukebard,Luke Bard,sa3026547,,,,,,left_only
matthewbardowell,Matthew Bardowell,sa3026551,,,,,,left_only
brettbarfield,Brett Barfield,sa3026554,,,,,,left_only
alexbarger,Alex Barger,sa3026555,,,,,,left_only
daltonbargo,Dalton Bargo,sa3026558,,,,,,left_only
simonbargo,Simon Bargo,sa3026559,,,,,,left_only
chrisbarkasy,Chris Barkasy,sa3026565,,,,,,left_only
oliverbarkal,Oliver Barkal,sa3026566,,,,,,left_only
blakebarker,Blake Barker,sa3026568,,,,,,left_only
colbybarker,Colby Barker,sa3026571,,,,,,left_only
isaiahbarkett,Isaiah Barkett,sa3026572,,,,,,left_only
treybarkman,Trey Barkman,sa3026580,,,,,,left_only
nathanbarksdale,Nathan Barksdale,sa3026581,,,,,,left_only
billybarlow,Billy Barlow,sa3026584,,,,,,left_only
brandenbarna,Branden Barna,sa3026587,,,,,,left_only
calbarna,Cal Barna,sa3026588,,,,,,left_only
bradynbarnes,Bradyn Barnes,sa3026591,,,,,,left_only
cadenbarnett,Caden Barnett,sa3026592,,,,,,left_only
jerrybarnes,Jerry Barnes,sa3026597,,,,,,left_only
michaelbarnett,Michael Barnett,sa3026603,,,,,,left_only
rowenbarnes,Rowen Barnes,sa3026604,,,,,,left_only
spencerbarnett,Spencer Barnett,sa3026605,,,,,,left_only
joshbarnhouse,Josh Barnhouse,sa3026608,,,,,,left_only
nickbarone,Nick Barone,sa3026616,,,,,,left_only
blakebarquin,Blake Barquin,sa3026617,,,,,,left_only
chrisbarr,Chris Barr,sa3026619,,,,,,left_only
kurtbarr,Kurt Barr,sa3026623,,,,,,left_only
tybarrango,Ty Barrango,sa3026625,,,,,,left_only
benbarrett,Ben Barrett,sa3026626,,,,,,left_only
davidbarrett,David Barrett,sa3026627,,,,,,left_only
darenbarrera,Daren Barrera,sa3026629,,,,,,left_only
diegobarrett,Diego Barrett,sa3026630,,,,,,left_only
emiliobarreras,Emilio Barreras,sa3026631,,,,,,left_only
gabrielbarrett,Gabriel Barrett,sa3026633,,,,,,left_only
hudsonbarrett,Hudson Barrett,sa3026634,,,,,,left_only
ianbarrett,Ian Barrett,sa3026635,,,,,,left_only
walkerbarron,Walker Barron,sa3026652,,,,,,left_only
aidanbarry,Aidan Barry,sa3026654,,,,,,left_only
blakebarthol,Blake Barthol,sa3026664,,,,,,left_only
tommybarth,Tommy Barth,sa3026668,,,,,,left_only
jebbartle,Jeb Bartle,sa3026673,,,,,,left_only
blakebarton,Blake Barton,sa3026677,,,,,,left_only
kalebbaskin,Kaleb Baskin,sa3026690,,,,,,left_only
peytonbasler,Peyton Basler,sa3026692,,,,,,left_only
jackbasseer,Jack Basseer,sa3026693,,,,,,left_only
reesebassinger,Reese Bassinger,sa3026696,,,,,,left_only
jadenbastian,Jaden Bastian,sa3026698,,,,,,left_only
camdenbates,Camden Bates,sa3026707,,,,,,left_only
ethanbates,Ethan Bates,sa3026711,,,,,,left_only
finleybates,Finley Bates,sa3026712,,,,,,left_only
jabinbates,Jabin Bates,sa3026714,,,,,,left_only
ryanbates,Ryan Bates,sa3026716,,,,,,left_only
salbatres,Sal Batres,sa3026720,,,,,,left_only
coreybattey,Corey Battey,sa3026723,,,,,,left_only
justinbattle,Justin Battle,sa3026724,,,,,,left_only
tybatusich,Ty Batusich,sa3026728,,,,,,left_only
chrisbatuyios,Chris Batuyios,sa3026729,,,,,,left_only
lukebauer,Luke Bauer,sa3026734,,,,,,left_only
shanebauer,Shane Bauer,sa3026735,,,,,,left_only
spencerbauer,Spencer Bauer,sa3026736,,,,,,left_only
brantbaughcum,Brant Baughcum,sa3026739,,,,,,left_only
carsonbaugh,Carson Baugh,sa3026740,,,,,,left_only
aidenbaumann,Aiden Baumann,sa3026746,,,,,,left_only
baylorbaumann,Baylor Baumann,sa3026747,,,,,,left_only
andrewbaumgart,Andrew Baumgart,sa3026752,,,,,,left_only
willbaumhofer,Will Baumhofer,sa3026757,,,,,,left_only
robertbavon,Robert Bavon,sa3026762,,,,,,left_only
bradybaxter,Brady Baxter,sa3026765,,,,,,left_only
natebaxter,Nate Baxter,sa3026766,,,,,,left_only
johnbay,John Bay,sa3026767,,,,,,left_only
maxbayles,Max Bayles,sa3026768,,,,,,left_only
paytonbaylis,Payton Baylis,sa3026770,,,,,,left_only
carsonbayne,Carson Bayne,sa3026771,,,,,,left_only
hunterbaynes,Hunter Baynes,sa3026772,,,,,,left_only
parrishbeagle,Parrish Beagle,sa3026776,,,,,,left_only
ryanbeaird,Ryan Beaird,sa3026777,,,,,,left_only
jacobbeall,Jacob Beall,sa3026783,,,,,,left_only
jacksonbeaman,Jackson Beaman,sa3026788,,,,,,left_only
bradybean,Brady Bean,sa3026793,,,,,,left_only
jacobbean,Jacob Bean,sa3026794,,,,,,left_only
treybeard,Trey Beard,sa3026802,,,,,,left_only
chasebeattie,Chase Beattie,sa3026808,,,,,,left_only
jacksonbeattie,Jackson Beattie,sa3026809,,,,,,left_only
robertbeatty,Robert Beatty,sa3026810,,,,,,left_only
jakebeaty,Jake Beaty,sa3026811,,,,,,left_only
jackbeauchesne,Jack Beauchesne,sa3026814,,,,,,left_only
luisbecerra,Luis Becerra,sa3026825,,,,,,left_only
temobecerra,Temo Becerra,sa3026826,,,,,,left_only
jakebechtel,Jake Bechtel,sa3026828,,,,,,left_only
chipperbeck,Chipper Beck,sa3026831,,,,,,left_only
daltonbeck,Dalton Beck,sa3026832,,,,,,left_only
sambeck,Sam Beck,sa3026838,,,,,,left_only
coltenbecker,Colten Becker,sa3026842,,,,,,left_only
ericbecker,Eric Becker,sa3026844,,,,,,left_only
matthewbecker,Matthew Becker,sa3026849,,,,,,left_only
ryanbecker,Ryan Becker,sa3026851,,,,,,left_only
drewbeckner,Drew Beckner,sa3026857,,,,,,left_only
dylanbedder,Dylan Bedder,sa3026860,,,,,,left_only
mattbedford,Matt Bedford,sa3026863,,,,,,left_only
chrisbedgood,Chris Bedgood,sa3026864,,,,,,left_only
adambeery,Adam Beery,sa3026871,,,,,,left_only
joshbeezley,Josh Beezley,sa3026874,,,,,,left_only
stilesbegnaud,Stiles Begnaud,sa3026877,,,,,,left_only
reesebeheler,Reese Beheler,sa3026878,,,,,,left_only
andrewbehnke,Andrew Behnke,sa3026880,,,,,,left_only
adambehrens,Adam Behrens,sa3026881,,,,,,left_only
jeffreybehrends,Jeffrey Behrends,sa3026882,,,,,,left_only
owenbeisty,Owen Beisty,sa3026887,,,,,,left_only
mauribejarano,Mauri Bejarano,sa3026888,,,,,,left_only
ethanbelk,Ethan Belk,sa3026893,,,,,,left_only
blazebell,Blaze Bell,sa3026896,,,,,,left_only
ethanbell,Ethan Bell,sa3026903,,,,,,left_only
jackbell,Jack Bell,sa3026907,,,,,,left_only
loganbell,Logan Bell,sa3026911,,,,,,left_only
sambell,Sam Bell,sa3026913,,,,,,left_only
tadanbell,Tadan Bell,sa3026915,,,,,,left_only
matteobellisimo,Matteo Bellisimo,sa3026922,,,,,,left_only
sambelliveau,Sam Belliveau,sa3026923,,,,,,left_only
jackbello,Jack Bello,sa3026925,,,,,,left_only
jessbellows,Jess Bellows,sa3026926,,,,,,left_only
jorgebello,Jorge Bello,sa3026927,,,,,,left_only
mikebello,Mike Bello,sa3026928,,,,,,left_only
jacobbeltran,Jacob Beltran,sa3026935,,,,,,left_only
cadebelyeu,Cade Belyeu,sa3026936,,,,,,left_only
kadebenavidez,Kade Benavidez,sa3026940,,,,,,left_only
carterbenbrook,Carter Benbrook,sa3026941,,,,,,left_only
bradybendik,Brady Bendik,sa3026945,,,,,,left_only
adambenes,Adam Benes,sa3026948,,,,,,left_only
joelbenes,Joel Benes,sa3026949,,,,,,left_only
sethbenes,Seth Benes,sa3026951,,,,,,left_only
tysenbenford,Tysen Benford,sa3026952,,,,,,left_only
connorbenge,Connor Benge,sa3026953,,,,,,left_only
alanbenhardt,Alan Benhardt,sa3026955,,,,,,left_only
nicbenhardt,Nic Benhardt,sa3026956,,,,,,left_only
trebenjamin,Tre Benjamin,sa3026960,,,,,,left_only
patrickbenn,Patrick Benn,sa3026961,,,,,,left_only
gavinbennett,Gavin Bennett,sa3026970,,,,,,left_only
jaylynbennett,Jaylyn Bennett,sa3026975,,,,,,left_only
jackbennett,Jack Bennett,sa3026976,,,,,,left_only
jackbenshoshan,Jack Ben-Shoshan,sa3026986,,,,,,left_only
cameronbenson,Cameron Benson,sa3026987,,,,,,left_only
chandlerbenson,Chandler Benson,sa3026989,,,,,,left_only
bradenbenton,Braden Benton,sa3026995,,,,,,left_only
sebastianbentz,Sebastian Bentz,sa3027002,,,,,,left_only
derekbenzinger,Derek Benzinger,sa3027005,,,,,,left_only
michaelbenzor,Michael Benzor,sa3027006,,,,,,left_only
bryantberanek,Bryant Beranek,sa3027007,,,,,,left_only
eliberch,Eli Berch,sa3027009,,,,,,left_only
thaxtonberch,Thaxton Berch,sa3027010,,,,,,left_only
andrewberg,Andrew Berg,sa3027014,,,,,,left_only
aricberg,Aric Berg,sa3027015,,,,,,left_only
jakeberg,Jake Berg,sa3027018,,,,,,left_only
nickbergamotto,Nick Bergamotto,sa3027019,,,,,,left_only
jakeberger,Jake Berger,sa3027024,,,,,,left_only
mattbergevin,Matt Bergevin,sa3027026,,,,,,left_only
austinberggren,Austin Berggren,sa3027029,,,,,,left_only
adamberghult,Adam Berghult,sa3027031,,,,,,left_only
carterbergman,Carter Bergman,sa3027033,,,,,,left_only
calebbergman,Caleb Bergman,sa3027034,,,,,,left_only
cooperbergman,Cooper Bergman,sa3027035,,,,,,left_only
deanbergmann,Dean Bergmann,sa3027037,,,,,,left_only
jacksonbergman,Jackson Bergman,sa3027039,,,,,,left_only
maxbergmann,Max Bergmann,sa3027040,,,,,,left_only
austinbergum,Austin Bergum,sa3027042,,,,,,left_only
drewberkland,Drew Berkland,sa3027046,,,,,,left_only
garrisonberkley,Garrison Berkley,sa3027047,,,,,,left_only
willbermudez,Will Bermudez,sa3027051,,,,,,left_only
cristianbernardini,Cristian Bernardini,sa3027055,,,,,,left_only
maxbernal,Max Bernal,sa3027057,,,,,,left_only
roccobernadina,Rocco Bernadina,sa3027058,,,,,,left_only
wilburberrios,Wilbur Berrios,sa3027065,,,,,,left_only
noahberry,Noah Berry,sa3027073,,,,,,left_only
philipberstein,Philip Berstein,sa3027075,,,,,,left_only
reidbertram,Reid Bertram,sa3027081,,,,,,left_only
jacksonbessette,Jackson Bessette,sa3027091,,,,,,left_only
chandlerbest,Chandler Best,sa3027093,,,,,,left_only
liambest,Liam Best,sa3027094,,,,,,left_only
matthewbest,Matthew Best,sa3027095,,,,,,left_only
rafaelbetancourt,Rafael Betancourt,sa3027099,,,,,,left_only
tatebethel,Tate Bethel,sa3027101,,,,,,left_only
reecebeuter,Reece Beuter,sa3027106,,,,,,left_only
jackbeverly,Jack Beverly,sa3027108,,,,,,left_only
blakebevis,Blake Bevis,sa3027110,,,,,,left_only
loganbevis,Logan Bevis,sa3027111,,,,,,left_only
andrewbianco,Andrew Bianco,sa3027120,,,,,,left_only
vincentbianchina,Vincent Bianchina,sa3027125,,,,,,left_only
ryanbibb,Ryan Bibb,sa3027128,,,,,,left_only
tylerbickers,Tyler Bickers,sa3027135,,,,,,left_only
drakebicknell,Drake Bicknell,sa3027136,,,,,,left_only
aaronbiediger,Aaron Biediger,sa3027140,,,,,,left_only
drewbiggerstaff,Drew Biggerstaff,sa3027147,,,,,,left_only
ryanbilka,Ryan Bilka,sa3027152,,,,,,left_only
sambiller,Sam Biller,sa3027153,,,,,,left_only
rykerbillingsley,Ryker Billingsley,sa3027157,,,,,,left_only
blakebinderup,Blake Binderup,sa3027159,,,,,,left_only
gunnarbingham,Gunnar Bingham,sa3027161,,,,,,left_only
bradybirchmeier,Brady Birchmeier,sa3027163,,,,,,left_only
alexbirge,Alex Birge,sa3027167,,,,,,left_only
radekbirkholz,Radek Birkholz,sa3027168,,,,,,left_only
ryanbirr,Ryan Birr,sa3027170,,,,,,left_only
caseybishop,Casey Bishop,sa3027175,,,,,,left_only
davidbishop,David Bishop,sa3027176,,,,,,left_only
jaydonbishop,Jaydon Bishop,sa3027177,,,,,,left_only
owenbishop,Owen Bishop,sa3027178,,,,,,left_only
tylerbishop,Tyler Bishop,sa3027180,,,,,,left_only
tristanbissetta,Tristan Bissetta,sa3027182,,,,,,left_only
tuckerbiven,Tucker Biven,sa3027184,,,,,,left_only
connerbivins,Conner Bivins,sa3027185,,,,,,left_only
masonbixby,Mason Bixby,sa3027186,,,,,,left_only
derekblackmore,Derek Blackmore,sa3027193,,,,,,left_only
gavinblack,Gavin Black,sa3027195,,,,,,left_only
milesblackwell,Miles Blackwell,sa3027200,,,,,,left_only
michaelblackiston,Michael Blackiston,sa3027201,,,,,,left_only
ryanblack,Ryan Black,sa3027205,,,,,,left_only
benblair,Ben Blair,sa3027209,,,,,,left_only
brettblair,Brett Blair,sa3027210,,,,,,left_only
drewblake,Drew Blake,sa3027221,,,,,,left_only
ethanblakeney,Ethan Blakeney,sa3027222,,,,,,left_only
evanblake,Evan Blake,sa3027223,,,,,,left_only
colinblanchard,Colin Blanchard,sa3027227,,,,,,left_only
evanblanchard,Evan Blanchard,sa3027229,,,,,,left_only
evanblanco,Evan Blanco,sa3027230,,,,,,left_only
bobbyblandford,Bobby Blandford,sa3027232,,,,,,left_only
yatesbland,Yates Bland,sa3027236,,,,,,left_only
jacksonblank,Jackson Blank,sa3027238,,,,,,left_only
tylerblankenship,Tyler Blankenship,sa3027240,,,,,,left_only
lukeblas,Luke Blas,sa3027245,,,,,,left_only
bryceblaser,Bryce Blaser,sa3027246,,,,,,left_only
cooperblauser,Cooper Blauser,sa3027252,,,,,,left_only
ianblazier,Ian Blazier,sa3027257,,,,,,left_only
bryceblevins,Bryce Blevins,sa3027265,,,,,,left_only
jasonblood,Jason Blood,sa3027274,,,,,,left_only
chasebloomer,Chase Bloomer,sa3027276,,,,,,left_only
joshuablount,Joshua Blount,sa3027282,,,,,,left_only
kevinblowers,Kevin Blowers,sa3027284,,,,,,left_only
folgerboaz,Folger Boaz,sa3027294,,,,,,left_only
johnhowardbobo,John-Howard Bobo,sa3027297,,,,,,left_only
tannerboccabello,Tanner Boccabello,sa3027298,,,,,,left_only
harrisonbodendorf,Harrison Bodendorf,sa3027303,,,,,,left_only
jasonbodin,Jason Bodin,sa3027307,,,,,,left_only
lexboedicker,Lex Boedicker,sa3027310,,,,,,left_only
garetboehm,Garet Boehm,sa3027312,,,,,,left_only
jdbogart,JD Bogart,sa3027318,,,,,,left_only
gavinbogdanchik,Gavin Bogdanchik,sa3027319,,,,,,left_only
cadenbogenpohl,Caden Bogenpohl,sa3027320,,,,,,left_only
matthewbohnert,Matthew Bohnert,sa3027334,,,,,,left_only
davidboisvert,David Boisvert,sa3027339,,,,,,left_only
jakebold,Jake Bold,sa3027342,,,,,,left_only
jakebollin,Jake Bollin,sa3027348,,,,,,left_only
calebolton,Cale Bolton,sa3027353,,,,,,left_only
hudsonboncal,Hudson Boncal,sa3027360,,,,,,left_only
haydenbond,Hayden Bond,sa3027361,,,,,,left_only
owenbond,Owen Bond,sa3027362,,,,,,left_only
peytonbonds,Peyton Bonds,sa3027364,,,,,,left_only
robertbonilla,Robert Bonilla,sa3027368,,,,,,left_only
timmybonin,Timmy Bonin,sa3027369,,,,,,left_only
nickbonn,Nick Bonn,sa3027372,,,,,,left_only
coltonbook,Colton Book,sa3027377,,,,,,left_only
narvinbooker,Narvin Booker,sa3027382,,,,,,left_only
jakebooks,Jake Books,sa3027383,,,,,,left_only
caseyborba,Casey Borba,sa3027389,,,,,,left_only
ryanborberg,Ryan Borberg,sa3027390,,,,,,left_only
gunnerboree,Gunner Boree,sa3027394,,,,,,left_only
tyborgogno,Ty Borgogno,sa3027401,,,,,,left_only
reeseborho,Reese Borho,sa3027403,,,,,,left_only
chadborn,Chad Born,sa3027406,,,,,,left_only
claytonboroski,Clayton Boroski,sa3027408,,,,,,left_only
jamesborsari,James Borsari,sa3027410,,,,,,left_only
daltonboruff,Dalton Boruff,sa3027413,,,,,,left_only
bobbyboser,Bobby Boser,sa3027420,,,,,,left_only
justinbosland,Justin Bosland,sa3027422,,,,,,left_only
collinbosleysmith,Collin Bosley-Smith,sa3027423,,,,,,left_only
benbosse,Ben Bosse,sa3027426,,,,,,left_only
aaronboster,Aaron Boster,sa3027429,,,,,,left_only
evanbottone,Evan Bottone,sa3027438,,,,,,left_only
alexbouche,Alex Bouche,sa3027440,,,,,,left_only
alecbouchard,Alec Bouchard,sa3027441,,,,,,left_only
tylerbouchard,Tyler Bouchard,sa3027442,,,,,,left_only
parksbouck,Parks Bouck,sa3027443,,,,,,left_only
tuckerbougie,Tucker Bougie,sa3027447,,,,,,left_only
evanbouldin,Evan Bouldin,sa3027448,,,,,,left_only
lukeboule,Luke Boule,sa3027451,,,,,,left_only
bryanboully,Bryan Boully,sa3027452,,,,,,left_only
ethanbowen,Ethan Bowen,sa3027470,,,,,,left_only
karsonbowen,Karson Bowen,sa3027471,,,,,,left_only
andrewbowers,Andrew Bowers,sa3027473,,,,,,left_only
coltonbower,Colton Bower,sa3027475,,,,,,left_only
elibowery,Eli Bowery,sa3027478,,,,,,left_only
jackbowery,Jack Bowery,sa3027479,,,,,,left_only
joshbowerman,Josh Bowerman,sa3027481,,,,,,left_only
justinbowman,Justin Bowman,sa3027491,,,,,,left_only
maxbowman,Max Bowman,sa3027493,,,,,,left_only
reidbowyer,Reid Bowyer,sa3027497,,,,,,left_only
carterboyd,Carter Boyd,sa3027502,,,,,,left_only
cameronboyd,Cameron Boyd,sa3027503,,,,,,left_only
darriesboyd,Darries Boyd,sa3027505,,,,,,left_only
landonboyd,Landon Boyd,sa3027510,,,,,,left_only
mattboyer,Matt Boyer,sa3027515,,,,,,left_only
reidboyett,Reid Boyett,sa3027517,,,,,,left_only
robbieboykin,Robbie Boykin,sa3027521,,,,,,left_only
jedboyle,Jed Boyle,sa3027522,,,,,,left_only
nickboyle,Nick Boyle,sa3027524,,,,,,left_only
samboyle,Sam Boyle,sa3027525,,,,,,left_only
tyboze,Ty Boze,sa3027529,,,,,,left_only
jrbozek,JR Bozek,sa3027531,,,,,,left_only
rylandbozenhard,Ryland Bozenhard,sa3027532,,,,,,left_only
gregorybozzo,Gregory Bozzo,sa3027535,,,,,,left_only
tybrachbill,Ty Brachbill,sa3027539,,,,,,left_only
porterbraddy,Porter Braddy,sa3027544,,,,,,left_only
packybradleycooney,Packy Bradley-Cooney,sa3027550,,,,,,left_only
ryanbradley,Ryan Bradley,sa3027551,,,,,,left_only
michaelbradshaw,Michael Bradshaw,sa3027557,,,,,,left_only
cavanbrady,Cavan Brady,sa3027560,,,,,,left_only
carterbrady,Carter Brady,sa3027562,,,,,,left_only
drewbrady,Drew Brady,sa3027565,,,,,,left_only
gannonbrady,Gannon Brady,sa3027566,,,,,,left_only
sambrady,Sam Brady,sa3027568,,,,,,left_only
jackbrafa,Jack Brafa,sa3027571,,,,,,left_only
dominicbrancel,Dominic Brancel,sa3027577,,,,,,left_only
kolbybranch,Kolby Branch,sa3027580,,,,,,left_only
tommybrandenburg,Tommy Brandenburg,sa3027588,,,,,,left_only
bowenbrantingham,Bowen Brantingham,sa3027596,,,,,,left_only
benbrash,Ben Brash,sa3027598,,,,,,left_only
nathanbrasher,Nathan Brasher,sa3027601,,,,,,left_only
gavinbrasosky,Gavin Brasosky,sa3027602,,,,,,left_only
michaelbraswell,Michael Braswell,sa3027605,,,,,,left_only
coreybraun,Corey Braun,sa3027612,,,,,,left_only
gavinbraunecker,Gavin Braunecker,sa3027613,,,,,,left_only
loganbraunschweig,Logan Braunschweig,sa3027614,,,,,,left_only
reedbraundmeier,Reed Braundmeier,sa3027615,,,,,,left_only
damianbravo,Damian Bravo,sa3027616,,,,,,left_only
leonardobravo,Leonardo Bravo,sa3027618,,,,,,left_only
kewanbraziel,Kewan Braziel,sa3027628,,,,,,left_only
pirminbrechbuhl,Pirmin Brechbuhl,sa3027633,,,,,,left_only
gabebreckenridge,Gabe Breckenridge,sa3027634,,,,,,left_only
masonbreidenbach,Mason Breidenbach,sa3027640,,,,,,left_only
joeybrenczewski,Joey Brenczewski,sa3027645,,,,,,left_only
eastonbrenner,Easton Brenner,sa3027647,,,,,,left_only
paytonbrennan,Payton Brennan,sa3027650,,,,,,left_only
philbrennaman,Phil Brennaman,sa3027651,,,,,,left_only
teddybrennan,Teddy Brennan,sa3027652,,,,,,left_only
aidanbretschneider,Aidan Bretschneider,sa3027654,,,,,,left_only
brandonbrewer,Brandon Brewer,sa3027660,,,,,,left_only
garrettbrewer,Garrett Brewer,sa3027662,,,,,,left_only
nathanbrewer,Nathan Brewer,sa3027665,,,,,,left_only
isaiahbrewington,Isaiah Brewington,sa3027669,,,,,,left_only
lanebrewster,Lane Brewster,sa3027670,,,,,,left_only
eastonbreyfogle,Easton Breyfogle,sa3027672,,,,,,left_only
elibridenthal,Eli Bridenthal,sa3027677,,,,,,left_only
treybridges,Trey Bridges,sa3027685,,,,,,left_only
anthonybrienza,Anthony Brienza,sa3027687,,,,,,left_only
masonbright,Mason Bright,sa3027692,,,,,,left_only
noahbright,Noah Bright,sa3027693,,,,,,left_only
nikobrini,Niko Brini,sa3027697,,,,,,left_only
jakebrink,Jake Brink,sa3027698,,,,,,left_only
mattbrinker,Matt Brinker,sa3027700,,,,,,left_only
armandobriseno,Armando Briseno,sa3027704,,,,,,left_only
natebrittain,Nate Brittain,sa3027708,,,,,,left_only
seanbritt,Sean Britt,sa3027710,,,,,,left_only
jacksonbrockett,Jackson Brockett,sa3027720,,,,,,left_only
zachbrockner,Zach Brockner,sa3027725,,,,,,left_only
zachbroderick,Zach Broderick,sa3027732,,,,,,left_only
marcusbrodil,Marcus Brodil,sa3027733,,,,,,left_only
walkerbrodt,Walker Brodt,sa3027735,,,,,,left_only
ryanbrome,Ryan Brome,sa3027739,,,,,,left_only
nicbronzini,Nic Bronzini,sa3027742,,,,,,left_only
blakebrookins,Blake Brookins,sa3027746,,,,,,left_only
braxtonbrooks,Braxton Brooks,sa3027749,,,,,,left_only
danielbrooks,Daniel Brooks,sa3027752,,,,,,left_only
devinbrooks,Devin Brooks,sa3027753,,,,,,left_only
grantbrooks,Grant Brooks,sa3027757,,,,,,left_only
jamariebrooks,Jamarie Brooks,sa3027758,,,,,,left_only
jackbrooks,Jack Brooks,sa3027759,,,,,,left_only
jackbrooker,Jack Brooker,sa3027760,,,,,,left_only
laudenbrooks,Lauden Brooks,sa3027762,,,,,,left_only
michaelbrooks,Michael Brooks,sa3027764,,,,,,left_only
noahbrooks,Noah Brooks,sa3027766,,,,,,left_only
ryderbrooks,Ryder Brooks,sa3027768,,,,,,left_only
tjbrooks,TJ Brooks,sa3027772,,,,,,left_only
tybrooks,Ty Brooks,sa3027773,,,,,,left_only
braydenbroome,Brayden Broome,sa3027774,,,,,,left_only
parkerbrosius,Parker Brosius,sa3027776,,,,,,left_only
adambroski,Adam Broski,sa3027777,,,,,,left_only
colbybrouillette,Colby Brouillette,sa3027785,,,,,,left_only
adambrouwer,Adam Brouwer,sa3027788,,,,,,left_only
carsonbrower,Carson Brower,sa3027790,,,,,,left_only
blakebrown,Blake Brown,sa3027795,,,,,,left_only
bradybrowning,Brady Browning,sa3027798,,,,,,left_only
brycebrownlee,Bryce Brownlee,sa3027799,,,,,,left_only
chenarbrown,Chenar Brown,sa3027806,,,,,,left_only
chrisbrown,Chris Brown,sa3027807,,,,,,left_only
colinbrown,Colin Brown,sa3027809,,,,,,left_only
darriusbrown,Darrius Brown,sa3027813,,,,,,left_only
dillonbrown,Dillon Brown,sa3027816,,,,,,left_only
dylanbrown,Dylan Brown,sa3027818,,,,,,left_only
elibrown,Eli Brown,sa3027820,,,,,,left_only
elybrown,Ely Brown,sa3027822,,,,,,left_only
ethanbrown,Ethan Brown,sa3027825,,,,,,left_only
evanbrown,Evan Brown,sa3027826,,,,,,left_only
gunnarbrown,Gunnar Brown,sa3027829,,,,,,left_only
henrybrown,Henry Brown,sa3027831,,,,,,left_only
jakebrown,Jake Brown,sa3027839,,,,,,left_only
jasonbrown,Jason Brown,sa3027840,,,,,,left_only
jaydenbrown,Jayden Brown,sa3027845,,,,,,left_only
jordanbrown,Jordan Brown,sa3027849,,,,,,left_only
josiahbrown,Josiah Brown,sa3027850,,,,,,left_only
kadebrown,Kade Brown,sa3027851,,,,,,left_only
lukebrown,Luke Brown,sa3027855,,,,,,left_only
mattbrown,Matt Brown,sa3027859,,,,,,left_only
malcolmbrown,Malcolm Brown,sa3027860,,,,,,left_only
michaelbrown,Michael Brown,sa3027864,,,,,,left_only
oliverbrown,Oliver Brown,sa3027870,,,,,,left_only
peytonbrown,Peyton Brown,sa3027871,,,,,,left_only
scottybrown,Scotty Brown,sa3027879,,,,,,left_only
willbrown,Will Brown,sa3027884,,,,,,left_only
zachbrown,Zach Brown,sa3027886,,,,,,left_only
gagebruce,Gage Bruce,sa3027890,,,,,,left_only
colinbrueggemann,Colin Brueggemann,sa3027893,,,,,,left_only
maxbrulport,Max Brulport,sa3027897,,,,,,left_only
caydenbrumbaugh,Cayden Brumbaugh,sa3027898,,,,,,left_only
mikeybrunetti,Mikey Brunetti,sa3027899,,,,,,left_only
mattbruno,Matt Bruno,sa3027907,,,,,,left_only
nickbruno,Nick Bruno,sa3027908,,,,,,left_only
chasebrunson,Chase Brunson,sa3027910,,,,,,left_only
alexbryant,Alex Bryant,sa3027918,,,,,,left_only
cambryant,Cam Bryant,sa3027922,,,,,,left_only
theobryantiv,Theo Bryant IV,sa3027930,,,,,,left_only
tylerbryan,Tyler Bryan,sa3027931,,,,,,left_only
dawsonbryce,Dawson Bryce,sa3027932,,,,,,left_only
gavinbrzozowski,Gavin Brzozowski,sa3027935,,,,,,left_only
danielbucciero,Daniel Bucciero,sa3027937,,,,,,left_only
mattbucciero,Matt Bucciero,sa3027938,,,,,,left_only
coulsonbuchanan,Coulson Buchanan,sa3027941,,,,,,left_only
matthewbuchanan,Matthew Buchanan,sa3027942,,,,,,left_only
sethbuchanan,Seth Buchanan,sa3027943,,,,,,left_only
walkerbuchanan,Walker Buchanan,sa3027945,,,,,,left_only
ryanbuckler,Ryan Buckler,sa3027962,,,,,,left_only
davisbudd,Davis Budd,sa3027973,,,,,,left_only
willbudnick,Will Budnick,sa3027976,,,,,,left_only
jacobbudzik,Jacob Budzik,sa3027977,,,,,,left_only
brendanbuecker,Brendan Buecker,sa3027979,,,,,,left_only
benbuehring,Ben Buehring,sa3027982,,,,,,left_only
reecebueno,Reece Bueno,sa3027983,,,,,,left_only
maxbuettenback,Max Buettenback,sa3027985,,,,,,left_only
matthewbuffington,Matthew Buffington,sa3027986,,,,,,left_only
noahbufford,Noah Bufford,sa3027989,,,,,,left_only
jasonbuhl,Jason Buhl,sa3027993,,,,,,left_only
drewbuhr,Drew Buhr,sa3027994,,,,,,left_only
jaredbujandamcconnell,Jared Bujanda McConnell,sa3027995,,,,,,left_only
jakebullard,Jake Bullard,sa3027997,,,,,,left_only
calebbunch,Caleb Bunch,sa3028008,,,,,,left_only
wyattbunch,Wyatt Bunch,sa3028009,,,,,,left_only
jakeburcham,Jake Burcham,sa3028021,,,,,,left_only
landenburch,Landen Burch,sa3028022,,,,,,left_only
brandonburckel,Brandon Burckel,sa3028028,,,,,,left_only
alexburden,Alex Burden,sa3028029,,,,,,left_only
camburdick,Cam Burdick,sa3028032,,,,,,left_only
caseyburfield,Casey Burfield,sa3028034,,,,,,left_only
bauerburkart,Bauer Burkart,sa3028055,,,,,,left_only
brendanburke,Brendan Burke,sa3028057,,,,,,left_only
devinburkes,Devin Burkes,sa3028059,,,,,,left_only
jamesburke,James Burke,sa3028064,,,,,,left_only
macburke,Mac Burke,sa3028066,,,,,,left_only
noahburkey,Noah Burkey,sa3028067,,,,,,left_only
trentonburkhalter,Trenton Burkhalter,sa3028071,,,,,,left_only
jacobburley,Jacob Burley,sa3028073,,,,,,left_only
robbieburnett,Robbie Burnett,sa3028080,,,,,,left_only
thomasburns,Thomas Burns,sa3028094,,,,,,left_only
williamburns,William Burns,sa3028096,,,,,,left_only
willburns,Will Burns,sa3028097,,,,,,left_only
drewburress,Drew Burress,sa3028100,,,,,,left_only
jaylonburrell,Jaylon Burrell,sa3028101,,,,,,left_only
terryburrelliii,Terry Burrell III,sa3028102,,,,,,left_only
danielburroway,Daniel Burroway,sa3028108,,,,,,left_only
jaredburrows,Jared Burrows,sa3028109,,,,,,left_only
keetonburroughs,Keeton Burroughs,sa3028110,,,,,,left_only
michaelburroughs,Michael Burroughs,sa3028111,,,,,,left_only
jakeburt,Jake Burt,sa3028114,,,,,,left_only
jesseburtoniii,Jesse Burton III,sa3028120,,,,,,left_only
wesburton,Wes Burton,sa3028123,,,,,,left_only
lukebuscaglia,Luke Buscaglia,sa3028128,,,,,,left_only
sambusch,Sam Busch,sa3028130,,,,,,left_only
zachbuschschulte,Zach Buschschulte,sa3028132,,,,,,left_only
cadebush,Cade Bush,sa3028135,,,,,,left_only
trentonbush,Trenton Bush,sa3028138,,,,,,left_only
liambushey,Liam Bushey,sa3028139,,,,,,left_only
zackbusick,Zack Busick,sa3028142,,,,,,left_only
masonbuss,Mason Buss,sa3028143,,,,,,left_only
reggiebussey,Reggie Bussey,sa3028144,,,,,,left_only
terrybusse,Terry Busse,sa3028145,,,,,,left_only
trevorbusyn,Trevor Busyn,sa3028149,,,,,,left_only
masonbutash,Mason Butash,sa3028150,,,,,,left_only
davidbutler,David Butler,sa3028159,,,,,,left_only
djbutler,DJ Butler,sa3028160,,,,,,left_only
jakebutler,Jake Butler,sa3028165,,,,,,left_only
joshbutler,Josh Butler,sa3028168,,,,,,left_only
justinbutler,Justin Butler,sa3028169,,,,,,left_only
robbutler,Rob Butler,sa3028173,,,,,,left_only
ryanbutler,Ryan Butler,sa3028174,,,,,,left_only
nicobutton,Nico Button,sa3028176,,,,,,left_only
porterbuursema,Porter Buursema,sa3028181,,,,,,left_only
lathenbuzard,Lathen Buzard,sa3028183,,,,,,left_only
blakebuzzeo,Blake Buzzeo,sa3028184,,,,,,left_only
benbybee,Ben Bybee,sa3028186,,,,,,left_only
brooksbyers,Brooks Byers,sa3028189,,,,,,left_only
carsonbyers,Carson Byers,sa3028190,,,,,,left_only
evanbyers,Evan Byers,sa3028192,,,,,,left_only
adambyrd,Adam Byrd,sa3028197,,,,,,left_only
jaxonbyrd,Jaxon Byrd,sa3028199,,,,,,left_only
kameronbyrd,Kameron Byrd,sa3028200,,,,,,left_only
parkerbyrd,Parker Byrd,sa3028202,,,,,,left_only
connorbyrne,Connor Byrne,sa3028204,,,,,,left_only
toussaintbythewood,Toussaint Bythewood,sa3028208,,,,,,left_only
aivencabral,Aiven Cabral,sa3028218,,,,,,left_only
angelocabral,Angelo Cabral,sa3028219,,,,,,left_only
accabrera,AC Cabrera,sa3028220,,,,,,left_only
isaaccadena,Isaac Cadena,sa3028231,,,,,,left_only
nathancadena,Nathan Cadena,sa3028232,,,,,,left_only
colecahill,Cole Cahill,sa3028238,,,,,,left_only
carsoncahoy,Carson Cahoy,sa3028239,,,,,,left_only
daedrickcail,Daedrick Cail,sa3028240,,,,,,left_only
andrewcain,Andrew Cain,sa3028242,,,,,,left_only
harrycain,Harry Cain,sa3028246,,,,,,left_only
colemancalabrese,Coleman Calabrese,sa3028249,,,,,,left_only
danielcalabrese,Daniel Calabrese,sa3028250,,,,,,left_only
joeycalabretti,Joey Calabretti,sa3028251,,,,,,left_only
alexcalarco,Alex Calarco,sa3028253,,,,,,left_only
ethancalder,Ethan Calder,sa3028255,,,,,,left_only
collincaldwell,Collin Caldwell,sa3028257,,,,,,left_only
aaroncalhoun,Aaron Calhoun,sa3028262,,,,,,left_only
hudsoncalhoun,Hudson Calhoun,sa3028264,,,,,,left_only
kolbycalia,Kolby Calia,sa3028267,,,,,,left_only
bradencalise,Braden Calise,sa3028269,,,,,,left_only
chasecall,Chase Call,sa3028273,,,,,,left_only
phoenixcall,Phoenix Call,sa3028274,,,,,,left_only
brendancallanan,Brendan Callanan,sa3028277,,,,,,left_only
ryancallahan,Ryan Callahan,sa3028284,,,,,,left_only
trevorcallahan,Trevor Callahan,sa3028285,,,,,,left_only
johncallis,John Callis,sa3028287,,,,,,left_only
brycecalloway,Bryce Calloway,sa3028288,,,,,,left_only
ryancalvert,Ryan Calvert,sa3028292,,,,,,left_only
reisscalvin,Reiss Calvin,sa3028293,,,,,,left_only
gabecamacho,Gabe Camacho,sa3028295,,,,,,left_only
seancamacho,Sean Camacho,sa3028296,,,,,,left_only
frankcamarillo,Frank Camarillo,sa3028299,,,,,,left_only
domcamera,Dom Camera,sa3028300,,,,,,left_only
griffincameron,Griffin Cameron,sa3028301,,,,,,left_only
wyattcameron,Wyatt Cameron,sa3028303,,,,,,left_only
joeycammarata,Joey Cammarata,sa3028306,,,,,,left_only
cartercampau,Carter Campau,sa3028310,,,,,,left_only
iaincampa,Iain Campa,sa3028311,,,,,,left_only
jesuscampa,Jesus Campa,sa3028313,,,,,,left_only
casoncampbell,Cason Campbell,sa3028320,,,,,,left_only
cadecampbell,Cade Campbell,sa3028321,,,,,,left_only
colecampbell,Cole Campbell,sa3028323,,,,,,left_only
jacksoncampbell,Jackson Campbell,sa3028331,,,,,,left_only
kaydencampbell,Kayden Campbell,sa3028335,,,,,,left_only
saborncampbell,Saborn Campbell,sa3028338,,,,,,left_only
tylercampbell,Tyler Campbell,sa3028341,,,,,,left_only
jasoncampo,Jason Campo,sa3028345,,,,,,left_only
chriscanada,Chris Canada,sa3028348,,,,,,left_only
chriscanavan,Chris Canavan,sa3028352,,,,,,left_only
dominiccancellieri,Dominic Cancellieri,sa3028353,,,,,,left_only
hectorcandelas,Hector Candelas,sa3028355,,,,,,left_only
mattcanizares,Matt Canizares,sa3028359,,,,,,left_only
jackcannizzaro,Jack Cannizzaro,sa3028364,,,,,,left_only
brycecannon,Bryce Cannon,sa3028365,,,,,,left_only
jackcannon,Jack Cannon,sa3028366,,,,,,left_only
carlcano,Carl Cano,sa3028370,,,,,,left_only
cidercanon,Cider Canon,sa3028372,,,,,,left_only
donavancanterberry,Donavan Canterberry,sa3028373,,,,,,left_only
samcanton,Sam Canton,sa3028375,,,,,,left_only
lukecantwell,Luke Cantwell,sa3028378,,,,,,left_only
alfredocapacete,Alfredo Capacete,sa3028380,,,,,,left_only
connorcapece,Connor Capece,sa3028382,,,,,,left_only
jamescapellupo,James Capellupo,sa3028384,,,,,,left_only
markcapell,Mark Capell,sa3028385,,,,,,left_only
cadencapomaccio,Caden Capomaccio,sa3028393,,,,,,left_only
nickcapozzi,Nick Capozzi,sa3028394,,,,,,left_only
dominiccapperella,Dominic Capperella,sa3028395,,,,,,left_only
owencarapellotti,Owen Carapellotti,sa3028401,,,,,,left_only
joshuacaravalho,Joshua Caravalho,sa3028404,,,,,,left_only
trentcaraway,Trent Caraway,sa3028407,,,,,,left_only
dominickcarbone,Dominick Carbone,sa3028411,,,,,,left_only
josephcarbone,Joseph Carbone,sa3028412,,,,,,left_only
xaviercardenasiii,Xavier Cardenas III,sa3028415,,,,,,left_only
christiancarew,Christian Carew,sa3028426,,,,,,left_only
dylancarey,Dylan Carey,sa3028427,,,,,,left_only
mattcarey,Matt Carey,sa3028429,,,,,,left_only
seancarey,Sean Carey,sa3028430,,,,,,left_only
peytoncariaco,Peyton Cariaco,sa3028433,,,,,,left_only
colecarlon,Cole Carlon,sa3028440,,,,,,left_only
gunnettcarlson,Gunnett Carlson,sa3028449,,,,,,left_only
owencarlson,Owen Carlson,sa3028451,,,,,,left_only
parkercarlson,Parker Carlson,sa3028452,,,,,,left_only
tysoncarlton,Tyson Carlton,sa3028455,,,,,,left_only
lucascarmichael,Lucas Carmichael,sa3028460,,,,,,left_only
frankiecarney,Frankie Carney,sa3028464,,,,,,left_only
deancarpentier,Dean Carpentier,sa3028467,,,,,,left_only
jesiahcarpenter,Jesiah carpenter,sa3028468,,,,,,left_only
kadencarpenter,Kaden Carpenter,sa3028471,,,,,,left_only
willcarpenter,Will Carpenter,sa3028476,,,,,,left_only
cadecarr,Cade Carr,sa3028479,,,,,,left_only
daviscarr,Davis Carr,sa3028480,,,,,,left_only
tyreecarr,Tyree Carr,sa3028488,,,,,,left_only
lukecarrell,Luke Carrell,sa3028491,,,,,,left_only
akilicarris,Akili Carris,sa3028494,,,,,,left_only
jordancarrion,Jordan Carrion,sa3028496,,,,,,left_only
lorenzocarrier,Lorenzo Carrier,sa3028498,,,,,,left_only
chriscarroll,Chris Carroll,sa3028503,,,,,,left_only
lukecarroll,Luke Carroll,sa3028508,,,,,,left_only
chasecarson,Chase Carson,sa3028512,,,,,,left_only
christophercarson,Christopher Carson,sa3028513,,,,,,left_only
koencarston,Koen Carston,sa3028516,,,,,,left_only
boonecartee,Boone Cartee,sa3028519,,,,,,left_only
bristolcarter,Bristol Carter,sa3028520,,,,,,left_only
charliecarter,Charlie Carter,sa3028524,,,,,,left_only
dylancarter,Dylan Carter,sa3028528,,,,,,left_only
regancarter,Regan Carter,sa3028535,,,,,,left_only
sethcarter,Seth Carter,sa3028536,,,,,,left_only
elicartwright,Eli Cartwright,sa3028542,,,,,,left_only
colecaruso,Cole Caruso,sa3028544,,,,,,left_only
jtcaruso,JT Caruso,sa3028545,,,,,,left_only
jakecarvajal,Jake Carvajal,sa3028549,,,,,,left_only
chasecarver,Chase Carver,sa3028552,,,,,,left_only
colincarver,Colin Carver,sa3028553,,,,,,left_only
robbiecarvelli,Robbie Carvelli,sa3028555,,,,,,left_only
codycarwile,Cody Carwile,sa3028556,,,,,,left_only
alexcasarella,Alex Casarella,sa3028562,,,,,,left_only
davidcase,David Case,sa3028566,,,,,,left_only
jacksoncase,Jackson Case,sa3028567,,,,,,left_only
zackariecasebonne,Zackarie Casebonne,sa3028568,,,,,,left_only
jakecasey,Jake Casey,sa3028574,,,,,,left_only
donovancash,Donovan Cash,sa3028579,,,,,,left_only
stevencash,Steven Cash,sa3028581,,,,,,left_only
teddycashman,Teddy Cashman,sa3028585,,,,,,left_only
bennycasillas,Benny Casillas,sa3028587,,,,,,left_only
campbellcassidy,Campbell Cassidy,sa3028597,,,,,,left_only
traecassidy,Trae Cassidy,sa3028599,,,,,,left_only
jamescastagnola,James Castagnola,sa3028600,,,,,,left_only
mjcastaneda,MJ Castaneda,sa3028603,,,,,,left_only
andrewcastelluccio,Andrew Castelluccio,sa3028604,,,,,,left_only
colincasteel,Colin Casteel,sa3028605,,,,,,left_only
diegocastellanos,Diego Castellanos,sa3028606,,,,,,left_only
dominiccastellano,Dominic Castellano,sa3028607,,,,,,left_only
kavicaster,Kavi Caster,sa3028609,,,,,,left_only
logancastellano,Logan Castellano,sa3028610,,,,,,left_only
ryancastillo,Ryan Castillo,sa3028624,,,,,,left_only
calebcastle,Caleb Castle,sa3028627,,,,,,left_only
cortlancastle,Cortlan Castle,sa3028629,,,,,,left_only
gavincaston,Gavin Caston,sa3028632,,,,,,left_only
tonycastonguay,Tony Castonguay,sa3028633,,,,,,left_only
joecastrichini,Joe Castrichini,sa3028638,,,,,,left_only
tylercastro,Tyler Castro,sa3028641,,,,,,left_only
lukecaucci,Luke Caucci,sa3028654,,,,,,left_only
carsoncaudill,Carson Caudill,sa3028655,,,,,,left_only
caseycaufield,Casey Caufield,sa3028656,,,,,,left_only
ciarancaughey,Ciaran Caughey,sa3028658,,,,,,left_only
garencaulfield,Garen Caulfield,sa3028659,,,,,,left_only
jacksoncauthron,Jackson Cauthron,sa3028663,,,,,,left_only
coopercavanaugh,Cooper Cavanaugh,sa3028665,,,,,,left_only
gabrielcavazonni,Gabriel Cavazonni,sa3028669,,,,,,left_only
blakecavill,Blake Cavill,sa3028674,,,,,,left_only
colincaycedo,Colin Caycedo,sa3028677,,,,,,left_only
alejandrocazorla,Alejandro Cazorla,sa3028680,,,,,,left_only
derekcease,Derek Cease,sa3028681,,,,,,left_only
jackcebert,Jack Cebert,sa3028683,,,,,,left_only
treycehajic,Trey Cehajic,sa3028689,,,,,,left_only
cjcepicky,CJ Cepicky,sa3028695,,,,,,left_only
brycecermenelli,Bryce Cermenelli,sa3028700,,,,,,left_only
tylercerny,Tyler Cerny,sa3028701,,,,,,left_only
johncerwinski,John Cerwinski,sa3028710,,,,,,left_only
louiscespedes,Louis Cespedes,sa3028711,,,,,,left_only
tyrellechadwick,Tyrelle Chadwick,sa3028716,,,,,,left_only
evanchaffee,Evan Chaffee,sa3028717,,,,,,left_only
ericchalus,Eric Chalus,sa3028720,,,,,,left_only
brookschamberlin,Brooks Chamberlin,sa3028722,,,,,,left_only
josephchambers,Joseph Chambers,sa3028723,,,,,,left_only
zachchamizo,Zach Chamizo,sa3028727,,,,,,left_only
alexchampagne,Alex Champagne,sa3028728,,,,,,left_only
brycenchampey,Brycen Champey,sa3028729,,,,,,left_only
brycechance,Bryce Chance,sa3028732,,,,,,left_only
devinchandler,Devin Chandler,sa3028736,,,,,,left_only
brandonchang,Brandon Chang,sa3028743,,,,,,left_only
ellischang,Ellis Chang,sa3028744,,,,,,left_only
lucaschantres,Lucas Chantres,sa3028746,,,,,,left_only
chacechaplin,Chace Chaplin,sa3028748,,,,,,left_only
manoahchapman,Manoah Chapman,sa3028755,,,,,,left_only
noahchapman,Noah Chapman,sa3028756,,,,,,left_only
reesechapman,Reese Chapman,sa3028757,,,,,,left_only
dylanchargo,Dylan Chargo,sa3028762,,,,,,left_only
joecharles,Joe Charles,sa3028766,,,,,,left_only
tylercharlton,Tyler Charlton,sa3028772,,,,,,left_only
drewcharney,Drew Charney,sa3028774,,,,,,left_only
connorcharpiot,Connor Charpiot,sa3028776,,,,,,left_only
kylechase,Kyle Chase,sa3028779,,,,,,left_only
davischastain,Davis Chastain,sa3028782,,,,,,left_only
matthewchatelle,Matthew Chatelle,sa3028785,,,,,,left_only
prestonchaudoin,Preston Chaudoin,sa3028793,,,,,,left_only
bradychavez,Brady Chavez,sa3028796,,,,,,left_only
carsonchavez,Carson Chavez,sa3028797,,,,,,left_only
connorchavez,Connor Chavez,sa3028798,,,,,,left_only
matthewchavez,Matthew Chavez,sa3028801,,,,,,left_only
colecheatham,Cole Cheatham,sa3028805,,,,,,left_only
cameroncheealoy,Cameron Chee-Aloy,sa3028808,,,,,,left_only
jacksoncheek,Jackson Cheek,sa3028810,,,,,,left_only
alexcheeseman,Alex Cheeseman,sa3028815,,,,,,left_only
jeremycheeseman,Jeremy Cheeseman,sa3028816,,,,,,left_only
lukecheng,Luke Cheng,sa3028818,,,,,,left_only
bencherico,Ben Cherico,sa3028820,,,,,,left_only
jacksoncherry,Jackson Cherry,sa3028823,,,,,,left_only
nickchiaia,Nick Chiaia,sa3028833,,,,,,left_only
anthonychiappetta,Anthony Chiappetta,sa3028834,,,,,,left_only
michaelchiaravallo,Michael Chiaravallo,sa3028835,,,,,,left_only
bobbychicoine,Bobby Chicoine,sa3028838,,,,,,left_only
gavinchillot,Gavin Chillot,sa3028844,,,,,,left_only
eisigchin,Eisig Chin,sa3028846,,,,,,left_only
jacksonchirello,Jackson Chirello,sa3028850,,,,,,left_only
andreschirinos,Andres Chirinos,sa3028851,,,,,,left_only
connorchisolm,Connor Chisolm,sa3028857,,,,,,left_only
tomchmielewski,Tom Chmielewski,sa3028860,,,,,,left_only
albertchoi,Albert Choi,sa3028863,,,,,,left_only
ianchoi,Ian Choi,sa3028864,,,,,,left_only
rochcholowsky,Roch Cholowsky,sa3028866,,,,,,left_only
ericchorba,Eric Chorba,sa3028871,,,,,,left_only
brandonchorzelewski,Brandon Chorzelewski,sa3028872,,,,,,left_only
evanchrest,Evan Chrest,sa3028874,,,,,,left_only
bradychristensen,Brady Christensen,sa3028880,,,,,,left_only
brodychrisman,Brody Chrisman,sa3028881,,,,,,left_only
charliechristensen,Charlie Christensen,sa3028883,,,,,,left_only
donovanchriss,Donovan Chriss,sa3028888,,,,,,left_only
drewchristo,Drew Christo,sa3028889,,,,,,left_only
haydenchristiansen,Hayden Christiansen,sa3028892,,,,,,left_only
ryanchristiansen,Ryan Christiansen,sa3028898,,,,,,left_only
tylerchristmas,Tyler Christmas,sa3028901,,,,,,left_only
willchristopher,Will Christopher,sa3028903,,,,,,left_only
ashtonchronister,Ashton Chronister,sa3028904,,,,,,left_only
natechronis,Nate Chronis,sa3028905,,,,,,left_only
braxtonchurch,Braxton Church,sa3028916,,,,,,left_only
frankciccone,Frank Ciccone,sa3028924,,,,,,left_only
jacobciccone,Jacob Ciccone,sa3028925,,,,,,left_only
joecilea,Joe Cilea,sa3028931,,,,,,left_only
michaelciminiello,Michael Ciminiello,sa3028934,,,,,,left_only
vincecimini,Vince Cimini,sa3028935,,,,,,left_only
richiecimpric,Richie Cimpric,sa3028936,,,,,,left_only
kylecincinnati,Kyle Cincinnati,sa3028937,,,,,,left_only
joeycirelli,Joey Cirelli,sa3028945,,,,,,left_only
masoncisco,Mason Cisco,sa3028949,,,,,,left_only
andrewcitron,Andrew Citron,sa3028953,,,,,,left_only
andrewciufo,Andrew Ciufo,sa3028957,,,,,,left_only
robertciulla,Robert Ciulla,sa3028959,,,,,,left_only
addisonclark,Addison Clark,sa3028965,,,,,,left_only
benclark,Ben Clark,sa3028967,,,,,,left_only
carsonclark,Carson Clark,sa3028970,,,,,,left_only
calebclark,Caleb Clark,sa3028971,,,,,,left_only
calvertclark,Calvert Clark,sa3028972,,,,,,left_only
coleclark,Cole Clark,sa3028974,,,,,,left_only
cooperclark,Cooper Clark,sa3028975,,,,,,left_only
collinclarke,Collin Clarke,sa3028976,,,,,,left_only
evanclark,Evan Clark,sa3028978,,,,,,left_only
jackclark,Jack Clark,sa3028981,,,,,,left_only
wallaceclark,Wallace Clark,sa3028999,,,,,,left_only
clayclatterbaugh,Clay Clatterbaugh,sa3029000,,,,,,left_only
sethclausen,Seth Clausen,sa3029003,,,,,,left_only
canaanclayton,Canaan Clayton,sa3029010,,,,,,left_only
bencleary,Ben Cleary,sa3029013,,,,,,left_only
colecleary,Cole Cleary,sa3029014,,,,,,left_only
bencleaver,Ben Cleaver,sa3029018,,,,,,left_only
grantcleavinger,Grant Cleavinger,sa3029019,,,,,,left_only
jakeclemente,Jake Clemente,sa3029027,,,,,,left_only
maddenclement,Madden Clement,sa3029030,,,,,,left_only
willclements,Will Clements,sa3029031,,,,,,left_only
alexclemons,Alex Clemons,sa3029032,,,,,,left_only
heathclevenger,Heath Clevenger,sa3029039,,,,,,left_only
jacksoncleveland,Jackson Cleveland,sa3029040,,,,,,left_only
jackcline,Jack Cline,sa3029054,,,,,,left_only
judeclough,Jude Clough,sa3029058,,,,,,left_only
evancloyd,Evan Cloyd,sa3029063,,,,,,left_only
nathancmeyla,Nathan Cmeyla,sa3029067,,,,,,left_only
coltoncoates,Colton Coates,sa3029070,,,,,,left_only
charliecochran,Charlie Cochran,sa3029082,,,,,,left_only
ryancochran,Ryan Cochran,sa3029084,,,,,,left_only
blainecockburn,Blaine Cockburn,sa3029087,,,,,,left_only
cameroncoco,Cameron Coco,sa3029088,,,,,,left_only
emmettcoco,Emmett Coco,sa3029089,,,,,,left_only
morgancodron,Morgan Codron,sa3029091,,,,,,left_only
haydencody,Hayden Cody,sa3029092,,,,,,left_only
aidancohall,Aidan Cohall,sa3029105,,,,,,left_only
danielcohen,Daniel Cohen,sa3029106,,,,,,left_only
trevorcohen,Trevor Cohen,sa3029111,,,,,,left_only
coopercohn,Cooper Cohn,sa3029113,,,,,,left_only
parkercoil,Parker Coil,sa3029116,,,,,,left_only
aidancolagrande,Aidan Colagrande,sa3029122,,,,,,left_only
ajcolarusso,A.J. Colarusso,sa3029125,,,,,,left_only
giocolasante,Gio Colasante,sa3029126,,,,,,left_only
chriscole,Chris Cole,sa3029130,,,,,,left_only
jordancole,Jordan Cole,sa3029135,,,,,,left_only
lawsoncole,Lawson Cole,sa3029136,,,,,,left_only
mattcolella,Matt Colella,sa3029146,,,,,,left_only
aidancoleman,Aidan Coleman,sa3029147,,,,,,left_only
parkercoley,Parker Coley,sa3029161,,,,,,left_only
lukecoll,Luke Coll,sa3029165,,,,,,left_only
christophercollina,Christopher Collina,sa3029177,,,,,,left_only
drewcollins,Drew Collins,sa3029179,,,,,,left_only
gavincollins,Gavin Collins,sa3029181,,,,,,left_only
iancollier,Ian Collier,sa3029184,,,,,,left_only
jackcollins,Jack Collins,sa3029187,,,,,,left_only
johncollins,John Collins,sa3029188,,,,,,left_only
joeycollier,Joey Collier,sa3029189,,,,,,left_only
kaincollins,Kain Collins,sa3029190,,,,,,left_only
ramseycollins,Ramsey Collins,sa3029195,,,,,,left_only
skycollins,Sky Collins,sa3029197,,,,,,left_only
jadencollura,Jaden Collura,sa3029198,,,,,,left_only
christiancolmery,Christian Colmery,sa3029200,,,,,,left_only
shadaicolon,Shadai Colon,sa3029213,,,,,,left_only
vidalcolon,Vidal Colon,sa3029214,,,,,,left_only
joeycolucci,Joey Colucci,sa3029216,,,,,,left_only
coopercombs,Cooper Combs,sa3029219,,,,,,left_only
grantcomeaux,Grant Comeaux,sa3029223,,,,,,left_only
masoncompton,Mason Compton,sa3029233,,,,,,left_only
grantcomstock,Grant Comstock,sa3029234,,,,,,left_only
henrycone,Henry Cone,sa3029238,,,,,,left_only
nickconiglio,Nick Coniglio,sa3029241,,,,,,left_only
maccallanconklin,MacCallan Conklin,sa3029243,,,,,,left_only
tylerconklin,Tyler Conklin,sa3029244,,,,,,left_only
camconley,Cam Conley,sa3029246,,,,,,left_only
trevorconley,Trevor Conley,sa3029248,,,,,,left_only
mikahconner,Mikah Conner,sa3029254,,,,,,left_only
bradenconnors,Braden Connors,sa3029259,,,,,,left_only
cadenconnolly,Caden Connolly,sa3029260,,,,,,left_only
joelconnors,Joel Connors,sa3029262,,,,,,left_only
keeganconnors,Keegan Connors,sa3029263,,,,,,left_only
bradenconsaul,Braden Consaul,sa3029268,,,,,,left_only
cooperconsiglio,Cooper Consiglio,sa3029269,,,,,,left_only
peytonconsigli,Peyton Consigli,sa3029270,,,,,,left_only
gavinconstantine,Gavin Constantine,sa3029272,,,,,,left_only
michaelconte,Michael Conte,sa3029279,,,,,,left_only
danielcontreras,Daniel Contreras,sa3029285,,,,,,left_only
nuucontrades,Nu'u Contrades,sa3029287,,,,,,left_only
eliasconway,Elias Conway,sa3029290,,,,,,left_only
averycook,Avery Cook,sa3029294,,,,,,left_only
lukascook,Lukas Cook,sa3029305,,,,,,left_only
willcook,Will Cook,sa3029312,,,,,,left_only
conorcooke,Conor Cooke,sa3029313,,,,,,left_only
cougarcooke,Cougar Cooke,sa3029314,,,,,,left_only
evancooke,Evan Cooke,sa3029315,,,,,,left_only
henrycooke,Henry Cooke,sa3029316,,,,,,left_only
iancooke,Ian Cooke,sa3029317,,,,,,left_only
jacksoncooke,Jackson Cooke,sa3029318,,,,,,left_only
coopercooksey,Cooper Cooksey,sa3029320,,,,,,left_only
haydencoon,Hayden Coon,sa3029329,,,,,,left_only
connorcooney,Connor Cooney,sa3029331,,,,,,left_only
ryancooney,Ryan Cooney,sa3029332,,,,,,left_only
georgecooper,George Cooper,sa3029336,,,,,,left_only
jackcooper,Jack Cooper,sa3029338,,,,,,left_only
sammycooper,Sammy Cooper,sa3029344,,,,,,left_only
thomascooper,Thomas Cooper,sa3029345,,,,,,left_only
treycooper,Trey Cooper,sa3029347,,,,,,left_only
cadencopeland,Caden Copeland,sa3029353,,,,,,left_only
davidcoppedge,David Coppedge,sa3029360,,,,,,left_only
zanecoppersmith,Zane Coppersmith,sa3029362,,,,,,left_only
christiancoppola,Christian Coppola,sa3029363,,,,,,left_only
piercecoppola,Pierce Coppola,sa3029364,,,,,,left_only
austincorbett,Austin Corbett,sa3029365,,,,,,left_only
garrettcorbett,Garrett Corbett,sa3029366,,,,,,left_only
calebcorbin,Caleb Corbin,sa3029368,,,,,,left_only
antoniocordeiro,Antonio Cordeiro,sa3029376,,,,,,left_only
joelcore,Joel Core,sa3029383,,,,,,left_only
hudsoncornett,Hudson Cornett,sa3029395,,,,,,left_only
mattcornelius,Matt Cornelius,sa3029396,,,,,,left_only
ethancoronel,Ethan Coronel,sa3029400,,,,,,left_only
antoniocorrea,Antonio Correa,sa3029405,,,,,,left_only
juancorrea,Juan Correa,sa3029409,,,,,,left_only
kylecorso,Kyle Corso,sa3029414,,,,,,left_only
vincentcorso,Vincent Corso,sa3029415,,,,,,left_only
angelcortez,Angel Cortez,sa3029416,,,,,,left_only
jacobcortez,Jacob Cortez,sa3029419,,,,,,left_only
cadecosper,Cade Cosper,sa3029428,,,,,,left_only
coltoncosper,Colton Cosper,sa3029429,,,,,,left_only
charliecostello,Charlie Costello,sa3029435,,,,,,left_only
coreycostello,Corey Costello,sa3029436,,,,,,left_only
nickcostello,Nick Costello,sa3029440,,,,,,left_only
milescota,Miles Cota,sa3029443,,,,,,left_only
jakecothran,Jake Cothran,sa3029446,,,,,,left_only
jackcotrone,Jack Cotrone,sa3029448,,,,,,left_only
keatoncottam,Keaton Cottam,sa3029449,,,,,,left_only
andrewcotten,Andrew Cotten,sa3029450,,,,,,left_only
tylercotten,Tyler Cotten,sa3029453,,,,,,left_only
kaicottle,Kai Cottle,sa3029454,,,,,,left_only
joshcottrill,Josh Cottrill,sa3029458,,,,,,left_only
vancoughlin,Van Coughlin,sa3029462,,,,,,left_only
bradycounsell,Brady Counsell,sa3029467,,,,,,left_only
jackcounsell,Jack Counsell,sa3029468,,,,,,left_only
maxcoupe,Max Coupe,sa3029469,,,,,,left_only
zachcourson,Zach Courson,sa3029471,,,,,,left_only
abbriecovarrubias,Abbrie Covarrubias,sa3029476,,,,,,left_only
alejandrocovas,Alejandro Covas,sa3029477,,,,,,left_only
tycowan,Ty Cowan,sa3029483,,,,,,left_only
zaccowan,Zac Cowan,sa3029484,,,,,,left_only
cartercowburn,Carter Cowburn,sa3029485,,,,,,left_only
bakercox,Baker Cox,sa3029490,,,,,,left_only
cycox,Cy Cox,sa3029494,,,,,,left_only
sethcox,Seth Cox,sa3029498,,,,,,left_only
shanecox,Shane Cox,sa3029499,,,,,,left_only
tylercox,Tyler Cox,sa3029501,,,,,,left_only
martycoyne,Marty Coyne,sa3029505,,,,,,left_only
brookscraigue,Brooks Craigue,sa3029514,,,,,,left_only
gabecraig,Gabe Craig,sa3029515,,,,,,left_only
joeycraig,Joey Craig,sa3029517,,,,,,left_only
pjcraig,PJ Craig,sa3029518,,,,,,left_only
colecramer,Cole Cramer,sa3029522,,,,,,left_only
joeycraska,Joey Craska,sa3029528,,,,,,left_only
carsoncrawford,Carson Crawford,sa3029533,,,,,,left_only
kaseycrawford,Kasey Crawford,sa3029537,,,,,,left_only
trystancrawford,Trystan Crawford,sa3029539,,,,,,left_only
lukecraytor,Luke Craytor,sa3029541,,,,,,left_only
aidancremarosa,Aidan Cremarosa,sa3029549,,,,,,left_only
javiercrespo,Javier Crespo,sa3029553,,,,,,left_only
willcresswell,Will Cresswell,sa3029556,,,,,,left_only
jakecrews,Jake Crews,sa3029558,,,,,,left_only
natecrider,Nate Crider,sa3029561,,,,,,left_only
jackcrighton,Jack Crighton,sa3029563,,,,,,left_only
reesecrochet,Reese Crochet,sa3029574,,,,,,left_only
kamcroghan,Kam Croghan,sa3029576,,,,,,left_only
josiahcromwick,Josiah Cromwick,sa3029580,,,,,,left_only
dylancrooks,Dylan Crooks,sa3029583,,,,,,left_only
briancrooms,Brian Crooms,sa3029584,,,,,,left_only
jordancrosland,Jordan Crosland,sa3029593,,,,,,left_only
calebcross,Caleb Cross,sa3029595,,,,,,left_only
kerringtoncross,Kerrington Cross,sa3029598,,,,,,left_only
michaelcrossland,Michael Crossland,sa3029601,,,,,,left_only
zachcrotchfelt,Zach Crotchfelt,sa3029603,,,,,,left_only
cameroncrotte,Cameron Crotte,sa3029604,,,,,,left_only
lanecrowden,Lane Crowden,sa3029608,,,,,,left_only
prestoncrowl,Preston Crowl,sa3029616,,,,,,left_only
ashtoncrowther,Ashton Crowther,sa3029619,,,,,,left_only
landoncrumbley,Landon Crumbley,sa3029626,,,,,,left_only
brycecruz,Bryce Cruz,sa3029635,,,,,,left_only
juancruz,Juan Cruz,sa3029641,,,,,,left_only
treycruz,Trey Cruz,sa3029644,,,,,,left_only
jacobcrystal,Jacob Crystal,sa3029645,,,,,,left_only
jakecubbler,Jake Cubbler,sa3029647,,,,,,left_only
evancuervo,Evan Cuervo,sa3029652,,,,,,left_only
connorcuff,Connor Cuff,sa3029655,,,,,,left_only
drewculbertson,Drew Culbertson,sa3029657,,,,,,left_only
eastonculp,Easton Culp,sa3029666,,,,,,left_only
caseycumiskey,Casey Cumiskey,sa3029673,,,,,,left_only
connercummiskey,Conner Cummiskey,sa3029677,,,,,,left_only
jakecumming,Jake Cumming,sa3029679,,,,,,left_only
mitchellcummins,Mitchell Cummins,sa3029681,,,,,,left_only
michaelcunneely,Michael Cunneely,sa3029685,,,,,,left_only
braedyncunningham,Braedyn Cunningham,sa3029688,,,,,,left_only
grantcunningham,Grant Cunningham,sa3029691,,,,,,left_only
joshcunningham,Josh Cunningham,sa3029694,,,,,,left_only
kaicunningham,Kai Cunningham,sa3029695,,,,,,left_only
mattcunningham,Matt Cunningham,sa3029696,,,,,,left_only
michaelcunningham,Michael Cunningham,sa3029697,,,,,,left_only
austincupic,Austin Cupic,sa3029700,,,,,,left_only
dylancupp,Dylan Cupp,sa3029703,,,,,,left_only
tristancurless,Tristan Curless,sa3029708,,,,,,left_only
joeycurrent,Joey Current,sa3029711,,,,,,left_only
collincurry,Collin Curry,sa3029715,,,,,,left_only
colincurry,Colin Curry,sa3029716,,,,,,left_only
michaelcurry,Michael Curry,sa3029719,,,,,,left_only
thomascurry,Thomas Curry,sa3029721,,,,,,left_only
braydencurtis,Brayden Curtis,sa3029722,,,,,,left_only
jericcurtis,Jeric Curtis,sa3029727,,,,,,left_only
mathieucurtis,Mathieu Curtis,sa3029729,,,,,,left_only
prestoncurtis,Preston Curtis,sa3029730,,,,,,left_only
shanecurtin,Shane Curtin,sa3029732,,,,,,left_only
olivercush,Oliver Cush,sa3029733,,,,,,left_only
cadecushing,Cade Cushing,sa3029734,,,,,,left_only
stonecushing,Stone Cushing,sa3029737,,,,,,left_only
juliancuster,Julian Custer,sa3029739,,,,,,left_only
andrewcutler,Andrew Cutler,sa3029743,,,,,,left_only
garrettcutting,Garrett Cutting,sa3029746,,,,,,left_only
brennyncutts,Brennyn Cutts,sa3029747,,,,,,left_only
danielcuvet,Daniel Cuvet,sa3029748,,,,,,left_only
blakecyr,Blake Cyr,sa3029750,,,,,,left_only
noahczajkowski,Noah Czajkowski,sa3029755,,,,,,left_only
colindailey,Colin Dailey,sa3029772,,,,,,left_only
caseydaiss,Casey Daiss,sa3029777,,,,,,left_only
briandaker,Brian Daker,sa3029778,,,,,,left_only
maddixdalena,Maddix Dalena,sa3029783,,,,,,left_only
andrewdalessio,Andrew DAlessio,sa3029784,,,,,,left_only
matthewdallas,Matthew Dallas,sa3029790,,,,,,left_only
michaeldallas,Michael Dallas,sa3029791,,,,,,left_only
tydalley,Ty Dalley,sa3029792,,,,,,left_only
jakedally,Jake Dally,sa3029794,,,,,,left_only
matthewdalquist,Matthew Dalquist,sa3029795,,,,,,left_only
alexdambrosio,Alex DAmbrosio,sa3029803,,,,,,left_only
patdamico,Pat DAmico,sa3029805,,,,,,left_only
dantedamore,Dante Damore,sa3029807,,,,,,left_only
johndamozonio,John Damozonio,sa3029808,,,,,,left_only
marcusdanchision,Marcus Danchision,sa3029811,,,,,,left_only
bradydaniels,Brady Daniels,sa3029819,,,,,,left_only
brockdaniels,Brock Daniels,sa3029820,,,,,,left_only
carterdaniels,Carter Daniels,sa3029821,,,,,,left_only
colindaniel,Colin Daniel,sa3029823,,,,,,left_only
petedaniel,Pete Daniel,sa3029827,,,,,,left_only
phillipsdaniels,Phillips Daniels,sa3029828,,,,,,left_only
ryandaniels,Ryan Daniels,sa3029829,,,,,,left_only
wyattdanilowicz,Wyatt Danilowicz,sa3029833,,,,,,left_only
lucadanos,Luca Danos,sa3029835,,,,,,left_only
logandanzeisen,Logan Danzeisen,sa3029837,,,,,,left_only
chancedaquila,Chance Daquila,sa3029839,,,,,,left_only
gabedarcy,Gabe DArcy,sa3029841,,,,,,left_only
sethdardar,Seth Dardar,sa3029844,,,,,,left_only
ethandarden,Ethan Darden,sa3029845,,,,,,left_only
michaeldattalo,Michael Dattalo,sa3029852,,,,,,left_only
zachdaudet,Zach Daudet,sa3029854,,,,,,left_only
iandaugherty,Ian Daugherty,sa3029855,,,,,,left_only
patrickdavidson,Patrick Davidson,sa3029867,,,,,,left_only
samdavies,Sam Davies,sa3029871,,,,,,left_only
altondavisii,Alton Davis II,sa3029880,,,,,,left_only
cadedavis,Cade Davis,sa3029889,,,,,,left_only
champdavis,Champ Davis,sa3029893,,,,,,left_only
ethandavis,Ethan Davis,sa3029906,,,,,,left_only
gabedavis,Gabe Davis,sa3029907,,,,,,left_only
jaydendavis,Jayden Davis,sa3029911,,,,,,left_only
jakobidavis,Jakobi Davis,sa3029912,,,,,,left_only
kellendavis,Kellen Davis,sa3029919,,,,,,left_only
keithdavis,Keith Davis,sa3029920,,,,,,left_only
martelldavis,Martell Davis,sa3029923,,,,,,left_only
micahdavis,Micah Davis,sa3029925,,,,,,left_only
prestondavis,Preston Davis,sa3029930,,,,,,left_only
ryandavis,Ryan Davis,sa3029936,,,,,,left_only
seandavis,Sean Davis,sa3029939,,,,,,left_only
tylerdavis,Tyler Davis,sa3029945,,,,,,left_only
alexday,Alex Day,sa3029952,,,,,,left_only
lucasday,Lucas Day,sa3029959,,,,,,left_only
blakedean,Blake Dean,sa3029965,,,,,,left_only
rexdeangelis,Rex DeAngelis,sa3029973,,,,,,left_only
maysondear,Mayson Dear,sa3029976,,,,,,left_only
austindearing,Austin Dearing,sa3029978,,,,,,left_only
maxdebiec,Max Debiec,sa3029985,,,,,,left_only
rileydecandido,Riley DeCandido,sa3029989,,,,,,left_only
jasondecaro,Jason DeCaro,sa3029991,,,,,,left_only
jorgedecardenas,Jorge DeCardenas,sa3029992,,,,,,left_only
samdecarlo,Sam DeCarlo,sa3029994,,,,,,left_only
justindecastro,Justin DeCastro,sa3029995,,,,,,left_only
sergiodecello,Sergio DeCello,sa3029997,,,,,,left_only
aydandeckerpetty,Aydan Decker-Petty,sa3030000,,,,,,left_only
tylerdeclusin,Tyler DeClusin,sa3030009,,,,,,left_only
justindecriscio,Justin DeCriscio,sa3030012,,,,,,left_only
dantedefranco,Dante DeFranco,sa3030022,,,,,,left_only
carterdegondea,Carter DeGondea,sa3030029,,,,,,left_only
treydeitelbaum,Trey Deitelbaum,sa3030035,,,,,,left_only
cobydejesus,Coby DeJesus,sa3030037,,,,,,left_only
tonydejesus,Tony DeJesus,sa3030038,,,,,,left_only
holdendejong,Holden deJong,sa3030040,,,,,,left_only
juandelacruz,Juan De la Cruz,sa3030047,,,,,,left_only
trinidaddelagarza,Trinidad DeLaGarza,sa3030050,,,,,,left_only
blakedelamielleure,Blake DeLamielleure,sa3030052,,,,,,left_only
carterdelaney,Carter Delaney,sa3030054,,,,,,left_only
josephdelanzo,Joseph Delanzo,sa3030057,,,,,,left_only
ryandelaney,Ryan DeLaney,sa3030060,,,,,,left_only
tommydelany,Tommy Delany,sa3030061,,,,,,left_only
oliverdelatorre,Oliver De La Torre,sa3030066,,,,,,left_only
drewdelcollo,Drew DelCollo,sa3030071,,,,,,left_only
tylerdeleskiewicz,Tyler Deleskiewicz,sa3030079,,,,,,left_only
abdrieldelgado,Abdriel Delgado,sa3030080,,,,,,left_only
daviddelgadillo,David Delgadillo,sa3030083,,,,,,left_only
joedelia,Joe DElia,sa3030090,,,,,,left_only
nickdelisi,Nick DeLisi,sa3030093,,,,,,left_only
lukedelongchamp,Luke Delongchamp,sa3030098,,,,,,left_only
eddiedelvalle,Eddie Del Valle,sa3030106,,,,,,left_only
codydelvecchio,Cody Delvecchio,sa3030108,,,,,,left_only
dylandelvecchio,Dylan Delvecchio,sa3030109,,,,,,left_only
alecdemartino,Alec DeMartino,sa3030111,,,,,,left_only
nickdemarco,Nick DeMarco,sa3030113,,,,,,left_only
tylerdemartino,Tyler DeMartino,sa3030117,,,,,,left_only
ajdemastrie,AJ DeMastrie,sa3030118,,,,,,left_only
bendemell,Ben DeMell,sa3030123,,,,,,left_only
kyledemi,Kyle Demi,sa3030128,,,,,,left_only
nickdemonica,Nick DeMonica,sa3030130,,,,,,left_only
camdemos,Cam Demos,sa3030132,,,,,,left_only
evandempsey,Evan Dempsey,sa3030134,,,,,,left_only
joeydemucci,Joey DeMucci,sa3030137,,,,,,left_only
aidandenham,Aidan Denham,sa3030141,,,,,,left_only
cortezdennis,Cortez Dennis,sa3030156,,,,,,left_only
gunnardennis,Gunnar Dennis,sa3030158,,,,,,left_only
jacksondennies,Jackson Dennies,sa3030159,,,,,,left_only
charliedenomme,Charlie Denomme,sa3030161,,,,,,left_only
kevindenty,Kevin Denty,sa3030169,,,,,,left_only
anthonydepino,Anthony DePino,sa3030172,,,,,,left_only
briandepman,Brian Depman,sa3030173,,,,,,left_only
drewdesanto,Drew DeSanto,sa3030189,,,,,,left_only
ryandesanto,Ryan DeSanto,sa3030191,,,,,,left_only
dominicdesch,Dominic Desch,sa3030192,,,,,,left_only
nathandeschryver,Nathan Deschryver,sa3030193,,,,,,left_only
owendeshazo,Owen DeShazo,sa3030196,,,,,,left_only
spencerdessart,Spencer Dessart,sa3030204,,,,,,left_only
yohanndessureault,Yohann Dessureault,sa3030205,,,,,,left_only
benjamindetaeye,Benjamin DeTaeye,sa3030209,,,,,,left_only
teddydeters,Teddy Deters,sa3030211,,,,,,left_only
parkerdetmers,Parker Detmers,sa3030212,,,,,,left_only
jacobdevenny,Jacob Devenny,sa3030220,,,,,,left_only
logendevenport,Logen Devenport,sa3030221,,,,,,left_only
kentondeverman,Kenton Deverman,sa3030224,,,,,,left_only
gavindevooght,Gavin DeVooght,sa3030233,,,,,,left_only
ammandewberry,Amman Dewberry,sa3030237,,,,,,left_only
mylesdews,Myles Dews,sa3030241,,,,,,left_only
demitridiamant,Demitri Diamant,sa3030247,,,,,,left_only
alexanderdiaz,Alexander Diaz,sa3030252,,,,,,left_only
alexdiaz,Alex Diaz,sa3030253,,,,,,left_only
chrisdiaz,Chris Diaz,sa3030255,,,,,,left_only
colbydiaz,Colby Diaz,sa3030257,,,,,,left_only
diegodiaz,Diego Diaz,sa3030259,,,,,,left_only
michaeldiaz,Michael Diaz,sa3030269,,,,,,left_only
yoanselldiaz,Yoansell Diaz,sa3030272,,,,,,left_only
cardeldick,Cardel Dick,sa3030278,,,,,,left_only
jackdickinson,Jack Dickinson,sa3030287,,,,,,left_only
timdickinson,Tim Dickinson,sa3030288,,,,,,left_only
harrisondidawick,Harrison Didawick,sa3030296,,,,,,left_only
matthewdieguez,Matthew Dieguez,sa3030299,,,,,,left_only
jacobdienes,Jacob Dienes,sa3030302,,,,,,left_only
brettdietrich,Brett Dietrich,sa3030305,,,,,,left_only
tristandietrich,Tristan Dietrich,sa3030306,,,,,,left_only
hunterdietz,Hunter Dietz,sa3030307,,,,,,left_only
erickdiez,Erick Diez,sa3030309,,,,,,left_only
michaeldiforte,Michael Diforte,sa3030313,,,,,,left_only
chasediggins,Chase Diggins,sa3030315,,,,,,left_only
kendalldiggs,Kendall Diggs,sa3030316,,,,,,left_only
fenixdigiacomo,Fenix DiGiacomo,sa3030317,,,,,,left_only
romandigiacomo,Roman DiGiacomo,sa3030319,,,,,,left_only
drakedigiorno,Drake Digiorno,sa3030320,,,,,,left_only
samdilella,Sam DiLella,sa3030324,,,,,,left_only
garrettdill,Garrett Dill,sa3030327,,,,,,left_only
jaydill,Jay Dill,sa3030328,,,,,,left_only
jaydillard,Jay Dillard,sa3030330,,,,,,left_only
jaydendillard,Jayden Dillard,sa3030331,,,,,,left_only
djdillehay,DJ Dillehay,sa3030334,,,,,,left_only
jacobdilley,Jacob Dilley,sa3030335,,,,,,left_only
parkerdillhoff,Parker Dillhoff,sa3030336,,,,,,left_only
ethandillinger,Ethan Dillinger,sa3030338,,,,,,left_only
coledillon,Cole Dillon,sa3030340,,,,,,left_only
masondillow,Mason Dillow,sa3030343,,,,,,left_only
jacksondilorenzo,Jackson DiLorenzo,sa3030347,,,,,,left_only
michaeldimartini,Michael DiMartini,sa3030355,,,,,,left_only
joeydimotta,Joey DiMotta,sa3030359,,,,,,left_only
lucadipaolo,Luca DiPaolo,sa3030362,,,,,,left_only
brycedipiero,Bryce DiPiero,sa3030364,,,,,,left_only
nickdipietrantonio,Nick DiPietrantonio,sa3030365,,,,,,left_only
jddiprima,JD Diprima,sa3030369,,,,,,left_only
nickdirito,Nick DiRito,sa3030371,,,,,,left_only
chaseditmar,Chase Ditmar,sa3030374,,,,,,left_only
rieddittner,Ried Dittner,sa3030376,,,,,,left_only
anthonydivittorio,Anthony Divittorio,sa3030382,,,,,,left_only
logandobberstein,Logan Dobberstein,sa3030395,,,,,,left_only
tylerdobbs,Tyler Dobbs,sa3030397,,,,,,left_only
masondobie,Mason Dobie,sa3030398,,,,,,left_only
kyledobos,Kyle Dobos,sa3030401,,,,,,left_only
kyledobyns,Kyle Dobyns,sa3030404,,,,,,left_only
nickdolan,Nick Dolan,sa3030421,,,,,,left_only
brycedolby,Bryce Dolby,sa3030424,,,,,,left_only
ryandollar,Ryan Dollar,sa3030426,,,,,,left_only
jordandonahue,Jordan Donahue,sa3030441,,,,,,left_only
scottdonahue,Scott Donahue,sa3030444,,,,,,left_only
ahmardonatto,Ahmar Donatto,sa3030448,,,,,,left_only
tannerdonati,Tanner Donati,sa3030450,,,,,,left_only
brodydonay,Brody Donay,sa3030451,,,,,,left_only
joshdonegan,Josh Donegan,sa3030452,,,,,,left_only
ryandonley,Ryan Donley,sa3030454,,,,,,left_only
blakedonnan,Blake Donnan,sa3030458,,,,,,left_only
joeydonnelly,Joey Donnelly,sa3030463,,,,,,left_only
matthewdonnison,Matthew Donnison,sa3030465,,,,,,left_only
gavindonohue,Gavin Donohue,sa3030468,,,,,,left_only
jessedonohoe,Jesse Donohoe,sa3030469,,,,,,left_only
ronandonohue,Ronan Donohue,sa3030470,,,,,,left_only
ryandooley,Ryan Dooley,sa3030472,,,,,,left_only
tydooley,Ty Dooley,sa3030473,,,,,,left_only
carterdoorn,Carter Doorn,sa3030474,,,,,,left_only
turnerdoran,Turner Doran,sa3030478,,,,,,left_only
jakedorety,Jake Dorety,sa3030482,,,,,,left_only
robdorn,Rob Dorn,sa3030485,,,,,,left_only
chandlerdorsey,Chandler Dorsey,sa3030491,,,,,,left_only
kaidendossa,Kaiden Dossa,sa3030493,,,,,,left_only
lukedotson,Luke Dotson,sa3030498,,,,,,left_only
connerdoucet,Conner Doucet,sa3030502,,,,,,left_only
tydoucette,Ty Doucette,sa3030503,,,,,,left_only
kamerondouglas,Kameron Douglas,sa3030508,,,,,,left_only
ryandouglas,Ryan Douglas,sa3030511,,,,,,left_only
tannerdouglas,Tanner Douglas,sa3030512,,,,,,left_only
kendalldove,Kendall Dove,sa3030515,,,,,,left_only
hadendow,Haden Dow,sa3030516,,,,,,left_only
aidandowd,Aidan Dowd,sa3030519,,,,,,left_only
braydendowd,Brayden Dowd,sa3030520,,,,,,left_only
coreydowdell,Corey Dowdell,sa3030521,,,,,,left_only
colindowdle,Colin Dowdle,sa3030523,,,,,,left_only
eastondowell,Easton Dowell,sa3030524,,,,,,left_only
briandowling,Brian Dowling,sa3030527,,,,,,left_only
briandowning,Brian Downing,sa3030532,,,,,,left_only
johndowning,John Downing,sa3030533,,,,,,left_only
aarondowns,Aaron Downs,sa3030535,,,,,,left_only
chrisdowns,Chris Downs,sa3030537,,,,,,left_only
gunnardoyle,Gunnar Doyle,sa3030541,,,,,,left_only
jackdoyle,Jack Doyle,sa3030542,,,,,,left_only
jacobdoyle,Jacob Doyle,sa3030543,,,,,,left_only
michaeldoyle,Michael Doyle,sa3030546,,,,,,left_only
tysondrake,Tyson Drake,sa3030555,,,,,,left_only
mattdreher,Matt Dreher,sa3030561,,,,,,left_only
cadedressler,Cade Dressler,sa3030563,,,,,,left_only
jakedresselhouse,Jake Dresselhouse,sa3030564,,,,,,left_only
graysendrezek,Graysen Drezek,sa3030567,,,,,,left_only
dylandriessen,Dylan Driessen,sa3030568,,,,,,left_only
haydendriggs,Hayden Driggs,sa3030569,,,,,,left_only
clarkdriscoll,Clark Driscoll,sa3030570,,,,,,left_only
brodydrost,Brody Drost,sa3030577,,,,,,left_only
drewdruckenmiller,Drew Druckenmiller,sa3030580,,,,,,left_only
ryandrumm,Ryan Drumm,sa3030585,,,,,,left_only
maretdrye,Maret Drye,sa3030586,,,,,,left_only
peterdubie,Peter Dubie,sa3030589,,,,,,left_only
antonioducatelli,Antonio Ducatelli,sa3030596,,,,,,left_only
aidanduda,Aidan Duda,sa3030599,,,,,,left_only
jacobdudan,Jacob Dudan,sa3030600,,,,,,left_only
nathanieldudeck,Nathaniel Dudeck,sa3030603,,,,,,left_only
zachduenas,Zach Duenas,sa3030608,,,,,,left_only
jakeduer,Jake Duer,sa3030609,,,,,,left_only
dakotaduffalo,Dakota Duffalo,sa3030615,,,,,,left_only
alexduffey,Alex Duffey,sa3030616,,,,,,left_only
haydenduffield,Hayden Duffield,sa3030618,,,,,,left_only
josephduffield,Joseph Duffield,sa3030619,,,,,,left_only
treyduffield,Trey Duffield,sa3030620,,,,,,left_only
aaronduffy,Aaron Duffy,sa3030622,,,,,,left_only
loganduffy,Logan Duffy,sa3030626,,,,,,left_only
nickdugan,Nick Dugan,sa3030629,,,,,,left_only
cashelduggar,Cashel Duggar,sa3030631,,,,,,left_only
masonduke,Mason Duke,sa3030637,,,,,,left_only
tannerduke,Tanner Duke,sa3030638,,,,,,left_only
andrewdukesherer,Andrew Dukesherer,sa3030639,,,,,,left_only
cadendulin,Caden Dulin,sa3030642,,,,,,left_only
marcodumsky,Marco Dumsky,sa3030647,,,,,,left_only
jackduncan,Jack Duncan,sa3030653,,,,,,left_only
kylanduncan,Kylan Duncan,sa3030654,,,,,,left_only
brettdunham,Brett Dunham,sa3030659,,,,,,left_only
jddunn,JD Dunn,sa3030673,,,,,,left_only
tylerdunn,Tyler Dunn,sa3030678,,,,,,left_only
andreduplantierii,Andre Duplantier II,sa3030680,,,,,,left_only
jaydenduplantier,Jayden Duplantier,sa3030681,,,,,,left_only
kadedupont,Kade Dupont,sa3030683,,,,,,left_only
brandyndurand,Brandyn Durand,sa3030687,,,,,,left_only
beaudurbin,Beau Durbin,sa3030689,,,,,,left_only
kamdurnin,Kam Durnin,sa3030695,,,,,,left_only
brianduroff,Brian Duroff,sa3030697,,,,,,left_only
konnidurschlag,Konni Durschlag,sa3030698,,,,,,left_only
kennydutka,Kenny Dutka,sa3030701,,,,,,left_only
trevordutra,Trevor Dutra,sa3030703,,,,,,left_only
samueldutton,Samuel Dutton,sa3030705,,,,,,left_only
nathandvorsky,Nathan Dvorsky,sa3030711,,,,,,left_only
macaddindye,Macaddin Dye,sa3030717,,,,,,left_only
caylondygert,Caylon Dygert,sa3030720,,,,,,left_only
derikeaquinto,Derik Eaquinto,sa3030732,,,,,,left_only
jaxsoneasterlin,Jaxson Easterlin,sa3030744,,,,,,left_only
reideasterly,Reid Easterly,sa3030746,,,,,,left_only
austineaton,Austin Eaton,sa3030750,,,,,,left_only
ellioteaton,Elliot Eaton,sa3030751,,,,,,left_only
paytonebbing,Payton Ebbing,sa3030755,,,,,,left_only
michaelebner,Michael Ebner,sa3030763,,,,,,left_only
miggyechazarreta,Miggy Echazarreta,sa3030765,,,,,,left_only
kadenecheman,Kaden Echeman,sa3030766,,,,,,left_only
davideckaus,David Eckaus,sa3030767,,,,,,left_only
masoneckelman,Mason Eckelman,sa3030769,,,,,,left_only
thadector,Thad Ector,sa3030773,,,,,,left_only
noahedders,Noah Edders,sa3030774,,,,,,left_only
kyleeddington,Kyle Eddington,sa3030775,,,,,,left_only
blakeedmonds,Blake Edmonds,sa3030790,,,,,,left_only
clayedmondson,Clay Edmondson,sa3030792,,,,,,left_only
willedmunson,Will Edmunson,sa3030796,,,,,,left_only
brandonedwards,Brandon Edwards,sa3030800,,,,,,left_only
coleedwards,Cole Edwards,sa3030803,,,,,,left_only
danteedwardi,Dante Edwardi,sa3030804,,,,,,left_only
grantedwards,Grant Edwards,sa3030809,,,,,,left_only
jaggeredwards,Jagger Edwards,sa3030813,,,,,,left_only
kameronedwards,Kameron Edwards,sa3030815,,,,,,left_only
kyleedwards,Kyle Edwards,sa3030816,,,,,,left_only
mauriceedwards,Maurice Edwards,sa3030818,,,,,,left_only
masonedwards,Mason Edwards,sa3030819,,,,,,left_only
michaeledwards,Michael Edwards,sa3030821,,,,,,left_only
parkeredwards,Parker Edwards,sa3030822,,,,,,left_only
rettedwards,Rett Edwards,sa3030823,,,,,,left_only
blakeefird,Blake Efird,sa3030826,,,,,,left_only
braydeneftink,Brayden Eftink,sa3030827,,,,,,left_only
coleegan,Cole Egan,sa3030828,,,,,,left_only
ryanegan,Ryan Egan,sa3030831,,,,,,left_only
tommyegan,Tommy Egan,sa3030832,,,,,,left_only
mikeeggert,Mike Eggert,sa3030835,,,,,,left_only
cjegrie,CJ Egrie,sa3030839,,,,,,left_only
anthonyehly,Anthony Ehly,sa3030841,,,,,,left_only
josepheichelberger,Joseph Eichelberger,sa3030845,,,,,,left_only
rileyeikhoff,Riley Eikhoff,sa3030851,,,,,,left_only
georgeeisenhardt,George Eisenhardt,sa3030856,,,,,,left_only
tommyeisenstat,Tommy Eisenstat,sa3030857,,,,,,left_only
jakeelbeery,Jake Elbeery,sa3030862,,,,,,left_only
jacksonelder,Jackson Elder,sa3030866,,,,,,left_only
alekelges,Alek Elges,sa3030869,,,,,,left_only
lawrenceelinson,Lawrence Elinson,sa3030872,,,,,,left_only
jacksonelizondo,Jackson Elizondo,sa3030874,,,,,,left_only
andrewelkhill,Andrew Elkhill,sa3030875,,,,,,left_only
michaelelko,Michael Elko,sa3030877,,,,,,left_only
cooperellingworth,Cooper Ellingworth,sa3030879,,,,,,left_only
eastonelliot,Easton Elliot,sa3030884,,,,,,left_only
ericelliott,Eric Elliott,sa3030886,,,,,,left_only
hunterelliott,Hunter Elliott,sa3030887,,,,,,left_only
traviselliott,Travis Elliott,sa3030889,,,,,,left_only
chrisellison,Chris Ellison,sa3030895,,,,,,left_only
ethanellis,Ethan Ellis,sa3030896,,,,,,left_only
leeellis,Lee Ellis,sa3030900,,,,,,left_only
lukeellis,Luke Ellis,sa3030901,,,,,,left_only
oliverellison,Oliver Ellison,sa3030904,,,,,,left_only
thomasellisen,Thomas Ellisen,sa3030907,,,,,,left_only
tristanellis,Tristan Ellis,sa3030908,,,,,,left_only
lukeelmore,Luke Elmore,sa3030912,,,,,,left_only
kaneelmy,Kane Elmy,sa3030914,,,,,,left_only
joshemanuels,Josh Emanuels,sa3030922,,,,,,left_only
thomasemerich,Thomas Emerich,sa3030926,,,,,,left_only
kyleemmons,Kyle Emmons,sa3030933,,,,,,left_only
zakendres,Zak Endres,sa3030936,,,,,,left_only
casonengert,Cason Engert,sa3030942,,,,,,left_only
aidanenglish,Aidan English,sa3030945,,,,,,left_only
mccartyenglish,McCarty English,sa3030948,,,,,,left_only
nickenglish,Nick English,sa3030949,,,,,,left_only
patrickengskov,Patrick Engskov,sa3030951,,,,,,left_only
hunterensley,Hunter Ensley,sa3030959,,,,,,left_only
adamenyart,Adam Enyart,sa3030963,,,,,,left_only
andreweppinger,Andrew Eppinger,sa3030965,,,,,,left_only
tylerepstein,Tyler Epstein,sa3030967,,,,,,left_only
rickyerbeck,Ricky Erbeck,sa3030973,,,,,,left_only
josiaherd,Josiah Erd,sa3030974,,,,,,left_only
drewerdmann,Drew Erdmann,sa3030975,,,,,,left_only
zacherdman,Zach Erdman,sa3030977,,,,,,left_only
julioermigiotti,Julio Ermigiotti,sa3030987,,,,,,left_only
zackernisse,Zack Ernisse,sa3030988,,,,,,left_only
evanesch,Evan Esch,sa3031004,,,,,,left_only
irvinescobar,Irvin Escobar,sa3031008,,,,,,left_only
alexesker,Alex Esker,sa3031011,,,,,,left_only
dylaneskew,Dylan Eskew,sa3031012,,,,,,left_only
xavieresquer,Xavier Esquer,sa3031032,,,,,,left_only
chrisesquivel,Chris Esquivel,sa3031033,,,,,,left_only
owenestabrook,Owen Estabrook,sa3031035,,,,,,left_only
briceestep,Brice Estep,sa3031036,,,,,,left_only
calebestes,Caleb Estes,sa3031037,,,,,,left_only
haydenestes,Hayden Estes,sa3031038,,,,,,left_only
carsonestridge,Carson Estridge,sa3031045,,,,,,left_only
gainesestridge,Gaines Estridge,sa3031047,,,,,,left_only
jaseevangelista,Jase Evangelista,sa3031055,,,,,,left_only
aidenevans,Aiden Evans,sa3031057,,,,,,left_only
braydenevans,Brayden Evans,sa3031060,,,,,,left_only
charlieevans,Charlie Evans,sa3031065,,,,,,left_only
drewevans,Drew Evans,sa3031070,,,,,,left_only
jarvisevans,Jarvis Evans,sa3031074,,,,,,left_only
jimmyevans,Jimmy Evans,sa3031076,,,,,,left_only
karsonevans,Karson Evans,sa3031078,,,,,,left_only
robertevans,Robert Evans,sa3031080,,,,,,left_only
rylanevans,Rylan Evans,sa3031081,,,,,,left_only
tateevans,Tate Evans,sa3031082,,,,,,left_only
tyevans,Ty Evans,sa3031083,,,,,,left_only
jdeverett,J.D. Everett,sa3031087,,,,,,left_only
guershonexi,Guershon Exi,sa3031101,,,,,,left_only
jacobexum,Jacob Exum,sa3031102,,,,,,left_only
brooksey,Brooks Ey,sa3031103,,,,,,left_only
dericfabian,Deric Fabian,sa3031107,,,,,,left_only
raoulfabian,Raoul Fabian,sa3031108,,,,,,left_only
larsonfabre,Larson Fabre,sa3031110,,,,,,left_only
ryanfacinelli,Ryan Facinelli,sa3031112,,,,,,left_only
hunterfaildo,Hunter Faildo,sa3031125,,,,,,left_only
chadfalcon,Chad Falcon,sa3031133,,,,,,left_only
jordanfalco,Jordan Falco,sa3031135,,,,,,left_only
adamfalinski,Adam Falinski,sa3031138,,,,,,left_only
callanfang,Callan Fang,sa3031142,,,,,,left_only
rynefarber,Ryne Farber,sa3031144,,,,,,left_only
nolanfarley,Nolan Farley,sa3031152,,,,,,left_only
camdenfarmer,Camden Farmer,sa3031154,,,,,,left_only
jeremiahfarmer,Jeremiah Farmer,sa3031156,,,,,,left_only
tommyfarmeriv,Tommy Farmer IV,sa3031162,,,,,,left_only
sethfarni,Seth Farni,sa3031163,,,,,,left_only
zacfarrell,Zac Farrell,sa3031173,,,,,,left_only
ethanfarris,Ethan Farris,sa3031174,,,,,,left_only
vincentfattore,Vincent Fattore,sa3031182,,,,,,left_only
kaydenfaulcon,Kayden Faulcon,sa3031184,,,,,,left_only
gavinfaulkner,Gavin Faulkner,sa3031187,,,,,,left_only
jacobfaulkner,Jacob Faulkner,sa3031188,,,,,,left_only
ryanfaulks,Ryan Faulks,sa3031190,,,,,,left_only
austinfawley,Austin Fawley,sa3031196,,,,,,left_only
tylerfay,Tyler Fay,sa3031198,,,,,,left_only
ryanfeatherston,Ryan Featherston,sa3031203,,,,,,left_only
anthonyfebo,Anthony Febo,sa3031205,,,,,,left_only
ryanfeczko,Ryan Feczko,sa3031207,,,,,,left_only
colefehrman,Cole Fehrman,sa3031214,,,,,,left_only
harrisonfeinberg,Harrison Feinberg,sa3031217,,,,,,left_only
justinfeld,Justin Feld,sa3031222,,,,,,left_only
ethanfelix,Ethan Felix,sa3031225,,,,,,left_only
sawyerfeller,Sawyer Feller,sa3031228,,,,,,left_only
colefellows,Cole Fellows,sa3031229,,,,,,left_only
jettfeltman,Jett Feltman,sa3031232,,,,,,left_only
treyfenderson,Trey Fenderson,sa3031237,,,,,,left_only
ryanfenn,Ryan Fenn,sa3031239,,,,,,left_only
connorfennell,Connor Fennell,sa3031240,,,,,,left_only
nickferazzi,Nick Ferazzi,sa3031244,,,,,,left_only
jacobference,Jacob Ference,sa3031245,,,,,,left_only
garrettferguson,Garrett Ferguson,sa3031248,,,,,,left_only
noahferguson,Noah Ferguson,sa3031251,,,,,,left_only
alexfernandes,Alex Fernandes,sa3031256,,,,,,left_only
joshfernald,Josh Fernald,sa3031262,,,,,,left_only
robertfernandez,Robert Fernandez,sa3031265,,,,,,left_only
deanferrara,Dean Ferrara,sa3031269,,,,,,left_only
jamesonferraro,Jameson Ferraro,sa3031271,,,,,,left_only
frankieferrentino,Frankie Ferrentino,sa3031274,,,,,,left_only
richardferrerwestrop,Richard Ferrer-Westrop,sa3031276,,,,,,left_only
ryanferremi,Ryan Ferremi,sa3031277,,,,,,left_only
jacksonferrigno,Jackson Ferrigno,sa3031281,,,,,,left_only
nickferri,Nick Ferri,sa3031283,,,,,,left_only
thomasferroggiaro,Thomas Ferroggiaro,sa3031286,,,,,,left_only
cohenfeser,Cohen Feser,sa3031288,,,,,,left_only
drewfieger,Drew Fieger,sa3031300,,,,,,left_only
nickfields,Nick Fields,sa3031306,,,,,,left_only
benfierenzi,Ben Fierenzi,sa3031308,,,,,,left_only
abdrielfigueroa,Abdriel Figueroa,sa3031310,,,,,,left_only
danielfigueroa,Daniel Figueroa,sa3031313,,,,,,left_only
josuefigueroa,Josue Figueroa,sa3031318,,,,,,left_only
tylerfigueroa,Tyler Figueroa,sa3031321,,,,,,left_only
lukefilippi,Luke Filippi,sa3031326,,,,,,left_only
nickfinarelli,Nick Finarelli,sa3031330,,,,,,left_only
aedenfinateri,Aeden Finateri,sa3031331,,,,,,left_only
carterfink,Carter Fink,sa3031340,,,,,,left_only
leightonfinley,Leighton Finley,sa3031345,,,,,,left_only
bobbyfinn,Bobby Finn,sa3031346,,,,,,left_only
jackfinn,Jack Finn,sa3031347,,,,,,left_only
kylefinn,Kyle Finn,sa3031348,,,,,,left_only
seanfinn,Sean Finn,sa3031349,,,,,,left_only
christianfinnigan,Christian Finnigan,sa3031355,,,,,,left_only
ethanfirestein,Ethan Firestein,sa3031360,,,,,,left_only
ethanfiroved,Ethan Firoved,sa3031363,,,,,,left_only
samuelfischer,Samuel Fischer,sa3031370,,,,,,left_only
brandonfish,Brandon Fish,sa3031371,,,,,,left_only
cadefisher,Cade Fisher,sa3031376,,,,,,left_only
calfisher,Cal Fisher,sa3031377,,,,,,left_only
colinfisher,Colin Fisher,sa3031379,,,,,,left_only
jordanfisher,Jordan Fisher,sa3031383,,,,,,left_only
jalenfithian,Jalen Fithian,sa3031393,,,,,,left_only
jonathanfitz,Jonathan Fitz,sa3031394,,,,,,left_only
chancefitzgerald,Chance Fitzgerald,sa3031400,,,,,,left_only
colinfitzgerald,Colin Fitzgerald,sa3031401,,,,,,left_only
jakefitzgibbons,Jake Fitzgibbons,sa3031404,,,,,,left_only
joshfitzgerald,Josh Fitzgerald,sa3031405,,,,,,left_only
jwfitzgerald,JW Fitzgerald,sa3031406,,,,,,left_only
jackfitzharris,Jack Fitzharris,sa3031410,,,,,,left_only
seanfitzpatrick,Sean Fitzpatrick,sa3031414,,,,,,left_only
graysonfitzwater,Grayson Fitzwater,sa3031417,,,,,,left_only
isaacfix,Isaac Fix,sa3031418,,,,,,left_only
zachfjelstad,Zach Fjelstad,sa3031419,,,,,,left_only
lucfladda,Luc Fladda,sa3031421,,,,,,left_only
mattflaharty,Matt Flaharty,sa3031423,,,,,,left_only
mattflaherty,Matt Flaherty,sa3031424,,,,,,left_only
bostonflannery,Boston Flannery,sa3031432,,,,,,left_only
nickfleming,Nick Fleming,sa3031443,,,,,,left_only
jacksonflora,Jackson Flora,sa3031459,,,,,,left_only
matthewflores,Matthew Flores,sa3031467,,,,,,left_only
traceflorio,Trace Florio,sa3031474,,,,,,left_only
benrileyflowers,Ben Riley Flowers,sa3031476,,,,,,left_only
seanflowers,Sean Flowers,sa3031481,,,,,,left_only
connerfloyd,Conner Floyd,sa3031485,,,,,,left_only
georgederrickfloyd,George Derrick Floyd,sa3031487,,,,,,left_only
billyfluharty,Billy Fluharty,sa3031491,,,,,,left_only
cameronflukey,Cameron Flukey,sa3031493,,,,,,left_only
justinfogel,Justin Fogel,sa3031504,,,,,,left_only
nolanfogg,Nolan Fogg,sa3031505,,,,,,left_only
brianfoley,Brian Foley,sa3031510,,,,,,left_only
lucasfoley,Lucas Foley,sa3031512,,,,,,left_only
michaelfoltz,Michael Foltz,sa3031519,,,,,,left_only
grantfontenot,Grant Fontenot,sa3031528,,,,,,left_only
wyattfooks,Wyatt Fooks,sa3031533,,,,,,left_only
henryford,Henry Ford,sa3031540,,,,,,left_only
jermelford,Jermel Ford,sa3031543,,,,,,left_only
justinford,Justin Ford,sa3031544,,,,,,left_only
kikifordjr,Kiki Ford Jr.,sa3031551,,,,,,left_only
loganforsythe,Logan Forsythe,sa3031560,,,,,,left_only
michaelfortes,Michael Fortes,sa3031562,,,,,,left_only
peytonfosher,Peyton Fosher,sa3031567,,,,,,left_only
carterfoss,Carter Foss,sa3031568,,,,,,left_only
nilefoss,Nile Foss,sa3031569,,,,,,left_only
kylefossum,Kyle Fossum,sa3031570,,,,,,left_only
camfoster,Cam Foster,sa3031572,,,,,,left_only
elijahfoster,Elijah Foster,sa3031575,,,,,,left_only
jakobfoster,Jakob Foster,sa3031580,,,,,,left_only
maxfoster,Max Foster,sa3031584,,,,,,left_only
nolanfoster,Nolan Foster,sa3031586,,,,,,left_only
ericfouraker,Eric Fouraker,sa3031590,,,,,,left_only
brycefowler,Bryce Fowler,sa3031593,,,,,,left_only
michaelfowler,Michael Fowler,sa3031597,,,,,,left_only
roryfox,Rory Fox,sa3031610,,,,,,left_only
tatefoxson,Tate Foxson,sa3031613,,,,,,left_only
austinfrancis,Austin Francis,sa3031621,,,,,,left_only
dalefrancisjr,Dale Francis Jr.,sa3031624,,,,,,left_only
gagefranck,Gage Franck,sa3031626,,,,,,left_only
ianfrancis,Ian Francis,sa3031627,,,,,,left_only
jakefrancis,Jake Francis,sa3031628,,,,,,left_only
johanfranco,Johan Franco,sa3031630,,,,,,left_only
kaifrancis,Kai Francis,sa3031631,,,,,,left_only
kevinfrancella,Kevin Francella,sa3031633,,,,,,left_only
ryanfranden,Ryan Franden,sa3031637,,,,,,left_only
cameronfranklin,Cameron Franklin,sa3031642,,,,,,left_only
jackfrankovic,Jack Frankovic,sa3031649,,,,,,left_only
tylerfranks,Tyler Franks,sa3031654,,,,,,left_only
maxfraser,Max Fraser,sa3031660,,,,,,left_only
zachfrasher,Zach Frasher,sa3031661,,,,,,left_only
bradyfrederick,Brady Frederick,sa3031670,,,,,,left_only
josephfredericks,Joseph Fredericks,sa3031675,,,,,,left_only
tyfredo,Ty Fredo,sa3031677,,,,,,left_only
chandlerfreeman,Chandler Freeman,sa3031682,,,,,,left_only
gusfreeman,Gus Freeman,sa3031685,,,,,,left_only
jacksonfreeman,Jackson Freeman,sa3031687,,,,,,left_only
kalebfreeman,Kaleb Freeman,sa3031690,,,,,,left_only
koltonfreeman,Kolton Freeman,sa3031692,,,,,,left_only
zachfreeman,Zach Freeman,sa3031697,,,,,,left_only
gehrigfrei,Gehrig Frei,sa3031698,,,,,,left_only
landonfrei,Landon Frei,sa3031699,,,,,,left_only
bennettfreiter,Bennett Freiter,sa3031702,,,,,,left_only
carterfrench,Carter French,sa3031706,,,,,,left_only
wilfrench,Wil French,sa3031709,,,,,,left_only
nickfrers,Nick Frers,sa3031711,,,,,,left_only
kishonfrett,Kishon Frett,sa3031712,,,,,,left_only
aydenfrey,Ayden Frey,sa3031716,,,,,,left_only
jcfrias,Jc Frias,sa3031720,,,,,,left_only
colbyfrieda,Colby Frieda,sa3031723,,,,,,left_only
jacobfried,Jacob Fried,sa3031724,,,,,,left_only
piercefriedman,Pierce Friedman,sa3031726,,,,,,left_only
haydenfriese,Hayden Friese,sa3031732,,,,,,left_only
eastonfritcher,Easton Fritcher,sa3031733,,,,,,left_only
dominicfritton,Dominic Fritton,sa3031734,,,,,,left_only
danielfrontera,Daniel Frontera,sa3031739,,,,,,left_only
ryanfrontera,Ryan Frontera,sa3031740,,,,,,left_only
caelfrost,Cael Frost,sa3031742,,,,,,left_only
isaiahfrost,Isaiah Frost,sa3031743,,,,,,left_only
jacobfrost,Jacob Frost,sa3031744,,,,,,left_only
raynefry,Rayne Fry,sa3031746,,,,,,left_only
bradleyfrye,Bradley Frye,sa3031747,,,,,,left_only
camfuer,Cam Fuer,sa3031756,,,,,,left_only
legendfugett,Legend Fugett,sa3031757,,,,,,left_only
andersonfulk,Anderson Fulk,sa3031761,,,,,,left_only
bradyfuller,Brady Fuller,sa3031764,,,,,,left_only
damonfuller,Damon Fuller,sa3031766,,,,,,left_only
garrettfulmer,Garrett Fulmer,sa3031774,,,,,,left_only
patrickfultz,Patrick Fultz,sa3031775,,,,,,left_only
mattyfung,Matty Fung,sa3031779,,,,,,left_only
evanfunkhouser,Evan Funkhouser,sa3031783,,,,,,left_only
noahfurcht,Noah Furcht,sa3031785,,,,,,left_only
cjfurey,CJ Furey,sa3031788,,,,,,left_only
willfurniss,Will Furniss,sa3031794,,,,,,left_only
joshfurtado,Josh Furtado,sa3031796,,,,,,left_only
alexgabauer,Alex Gabauer,sa3031802,,,,,,left_only
jaredgadd,Jared Gadd,sa3031809,,,,,,left_only
gabegaeckle,Gabe Gaeckle,sa3031812,,,,,,left_only
lukegaffney,Luke Gaffney,sa3031815,,,,,,left_only
andrewgaines,Andrew Gaines,sa3031823,,,,,,left_only
lukegainer,Luke Gainer,sa3031827,,,,,,left_only
garrettgainous,Garrett Gainous,sa3031828,,,,,,left_only
damongaither,Damon Gaither,sa3031830,,,,,,left_only
mattgaither,Matt Gaither,sa3031831,,,,,,left_only
kadengalason,Kaden Galason,sa3031835,,,,,,left_only
rykergalaska,Ryker Galaska,sa3031836,,,,,,left_only
joeygale,Joey Gale,sa3031841,,,,,,left_only
chrisgallagher,Chris Gallagher,sa3031847,,,,,,left_only
gavingallaher,Gavin Gallaher,sa3031849,,,,,,left_only
reedgallant,Reed Gallant,sa3031854,,,,,,left_only
willgallagher,Will Gallagher,sa3031859,,,,,,left_only
chasegallegos,Chase Gallegos,sa3031860,,,,,,left_only
elliotgallegos,Elliot Gallegos,sa3031861,,,,,,left_only
patrickgalle,Patrick Galle,sa3031862,,,,,,left_only
tylergalletti,Tyler Galletti,sa3031863,,,,,,left_only
jacobgalloway,Jacob Galloway,sa3031869,,,,,,left_only
rashawngalloway,Rashawn Galloway,sa3031872,,,,,,left_only
alexgalvan,Alex Galvan,sa3031874,,,,,,left_only
marcusgalvan,Marcus Galvan,sa3031875,,,,,,left_only
rylangalvan,Rylan Galvan,sa3031877,,,,,,left_only
gavingaly,Gavin Galy,sa3031880,,,,,,left_only
tategambill,Tate Gambill,sa3031886,,,,,,left_only
marcosgamboa,Marcos Gamboa,sa3031892,,,,,,left_only
giannigambradella,Gianni Gambradella,sa3031893,,,,,,left_only
dennisgamester,Dennis Gamester,sa3031894,,,,,,left_only
nathangamez,Nathan Gamez,sa3031896,,,,,,left_only
jackgannon,Jack Gannon,sa3031900,,,,,,left_only
reedgannon,Reed Gannon,sa3031901,,,,,,left_only
gavinganun,Gavin Ganun,sa3031902,,,,,,left_only
tylerganus,Tyler Ganus,sa3031903,,,,,,left_only
nickgaragozzo,Nick Garagozzo,sa3031904,,,,,,left_only
cartergarate,Carter Garate,sa3031905,,,,,,left_only
raulgarayzar,Raul Garayzar,sa3031906,,,,,,left_only
zachgarber,Zach Garber,sa3031907,,,,,,left_only
kylegarbowski,Kyle Garbowski,sa3031909,,,,,,left_only
mattgarbowski,Matt Garbowski,sa3031910,,,,,,left_only
ajgarcia,AJ Garcia,sa3031915,,,,,,left_only
ejgarcia,EJ Garcia,sa3031930,,,,,,left_only
ellisgarcia,Ellis Garcia,sa3031931,,,,,,left_only
guillermogarciajr,Guillermo Garcia Jr.,sa3031933,,,,,,left_only
isaacgarcia,Isaac Garcia,sa3031936,,,,,,left_only
nathanielgarcia,Nathaniel Garcia,sa3031945,,,,,,left_only
zachgarcia,Zach Garcia,sa3031955,,,,,,left_only
ariesgardner,Aries Gardner,sa3031961,,,,,,left_only
patrickgardner,Patrick Gardner,sa3031967,,,,,,left_only
samgarewal,Sam Garewal,sa3031971,,,,,,left_only
kyussgargett,Kyuss Gargett,sa3031974,,,,,,left_only
keegangaris,Keegan Garis,sa3031977,,,,,,left_only
samgarland,Sam Garland,sa3031978,,,,,,left_only
briangarmonii,Brian Garmon II,sa3031980,,,,,,left_only
bradleygarner,Bradley Garner,sa3031981,,,,,,left_only
carsongarner,Carson Garner,sa3031982,,,,,,left_only
hogangarner,Hogan Garner,sa3031984,,,,,,left_only
sethgarner,Seth Garner,sa3031986,,,,,,left_only
christogarrelts,Christo Garrelts,sa3031993,,,,,,left_only
milesgarrett,Miles Garrett,sa3031997,,,,,,left_only
reedgarris,Reed Garris,sa3032003,,,,,,left_only
sebastiangarrido,Sebastian Garrido,sa3032004,,,,,,left_only
trippgarrish,Tripp Garrish,sa3032007,,,,,,left_only
lucasgarton,Lucas Garton,sa3032012,,,,,,left_only
alejandrogarza,Alejandro Garza,sa3032018,,,,,,left_only
eddiegarza,Eddie Garza,sa3032021,,,,,,left_only
mannygarza,Manny Garza,sa3032023,,,,,,left_only
roccogarzagongora,Rocco Garza-Gongora,sa3032027,,,,,,left_only
blakegaskey,Blake Gaskey,sa3032028,,,,,,left_only
jacksongaspard,Jackson Gaspard,sa3032032,,,,,,left_only
taylorgaspar,Taylor Gaspar,sa3032033,,,,,,left_only
willgasparino,Will Gasparino,sa3032034,,,,,,left_only
camdengasser,Camden Gasser,sa3032035,,,,,,left_only
austingast,Austin Gast,sa3032037,,,,,,left_only
brettgastman,Brett Gastman,sa3032039,,,,,,left_only
cartergaston,Carter Gaston,sa3032040,,,,,,left_only
samgates,Sam Gates,sa3032048,,,,,,left_only
jjgatti,J.J. Gatti,sa3032052,,,,,,left_only
cadengaudette,Caden Gaudette,sa3032054,,,,,,left_only
jacobgaudreau,Jacob Gaudreau,sa3032056,,,,,,left_only
andrewgauna,Andrew Gauna,sa3032060,,,,,,left_only
jpgauthier,JP Gauthier,sa3032063,,,,,,left_only
brycegayan,Bryce Gayan,sa3032072,,,,,,left_only
landongaz,Landon Gaz,sa3032074,,,,,,left_only
tylergebb,Tyler Gebb,sa3032080,,,,,,left_only
bradengebhardt,Braden Gebhardt,sa3032082,,,,,,left_only
trevorgeddes,Trevor Geddes,sa3032083,,,,,,left_only
jacobgehring,Jacob Gehring,sa3032093,,,,,,left_only
owengeiger,Owen Geiger,sa3032095,,,,,,left_only
jakegeis,Jake Geis,sa3032096,,,,,,left_only
jackgeiser,Jack Geiser,sa3032098,,,,,,left_only
robgeisler,Rob Geisler,sa3032099,,,,,,left_only
owengeiss,Owen Geiss,sa3032100,,,,,,left_only
aidangelbsman,Aidan Gelbsman,sa3032102,,,,,,left_only
scottgell,Scott Gell,sa3032103,,,,,,left_only
cliftongenge,Clifton Genge,sa3032110,,,,,,left_only
ericgenther,Eric Genther,sa3032114,,,,,,left_only
jamalgeorge,Jamal George,sa3032124,,,,,,left_only
nolangeorge,Nolan George,sa3032126,,,,,,left_only
ryangeraghty,Ryan Geraghty,sa3032128,,,,,,left_only
tannergerdes,Tanner Gerdes,sa3032133,,,,,,left_only
coopergerecke,Cooper Gerecke,sa3032135,,,,,,left_only
ryangerety,Ryan Gerety,sa3032137,,,,,,left_only
johngerfen,John Gerfen,sa3032139,,,,,,left_only
billygerlott,Billy Gerlott,sa3032144,,,,,,left_only
davisgermann,Davis Germann,sa3032145,,,,,,left_only
jakegernon,Jake Gernon,sa3032149,,,,,,left_only
tylergerteisen,Tyler Gerteisen,sa3032151,,,,,,left_only
jacobgholston,Jacob Gholston,sa3032161,,,,,,left_only
arnavghuliani,Arnav Ghuliani,sa3032162,,,,,,left_only
ericgialloreto,Eric Gialloreto,sa3032164,,,,,,left_only
nickgiamarusti,Nick Giamarusti,sa3032165,,,,,,left_only
drewgiannini,Drew Giannini,sa3032168,,,,,,left_only
evangibbons,Evan Gibbons,sa3032171,,,,,,left_only
brentgibbs,Brent Gibbs,sa3032176,,,,,,left_only
caseygibbs,Casey Gibbs,sa3032177,,,,,,left_only
mattgiberti,Matt Giberti,sa3032180,,,,,,left_only
jonahgiblin,Jonah Giblin,sa3032181,,,,,,left_only
ethangibson,Ethan Gibson,sa3032183,,,,,,left_only
holtgibson,Holt Gibson,sa3032184,,,,,,left_only
huntergibson,Hunter Gibson,sa3032186,,,,,,left_only
jaydengibson,Jayden Gibson,sa3032187,,,,,,left_only
jackgibson,Jack Gibson,sa3032188,,,,,,left_only
jtgibson,JT Gibson,sa3032189,,,,,,left_only
lukegibson,Luke Gibson,sa3032190,,,,,,left_only
michaelgibson,Michael Gibson,sa3032191,,,,,,left_only
murphygienger,Murphy Gienger,sa3032196,,,,,,left_only
danielgierer,Daniel Gierer,sa3032197,,,,,,left_only
johngiesler,John Giesler,sa3032199,,,,,,left_only
gabegifford,Gabe Gifford,sa3032202,,,,,,left_only
ashtingilio,Ashtin Gilio,sa3032221,,,,,,left_only
tygill,Ty Gill,sa3032225,,,,,,left_only
blakegillespie,Blake Gillespie,sa3032227,,,,,,left_only
braydengilley,Brayden Gilley,sa3032228,,,,,,left_only
colegilley,Cole Gilley,sa3032230,,,,,,left_only
davisgillespie,Davis Gillespie,sa3032231,,,,,,left_only
jimmygilleran,Jimmy Gilleran,sa3032234,,,,,,left_only
macgillespie,Mac Gillespie,sa3032235,,,,,,left_only
michaelgillen,Michael Gillen,sa3032236,,,,,,left_only
tategillen,Tate Gillen,sa3032237,,,,,,left_only
emmettgillies,Emmett Gillies,sa3032240,,,,,,left_only
johngillis,John Gillis,sa3032246,,,,,,left_only
jacegillmore,Jace Gillmore,sa3032252,,,,,,left_only
clarkgilmore,Clark Gilmore,sa3032259,,,,,,left_only
westongingerich,Weston Gingerich,sa3032267,,,,,,left_only
ryanginther,Ryan Ginther,sa3032271,,,,,,left_only
alexgiroux,Alex Giroux,sa3032280,,,,,,left_only
connorgiusti,Connor Giusti,sa3032288,,,,,,left_only
jamesgladden,James Gladden,sa3032292,,,,,,left_only
willglatch,Will Glatch,sa3032297,,,,,,left_only
zachgleason,Zach Gleason,sa3032301,,,,,,left_only
dubgleed,Dub Gleed,sa3032302,,,,,,left_only
paulglenchur,Paul Glenchur,sa3032304,,,,,,left_only
jaredglenn,Jared Glenn,sa3032308,,,,,,left_only
kennyglover,Kenny Glover,sa3032318,,,,,,left_only
bradengluth,Braden Gluth,sa3032322,,,,,,left_only
nickgnardellis,Nick Gnardellis,sa3032323,,,,,,left_only
jakegoble,Jake Goble,sa3032330,,,,,,left_only
landongodsey,Landon Godsey,sa3032336,,,,,,left_only
dylangoff,Dylan Goff,sa3032343,,,,,,left_only
parkergoff,Parker Goff,sa3032344,,,,,,left_only
evangoforth,Evan Goforth,sa3032345,,,,,,left_only
vincentgohlke,Vincent Gohlke,sa3032346,,,,,,left_only
ryangold,Ryan Gold,sa3032349,,,,,,left_only
willgoldberg,Will Goldberg,sa3032354,,,,,,left_only
liamgolden,Liam Golden,sa3032357,,,,,,left_only
alekseigoldhill,Aleksei Goldhill,sa3032360,,,,,,left_only
charliegoldstein,Charlie Goldstein,sa3032363,,,,,,left_only
jackgoleski,Jack Goleski,sa3032369,,,,,,left_only
gradygolier,Grady Golier,sa3032370,,,,,,left_only
taeggollert,Taeg Gollert,sa3032373,,,,,,left_only
jacobgomberg,Jacob Gomberg,sa3032377,,,,,,left_only
brandongomez,Brandon Gomez,sa3032382,,,,,,left_only
franklingomezjr,Franklin Gomez Jr.,sa3032387,,,,,,left_only
anthonygonzalez,Anthony Gonzalez,sa3032402,,,,,,left_only
danielgonzalez,Daniel Gonzalez,sa3032408,,,,,,left_only
doriangonzalezjr,Dorian Gonzalez Jr.,sa3032409,,,,,,left_only
emilianogonzalez,Emiliano Gonzalez,sa3032410,,,,,,left_only
emiliogonzalez,Emilio Gonzalez,sa3032411,,,,,,left_only
erickgonzales,Erick Gonzales,sa3032412,,,,,,left_only
fernandogonzalez,Fernando Gonzalez,sa3032413,,,,,,left_only
jaysongonzalez,Jayson Gonzalez,sa3032420,,,,,,left_only
jeffreygonzalez,Jeffrey Gonzalez,sa3032422,,,,,,left_only
jonathangonzalez,Jonathan Gonzalez,sa3032427,,,,,,left_only
jorgegonzalezfebo,Jorge Gonzalez Febo,sa3032431,,,,,,left_only
mattgonzalez,Matt Gonzalez,sa3032435,,,,,,left_only
ojgonzalez,OJ Gonzalez,sa3032437,,,,,,left_only
renzogonzalez,Renzo Gonzalez,sa3032438,,,,,,left_only
robertogonzalez,Roberto Gonzalez,sa3032441,,,,,,left_only
rudygonzalez,Rudy Gonzalez,sa3032442,,,,,,left_only
sebastiangonzalez,Sebastian Gonzalez,sa3032444,,,,,,left_only
nicgood,Nic Good,sa3032450,,,,,,left_only
chrisgoode,Chris Goode,sa3032453,,,,,,left_only
jackgoodman,Jack Goodman,sa3032460,,,,,,left_only
tommygoogins,Tommy Googins,sa3032471,,,,,,left_only
amarigordon,Amari Gordon,sa3032477,,,,,,left_only
kylegordon,Kyle Gordon,sa3032482,,,,,,left_only
noahgordon,Noah Gordon,sa3032484,,,,,,left_only
robgordon,Rob Gordon,sa3032486,,,,,,left_only
tylergordon,Tyler Gordon,sa3032488,,,,,,left_only
jakegorelick,Jake Gorelick,sa3032492,,,,,,left_only
garrettgores,Garrett Gores,sa3032493,,,,,,left_only
gradygorgen,Grady Gorgen,sa3032494,,,,,,left_only
brooksgorman,Brooks Gorman,sa3032498,,,,,,left_only
greggorman,Greg Gorman,sa3032499,,,,,,left_only
zachgorman,Zach Gorman,sa3032503,,,,,,left_only
tjgormley,TJ Gormley,sa3032504,,,,,,left_only
javiergorostola,Javier Gorostola,sa3032506,,,,,,left_only
justingorski,Justin Gorski,sa3032509,,,,,,left_only
milesgosztola,Miles Gosztola,sa3032514,,,,,,left_only
santhoshgottam,Santhosh Gottam,sa3032518,,,,,,left_only
thomasgould,Thomas Gould,sa3032528,,,,,,left_only
zakgould,Zak Gould,sa3032529,,,,,,left_only
alexgouveia,Alex Gouveia,sa3032531,,,,,,left_only
bengrable,Ben Grable,sa3032539,,,,,,left_only
matthewgrabmann,Matthew Grabmann,sa3032540,,,,,,left_only
ranardgrace,Ranard Grace,sa3032547,,,,,,left_only
rashardgrace,Rashard Grace,sa3032548,,,,,,left_only
ryangrace,Ryan Grace,sa3032549,,,,,,left_only
ajgracia,AJ Gracia,sa3032552,,,,,,left_only
claygrady,Clay Grady,sa3032554,,,,,,left_only
keatongrady,Keaton Grady,sa3032555,,,,,,left_only
sheagrady,Shea Grady,sa3032556,,,,,,left_only
aarongraeber,Aaron Graeber,sa3032557,,,,,,left_only
brockgraf,Brock Graf,sa3032558,,,,,,left_only
paytongraham,Payton Graham,sa3032565,,,,,,left_only
gavingrahovac,Gavin Grahovac,sa3032567,,,,,,left_only
charliegranatell,Charlie Granatell,sa3032569,,,,,,left_only
calebgranger,Caleb Granger,sa3032573,,,,,,left_only
corbingrantham,Corbin Grantham,sa3032578,,,,,,left_only
cadegranzow,Cade Granzow,sa3032587,,,,,,left_only
alexisgravel,Alexis Gravel,sa3032594,,,,,,left_only
griffingraves,Griffin Graves,sa3032598,,,,,,left_only
matthewgraveline,Matthew Graveline,sa3032600,,,,,,left_only
braydongray,Braydon Gray,sa3032605,,,,,,left_only
johngray,John Gray,sa3032617,,,,,,left_only
michaelgraziano,Michael Graziano,sa3032623,,,,,,left_only
cadengreanead,Caden Greanead,sa3032624,,,,,,left_only
codygrebeck,Cody Grebeck,sa3032625,,,,,,left_only
anthonygreco,Anthony Greco,sa3032630,,,,,,left_only
garrettgreco,Garrett Greco,sa3032632,,,,,,left_only
jdgreeley,JD Greeley,sa3032633,,,,,,left_only
bryangreen,Bryan Green,sa3032643,,,,,,left_only
brodygreen,Brody Green,sa3032644,,,,,,left_only
brycegreene,Bryce Greene,sa3032645,,,,,,left_only
charlesgreen,Charles Green,sa3032649,,,,,,left_only
griffingreen,Griffin Green,sa3032657,,,,,,left_only
jacksongreen,Jackson Green,sa3032662,,,,,,left_only
jaredgreenzang,Jared Greenzang,sa3032663,,,,,,left_only
jasongreen,Jason Green,sa3032664,,,,,,left_only
millergreen,Miller Green,sa3032672,,,,,,left_only
tylergreenleaf,Tyler Greenleaf,sa3032675,,,,,,left_only
benjamingreer,Benjamin Greer,sa3032676,,,,,,left_only
lucasgreer,Lucas Greer,sa3032678,,,,,,left_only
gavingreger,Gavin Greger,sa3032681,,,,,,left_only
simongregersen,Simon Gregersen,sa3032682,,,,,,left_only
dylangrego,Dylan Grego,sa3032686,,,,,,left_only
edwardgregory,Edward Gregory,sa3032687,,,,,,left_only
gusgregory,Gus Gregory,sa3032688,,,,,,left_only
jdgregson,JD Gregson,sa3032692,,,,,,left_only
nicgregson,Nic Gregson,sa3032693,,,,,,left_only
sebastiangreico,Sebastian Greico,sa3032695,,,,,,left_only
noahgreise,Noah Greise,sa3032698,,,,,,left_only
tylergrenn,Tyler Grenn,sa3032703,,,,,,left_only
colegriffith,Cole Griffith,sa3032712,,,,,,left_only
connergriffin,Conner Griffin,sa3032713,,,,,,left_only
coltongriffin,Colton Griffin,sa3032714,,,,,,left_only
elijahgriffith,Elijah Griffith,sa3032715,,,,,,left_only
evangriffis,Evan Griffis,sa3032716,,,,,,left_only
korbingriffin,Korbin Griffin,sa3032719,,,,,,left_only
ryangriffin,Ryan Griffin,sa3032724,,,,,,left_only
samgriffith,Sam Griffith,sa3032725,,,,,,left_only
tannergriffith,Tanner Griffith,sa3032726,,,,,,left_only
jacobgrimes,Jacob Grimes,sa3032738,,,,,,left_only
willgrimmett,Will Grimmett,sa3032741,,,,,,left_only
graysongrinsell,Grayson Grinsell,sa3032742,,,,,,left_only
adamgrintz,Adam Grintz,sa3032743,,,,,,left_only
brycegrizzaffi,Bryce Grizzaffi,sa3032748,,,,,,left_only
cartergroen,Carter Groen,sa3032754,,,,,,left_only
mychalgrogan,Mychal Grogan,sa3032760,,,,,,left_only
holdengroher,Holden Groher,sa3032761,,,,,,left_only
tommygroom,Tommy Groom,sa3032764,,,,,,left_only
chazzgrossington,Chazz Grossington,sa3032769,,,,,,left_only
chrisgrothues,Chris Grothues,sa3032780,,,,,,left_only
connorgrotyohann,Connor Grotyohann,sa3032782,,,,,,left_only
nickgroves,Nick Groves,sa3032788,,,,,,left_only
maxgrubbs,Max Grubbs,sa3032792,,,,,,left_only
talorgrubbs,Talor Grubbs,sa3032793,,,,,,left_only
garrettgruell,Garrett Gruell,sa3032795,,,,,,left_only
gannongrundman,Gannon Grundman,sa3032797,,,,,,left_only
kadegrundy,Kade Grundy,sa3032798,,,,,,left_only
ryangrundy,Ryan Grundy,sa3032800,,,,,,left_only
nickguachione,Nick Guachione,sa3032804,,,,,,left_only
andrewguardino,Andrew Guardino,sa3032807,,,,,,left_only
jakobguardado,Jakob Guardado,sa3032808,,,,,,left_only
jakeguardiancic,Jake Guardiancic,sa3032809,,,,,,left_only
adamguazzo,Adam Guazzo,sa3032815,,,,,,left_only
anthonygubitosi,Anthony Gubitosi,sa3032816,,,,,,left_only
paytongubler,Payton Gubler,sa3032817,,,,,,left_only
bradenguentz,Braden Guentz,sa3032820,,,,,,left_only
blakeguerin,Blake Guerin,sa3032822,,,,,,left_only
ajguerrero,AJ Guerrero,sa3032823,,,,,,left_only
jackguerrero,Jack Guerrero,sa3032827,,,,,,left_only
jtguerrero,JT Guerrero,sa3032828,,,,,,left_only
sergioguerra,Sergio Guerra,sa3032831,,,,,,left_only
danielguevaracastro,Daniel Guevara Castro,sa3032833,,,,,,left_only
ericguevara,Eric Guevara,sa3032834,,,,,,left_only
justinguiliano,Justin Guiliano,sa3032843,,,,,,left_only
griffinguinther,Griffin Guinther,sa3032844,,,,,,left_only
calebguisewite,Caleb Guisewite,sa3032845,,,,,,left_only
roccogump,Rocco Gump,sa3032848,,,,,,left_only
bradygumpf,Brady Gumpf,sa3032849,,,,,,left_only
mikegunning,Mike Gunning,sa3032855,,,,,,left_only
joshgunther,Josh Gunther,sa3032857,,,,,,left_only
michaelgupton,Michael Gupton,sa3032858,,,,,,left_only
camerongurney,Cameron Gurney,sa3032862,,,,,,left_only
chadgurnea,Chad Gurnea,sa3032863,,,,,,left_only
jadengustafson,Jaden Gustafson,sa3032869,,,,,,left_only
lukeguth,Luke Guth,sa3032873,,,,,,left_only
diegogutierrez,Diego Gutierrez,sa3032876,,,,,,left_only
gabygutierrez,Gaby Gutierrez,sa3032877,,,,,,left_only
jacobgutierrez,Jacob Gutierrez,sa3032879,,,,,,left_only
jessegutierrez,Jesse Gutierrez,sa3032881,,,,,,left_only
colbyguy,Colby Guy,sa3032886,,,,,,left_only
jamesguyette,James Guyette,sa3032890,,,,,,left_only
armaniguzman,Armani Guzman,sa3032893,,,,,,left_only
edwinguzman,Edwin Guzman,sa3032896,,,,,,left_only
randyguzman,Randy Guzman,sa3032903,,,,,,left_only
sethgwynn,Seth Gwynn,sa3032906,,,,,,left_only
danielhaab,Daniel Haab,sa3032908,,,,,,left_only
tobyhaarer,Toby Haarer,sa3032910,,,,,,left_only
matthiashaas,Matthias Haas,sa3032912,,,,,,left_only
peterhaas,Peter Haas,sa3032913,,,,,,left_only
adamhaber,Adam Haber,sa3032918,,,,,,left_only
eliashachem,Elias Hachem,sa3032922,,,,,,left_only
julienhachem,Julien Hachem,sa3032923,,,,,,left_only
christianhack,Christian Hack,sa3032924,,,,,,left_only
ajhacker,AJ Hacker,sa3032926,,,,,,left_only
johnhacker,John Hacker,sa3032930,,,,,,left_only
justinhackett,Justin Hackett,sa3032931,,,,,,left_only
patrickhackworth,Patrick Hackworth,sa3032935,,,,,,left_only
christopherhacopian,Christopher Hacopian,sa3032936,,,,,,left_only
eddiehacopian,Eddie Hacopian,sa3032937,,,,,,left_only
jackhagan,Jack Hagan,sa3032950,,,,,,left_only
colehage,Cole Hage,sa3032952,,,,,,left_only
joeyhagen,Joey Hagen,sa3032957,,,,,,left_only
kevinhager,Kevin Hager,sa3032961,,,,,,left_only
jakehaggard,Jake Haggard,sa3032962,,,,,,left_only
rylanhaider,Rylan Haider,sa3032971,,,,,,left_only
patrickhail,Patrick Hail,sa3032975,,,,,,left_only
carterhain,Carter Hain,sa3032976,,,,,,left_only
dillonhaines,Dillon Haines,sa3032977,,,,,,left_only
tylerhaines,Tyler Haines,sa3032979,,,,,,left_only
nickhainline,Nick Hainline,sa3032980,,,,,,left_only
reidhaire,Reid Haire,sa3032981,,,,,,left_only
dallashairfield,Dallas Hairfield,sa3032982,,,,,,left_only
ryanhalamicek,Ryan Halamicek,sa3032988,,,,,,left_only
joshhalcisak,Josh Halcisak,sa3032991,,,,,,left_only
connorhale,Connor Hale,sa3032995,,,,,,left_only
marshallhale,Marshall Hale,sa3032997,,,,,,left_only
roycehale,Royce Hale,sa3032998,,,,,,left_only
gagehaley,Gage Haley,sa3032999,,,,,,left_only
jacobhaley,Jacob Haley,sa3033002,,,,,,left_only
jacobhalford,Jacob Halford,sa3033008,,,,,,left_only
dawsonhall,Dawson Hall,sa3033020,,,,,,left_only
edhall,Ed Hall,sa3033023,,,,,,left_only
haydenhall,Hayden Hall,sa3033025,,,,,,left_only
judehall,Jude Hall,sa3033033,,,,,,left_only
kevinhall,Kevin Hall,sa3033035,,,,,,left_only
nathanhall,Nathan Hall,sa3033038,,,,,,left_only
quintonhall,Quinton Hall,sa3033040,,,,,,left_only
reganhall,Regan Hall,sa3033041,,,,,,left_only
samhall,Sam Hall,sa3033043,,,,,,left_only
austinhaller,Austin Haller,sa3033047,,,,,,left_only
katcherhalligan,Katcher Halligan,sa3033048,,,,,,left_only
jacksonhalter,Jackson Halter,sa3033059,,,,,,left_only
wyatthalvorson,Wyatt Halvorson,sa3033062,,,,,,left_only
billyham,Billy Ham,sa3033063,,,,,,left_only
spenserhamblen,Spenser Hamblen,sa3033069,,,,,,left_only
roberthamchuk,Robert Hamchuk,sa3033070,,,,,,left_only
bradyhamilton,Brady Hamilton,sa3033073,,,,,,left_only
davishamilton,Davis Hamilton,sa3033076,,,,,,left_only
hudsonhamilton,Hudson Hamilton,sa3033082,,,,,,left_only
jackhamilton,Jack Hamilton,sa3033083,,,,,,left_only
jacksonhamilton,Jackson Hamilton,sa3033084,,,,,,left_only
seanhamilton,Sean Hamilton,sa3033088,,,,,,left_only
loganhamm,Logan Hamm,sa3033093,,,,,,left_only
elijhahammill,Elijha Hammill,sa3033096,,,,,,left_only
brycenhammonds,Brycen Hammonds,sa3033098,,,,,,left_only
erichammond,Eric Hammond,sa3033100,,,,,,left_only
lukehammond,Luke Hammond,sa3033104,,,,,,left_only
rhetthammontree,Rhett Hammontree,sa3033106,,,,,,left_only
jeremiahhampton,Jeremiah Hampton,sa3033111,,,,,,left_only
parkerhampton,Parker Hampton,sa3033114,,,,,,left_only
maxhandron,Max Handron,sa3033126,,,,,,left_only
ejhankerson,EJ Hankerson,sa3033133,,,,,,left_only
joshhankins,Josh Hankins,sa3033134,,,,,,left_only
andrewhanlon,Andrew Hanlon,sa3033138,,,,,,left_only
bretthansen,Brett Hansen,sa3033154,,,,,,left_only
carsonhansen,Carson Hansen,sa3033156,,,,,,left_only
colehansen,Cole Hansen,sa3033158,,,,,,left_only
trevorhanselman,Trevor Hanselman,sa3033169,,,,,,left_only
trevorhansen,Trevor Hansen,sa3033170,,,,,,left_only
maxhansmann,Max Hansmann,sa3033175,,,,,,left_only
carterhanson,Carter Hanson,sa3033176,,,,,,left_only
geraldhanson,Gerald Hanson,sa3033179,,,,,,left_only
jasonhanson,Jason Hanson,sa3033180,,,,,,left_only
jaredhanson,Jared Hanson,sa3033181,,,,,,left_only
jordanhanson,Jordan Hanson,sa3033182,,,,,,left_only
lukehanson,Luke Hanson,sa3033183,,,,,,left_only
ahmadharajli,Ahmad Harajli,sa3033190,,,,,,left_only
andrewharbour,Andrew Harbour,sa3033194,,,,,,left_only
kylehard,Kyle Hard,sa3033195,,,,,,left_only
ethanharden,Ethan Harden,sa3033199,,,,,,left_only
haltonhardy,Halton Hardy,sa3033214,,,,,,left_only
tylerhare,Tyler Hare,sa3033220,,,,,,left_only
hunterhargett,Hunter Hargett,sa3033222,,,,,,left_only
garrettharker,Garrett Harker,sa3033224,,,,,,left_only
ryanharland,Ryan Harland,sa3033227,,,,,,left_only
trevorharmon,Trevor Harmon,sa3033238,,,,,,left_only
nickharnisch,Nick Harnisch,sa3033241,,,,,,left_only
blaineharpenau,Blaine Harpenau,sa3033243,,,,,,left_only
thomasharper,Thomas Harper,sa3033250,,,,,,left_only
michaelharpster,Michael Harpster,sa3033252,,,,,,left_only
ryanharrahill,Ryan Harrahill,sa3033253,,,,,,left_only
gageharrelson,Gage Harrelson,sa3033254,,,,,,left_only
aidanharrington,Aidan Harrington,sa3033255,,,,,,left_only
brendanharrity,Brendan Harrity,sa3033260,,,,,,left_only
connorharris,Connor Harris,sa3033263,,,,,,left_only
dasanharris,Dasan Harris,sa3033270,,,,,,left_only
dallinharrison,Dallin Harrison,sa3033271,,,,,,left_only
everetteharris,Everette Harris,sa3033274,,,,,,left_only
griffinharrison,Griffin Harrison,sa3033278,,,,,,left_only
jamesharris,James Harris,sa3033284,,,,,,left_only
jadenharris,Jaden Harris,sa3033285,,,,,,left_only
jacksonharris,Jackson Harris,sa3033286,,,,,,left_only
kaikeaharrison,KaiKea Harrison,sa3033288,,,,,,left_only
lukeharrison,Luke Harrison,sa3033295,,,,,,left_only
malikharris,Malik Harris,sa3033296,,,,,,left_only
parkerharrison,Parker Harrison,sa3033299,,,,,,left_only
samharris,Sam Harris,sa3033301,,,,,,left_only
shemarharris,Shemar Harris,sa3033304,,,,,,left_only
tommyharrison,Tommy Harrison,sa3033306,,,,,,left_only
tylerharrington,Tyler Harrington,sa3033313,,,,,,left_only
willharrigan,Will Harrigan,sa3033315,,,,,,left_only
zachharris,Zach Harris,sa3033317,,,,,,left_only
brianhart,Brian Hart,sa3033320,,,,,,left_only
edwardhart,Edward Hart,sa3033325,,,,,,left_only
evanhart,Evan Hart,sa3033326,,,,,,left_only
hudsonhart,Hudson Hart,sa3033329,,,,,,left_only
riverhart,River Hart,sa3033333,,,,,,left_only
samhart,Sam Hart,sa3033334,,,,,,left_only
camharthan,Cam Harthan,sa3033337,,,,,,left_only
jacobhartlaub,Jacob Hartlaub,sa3033345,,,,,,left_only
tylerhartley,Tyler Hartley,sa3033346,,,,,,left_only
wileyhartley,Wiley Hartley,sa3033347,,,,,,left_only
coltonhartman,Colton Hartman,sa3033349,,,,,,left_only
erichhartmann,Erich Hartmann,sa3033350,,,,,,left_only
lucashartman,Lucas Hartman,sa3033352,,,,,,left_only
maxhartman,Max Hartman,sa3033353,,,,,,left_only
austinhartsell,Austin Hartsell,sa3033354,,,,,,left_only
warrenhartzell,Warren Hartzell,sa3033359,,,,,,left_only
jakeharvey,Jake Harvey,sa3033361,,,,,,left_only
samhasegawa,Sam Hasegawa,sa3033365,,,,,,left_only
arrenhash,Arren Hash,sa3033367,,,,,,left_only
loganhaskell,Logan Haskell,sa3033368,,,,,,left_only
trevorhaskins,Trevor Haskins,sa3033370,,,,,,left_only
cameronhassert,Cameron Hassert,sa3033375,,,,,,left_only
brandonhaston,Brandon Haston,sa3033380,,,,,,left_only
aidanhatcher,Aidan Hatcher,sa3033384,,,,,,left_only
jakehatch,Jake Hatch,sa3033386,,,,,,left_only
spencerhatch,Spencer Hatch,sa3033389,,,,,,left_only
haydenhattenbach,Hayden Hattenbach,sa3033392,,,,,,left_only
maxhaug,Max Haug,sa3033398,,,,,,left_only
aidanhaugh,Aidan Haugh,sa3033399,,,,,,left_only
joehauser,Joe Hauser,sa3033407,,,,,,left_only
josephhauser,Joseph Hauser,sa3033408,,,,,,left_only
anthonyhausner,Anthony Hausner,sa3033409,,,,,,left_only
justinhausser,Justin Hausser,sa3033410,,,,,,left_only
peytonhavard,Peyton Havard,sa3033412,,,,,,left_only
jacobhavern,Jacob Havern,sa3033416,,,,,,left_only
ajhavrilla,AJ Havrilla,sa3033418,,,,,,left_only
austinhawke,Austin Hawke,sa3033421,,,,,,left_only
dylanhawkes,Dylan Hawkes,sa3033422,,,,,,left_only
gavinhawkes,Gavin Hawkes,sa3033423,,,,,,left_only
bradyhawkins,Brady Hawkins,sa3033425,,,,,,left_only
brycehawkins,Bryce Hawkins,sa3033426,,,,,,left_only
colinhawkins,Colin Hawkins,sa3033427,,,,,,left_only
jasonhawkins,Jason Hawkins,sa3033431,,,,,,left_only
mitchhawkins,Mitch Hawkins,sa3033432,,,,,,left_only
paytonhawkinson,Payton Hawkinson,sa3033433,,,,,,left_only
sawyerhawks,Sawyer Hawks,sa3033436,,,,,,left_only
nathanhawley,Nathan Hawley,sa3033438,,,,,,left_only
lanehaworth,Lane Haworth,sa3033439,,,,,,left_only
connorhayden,Connor Hayden,sa3033445,,,,,,left_only
enashayden,Enas Hayden,sa3033446,,,,,,left_only
alexhayes,Alex Hayes,sa3033447,,,,,,left_only
nyanhayes,Nyan Hayes,sa3033453,,,,,,left_only
aidanhaynes,Aidan Haynes,sa3033459,,,,,,left_only
jameshays,James Hays,sa3033463,,,,,,left_only
camdenhayslip,Camden Hayslip,sa3033468,,,,,,left_only
connorhaywood,Connor Haywood,sa3033470,,,,,,left_only
ethanhe,Ethan He,sa3033476,,,,,,left_only
tristanhead,Tristan Head,sa3033480,,,,,,left_only
andrewhealy,Andrew Healy,sa3033483,,,,,,left_only
jefferyheard,Jeffery Heard,sa3033488,,,,,,left_only
coleheath,Cole Heath,sa3033491,,,,,,left_only
mattheavner,Matt Heavner,sa3033496,,,,,,left_only
aidenheberlie,Aiden Heberlie,sa3033499,,,,,,left_only
curtishebert,Curtis Hebert,sa3033501,,,,,,left_only
brianheckelman,Brian Heckelman,sa3033507,,,,,,left_only
lukeheefner,Luke Heefner,sa3033516,,,,,,left_only
mitchellheer,Mitchell Heer,sa3033518,,,,,,left_only
andrewheffernan,Andrew Heffernan,sa3033519,,,,,,left_only
jphefft,JP Hefft,sa3033523,,,,,,left_only
chrishege,Chris Hege,sa3033528,,,,,,left_only
coltonhegwood,Colton Hegwood,sa3033530,,,,,,left_only
matthewheiberger,Matthew Heiberger,sa3033531,,,,,,left_only
dylanheine,Dylan Heine,sa3033537,,,,,,left_only
masonheiskell,Mason Heiskell,sa3033549,,,,,,left_only
leightonhelfrick,Leighton Helfrick,sa3033555,,,,,,left_only
ryderhelfrick,Ryder Helfrick,sa3033556,,,,,,left_only
hoganhelligso,Hogan Helligso,sa3033560,,,,,,left_only
cooperhellman,Cooper Hellman,sa3033561,,,,,,left_only
dominichellman,Dominic Hellman,sa3033562,,,,,,left_only
tristanhelmick,Tristan Helmick,sa3033569,,,,,,left_only
blakehelmstetter,Blake Helmstetter,sa3033571,,,,,,left_only
garretthelsel,Garrett Helsel,sa3033574,,,,,,left_only
djhelwig,DJ Helwig,sa3033578,,,,,,left_only
tylerhemmesch,Tyler Hemmesch,sa3033583,,,,,,left_only
kamerynhenderson,Kameryn Henderson,sa3033589,,,,,,left_only
andrewhendrickx,Andrew Hendrickx,sa3033593,,,,,,left_only
carterhendrickson,Carter Hendrickson,sa3033594,,,,,,left_only
codyhendriks,Cody Hendriks,sa3033595,,,,,,left_only
evanshendricks,Evans Hendricks,sa3033596,,,,,,left_only
rhetthendricks,Rhett Hendricks,sa3033600,,,,,,left_only
kellanheney,Kellan Heney,sa3033602,,,,,,left_only
ethanhennessy,Ethan Hennessy,sa3033610,,,,,,left_only
connorhennings,Connor Hennings,sa3033614,,,,,,left_only
elijahhenning,Elijah Henning,sa3033615,,,,,,left_only
markhenning,Mark Henning,sa3033616,,,,,,left_only
timhennig,Tim Hennig,sa3033617,,,,,,left_only
haydenhenry,Hayden Henry,sa3033628,,,,,,left_only
zachhenry,Zach Henry,sa3033636,,,,,,left_only
justinhenschel,Justin Henschel,sa3033637,,,,,,left_only
ryanhenschel,Ryan Henschel,sa3033638,,,,,,left_only
wyatthenseler,Wyatt Henseler,sa3033639,,,,,,left_only
markhenshon,Mark Henshon,sa3033640,,,,,,left_only
tylerhenshaw,Tyler Henshaw,sa3033642,,,,,,left_only
reidhensley,Reid Hensley,sa3033644,,,,,,left_only
willhenson,Will Henson,sa3033650,,,,,,left_only
colehentschel,Cole Hentschel,sa3033652,,,,,,left_only
cadehentz,Cade Hentz,sa3033653,,,,,,left_only
jameshepp,James Hepp,sa3033656,,,,,,left_only
kalebherbert,Kaleb Herbert,sa3033659,,,,,,left_only
aaronherbst,Aaron Herbst,sa3033661,,,,,,left_only
calebherd,Caleb Herd,sa3033662,,,,,,left_only
carstonherman,Carston Herman,sa3033664,,,,,,left_only
bennyhernandez,Benny Hernandez,sa3033669,,,,,,left_only
franciscohernandez,Francisco Hernandez,sa3033675,,,,,,left_only
gabrielhernandez,Gabriel Hernandez,sa3033676,,,,,,left_only
jaylenhernandez,Jaylen Hernandez,sa3033679,,,,,,left_only
jedierhernandez,Jedier Hernandez,sa3033680,,,,,,left_only
mateohernandez,Mateo Hernandez,sa3033684,,,,,,left_only
rickyhernandez,Ricky Hernandez,sa3033690,,,,,,left_only
ryanhernandez,Ryan Hernandez,sa3033694,,,,,,left_only
ryderhernandez,Ryder Hernandez,sa3033695,,,,,,left_only
zachhernandez,Zach Hernandez,sa3033696,,,,,,left_only
chaseherrell,Chase Herrell,sa3033700,,,,,,left_only
jesseherrera,Jesse Herrera,sa3033701,,,,,,left_only
patrickherrera,Patrick Herrera,sa3033702,,,,,,left_only
jpherrholz,JP Herrholz,sa3033703,,,,,,left_only
andrewherrmann,Andrew Herrmann,sa3033711,,,,,,left_only
grantherron,Grant Herron,sa3033717,,,,,,left_only
noahhertzler,Noah Hertzler,sa3033724,,,,,,left_only
holdenhess,Holden Hess,sa3033727,,,,,,left_only
kylehess,Kyle Hess,sa3033729,,,,,,left_only
tatehess,Tate Hess,sa3033730,,,,,,left_only
ryanhetzler,Ryan Hetzler,sa3033739,,,,,,left_only
macheuer,Mac Heuer,sa3033740,,,,,,left_only
marcusheusohn,Marcus Heusohn,sa3033741,,,,,,left_only
carterhewitt,Carter Hewitt,sa3033743,,,,,,left_only
joshheyder,Josh Heyder,sa3033751,,,,,,left_only
matthewheyl,Matthew Heyl,sa3033753,,,,,,left_only
lukeheyman,Luke Heyman,sa3033754,,,,,,left_only
samheyman,Sam Heyman,sa3033755,,,,,,left_only
baylorhicks,Baylor Hicks,sa3033768,,,,,,left_only
davionhickson,Davion Hickson,sa3033771,,,,,,left_only
benhigdon,Ben Higdon,sa3033779,,,,,,left_only
calhiggins,Cal Higgins,sa3033784,,,,,,left_only
kadehiggins,Kade Higgins,sa3033786,,,,,,left_only
nolanhiggins,Nolan Higgins,sa3033791,,,,,,left_only
ryanhiggins,Ryan Higgins,sa3033792,,,,,,left_only
conorhiggs,Conor Higgs,sa3033795,,,,,,left_only
hunterhigh,Hunter High,sa3033797,,,,,,left_only
rosshighfill,Ross Highfill,sa3033798,,,,,,left_only
mackhiguchi,Mack Higuchi,sa3033800,,,,,,left_only
adenhill,Aden Hill,sa3033804,,,,,,left_only
brockhill,Brock Hill,sa3033808,,,,,,left_only
elihill,Eli Hill,sa3033817,,,,,,left_only
jackhill,Jack Hill,sa3033822,,,,,,left_only
jacksonhill,Jackson Hill,sa3033823,,,,,,left_only
lukehill,Luke Hill,sa3033826,,,,,,left_only
samhill,Sam Hill,sa3033831,,,,,,left_only
spencerhill,Spencer Hill,sa3033832,,,,,,left_only
treyhill,Trey Hill,sa3033835,,,,,,left_only
trenthillen,Trent Hillen,sa3033838,,,,,,left_only
threehillier,Three Hillier,sa3033841,,,,,,left_only
jacksonhinchliffe,Jackson Hinchliffe,sa3033849,,,,,,left_only
connorhincks,Connor Hincks,sa3033850,,,,,,left_only
ethanhindle,Ethan Hindle,sa3033852,,,,,,left_only
willhindle,Will Hindle,sa3033853,,,,,,left_only
aidenhinds,Aiden Hinds,sa3033854,,,,,,left_only
markhindy,Mark Hindy,sa3033855,,,,,,left_only
hunterhines,Hunter Hines,sa3033858,,,,,,left_only
caseyhintz,Casey Hintz,sa3033864,,,,,,left_only
nickhios,Nick Hios,sa3033865,,,,,,left_only
maxhippensteel,Max Hippensteel,sa3033869,,,,,,left_only
masonhirata,Mason Hirata,sa3033874,,,,,,left_only
zachhise,Zach Hise,sa3033879,,,,,,left_only
daltonhitt,Dalton Hitt,sa3033881,,,,,,left_only
jamiehitt,Jamie Hitt,sa3033882,,,,,,left_only
samhliboki,Sam Hliboki,sa3033884,,,,,,left_only
chrisho,Chris Ho,sa3033887,,,,,,left_only
chrishoalcraft,Chris Hoalcraft,sa3033888,,,,,,left_only
jerekhobb,Jerek Hobb,sa3033889,,,,,,left_only
aaronhobson,Aaron Hobson,sa3033890,,,,,,left_only
jarrodhocking,Jarrod Hocking,sa3033893,,,,,,left_only
bradleyhodges,Bradley Hodges,sa3033896,,,,,,left_only
claytonhodges,Clayton Hodges,sa3033899,,,,,,left_only
tyhodge,Ty Hodge,sa3033906,,,,,,left_only
willhodo,Will Hodo,sa3033907,,,,,,left_only
jackhoeymans,Jack Hoeymans,sa3033914,,,,,,left_only
billyhoffacker,Billy Hoffacker,sa3033915,,,,,,left_only
erikhoffberg,Erik Hoffberg,sa3033917,,,,,,left_only
bradenhofmeyer,Braden Hofmeyer,sa3033926,,,,,,left_only
roberthogan,Robert Hogan,sa3033932,,,,,,left_only
jonathanhogart,Jonathan Hogart,sa3033935,,,,,,left_only
branthogue,Brant Hogue,sa3033937,,,,,,left_only
joshhogue,Josh Hogue,sa3033938,,,,,,left_only
camhoiland,Cam Hoiland,sa3033941,,,,,,left_only
krishokenson,Kris Hokenson,sa3033944,,,,,,left_only
dawsonhokuf,Dawson Hokuf,sa3033945,,,,,,left_only
nicholasholbrook,Nicholas Holbrook,sa3033948,,,,,,left_only
reeceholbrook,Reece Holbrook,sa3033949,,,,,,left_only
bradenholcomb,Braden Holcomb,sa3033951,,,,,,left_only
huxleyholcombe,Huxley Holcombe,sa3033952,,,,,,left_only
grantholderfield,Grant Holderfield,sa3033960,,,,,,left_only
jaxonholder,Jaxon Holder,sa3033961,,,,,,left_only
jeremiahholder,Jeremiah Holder,sa3033962,,,,,,left_only
taylorholder,Taylor Holder,sa3033964,,,,,,left_only
alholguin,Al Holguin,sa3033969,,,,,,left_only
carterholjes,Carter Holjes,sa3033972,,,,,,left_only
brendanholland,Brendan Holland,sa3033973,,,,,,left_only
lukeholland,Luke Holland,sa3033977,,,,,,left_only
braleyhollins,Braley Hollins,sa3033985,,,,,,left_only
nickhollifield,Nick Hollifield,sa3033990,,,,,,left_only
seanhollister,Sean Hollister,sa3033992,,,,,,left_only
bradyholloway,Brady Holloway,sa3033995,,,,,,left_only
kaiholm,Kai Holm,sa3034000,,,,,,left_only
evanholman,Evan Holman,sa3034001,,,,,,left_only
jackholman,Jack Holman,sa3034002,,,,,,left_only
derekholmes,Derek Holmes,sa3034007,,,,,,left_only
hunterholmes,Hunter Holmes,sa3034009,,,,,,left_only
jacksonholmes,Jackson Holmes,sa3034010,,,,,,left_only
willholmes,Will Holmes,sa3034015,,,,,,left_only
brennanholt,Brennan Holt,sa3034020,,,,,,left_only
campbellholt,Campbell Holt,sa3034022,,,,,,left_only
sebastianholt,Sebastian Holt,sa3034029,,,,,,left_only
masonholton,Mason Holton,sa3034032,,,,,,left_only
samholtz,Sam Holtz,sa3034037,,,,,,left_only
hunterholzemer,Hunter Holzemer,sa3034040,,,,,,left_only
matthewholzhammer,Matthew Holzhammer,sa3034042,,,,,,left_only
steviehom,Stevie Hom,sa3034045,,,,,,left_only
cjhood,CJ Hood,sa3034053,,,,,,left_only
kylehoog,Kyle Hoog,sa3034057,,,,,,left_only
jakehooker,Jake Hooker,sa3034059,,,,,,left_only
blakehooks,Blake Hooks,sa3034060,,,,,,left_only
chasehoover,Chase Hoover,sa3034066,,,,,,left_only
matthoover,Matt Hoover,sa3034069,,,,,,left_only
tylerhoover,Tyler Hoover,sa3034070,,,,,,left_only
jackhopko,Jack Hopko,sa3034078,,,,,,left_only
kameronhopson,Kameron Hopson,sa3034083,,,,,,left_only
zackhorky,Zack Horky,sa3034088,,,,,,left_only
darinhorn,Darin Horn,sa3034091,,,,,,left_only
davidhorn,David Horn,sa3034092,,,,,,left_only
jacksonhorn,Jackson Horn,sa3034095,,,,,,left_only
samhorn,Sam Horn,sa3034097,,,,,,left_only
tyhorn,Ty Horn,sa3034098,,,,,,left_only
justinhornschemeier,Justin Hornschemeier,sa3034102,,,,,,left_only
carsonhornung,Carson Hornung,sa3034103,,,,,,left_only
cullenhorowicz,Cullen Horowicz,sa3034104,,,,,,left_only
chasehorst,Chase Horst,sa3034105,,,,,,left_only
braydenhorton,Brayden Horton,sa3034106,,,,,,left_only
andrewhorvath,Andrew Horvath,sa3034115,,,,,,left_only
davidhorvath,David Horvath,sa3034116,,,,,,left_only
giannihorvat,Gianni Horvat,sa3034117,,,,,,left_only
masonhorwat,Mason Horwat,sa3034119,,,,,,left_only
zachhose,Zach Hose,sa3034122,,,,,,left_only
nickhosie,Nick Hosie,sa3034123,,,,,,left_only
lukehoskins,Luke Hoskins,sa3034126,,,,,,left_only
matthewhoskins,Matthew Hoskins,sa3034127,,,,,,left_only
bayramhot,Bayram Hot,sa3034135,,,,,,left_only
ethanhott,Ethan Hott,sa3034136,,,,,,left_only
andrewhoughton,Andrew Houghton,sa3034137,,,,,,left_only
brycehoughton,Bryce Houghton,sa3034138,,,,,,left_only
brookshouse,Brooks House,sa3034143,,,,,,left_only
carsonhoward,Carson Howard,sa3034156,,,,,,left_only
chandlerhoward,Chandler Howard,sa3034158,,,,,,left_only
colehowarth,Cole Howarth,sa3034159,,,,,,left_only
codyhoward,Cody Howard,sa3034160,,,,,,left_only
drewhoward,Drew Howard,sa3034162,,,,,,left_only
flynnhoward,Flynn Howard,sa3034165,,,,,,left_only
jedhoward,Jed Howard,sa3034168,,,,,,left_only
tylerhoward,Tyler Howard,sa3034172,,,,,,left_only
christianhowe,Christian Howe,sa3034175,,,,,,left_only
ryanhowe,Ryan Howe,sa3034177,,,,,,left_only
finnhowell,Finn Howell,sa3034180,,,,,,left_only
griffinhowell,Griffin Howell,sa3034181,,,,,,left_only
kalebhowell,Kaleb Howell,sa3034186,,,,,,left_only
jacksonhower,Jackson Hower,sa3034190,,,,,,left_only
cooperhrbacek,Cooper Hrbacek,sa3034199,,,,,,left_only
brandonhsu,Brandon Hsu,sa3034202,,,,,,left_only
ethanhsu,Ethan Hsu,sa3034203,,,,,,left_only
brycehubbard,Bryce Hubbard,sa3034205,,,,,,left_only
granthubka,Grant Hubka,sa3034215,,,,,,left_only
brennanhudson,Brennan Hudson,sa3034227,,,,,,left_only
toddhudson,Todd Hudson,sa3034232,,,,,,left_only
tobyhueber,Toby Hueber,sa3034236,,,,,,left_only
arjunhuerta,Arjun Huerta,sa3034239,,,,,,left_only
levihuesman,Levi Huesman,sa3034240,,,,,,left_only
hollishuff,Hollis Huff,sa3034244,,,,,,left_only
kadehuff,Kade Huff,sa3034245,,,,,,left_only
peytonhuff,Peyton Huff,sa3034246,,,,,,left_only
brycehughes,Bryce Hughes,sa3034258,,,,,,left_only
collinhughes,Collin Hughes,sa3034260,,,,,,left_only
ianhughes,Ian Hughes,sa3034264,,,,,,left_only
jacobhughes,Jacob Hughes,sa3034265,,,,,,left_only
loganhughes,Logan Hughes,sa3034267,,,,,,left_only
ryanhughes,Ryan Hughes,sa3034271,,,,,,left_only
treysonhughes,Treyson Hughes,sa3034273,,,,,,left_only
loganhugo,Logan Hugo,sa3034274,,,,,,left_only
jacksonhugus,Jackson Hugus,sa3034276,,,,,,left_only
tuckerhuhn,Tucker Huhn,sa3034277,,,,,,left_only
andreshulfachor,Andres Hulfachor,sa3034282,,,,,,left_only
davionehull,Davione Hull,sa3034283,,,,,,left_only
owenhull,Owen Hull,sa3034286,,,,,,left_only
henryhultquist,Henry Hultquist,sa3034289,,,,,,left_only
connorhults,Connor Hults,sa3034290,,,,,,left_only
williamhumphrey,William Humphrey,sa3034295,,,,,,left_only
isaachumphrey,Isaac Humphrey,sa3034296,,,,,,left_only
jacobhumphrey,Jacob Humphrey,sa3034297,,,,,,left_only
kadenhumphrey,Kaden Humphrey,sa3034298,,,,,,left_only
nathanhumphreys,Nathan Humphreys,sa3034299,,,,,,left_only
cooperhums,Cooper Hums,sa3034301,,,,,,left_only
christopherhund,Christopher Hund,sa3034302,,,,,,left_only
chasehungate,Chase Hungate,sa3034304,,,,,,left_only
austinhunley,Austin Hunley,sa3034306,,,,,,left_only
rileyhunsaker,Riley Hunsaker,sa3034308,,,,,,left_only
alexhunt,Alex Hunt,sa3034310,,,,,,left_only
branthunt,Brant Hunt,sa3034311,,,,,,left_only
samhunt,Sam Hunt,sa3034317,,,,,,left_only
stephenhunt,Stephen Hunt,sa3034318,,,,,,left_only
wyatthunt,Wyatt Hunt,sa3034320,,,,,,left_only
aidanhunter,Aidan Hunter,sa3034321,,,,,,left_only
colinhunter,Colin Hunter,sa3034322,,,,,,left_only
henryhunter,Henry Hunter,sa3034324,,,,,,left_only
jakehunter,Jake Hunter,sa3034326,,,,,,left_only
ryanhunter,Ryan Hunter,sa3034330,,,,,,left_only
shanehuntsberger,Shane Huntsberger,sa3034334,,,,,,left_only
jaedinhurd,Jaedin Hurd,sa3034337,,,,,,left_only
justinhurd,Justin Hurd,sa3034338,,,,,,left_only
loganhurd,Logan Hurd,sa3034339,,,,,,left_only
brykerhurdsman,Bryker Hurdsman,sa3034343,,,,,,left_only
evanhurlburt,Evan Hurlburt,sa3034344,,,,,,left_only
daltonhurst,Dalton Hurst,sa3034349,,,,,,left_only
joehusak,Joe Husak,sa3034353,,,,,,left_only
nickhusovsky,Nick Husovsky,sa3034356,,,,,,left_only
granthussey,Grant Hussey,sa3034359,,,,,,left_only
jacobhustedde,Jacob Hustedde,sa3034364,,,,,,left_only
ajhutcheson,AJ Hutcheson,sa3034365,,,,,,left_only
connorhutchinson,Connor Hutchinson,sa3034367,,,,,,left_only
paytonhutchings,Payton Hutchings,sa3034371,,,,,,left_only
ryanhutchinson,Ryan Hutchinson,sa3034372,,,,,,left_only
samhutchinson,Sam Hutchinson,sa3034373,,,,,,left_only
tylerhutson,Tyler Hutson,sa3034375,,,,,,left_only
parkerhutyra,Parker Hutyra,sa3034378,,,,,,left_only
nathanhuy,Nathan Huy,sa3034380,,,,,,left_only
jakehyde,Jake Hyde,sa3034382,,,,,,left_only
jacehyde,Jace Hyde,sa3034383,,,,,,left_only
joeyhylinski,Joey Hylinski,sa3034388,,,,,,left_only
jaydenhylton,Jayden Hylton,sa3034390,,,,,,left_only
colinhynek,Colin Hynek,sa3034393,,,,,,left_only
michaeliannazzo,Michael Iannazzo,sa3034395,,,,,,left_only
jackiannibelli,Jack Iannibelli,sa3034398,,,,,,left_only
thomasiaquinto,Thomas Iaquinto,sa3034400,,,,,,left_only
elijahickes,Elijah Ickes,sa3034405,,,,,,left_only
rileyiffrig,Riley Iffrig,sa3034408,,,,,,left_only
blakeignaciak,Blake Ignaciak,sa3034410,,,,,,left_only
mattilgenfritz,Matt Ilgenfritz,sa3034412,,,,,,left_only
patrickilitch,Patrick Ilitch,sa3034413,,,,,,left_only
travisilitch,Travis Ilitch,sa3034414,,,,,,left_only
maximhoff,Max Imhoff,sa3034415,,,,,,left_only
jeffreyince,Jeffrey Ince,sa3034419,,,,,,left_only
dannyinfante,Danny Infante,sa3034421,,,,,,left_only
fisheringersoll,Fisher Ingersoll,sa3034423,,,,,,left_only
jackingino,Jack Ingino,sa3034424,,,,,,left_only
noahingle,Noah Ingle,sa3034427,,,,,,left_only
chaseingram,Chase Ingram,sa3034429,,,,,,left_only
reedinterdonato,Reed Interdonato,sa3034438,,,,,,left_only
charlieiriotakis,Charlie Iriotakis,sa3034444,,,,,,left_only
alexirizarry,Alex Irizarry,sa3034446,,,,,,left_only
karsonirvin,Karson Irvin,sa3034451,,,,,,left_only
andrewisdale,Andrew Isdale,sa3034455,,,,,,left_only
nateisler,Nate Isler,sa3034457,,,,,,left_only
lucasismalli,Lucas Ismalli,sa3034458,,,,,,left_only
drewiverson,Drew Iverson,sa3034463,,,,,,left_only
lukeiverson,Luke Iverson,sa3034464,,,,,,left_only
victorizquierdo,Victor Izquierdo,sa3034471,,,,,,left_only
blakejacklin,Blake Jacklin,sa3034476,,,,,,left_only
lukejackman,Luke Jackman,sa3034477,,,,,,left_only
blakejackson,Blake Jackson,sa3034481,,,,,,left_only
chancejackson,Chance Jackson,sa3034484,,,,,,left_only
corejackson,Core Jackson,sa3034485,,,,,,left_only
evanjackson,Evan Jackson,sa3034491,,,,,,left_only
henryjackson,Henry Jackson,sa3034492,,,,,,left_only
isaiahjackson,Isaiah Jackson,sa3034493,,,,,,left_only
jakejackson,Jake Jackson,sa3034498,,,,,,left_only
kevinjackson,Kevin Jackson,sa3034503,,,,,,left_only
kennyjackson,Kenny Jackson,sa3034504,,,,,,left_only
lucasjackson,Lucas Jackson,sa3034508,,,,,,left_only
matthewjackson,Matthew Jackson,sa3034511,,,,,,left_only
milesjackson,Miles Jackson,sa3034513,,,,,,left_only
rileyjackson,Riley Jackson,sa3034515,,,,,,left_only
clayjacobs,Clay Jacobs,sa3034530,,,,,,left_only
dylanjacobs,Dylan Jacobs,sa3034531,,,,,,left_only
kadenjacobi,Kaden Jacobi,sa3034532,,,,,,left_only
keanujacobsguishard,Keanu Jacobs-Guishard,sa3034533,,,,,,left_only
willjacobson,Will Jacobson,sa3034537,,,,,,left_only
jessejaconski,Jesse Jaconski,sa3034538,,,,,,left_only
joejaconski,Joe Jaconski,sa3034539,,,,,,left_only
jordanjaffe,Jordan Jaffe,sa3034540,,,,,,left_only
jonathanjaime,Jonathan Jaime,sa3034543,,,,,,left_only
yashjain,Yash Jain,sa3034544,,,,,,left_only
jakejakubowski,Jake Jakubowski,sa3034546,,,,,,left_only
davidjames,David James,sa3034549,,,,,,left_only
johnjames,John James,sa3034553,,,,,,left_only
mattjames,Matt James,sa3034554,,,,,,left_only
justinjang,Justin Jang,sa3034570,,,,,,left_only
alexjankowski,Alex Jankowski,sa3034573,,,,,,left_only
evanjanner,Evan Janner,sa3034574,,,,,,left_only
loganjanney,Logan Janney,sa3034575,,,,,,left_only
joshjanove,Josh Janove,sa3034577,,,,,,left_only
chasejans,Chase Jans,sa3034580,,,,,,left_only
neiljansen,Neil Jansen,sa3034585,,,,,,left_only
chasejarnagin,Chase Jarnagin,sa3034590,,,,,,left_only
ryanjaros,Ryan Jaros,sa3034592,,,,,,left_only
jacobjarrell,Jacob Jarrell,sa3034595,,,,,,left_only
jacobjarvis,Jacob Jarvis,sa3034599,,,,,,left_only
patrickjarvis,Patrick Jarvis,sa3034601,,,,,,left_only
austenjaslove,Austen Jaslove,sa3034604,,,,,,left_only
williamjaun,William Jaun,sa3034606,,,,,,left_only
kevinjaxel,Kevin Jaxel,sa3034610,,,,,,left_only
carlosjazmin,Carlos Jazmin,sa3034613,,,,,,left_only
antoinejean,Antoine Jean,sa3034614,,,,,,left_only
dmjefferson,DM Jefferson,sa3034619,,,,,,left_only
emmettjefferson,Emmett Jefferson,sa3034620,,,,,,left_only
grahamjeffries,Graham Jeffries,sa3034626,,,,,,left_only
jerrodjenkins,Jerrod Jenkins,sa3034637,,,,,,left_only
leightonjenkins,Leighton Jenkins,sa3034640,,,,,,left_only
lukejenkins,Luke Jenkins,sa3034641,,,,,,left_only
quentinjenkins,Quentin Jenkins,sa3034644,,,,,,left_only
willjenkins,Will Jenkins,sa3034647,,,,,,left_only
nathanieljennewein,Nathaniel Jennewein,sa3034649,,,,,,left_only
chancellorjennings,Chancellor Jennings,sa3034650,,,,,,left_only
collinjennings,Collin Jennings,sa3034651,,,,,,left_only
kaydenjennings,Kayden Jennings,sa3034653,,,,,,left_only
maxjensen,Max Jensen,sa3034660,,,,,,left_only
mikeyjensen,Mikey Jensen,sa3034661,,,,,,left_only
ericjeon,Eric Jeon,sa3034666,,,,,,left_only
jacejeremiah,Jace Jeremiah,sa3034667,,,,,,left_only
andrewjergins,Andrew Jergins,sa3034669,,,,,,left_only
ryderjeske,Ryder Jeske,sa3034674,,,,,,left_only
willjesske,Will Jesske,sa3034678,,,,,,left_only
jacobjette,Jacob Jette,sa3034683,,,,,,left_only
aidenjimenez,Aiden Jimenez,sa3034689,,,,,,left_only
kennethjimenez,Kenneth Jimenez,sa3034698,,,,,,left_only
rjjimerson,RJ Jimerson,sa3034702,,,,,,left_only
kaynejinks,Kayne Jinks,sa3034704,,,,,,left_only
andrewjohnson,Andrew Johnson,sa3034709,,,,,,left_only
braydenjohnson,Brayden Johnson,sa3034713,,,,,,left_only
calebjohnson,Caleb Johnson,sa3034718,,,,,,left_only
camjohnson,Cam Johnson,sa3034720,,,,,,left_only
camdenjohnson,Camden Johnson,sa3034721,,,,,,left_only
connorjohnson,Connor Johnson,sa3034726,,,,,,left_only
connorjohnston,Connor Johnston,sa3034727,,,,,,left_only
davisjohnson,Davis Johnson,sa3034732,,,,,,left_only
damienjohnson,Damien Johnson,sa3034733,,,,,,left_only
dylanjohnson,Dylan Johnson,sa3034740,,,,,,left_only
garfieldjohns,Garfield Johns,sa3034750,,,,,,left_only
gavinjohnston,Gavin Johnston,sa3034751,,,,,,left_only
gavinjohnson,Gavin Johnson,sa3034752,,,,,,left_only
gunnarjohnson,Gunnar Johnson,sa3034753,,,,,,left_only
hasanijohnson,Hasani Johnson,sa3034756,,,,,,left_only
haydenjohnson,Hayden Johnson,sa3034757,,,,,,left_only
jackjohnston,Jack Johnston,sa3034760,,,,,,left_only
jakejohnson,Jake Johnson,sa3034761,,,,,,left_only
jackjohnson,Jack Johnson,sa3034762,,,,,,left_only
jebjohnson,Jeb Johnson,sa3034765,,,,,,left_only
jettjohnston,Jett Johnston,sa3034766,,,,,,left_only
joshjohnson,Josh Johnson,sa3034770,,,,,,left_only
keeganjohnson,Keegan Johnson,sa3034774,,,,,,left_only
kylejohnson,Kyle Johnson,sa3034780,,,,,,left_only
loganjohnstone,Logan Johnstone,sa3034783,,,,,,left_only
lucasjohnson,Lucas Johnson,sa3034785,,,,,,left_only
lukejohnson,Luke Johnson,sa3034786,,,,,,left_only
maxjohnson,Max Johnson,sa3034788,,,,,,left_only
meadejohnson,Meade Johnson,sa3034789,,,,,,left_only
nolanjohnson,Nolan Johnson,sa3034795,,,,,,left_only
olinjohnson,Olin Johnson,sa3034796,,,,,,left_only
parkerjohnson,Parker Johnson,sa3034798,,,,,,left_only
patrickjohnson,Patrick Johnson,sa3034799,,,,,,left_only
rettjohnson,Rett Johnson,sa3034802,,,,,,left_only
rjjohnson,Rj Johnson,sa3034804,,,,,,left_only
ryleyjohnson,Ryley Johnson,sa3034808,,,,,,left_only
tervelljohnson,Tervell Johnson,sa3034813,,,,,,left_only
terrancejohnson,Terrance Johnson,sa3034814,,,,,,left_only
tyresejohnson,Tyrese Johnson,sa3034821,,,,,,left_only
tyjohnsen,Ty Johnsen,sa3034823,,,,,,left_only
tylerjohns,Tyler Johns,sa3034824,,,,,,left_only
zachjohnston,Zach Johnston,sa3034830,,,,,,left_only
marshaljonas,Marshal Jonas,sa3034833,,,,,,left_only
ajjones,AJ Jones,sa3034835,,,,,,left_only
andrewjones,Andrew Jones,sa3034839,,,,,,left_only
bobbyjones,Bobby Jones,sa3034845,,,,,,left_only
brendanjones,Brendan Jones,sa3034848,,,,,,left_only
brycejones,Bryce Jones,sa3034849,,,,,,left_only
braydenjones,Brayden Jones,sa3034850,,,,,,left_only
bradyjones,Brady Jones,sa3034851,,,,,,left_only
calebjones,Caleb Jones,sa3034857,,,,,,left_only
charliejones,Charlie Jones,sa3034861,,,,,,left_only
colejones,Cole Jones,sa3034863,,,,,,left_only
dylanjones,Dylan Jones,sa3034865,,,,,,left_only
eastonjones,Easton Jones,sa3034867,,,,,,left_only
evanjones,Evan Jones,sa3034871,,,,,,left_only
gavinjones,Gavin Jones,sa3034872,,,,,,left_only
jadenjones,Jaden Jones,sa3034878,,,,,,left_only
jaysonjones,Jayson Jones,sa3034880,,,,,,left_only
jakejones,Jake Jones,sa3034882,,,,,,left_only
jalanjones,Jalan Jones,sa3034883,,,,,,left_only
jdjones,JD Jones,sa3034884,,,,,,left_only
kennedyjones,Kennedy Jones,sa3034887,,,,,,left_only
kevinjones,Kevin Jones,sa3034888,,,,,,left_only
kylejones,Kyle Jones,sa3034889,,,,,,left_only
lamarcusjones,LaMarcus Jones,sa3034890,,,,,,left_only
levijones,Levi Jones,sa3034891,,,,,,left_only
loganjones,Logan Jones,sa3034892,,,,,,left_only
maxjones,Max Jones,sa3034896,,,,,,left_only
meritjones,Merit Jones,sa3034898,,,,,,left_only
wesleyjones,Wesley Jones,sa3034923,,,,,,left_only
willjones,Will Jones,sa3034924,,,,,,left_only
zacjones,Zac Jones,sa3034926,,,,,,left_only
harperjordan,Harper Jordan,sa3034928,,,,,,left_only
jaxonjordan,Jaxon Jordan,sa3034929,,,,,,left_only
kazuyajordan,Kazuya Jordan,sa3034932,,,,,,left_only
louisjordan,Louis Jordan,sa3034936,,,,,,left_only
nichojordan,Nicho Jordan,sa3034938,,,,,,left_only
wesleyjordan,Wesley Jordan,sa3034939,,,,,,left_only
dominicjoseph,Dominic Joseph,sa3034944,,,,,,left_only
johnnyjoseph,Johnny Joseph,sa3034946,,,,,,left_only
michaeljoseph,Michael Joseph,sa3034947,,,,,,left_only
elliotjoslin,Elliot Joslin,sa3034951,,,,,,left_only
noahjouras,Noah Jouras,sa3034955,,,,,,left_only
justinjournette,Justin Journette,sa3034956,,,,,,left_only
dylanjoyce,Dylan Joyce,sa3034962,,,,,,left_only
mattjoyce,Matt Joyce,sa3034963,,,,,,left_only
whittjoyce,Whitt Joyce,sa3034966,,,,,,left_only
crossjumper,Cross Jumper,sa3034988,,,,,,left_only
clayjung,Clay Jung,sa3034991,,,,,,left_only
landryjurecka,Landry Jurecka,sa3035000,,,,,,left_only
jackkabel,Jack Kabel,sa3035006,,,,,,left_only
coltonkachinsky,Colton Kachinsky,sa3035007,,,,,,left_only
henrykaczmar,Henry Kaczmar,sa3035010,,,,,,left_only
landonkahl,Landon Kahl,sa3035015,,,,,,left_only
sammykahler,Sammy Kahler,sa3035017,,,,,,left_only
jackkail,Jack Kail,sa3035024,,,,,,left_only
jdkaiser,JD Kaiser,sa3035031,,,,,,left_only
tannerkaler,Tanner Kaler,sa3035037,,,,,,left_only
mattkalfas,Matt Kalfas,sa3035038,,,,,,left_only
maxkalk,Max Kalk,sa3035041,,,,,,left_only
myleskallinger,Myles Kallinger,sa3035042,,,,,,left_only
titankamaka,Titan Kamaka,sa3035045,,,,,,left_only
deankampschror,Dean Kampschror,sa3035051,,,,,,left_only
connorkane,Connor Kane,sa3035053,,,,,,left_only
doylekane,Doyle Kane,sa3035054,,,,,,left_only
nickkane,Nick Kane,sa3035055,,,,,,left_only
samkane,Sam Kane,sa3035056,,,,,,left_only
andrewkanellis,Andrew Kanellis,sa3035058,,,,,,left_only
ethankang,Ethan Kang,sa3035059,,,,,,left_only
jordankang,Jordan Kang,sa3035060,,,,,,left_only
seankang,Sean Kang,sa3035061,,,,,,left_only
garretkangas,Garret Kangas,sa3035062,,,,,,left_only
kalebkantola,Kaleb Kantola,sa3035063,,,,,,left_only
martykaplan,Marty Kaplan,sa3035070,,,,,,left_only
tylerkapraun,Tyler Kapraun,sa3035073,,,,,,left_only
camdenkarczewski,Camden Karczewski,sa3035079,,,,,,left_only
cadynkarl,Cadyn Karl,sa3035081,,,,,,left_only
calebkarll,Caleb Karll,sa3035084,,,,,,left_only
nickkarls,Nick Karls,sa3035085,,,,,,left_only
alexkarns,Alex Karns,sa3035088,,,,,,left_only
bradykarp,Brady Karp,sa3035089,,,,,,left_only
joekarpierz,Joe Karpierz,sa3035091,,,,,,left_only
zachkarson,Zach Karson,sa3035093,,,,,,left_only
ryankarst,Ryan Karst,sa3035095,,,,,,left_only
jackkartsonas,Jack Kartsonas,sa3035096,,,,,,left_only
gavinkash,Gavin Kash,sa3035097,,,,,,left_only
codykashimoto,Cody Kashimoto,sa3035098,,,,,,left_only
joeykasper,Joey Kasper,sa3035102,,,,,,left_only
seankasper,Sean Kasper,sa3035104,,,,,,left_only
torinkassebaum,Torin Kassebaum,sa3035106,,,,,,left_only
stephenkatch,Stephen Katch,sa3035108,,,,,,left_only
hunterkatschke,Hunter Katschke,sa3035111,,,,,,left_only
cooperkatskee,Cooper Katskee,sa3035112,,,,,,left_only
adamkatz,Adam Katz,sa3035114,,,,,,left_only
chriskatz,Chris Katz,sa3035116,,,,,,left_only
joshkatz,Josh Katz,sa3035117,,,,,,left_only
aidankatzman,Aidan Katzman,sa3035118,,,,,,left_only
maxkaufer,Max Kaufer,sa3035119,,,,,,left_only
harrisonkaufman,Harrison Kaufman,sa3035121,,,,,,left_only
keagonkaufmann,Keagon Kaufmann,sa3035122,,,,,,left_only
alexkean,Alex Kean,sa3035131,,,,,,left_only
benkeefe,Ben Keefe,sa3035145,,,,,,left_only
christiankeel,Christian Keel,sa3035146,,,,,,left_only
trekeels,Tre Keels,sa3035148,,,,,,left_only
hunterkeen,Hunter Keen,sa3035150,,,,,,left_only
aidankeenan,Aidan Keenan,sa3035151,,,,,,left_only
jimmykeenan,Jimmy Keenan,sa3035154,,,,,,left_only
tylerkehoe,Tyler Kehoe,sa3035163,,,,,,left_only
patrickkeighran,Patrick Keighran,sa3035164,,,,,,left_only
carsonkeithley,Carson Keithley,sa3035167,,,,,,left_only
grahamkelham,Graham Kelham,sa3035173,,,,,,left_only
nelsonkeljo,Nelson Keljo,sa3035174,,,,,,left_only
kevinkell,Kevin Kell,sa3035175,,,,,,left_only
dannykelleher,Danny Kelleher,sa3035179,,,,,,left_only
jackkelley,Jack Kelley,sa3035184,,,,,,left_only
mickkelley,Mick Kelley,sa3035192,,,,,,left_only
noahkeller,Noah Keller,sa3035193,,,,,,left_only
conorkelly,Conor Kelly,sa3035210,,,,,,left_only
frankkelly,Frank Kelly,sa3035212,,,,,,left_only
jordankelly,Jordan Kelly,sa3035219,,,,,,left_only
owenkelly,Owen Kelly,sa3035227,,,,,,left_only
rileykelly,Riley Kelly,sa3035229,,,,,,left_only
trentkelly,Trent Kelly,sa3035232,,,,,,left_only
zachkelly,Zach Kelly,sa3035235,,,,,,left_only
zanekelly,Zane Kelly,sa3035236,,,,,,left_only
carterkelsey,Carter Kelsey,sa3035237,,,,,,left_only
jameskemp,James Kemp,sa3035241,,,,,,left_only
nolankemp,Nolan Kemp,sa3035243,,,,,,left_only
tyriqkemp,Tyriq Kemp,sa3035244,,,,,,left_only
calebkempler,Caleb Kempler,sa3035246,,,,,,left_only
billykender,Billy Kender,sa3035249,,,,,,left_only
jakekendro,Jake Kendro,sa3035251,,,,,,left_only
noahkendrick,Noah Kendrick,sa3035254,,,,,,left_only
claykennedy,Clay Kennedy,sa3035260,,,,,,left_only
coltonkennedy,Colton Kennedy,sa3035262,,,,,,left_only
deekennedy,Dee Kennedy,sa3035263,,,,,,left_only
elykennel,Ely Kennel,sa3035264,,,,,,left_only
jakekennedy,Jake Kennedy,sa3035269,,,,,,left_only
jjkennett,JJ Kennett,sa3035270,,,,,,left_only
ryankennell,Ryan Kennell,sa3035276,,,,,,left_only
craigkenny,Craig Kenny,sa3035281,,,,,,left_only
reeskent,Rees Kent,sa3035284,,,,,,left_only
tommykent,Tommy Kent,sa3035285,,,,,,left_only
zackkent,Zack Kent,sa3035287,,,,,,left_only
dylankerbow,Dylan Kerbow,sa3035296,,,,,,left_only
carsonkerce,Carson Kerce,sa3035297,,,,,,left_only
jakekernodle,Jake Kernodle,sa3035299,,,,,,left_only
drakekerr,Drake Kerr,sa3035300,,,,,,left_only
colinkerrigan,Colin Kerrigan,sa3035301,,,,,,left_only
richiekerstetter,Richie Kerstetter,sa3035307,,,,,,left_only
kylekesel,Kyle Kesel,sa3035308,,,,,,left_only
cameronkeshock,Cameron Keshock,sa3035309,,,,,,left_only
chandlerketchup,Chandler Ketchup,sa3035315,,,,,,left_only
coleketchum,Cole Ketchum,sa3035316,,,,,,left_only
brookskettering,Brooks Kettering,sa3035318,,,,,,left_only
coleketzner,Cole Ketzner,sa3035321,,,,,,left_only
shanekeup,Shane Keup,sa3035323,,,,,,left_only
justinkeuss,Justin Keuss,sa3035324,,,,,,left_only
haydekey,Hayde Key,sa3035325,,,,,,left_only
brandonkeyster,Brandon Keyster,sa3035330,,,,,,left_only
anthonikiafoulis,Anthoni Kiafoulis,sa3035334,,,,,,left_only
kaenakiakona,Kaena Kiakona,sa3035336,,,,,,left_only
domkibler,Dom Kibler,sa3035338,,,,,,left_only
colinkidd,Colin Kidd,sa3035340,,,,,,left_only
rickykidd,Ricky Kidd,sa3035341,,,,,,left_only
willkiesel,Will Kiesel,sa3035349,,,,,,left_only
calkilgore,Cal Kilgore,sa3035356,,,,,,left_only
jackkillelea,Jack Killelea,sa3035359,,,,,,left_only
benkim,Ben Kim,sa3035370,,,,,,left_only
cameronkim,Cameron Kim,sa3035371,,,,,,left_only
jonathankim,Jonathan Kim,sa3035373,,,,,,left_only
justinkim,Justin Kim,sa3035374,,,,,,left_only
ryankim,Ryan Kim,sa3035375,,,,,,left_only
romankimball,Roman Kimball,sa3035376,,,,,,left_only
lukekimmel,Luke Kimmel,sa3035380,,,,,,left_only
devonking,Devon King,sa3035395,,,,,,left_only
dylanking,Dylan King,sa3035396,,,,,,left_only
houstonking,Houston King,sa3035401,,,,,,left_only
jakeking,Jake King,sa3035403,,,,,,left_only
jimmyking,Jimmy King,sa3035404,,,,,,left_only
mattking,Matt King,sa3035409,,,,,,left_only
ryanking,Ryan King,sa3035414,,,,,,left_only
skylarking,Skylar King,sa3035415,,,,,,left_only
treyking,Trey King,sa3035419,,,,,,left_only
wyattking,Wyatt King,sa3035420,,,,,,left_only
eddiekingjr,Eddie King Jr.,sa3035421,,,,,,left_only
jadenkinsler,Jaden Kinsler,sa3035428,,,,,,left_only
kylekipp,Kyle Kipp,sa3035431,,,,,,left_only
tylerkipp,Tyler Kipp,sa3035432,,,,,,left_only
andrewkirchner,Andrew Kirchner,sa3035437,,,,,,left_only
elikirkendoll,Eli Kirkendoll,sa3035445,,,,,,left_only
ryankittredge,Ryan Kittredge,sa3035473,,,,,,left_only
koleklecker,Kole Klecker,sa3035480,,,,,,left_only
brendankleiman,Brendan Kleiman,sa3035481,,,,,,left_only
anthonyklein,Anthony Klein,sa3035482,,,,,,left_only
caseykleinman,Casey Kleinman,sa3035485,,,,,,left_only
evankleinhans,Evan Kleinhans,sa3035487,,,,,,left_only
mattklein,Matt Klein,sa3035491,,,,,,left_only
noahklein,Noah Klein,sa3035492,,,,,,left_only
shugyklein,Shugy Klein,sa3035495,,,,,,left_only
vanklein,Van Klein,sa3035497,,,,,,left_only
jackkleveno,Jack Kleveno,sa3035502,,,,,,left_only
eliekligman,Elie Kligman,sa3035504,,,,,,left_only
brendenkline,Brenden Kline,sa3035505,,,,,,left_only
cadenkline,Caden Kline,sa3035506,,,,,,left_only
coreykling,Corey Kling,sa3035509,,,,,,left_only
koryklingenbeck,Kory Klingenbeck,sa3035510,,,,,,left_only
paxtonkling,Paxton Kling,sa3035512,,,,,,left_only
hunterklotz,Hunter Klotz,sa3035516,,,,,,left_only
joshklug,Josh Klug,sa3035517,,,,,,left_only
aidanknaak,Aidan Knaak,sa3035526,,,,,,left_only
jakeknapp,Jake Knapp,sa3035531,,,,,,left_only
christianknight,Christian Knight,sa3035542,,,,,,left_only
lawsonknight,Lawson Knight,sa3035546,,,,,,left_only
loganknight,Logan Knight,sa3035547,,,,,,left_only
malakhiknight,Malakhi Knight,sa3035548,,,,,,left_only
maxknight,Max Knight,sa3035549,,,,,,left_only
prestonknott,Preston Knott,sa3035561,,,,,,left_only
dylanknowles,Dylan Knowles,sa3035563,,,,,,left_only
paytonknowles,Payton Knowles,sa3035567,,,,,,left_only
connorknox,Connor Knox,sa3035569,,,,,,left_only
masonkoch,Mason Koch,sa3035577,,,,,,left_only
drewkoenen,Drew Koenen,sa3035589,,,,,,left_only
landonkoenig,Landon Koenig,sa3035591,,,,,,left_only
logankoester,Logan Koester,sa3035598,,,,,,left_only
tysonkogel,Tyson Kogel,sa3035599,,,,,,left_only
willkoger,Will Koger,sa3035600,,,,,,left_only
andrewkohl,Andrew Kohl,sa3035602,,,,,,left_only
picokohn,Pico Kohn,sa3035607,,,,,,left_only
djkojis,DJ Kojis,sa3035610,,,,,,left_only
ryankolben,Ryan Kolben,sa3035613,,,,,,left_only
trevorkole,Trevor Kole,sa3035615,,,,,,left_only
jordankolenda,Jordan Kolenda,sa3035616,,,,,,left_only
nickkolze,Nick Kolze,sa3035621,,,,,,left_only
hunterkomine,Hunter Komine,sa3035622,,,,,,left_only
cadenkonczak,Caden Konczak,sa3035625,,,,,,left_only
colekoniarsky,Cole Koniarsky,sa3035626,,,,,,left_only
haydenkonkler,Hayden Konkler,sa3035629,,,,,,left_only
quinkonuszewski,Quin Konuszewski,sa3035631,,,,,,left_only
colekoonce,Cole Koonce,sa3035633,,,,,,left_only
jakekoonin,Jake Koonin,sa3035634,,,,,,left_only
dylankoontz,Dylan Koontz,sa3035635,,,,,,left_only
joshkopetski,Josh Kopetski,sa3035639,,,,,,left_only
dylankordic,Dylan Kordic,sa3035642,,,,,,left_only
andrewkoshy,Andrew Koshy,sa3035648,,,,,,left_only
kadenkosobucki,Kaden Kosobucki,sa3035650,,,,,,left_only
masonkosowick,Mason Kosowick,sa3035652,,,,,,left_only
mikekoszewski,Mike Koszewski,sa3035654,,,,,,left_only
caedonkottinger,Caedon Kottinger,sa3035656,,,,,,left_only
zackkovalchik,Zack Kovalchik,sa3035660,,,,,,left_only
reeskozar,Rees Kozar,sa3035666,,,,,,left_only
jacksonkraemer,Jackson Kraemer,sa3035671,,,,,,left_only
ryankraft,Ryan Kraft,sa3035673,,,,,,left_only
jasonkrakoski,Jason Krakoski,sa3035674,,,,,,left_only
kadenkram,Kaden Kram,sa3035677,,,,,,left_only
johnkramer,John Kramer,sa3035683,,,,,,left_only
owenkramkowski,Owen Kramkowski,sa3035687,,,,,,left_only
alexkranzler,Alex Kranzler,sa3035688,,,,,,left_only
chaytonkrauss,Chayton Krauss,sa3035692,,,,,,left_only
christiankrause,Christian Krause,sa3035693,,,,,,left_only
charliekrebs,Charlie Krebs,sa3035700,,,,,,left_only
logankreske,Logan Kreske,sa3035706,,,,,,left_only
brodiekresser,Brodie Kresser,sa3035708,,,,,,left_only
nikokreuzer,Niko Kreuzer,sa3035716,,,,,,left_only
chasekrewson,Chase Krewson,sa3035717,,,,,,left_only
elliotkrewson,Elliot Krewson,sa3035718,,,,,,left_only
chasekriebel,Chase Kriebel,sa3035720,,,,,,left_only
jacobkrieg,Jacob Krieg,sa3035721,,,,,,left_only
kevinkrill,Kevin Krill,sa3035723,,,,,,left_only
lukekrkovski,Luke Krkovski,sa3035727,,,,,,left_only
ajkrodel,AJ Krodel,sa3035728,,,,,,left_only
ryankroepel,Ryan Kroepel,sa3035729,,,,,,left_only
kobykropf,Koby Kropf,sa3035732,,,,,,left_only
carterkrosky,Carter Krosky,sa3035733,,,,,,left_only
lukekrouse,Luke Krouse,sa3035734,,,,,,left_only
karsonkrowka,Karson Krowka,sa3035735,,,,,,left_only
landonkruer,Landon Kruer,sa3035738,,,,,,left_only
jackkruger,Jack Kruger,sa3035740,,,,,,left_only
domkrupinski,Dom Krupinski,sa3035744,,,,,,left_only
ryankruse,Ryan Kruse,sa3035746,,,,,,left_only
marcuskruzan,Marcus Kruzan,sa3035748,,,,,,left_only
brodykrzysiak,Brody Krzysiak,sa3035754,,,,,,left_only
nolankubilus,Nolan Kubilus,sa3035757,,,,,,left_only
ryankucherak,Ryan Kucherak,sa3035761,,,,,,left_only
jpkuczik,JP Kuczik,sa3035764,,,,,,left_only
brockkuehler,Brock Kuehler,sa3035766,,,,,,left_only
carlkuentzel,Carl Kuentzel,sa3035768,,,,,,left_only
maxkuhle,Max Kuhle,sa3035770,,,,,,left_only
camdenkuhnke,Camden Kuhnke,sa3035771,,,,,,left_only
jakekulikowski,Jake Kulikowski,sa3035778,,,,,,left_only
matthewkurata,Matthew Kurata,sa3035791,,,,,,left_only
braydenkuriger,Brayden Kuriger,sa3035792,,,,,,left_only
connorkurki,Connor Kurki,sa3035793,,,,,,left_only
cadekurland,Cade Kurland,sa3035794,,,,,,left_only
braydenkurtz,Brayden Kurtz,sa3035795,,,,,,left_only
darinkuskie,Darin Kuskie,sa3035798,,,,,,left_only
austinkutz,Austin Kutz,sa3035802,,,,,,left_only
ryankutz,Ryan Kutz,sa3035803,,,,,,left_only
zachkwasny,Zach Kwasny,sa3035806,,,,,,left_only
johnkwiatkowski,John Kwiatkowski,sa3035808,,,,,,left_only
ryankysar,Ryan Kysar,sa3035811,,,,,,left_only
jorhanlaboy,Jorhan LaBoy,sa3035818,,,,,,left_only
ajlabrusciano,AJ Labrusciano,sa3035821,,,,,,left_only
marcuslabuda,Marcus LaBuda,sa3035822,,,,,,left_only
vahnlackey,Vahn Lackey,sa3035829,,,,,,left_only
kobeladd,Kobe Ladd,sa3035836,,,,,,left_only
raymondladd,Raymond Ladd,sa3035837,,,,,,left_only
cadeladehoff,Cade Ladehoff,sa3035838,,,,,,left_only
austinlafferty,Austin Lafferty,sa3035843,,,,,,left_only
drewlafferty,Drew Lafferty,sa3035844,,,,,,left_only
johnlafleur,John LaFleur,sa3035846,,,,,,left_only
alexlaird,Alex Laird,sa3035851,,,,,,left_only
zaclaird,Zac Laird,sa3035852,,,,,,left_only
joshlaisure,Josh Laisure,sa3035853,,,,,,left_only
joshlajoie,Josh Lajoie,sa3035854,,,,,,left_only
davidlallyjr,David Lally Jr.,sa3035859,,,,,,left_only
tristanlamaison,Tristan LaMaison,sa3035861,,,,,,left_only
ryanlamar,Ryan Lamar,sa3035863,,,,,,left_only
tommylamar,Tommy Lamar,sa3035864,,,,,,left_only
andrewlamb,Andrew Lamb,sa3035867,,,,,,left_only
jakelambdin,Jake Lambdin,sa3035873,,,,,,left_only
paytonlabert,Payton Labert,sa3035882,,,,,,left_only
elijahlambros,Elijah Lambros,sa3035883,,,,,,left_only
xaigelancaster,Xaige Lancaster,sa3035893,,,,,,left_only
nathanlancianese,Nathan Lancianese,sa3035896,,,,,,left_only
stevenlancia,Steven Lancia,sa3035897,,,,,,left_only
wyattland,Wyatt Land,sa3035900,,,,,,left_only
trevorlanden,Trevor Landen,sa3035904,,,,,,left_only
isaiahlandry,Isaiah Landry,sa3035908,,,,,,left_only
alexlane,Alex Lane,sa3035912,,,,,,left_only
bobbylane,Bobby Lane,sa3035913,,,,,,left_only
carsonlane,Carson Lane,sa3035914,,,,,,left_only
isaiahlane,Isaiah Lane,sa3035915,,,,,,left_only
jonathanlane,Jonathan Lane,sa3035916,,,,,,left_only
maxlane,Max Lane,sa3035917,,,,,,left_only
michaellane,Michael Lane,sa3035918,,,,,,left_only
seanlane,Sean Lane,sa3035922,,,,,,left_only
tylerlang,Tyler Lang,sa3035932,,,,,,left_only
kylelangley,Kyle Langley,sa3035939,,,,,,left_only
trentenlangley,Trenten Langley,sa3035942,,,,,,left_only
garrettlangrell,Garrett Langrell,sa3035946,,,,,,left_only
brodylanham,Brody Lanham,sa3035949,,,,,,left_only
delshaunlanier,Delshaun Lanier,sa3035950,,,,,,left_only
brettlanman,Brett Lanman,sa3035953,,,,,,left_only
corbinlanowitz,Corbin Lanowitz,sa3035956,,,,,,left_only
drewlanphere,Drew Lanphere,sa3035957,,,,,,left_only
cooperlanz,Cooper Lanz,sa3035963,,,,,,left_only
jakelanzer,Jake Lanzer,sa3035965,,,,,,left_only
bennettlapalm,Bennett LaPalm,sa3035967,,,,,,left_only
dylanlapointe,Dylan LaPointe,sa3035973,,,,,,left_only
tommylapour,Tommy LaPour,sa3035976,,,,,,left_only
michaellareau,Michael Lareau,sa3035980,,,,,,left_only
simonlarranaga,Simon Larranaga,sa3035988,,,,,,left_only
garrettlarsen,Garrett Larsen,sa3035994,,,,,,left_only
ashtonlarson,Ashton Larson,sa3035995,,,,,,left_only
brandonlarson,Brandon Larson,sa3035997,,,,,,left_only
connorlarson,Connor Larson,sa3035998,,,,,,left_only
jakelarson,Jake Larson,sa3036000,,,,,,left_only
vanlarson,Van Larson,sa3036006,,,,,,left_only
willlarson,Will Larson,sa3036007,,,,,,left_only
anthonylasala,Anthony LaSala,sa3036013,,,,,,left_only
donovanlasalle,Donovan LaSalle,sa3036014,,,,,,left_only
bobbylasbury,Bobby Lasbury,sa3036015,,,,,,left_only
renelastres,Rene Lastres,sa3036026,,,,,,left_only
rjlatkowski,RJ Latkowski,sa3036030,,,,,,left_only
maddoxlatta,Maddox Latta,sa3036032,,,,,,left_only
michaellatulas,Michael Latulas,sa3036035,,,,,,left_only
johnlauinger,John Lauinger,sa3036042,,,,,,left_only
ajlausten,AJ Lausten,sa3036046,,,,,,left_only
lancelauve,Lance Lauve,sa3036047,,,,,,left_only
declanlavelle,Declan Lavelle,sa3036052,,,,,,left_only
robbielavey,Robbie Lavey,sa3036054,,,,,,left_only
luclavigueur,Luc Lavigueur,sa3036055,,,,,,left_only
lukelavin,Luke Lavin,sa3036056,,,,,,left_only
kylelaw,Kyle Law,sa3036061,,,,,,left_only
reecelawler,Reece Lawler,sa3036063,,,,,,left_only
gardnerlawrence,Gardner Lawrence,sa3036066,,,,,,left_only
lukelawrence,Luke Lawrence,sa3036069,,,,,,left_only
johnlawson,John Lawson,sa3036077,,,,,,left_only
nathanlawson,Nathan Lawson,sa3036078,,,,,,left_only
tylawson,Ty Lawson,sa3036080,,,,,,left_only
chetlax,Chet Lax,sa3036082,,,,,,left_only
grahamlaxton,Graham Laxton,sa3036084,,,,,,left_only
jameslayman,James Layman,sa3036085,,,,,,left_only
jacklazark,Jack Lazark,sa3036089,,,,,,left_only
elilazio,Eli Lazio,sa3036090,,,,,,left_only
antonlazits,Anton Lazits,sa3036091,,,,,,left_only
charlielazo,Charlie Lazo,sa3036092,,,,,,left_only
jasonlazo,Jason Lazo,sa3036093,,,,,,left_only
drewleach,Drew Leach,sa3036102,,,,,,left_only
mattleahy,Matt Leahy,sa3036110,,,,,,left_only
coleleaman,Cole Leaman,sa3036112,,,,,,left_only
maxleblanc,Max LeBlanc,sa3036126,,,,,,left_only
justinlebron,Justin Lebron,sa3036129,,,,,,left_only
kaileckszas,Kai Leckszas,sa3036135,,,,,,left_only
ryanleclair,Ryan LeClair,sa3036136,,,,,,left_only
talmadgelecroy,Talmadge LeCroy,sa3036138,,,,,,left_only
parksledwell,Parks Ledwell,sa3036145,,,,,,left_only
hudsonlee,Hudson Lee,sa3036155,,,,,,left_only
jefflee,Jeff Lee,sa3036158,,,,,,left_only
jeheelee,Jehee Lee,sa3036159,,,,,,left_only
justinlee,Justin Lee,sa3036160,,,,,,left_only
ryanlee,Ryan Lee,sa3036165,,,,,,left_only
bryceleedle,Bryce Leedle,sa3036170,,,,,,left_only
nickleehey,Nick Leehey,sa3036171,,,,,,left_only
haidenleffew,Haiden Leffew,sa3036174,,,,,,left_only
tylerlegendre,Tyler Legendre,sa3036177,,,,,,left_only
justinleguernic,Justin LeGuernic,sa3036183,,,,,,left_only
adamlehmann,Adam Lehmann,sa3036184,,,,,,left_only
justinlehman,Justin Lehman,sa3036186,,,,,,left_only
blakelehmbeck,Blake Lehmbeck,sa3036188,,,,,,left_only
mattleikus,Matt Leikus,sa3036194,,,,,,left_only
drewleinenbach,Drew Leinenbach,sa3036196,,,,,,left_only
nathanleininger,Nathan Leininger,sa3036199,,,,,,left_only
bradylejeunedeacutis,Brady LeJeune-DeAcutis,sa3036207,,,,,,left_only
cameronlejeune,Cameron Lejeune,sa3036208,,,,,,left_only
lukelemond,Luke LeMond,sa3036214,,,,,,left_only
tylerlender,Tyler Lender,sa3036216,,,,,,left_only
andyleon,Andy Leon,sa3036217,,,,,,left_only
eddieleon,Eddie Leon,sa3036219,,,,,,left_only
trevorleon,Trevor Leon,sa3036221,,,,,,left_only
bryceleonard,Bryce Leonard,sa3036222,,,,,,left_only
brooksleonard,Brooks Leonard,sa3036223,,,,,,left_only
cadenleonard,Caden Leonard,sa3036225,,,,,,left_only
calleonard,Cal Leonard,sa3036226,,,,,,left_only
samuelleonard,Samuel Leonard,sa3036232,,,,,,left_only
tannerleonard,Tanner Leonard,sa3036233,,,,,,left_only
masonlerma,Mason Lerma,sa3036245,,,,,,left_only
brandoleroux,Brando Leroux,sa3036246,,,,,,left_only
tylerleroy,Tyler Leroy,sa3036247,,,,,,left_only
brettlesher,Brett Lesher,sa3036249,,,,,,left_only
kylelesler,Kyle Lesler,sa3036254,,,,,,left_only
jaredlessman,Jared Lessman,sa3036256,,,,,,left_only
parkerlester,Parker Lester,sa3036258,,,,,,left_only
teigelethert,Teige Lethert,sa3036259,,,,,,left_only
lukeleto,Luke Leto,sa3036261,,,,,,left_only
lucasletsinger,Lucas Letsinger,sa3036263,,,,,,left_only
rohanlettow,Rohan Lettow,sa3036265,,,,,,left_only
marcolevari,Marco Levari,sa3036271,,,,,,left_only
lukeleverton,Luke Leverton,sa3036273,,,,,,left_only
trystanlevesque,Trystan Levesque,sa3036275,,,,,,left_only
brodylevin,Brody Levin,sa3036277,,,,,,left_only
jacklevine,Jack Levine,sa3036278,,,,,,left_only
peterlevin,Peter Levin,sa3036281,,,,,,left_only
mulivailevu,Mulivai Levu,sa3036284,,,,,,left_only
colinlewandowski,Colin Lewandowski,sa3036288,,,,,,left_only
andreauslewisii,Andreaus Lewis II,sa3036289,,,,,,left_only
bradleylewis,Bradley Lewis,sa3036291,,,,,,left_only
cjlewis,C.J. Lewis,sa3036293,,,,,,left_only
davidlewis,David Lewis,sa3036295,,,,,,left_only
ethanlewis,Ethan Lewis,sa3036297,,,,,,left_only
gavinlewisjr,Gavin Lewis Jr.,sa3036298,,,,,,left_only
haydenlewis,Hayden Lewis,sa3036299,,,,,,left_only
jaredlewis,Jared Lewis,sa3036303,,,,,,left_only
jeriahlewis,Jeriah Lewis,sa3036304,,,,,,left_only
kadelewis,Kade Lewis,sa3036307,,,,,,left_only
shanelewis,Shane Lewis,sa3036310,,,,,,left_only
zachlewis,Zach Lewis,sa3036314,,,,,,left_only
calebleys,Caleb Leys,sa3036316,,,,,,left_only
ethanliao,Ethan Liao,sa3036318,,,,,,left_only
nicolibed,Nico Libed,sa3036320,,,,,,left_only
robbieliddington,Robbie Liddington,sa3036327,,,,,,left_only
bradyliddle,Brady Liddle,sa3036328,,,,,,left_only
karsonligon,Karson Ligon,sa3036337,,,,,,left_only
reeseligtenberg,Reese Ligtenberg,sa3036338,,,,,,left_only
christianlim,Christian Lim,sa3036340,,,,,,left_only
jacoblimas,Jacob Limas,sa3036341,,,,,,left_only
ericlin,Eric Lin,sa3036343,,,,,,left_only
willlinberg,Will Linberg,sa3036344,,,,,,left_only
nathanlincoln,Nathan Lincoln,sa3036347,,,,,,left_only
jacksonlind,Jackson Lind,sa3036348,,,,,,left_only
simonlinde,Simon Linde,sa3036349,,,,,,left_only
michaellindsey,Michael Lindsey,sa3036354,,,,,,left_only
tonylindwedel,Tony Lindwedel,sa3036357,,,,,,left_only
peterlink,Peter Link,sa3036360,,,,,,left_only
connerlinn,Conner Linn,sa3036364,,,,,,left_only
jacksonlinn,Jackson Linn,sa3036365,,,,,,left_only
trentliolios,Trent Liolios,sa3036371,,,,,,left_only
reeselipoma,Reese Lipoma,sa3036373,,,,,,left_only
michaellippe,Michael Lippe,sa3036375,,,,,,left_only
treylipsey,Trey Lipsey,sa3036378,,,,,,left_only
domlisti,Dom Listi,sa3036385,,,,,,left_only
lucaslitteral,Lucas Litteral,sa3036388,,,,,,left_only
brantonlittle,Branton Little,sa3036391,,,,,,left_only
codylittle,Cody Little,sa3036395,,,,,,left_only
corbanlittle,Corban Little,sa3036396,,,,,,left_only
morganlittle,Morgan Little,sa3036401,,,,,,left_only
ryanlittle,Ryan Little,sa3036403,,,,,,left_only
arthurliu,Arthur Liu,sa3036404,,,,,,left_only
matthewlively,Matthew Lively,sa3036406,,,,,,left_only
joshlivingston,Josh Livingston,sa3036412,,,,,,left_only
ethanlizama,Ethan Lizama,sa3036417,,,,,,left_only
jaxonlloyd,Jaxon Lloyd,sa3036423,,,,,,left_only
victorloa,Victor Loa,sa3036426,,,,,,left_only
jaydenlobliner,Jayden Lobliner,sa3036429,,,,,,left_only
connorlockwood,Connor Lockwood,sa3036437,,,,,,left_only
nicklocurto,Nick Locurto,sa3036439,,,,,,left_only
kyanlodice,Kyan Lodice,sa3036444,,,,,,left_only
brixtonlofgren,Brixton Lofgren,sa3036451,,,,,,left_only
jacksonlogar,Jackson Logar,sa3036455,,,,,,left_only
chaseloggins,Chase Loggins,sa3036456,,,,,,left_only
dawsonlogie,Dawson Logie,sa3036457,,,,,,left_only
bradkelohry,Bradke Lohry,sa3036464,,,,,,left_only
ianlohse,Ian Lohse,sa3036465,,,,,,left_only
drewloikits,Drew Loikits,sa3036466,,,,,,left_only
coltonlomanto,Colton Lomanto,sa3036469,,,,,,left_only
richardlong,Richard Long,sa3036493,,,,,,left_only
adanlongoria,Adan Longoria,sa3036501,,,,,,left_only
joelongo,Joe Longo,sa3036502,,,,,,left_only
zachlongshore,Zach Longshore,sa3036508,,,,,,left_only
landenlooper,Landen Looper,sa3036513,,,,,,left_only
bobbyloper,Bobby Loper,sa3036518,,,,,,left_only
adrianlopez,Adrian Lopez,sa3036523,,,,,,left_only
davidlopez,David Lopez,sa3036530,,,,,,left_only
elilopez,Eli Lopez,sa3036535,,,,,,left_only
isaaclopez,Isaac Lopez,sa3036537,,,,,,left_only
jaydenlopez,Jayden Lopez,sa3036539,,,,,,left_only
marklopez,Mark Lopez,sa3036547,,,,,,left_only
matthewlopez,Matthew Lopez,sa3036548,,,,,,left_only
nelphielopez,Nelphie Lopez,sa3036549,,,,,,left_only
sebastianlopez,Sebastian Lopez,sa3036554,,,,,,left_only
tracerlopez,Tracer Lopez,sa3036555,,,,,,left_only
josephlopinto,Joseph LoPinto,sa3036559,,,,,,left_only
jameslordi,James Lordi,sa3036563,,,,,,left_only
matthewlorenzano,Matthew Lorenzano,sa3036567,,,,,,left_only
bryanloriga,Bryan Loriga,sa3036572,,,,,,left_only
chrislotito,Chris Lotito,sa3036575,,,,,,left_only
malachilott,Malachi Lott,sa3036578,,,,,,left_only
nicklottchea,Nick Lottchea,sa3036580,,,,,,left_only
bradylouck,Brady Louck,sa3036581,,,,,,left_only
collinloupe,Collin Loupe,sa3036582,,,,,,left_only
jeandricklourens,Je-andrick Lourens,sa3036583,,,,,,left_only
ethanlouthan,Ethan Louthan,sa3036585,,,,,,left_only
carterlovasz,Carter Lovasz,sa3036586,,,,,,left_only
jimmylovelace,Jimmy Lovelace,sa3036594,,,,,,left_only
jettlovett,Jett Lovett,sa3036598,,,,,,left_only
xavierlovett,Xavier Lovett,sa3036599,,,,,,left_only
jacksonlovich,Jackson Lovich,sa3036600,,,,,,left_only
bryantloving,Bryant Loving,sa3036602,,,,,,left_only
dylanloy,Dylan Loy,sa3036613,,,,,,left_only
cooperloyal,Cooper Loyal,sa3036615,,,,,,left_only
landenlozier,Landen Lozier,sa3036625,,,,,,left_only
brocklucas,Brock Lucas,sa3036630,,,,,,left_only
jaxonlucas,Jaxon Lucas,sa3036633,,,,,,left_only
noahlucchesi,Noah Lucchesi,sa3036639,,,,,,left_only
alexluccini,Alex Luccini,sa3036640,,,,,,left_only
brandonlucek,Brandon Lucek,sa3036642,,,,,,left_only
adynlucero,Adyn Lucero,sa3036643,,,,,,left_only
coleluckey,Cole Luckey,sa3036649,,,,,,left_only
nickluckett,Nick Luckett,sa3036650,,,,,,left_only
jaylonlucky,Jaylon Lucky,sa3036652,,,,,,left_only
andrewluczak,Andrew Luczak,sa3036654,,,,,,left_only
ericludwick,Eric Ludwick,sa3036660,,,,,,left_only
treyludy,Trey Ludy,sa3036662,,,,,,left_only
reeselueck,Reese Lueck,sa3036663,,,,,,left_only
johnnyluetzow,Johnny Luetzow,sa3036666,,,,,,left_only
weslug,Wes Lug,sa3036668,,,,,,left_only
aaronlugo,Aaron Lugo,sa3036669,,,,,,left_only
bradenluke,Braden Luke,sa3036678,,,,,,left_only
kevinluke,Kevin Luke,sa3036681,,,,,,left_only
brocklummus,Brock Lummus,sa3036684,,,,,,left_only
reeselumpkin,Reese Lumpkin,sa3036687,,,,,,left_only
benlumsden,Ben Lumsden,sa3036689,,,,,,left_only
loganlunceford,Logan Lunceford,sa3036695,,,,,,left_only
colbylunsford,Colby Lunsford,sa3036702,,,,,,left_only
lukeluskey,Luke Luskey,sa3036707,,,,,,left_only
mattlussier,Matt Lussier,sa3036709,,,,,,left_only
connerlutes,Conner Lutes,sa3036712,,,,,,left_only
travislutz,Travis Lutz,sa3036719,,,,,,left_only
brandonluu,Brandon Luu,sa3036720,,,,,,left_only
jacklux,Jack Lux,sa3036723,,,,,,left_only
jacksonlux,Jackson Lux,sa3036724,,,,,,left_only
diegoluzardo,Diego Luzardo,sa3036726,,,,,,left_only
williamlybrook,William Lybrook,sa3036729,,,,,,left_only
ethanlyke,Ethan Lyke,sa3036731,,,,,,left_only
zachlyles,Zach Lyles,sa3036735,,,,,,left_only
lukelyman,Luke Lyman,sa3036737,,,,,,left_only
jakelynch,Jake Lynch,sa3036740,,,,,,left_only
mattlynch,Matt Lynch,sa3036741,,,,,,left_only
ryanlynch,Ryan Lynch,sa3036743,,,,,,left_only
willlynch,Will Lynch,sa3036746,,,,,,left_only
tannerlyne,Tanner Lyne,sa3036747,,,,,,left_only
alexlyon,Alex Lyon,sa3036749,,,,,,left_only
isaaclyon,Isaac Lyon,sa3036750,,,,,,left_only
lukelyon,Luke Lyon,sa3036752,,,,,,left_only
kendalllyons,Kendall Lyons,sa3036754,,,,,,left_only
trentonlyons,Trenton Lyons,sa3036758,,,,,,left_only
thomaslyssy,Thomas Lyssy,sa3036761,,,,,,left_only
masonlytle,Mason Lytle,sa3036762,,,,,,left_only
parkermaccauley,Parker MacCauley,sa3036775,,,,,,left_only
dannymacchiarola,Danny Macchiarola,sa3036776,,,,,,left_only
cortmacdonald,Cort MacDonald,sa3036781,,,,,,left_only
ryanmacdougall,Ryan MacDougall,sa3036786,,,,,,left_only
dallasmacias,Dallas Macias,sa3036796,,,,,,left_only
jalonmack,Jalon Mack,sa3036804,,,,,,left_only
braydenmackey,Brayden Mackey,sa3036811,,,,,,left_only
garrettmackowiak,Garrett Mackowiak,sa3036815,,,,,,left_only
willmaclean,Will MacLean,sa3036817,,,,,,left_only
blakemacmillan,Blake MacMillan,sa3036818,,,,,,left_only
colemanmacrae,Coleman MacRae,sa3036822,,,,,,left_only
griffinmadden,Griffin Madden,sa3036825,,,,,,left_only
rileymaddox,Riley Maddox,sa3036829,,,,,,left_only
alexmadera,Alex Madera,sa3036834,,,,,,left_only
bearmadliak,Bear Madliak,sa3036835,,,,,,left_only
eddiemadrigal,Eddie Madrigal,sa3036840,,,,,,left_only
treymaeker,Trey Maeker,sa3036844,,,,,,left_only
isaiahmagdaleno,Isaiah Magdaleno,sa3036845,,,,,,left_only
connormaggi,Connor Maggi,sa3036849,,,,,,left_only
michaelmaggio,Michael Maggio,sa3036850,,,,,,left_only
michaelmaginnis,Michael Maginnis,sa3036853,,,,,,left_only
dommagliocca,Dom Magliocca,sa3036855,,,,,,left_only
benmagovern,Ben Magovern,sa3036856,,,,,,left_only
adammagpoc,Adam Magpoc,sa3036857,,,,,,left_only
lucasmahlstedt,Lucas Mahlstedt,sa3036871,,,,,,left_only
garrettmaish,Garrett Maish,sa3036883,,,,,,left_only
zakmajer,Zak Majer,sa3036884,,,,,,left_only
ryanmaka,Ryan Maka,sa3036891,,,,,,left_only
chancemako,Chance Mako,sa3036894,,,,,,left_only
cammaldonado,Cam Maldonado,sa3036900,,,,,,left_only
chrismaldonado,Chris Maldonado,sa3036901,,,,,,left_only
evanmaldonado,Evan Maldonado,sa3036902,,,,,,left_only
johnmaldonadojr,John Maldonado Jr.,sa3036904,,,,,,left_only
andrewmalec,Andrew Malec,sa3036909,,,,,,left_only
michaelmallas,Michael Mallas,sa3036917,,,,,,left_only
brettmallett,Brett Mallett,sa3036918,,,,,,left_only
kennymalloryjr,Kenny Mallory Jr.,sa3036923,,,,,,left_only
tannermally,Tanner Mally,sa3036924,,,,,,left_only
colinmaloney,Colin Maloney,sa3036930,,,,,,left_only
collinmaloney,Collin Maloney,sa3036931,,,,,,left_only
evanmaloney,Evan Maloney,sa3036932,,,,,,left_only
jamesmalone,James Malone,sa3036934,,,,,,left_only
johnmalone,John Malone,sa3036935,,,,,,left_only
mattmaloney,Matt Maloney,sa3036939,,,,,,left_only
maddoxmalony,Maddox Malony,sa3036940,,,,,,left_only
mikemaloney,Mike Maloney,sa3036941,,,,,,left_only
corbinmalott,Corbin Malott,sa3036945,,,,,,left_only
jbmanarchuck,JB Manarchuck,sa3036948,,,,,,left_only
mikemancini,Mike Mancini,sa3036951,,,,,,left_only
paulymancino,Pauly Mancino,sa3036952,,,,,,left_only
maddoxmandino,Maddox Mandino,sa3036956,,,,,,left_only
leomangiamele,Leo Mangiamele,sa3036965,,,,,,left_only
grantmangrum,Grant Mangrum,sa3036966,,,,,,left_only
hectormangual,Hector Mangual,sa3036969,,,,,,left_only
natemanley,Nate Manley,sa3036979,,,,,,left_only
brandonmann,Brandon Mann,sa3036982,,,,,,left_only
andrewmannelly,Andrew Mannelly,sa3036985,,,,,,left_only
andrewmanning,Andrew Manning,sa3036987,,,,,,left_only
grantmanning,Grant Manning,sa3036989,,,,,,left_only
lucasmanning,Lucas Manning,sa3036990,,,,,,left_only
robertmannino,Robert Mannino,sa3036994,,,,,,left_only
masonmanriquez,Mason Manriquez,sa3036997,,,,,,left_only
lukemansy,Luke Mansy,sa3036999,,,,,,left_only
jimmymantuano,Jimmy Mantuano,sa3037004,,,,,,left_only
andrewmarcello,Andrew Marcello,sa3037020,,,,,,left_only
chrismarcellus,Chris Marcellus,sa3037021,,,,,,left_only
landonmarchetti,Landon Marchetti,sa3037025,,,,,,left_only
rileymarcotte,Riley Marcotte,sa3037032,,,,,,left_only
willmarcy,Will Marcy,sa3037035,,,,,,left_only
matthewmariano,Matthew Mariano,sa3037043,,,,,,left_only
tremariano,Tre Mariano,sa3037044,,,,,,left_only
jamesmarino,James Marino,sa3037046,,,,,,left_only
louismarinaro,Louis Marinaro,sa3037048,,,,,,left_only
dylanmarionneaux,Dylan Marionneaux,sa3037053,,,,,,left_only
bennettmarkinson,Bennett Markinson,sa3037056,,,,,,left_only
drewmarkle,Drew Markle,sa3037058,,,,,,left_only
braydenmarks,Brayden Marks,sa3037063,,,,,,left_only
eastonmarks,Easton Marks,sa3037064,,,,,,left_only
alexmarkus,Alex Markus,sa3037065,,,,,,left_only
parkermarlatt,Parker Marlatt,sa3037066,,,,,,left_only
jacobmarlowe,Jacob Marlowe,sa3037069,,,,,,left_only
ethanmarmie,Ethan Marmie,sa3037072,,,,,,left_only
calebmarmo,Caleb Marmo,sa3037073,,,,,,left_only
ryanmarohn,Ryan Marohn,sa3037074,,,,,,left_only
jakemaroney,Jake Maroney,sa3037077,,,,,,left_only
dougmarose,Doug Marose,sa3037078,,,,,,left_only
jordanmarot,Jordan Marot,sa3037079,,,,,,left_only
alejandromarquez,Alejandro Marquez,sa3037081,,,,,,left_only
bobbymarsh,Bobby Marsh,sa3037099,,,,,,left_only
carsonmarsh,Carson Marsh,sa3037103,,,,,,left_only
cammarshall,Cam Marshall,sa3037104,,,,,,left_only
connormarshburn,Connor Marshburn,sa3037106,,,,,,left_only
davidmarshall,David Marshall,sa3037108,,,,,,left_only
jonahmarshall,Jonah Marshall,sa3037113,,,,,,left_only
owenmarsh,Owen Marsh,sa3037116,,,,,,left_only
tannermarsh,Tanner Marsh,sa3037119,,,,,,left_only
tymarshall,Ty Marshall,sa3037121,,,,,,left_only
brycemartens,Bryce Martens,sa3037122,,,,,,left_only
ajmartin,A.J. Martin,sa3037126,,,,,,left_only
benmartin,Ben Martin,sa3037131,,,,,,left_only
brycemartingrudzielanek,Bryce Martin-Grudzielanek,sa3037136,,,,,,left_only
braydenmartin,Brayden Martin,sa3037139,,,,,,left_only
cademartinez,Cade Martinez,sa3037143,,,,,,left_only
cammartindale,Cam Martindale,sa3037144,,,,,,left_only
drewmartin,Drew Martin,sa3037153,,,,,,left_only
erickmartinez,Erick Martinez,sa3037156,,,,,,left_only
hamiltonmartinez,Hamilton Martinez,sa3037162,,,,,,left_only
javiermartinez,Javier Martinez,sa3037170,,,,,,left_only
jackmartinez,Jack Martinez,sa3037172,,,,,,left_only
jafetmartinez,Jafet Martinez,sa3037173,,,,,,left_only
jacemartinez,Jace Martinez,sa3037174,,,,,,left_only
jevarramartin,Jevarra Martin,sa3037175,,,,,,left_only
joshuamartinez,Joshua Martinez,sa3037183,,,,,,left_only
josephmartin,Joseph Martin,sa3037184,,,,,,left_only
kevinmartin,Kevin Martin,sa3037187,,,,,,left_only
masonmartinez,Mason Martinez,sa3037188,,,,,,left_only
matthewmartinez,Matthew Martinez,sa3037189,,,,,,left_only
matthewmartinezii,Matthew Martinez II,sa3037191,,,,,,left_only
maisonmartinez,Maison Martinez,sa3037192,,,,,,left_only
maxmartin,Max Martin,sa3037193,,,,,,left_only
maximusmartin,Maximus Martin,sa3037194,,,,,,left_only
romanmartin,Roman Martin,sa3037203,,,,,,left_only
ryanmartinez,Ryan Martinez,sa3037205,,,,,,left_only
shannonmartin,Shannon Martin,sa3037208,,,,,,left_only
tommymartin,Tommy Martin,sa3037211,,,,,,left_only
anthonymartinez,Anthony Martinez,sa3037212,,,,,,left_only
trentmartin,Trent Martin,sa3037214,,,,,,left_only
victormartinez,Victor Martinez,sa3037222,,,,,,left_only
zachmartin,Zach Martin,sa3037226,,,,,,left_only
kurtmarton,Kurt Marton,sa3037227,,,,,,left_only
maxmartzolf,Max Martzolf,sa3037228,,,,,,left_only
braydenmarx,Brayden Marx,sa3037232,,,,,,left_only
mattmasciangelo,Matt Masciangelo,sa3037239,,,,,,left_only
colemascott,Cole Mascott,sa3037241,,,,,,left_only
daltonmashore,Dalton Mashore,sa3037245,,,,,,left_only
jasonmasick,Jason Masick,sa3037246,,,,,,left_only
lukemasiuk,Luke Masiuk,sa3037248,,,,,,left_only
jakemaske,Jake Maske,sa3037249,,,,,,left_only
rowanmasse,Rowan Masse,sa3037260,,,,,,left_only
aaronmassie,Aaron Massie,sa3037262,,,,,,left_only
aidanmasters,Aidan Masters,sa3037265,,,,,,left_only
dillonmasters,Dillon Masters,sa3037269,,,,,,left_only
justinmasteralexis,Justin Masteralexis,sa3037270,,,,,,left_only
grahammastros,Graham Mastros,sa3037272,,,,,,left_only
marcellomastroianni,Marcello Mastroianni,sa3037273,,,,,,left_only
patrickmastrianiv,Patrick Mastrian IV,sa3037274,,,,,,left_only
saulmata,Saul Mata,sa3037277,,,,,,left_only
danmateffy,Dan Mateffy,sa3037278,,,,,,left_only
baileymatela,Bailey Matela,sa3037279,,,,,,left_only
dylanmatela,Dylan Matela,sa3037280,,,,,,left_only
duncanmathews,Duncan Mathews,sa3037288,,,,,,left_only
noahmatheny,Noah Matheny,sa3037295,,,,,,left_only
sammatherly,Sam Matherly,sa3037297,,,,,,left_only
dylanmathiesen,Dylan Mathiesen,sa3037301,,,,,,left_only
andresmatias,Andres Matias,sa3037304,,,,,,left_only
cadenmatlon,Caden Matlon,sa3037305,,,,,,left_only
kevinmatos,Kevin Matos,sa3037309,,,,,,left_only
saxmatson,Sax Matson,sa3037313,,,,,,left_only
lukematta,Luke Matta,sa3037316,,,,,,left_only
nicholasmattera,Nicholas Mattera,sa3037318,,,,,,left_only
calebmatthews,Caleb Matthews,sa3037323,,,,,,left_only
mateomatthews,Mateo Matthews,sa3037333,,,,,,left_only
matthewmatthijs,Matthew Matthijs,sa3037334,,,,,,left_only
michaelmatthews,Michael Matthews,sa3037335,,,,,,left_only
christophermattioli,Christopher Mattioli,sa3037338,,,,,,left_only
connormattison,Connor Mattison,sa3037339,,,,,,left_only
drewmattox,Drew Mattox,sa3037342,,,,,,left_only
sethmattox,Seth Mattox,sa3037343,,,,,,left_only
tymauldin,Ty Mauldin,sa3037350,,,,,,left_only
matthewmaulik,Matthew Maulik,sa3037351,,,,,,left_only
vincentmauro,Vincent Mauro,sa3037354,,,,,,left_only
dylanmaxcey,Dylan Maxcey,sa3037358,,,,,,left_only
zachmaxey,Zach Maxey,sa3037360,,,,,,left_only
hadleymaxwell,Hadley Maxwell,sa3037363,,,,,,left_only
loganmaxwell,Logan Maxwell,sa3037364,,,,,,left_only
ianmay,Ian May,sa3037368,,,,,,left_only
gabemaya,Gabe Maya,sa3037371,,,,,,left_only
cameronmayer,Cameron Mayer,sa3037374,,,,,,left_only
dylanmayer,Dylan Mayer,sa3037375,,,,,,left_only
jacobmayers,Jacob Mayers,sa3037376,,,,,,left_only
justinmayes,Justin Mayes,sa3037380,,,,,,left_only
carsonmayfield,Carson Mayfield,sa3037381,,,,,,left_only
jacksonmayo,Jackson Mayo,sa3037391,,,,,,left_only
cammazell,Cam Mazell,sa3037397,,,,,,left_only
chrismazza,Chris Mazza,sa3037400,,,,,,left_only
joemazza,Joe Mazza,sa3037402,,,,,,left_only
victormazzara,Victor Mazzara,sa3037406,,,,,,left_only
reillymcadams,Reilly McAdams,sa3037410,,,,,,left_only
danmcaliney,Dan McAliney,sa3037411,,,,,,left_only
joshmcalister,Josh McAlister,sa3037412,,,,,,left_only
shanemcalinden,Shane McAlinden,sa3037413,,,,,,left_only
levimcallister,Levi McAllister,sa3037417,,,,,,left_only
tommymcandrews,Tommy McAndrews,sa3037418,,,,,,left_only
coltermcanelly,Colter McAnelly,sa3037419,,,,,,left_only
aidanmcaskie,Aidan McAskie,sa3037421,,,,,,left_only
danielmcauliff,Daniel McAuliff,sa3037424,,,,,,left_only
bobbymcbride,Bobby McBride,sa3037427,,,,,,left_only
joemcbride,Joe McBride,sa3037429,,,,,,left_only
brianmcbroom,Brian McBroom,sa3037430,,,,,,left_only
kylemccaffrey,Kyle McCaffrey,sa3037436,,,,,,left_only
liammccallum,Liam McCallum,sa3037440,,,,,,left_only
tannermccammon,Tanner McCammon,sa3037442,,,,,,left_only
davidmccann,David McCann,sa3037443,,,,,,left_only
derekmccarley,Derek McCarley,sa3037447,,,,,,left_only
dylanmccarthy,Dylan McCarthy,sa3037449,,,,,,left_only
nolanmccarthy,Nolan McCarthy,sa3037455,,,,,,left_only
rileymccarthy,Riley McCarthy,sa3037457,,,,,,left_only
willmccausland,Will McCausland,sa3037464,,,,,,left_only
nicmccay,Nic McCay,sa3037466,,,,,,left_only
crewmcchesney,Crew McChesney,sa3037467,,,,,,left_only
jordanmccladdie,Jordan McCladdie,sa3037469,,,,,,left_only
trystonmccladdie,Tryston McCladdie,sa3037471,,,,,,left_only
brianmcclellin,Brian McClellin,sa3037474,,,,,,left_only
calvinmcclendon,Calvin McClendon,sa3037475,,,,,,left_only
slademccloud,Slade McCloud,sa3037481,,,,,,left_only
letreymccollum,LeTrey McCollum,sa3037486,,,,,,left_only
lukemccollough,Luke McCollough,sa3037487,,,,,,left_only
jacobmccombs,Jacob McCombs,sa3037488,,,,,,left_only
macmccommons,Mac McCommons,sa3037489,,,,,,left_only
masonmcconnaughey,Mason McConnaughey,sa3037493,,,,,,left_only
kevinmccormick,Kevin McCormick,sa3037499,,,,,,left_only
camronmccoy,Cam'ron McCoy,sa3037505,,,,,,left_only
jamesmccoy,James McCoy,sa3037507,,,,,,left_only
jacksonmccoy,Jackson McCoy,sa3037508,,,,,,left_only
jakemccoy,Jake McCoy,sa3037509,,,,,,left_only
kylemccoy,Kyle McCoy,sa3037510,,,,,,left_only
jdmccracken,J.D. McCracken,sa3037512,,,,,,left_only
maximusmccrary,Maximus McCrary,sa3037514,,,,,,left_only
connormccreery,Connor McCreery,sa3037518,,,,,,left_only
brennanmccune,Brennan McCune,sa3037526,,,,,,left_only
joshmccusker,Josh McCusker,sa3037529,,,,,,left_only
jakemccutcheon,Jake McCutcheon,sa3037531,,,,,,left_only
kylemcdaniel,Kyle McDaniel,sa3037536,,,,,,left_only
masonmcdaniel,Mason McDaniel,sa3037537,,,,,,left_only
joshmcdevitt,Josh McDevitt,sa3037542,,,,,,left_only
bobbymcdonough,Bobby McDonough,sa3037545,,,,,,left_only
parkermcdonald,Parker McDonald,sa3037556,,,,,,left_only
tobeymcdonough,Tobey McDonough,sa3037559,,,,,,left_only
reecemcduffie,Reece McDuffie,sa3037562,,,,,,left_only
shamaarmcduffie,Shamaar McDuffie,sa3037563,,,,,,left_only
owenmcelfatrick,Owen McElfatrick,sa3037565,,,,,,left_only
jakemcelroy,Jake McElroy,sa3037567,,,,,,left_only
ethanmcelvain,Ethan McElvain,sa3037568,,,,,,left_only
thomasmcelwee,Thomas McElwee,sa3037570,,,,,,left_only
willmcentire,Will McEntire,sa3037573,,,,,,left_only
maxmcewen,Max McEwen,sa3037575,,,,,,left_only
sheamcgahan,Shea McGahan,sa3037583,,,,,,left_only
cademcgarrh,Cade McGarrh,sa3037584,,,,,,left_only
craigmcgee,Craig McGee,sa3037588,,,,,,left_only
seanmcgee,Sean McGee,sa3037592,,,,,,left_only
blakemcgehee,Blake McGehee,sa3037593,,,,,,left_only
calmcginnis,Cal McGinnis,sa3037596,,,,,,left_only
troymcgirt,Troy McGirt,sa3037598,,,,,,left_only
cademcglade,Cade McGlade,sa3037599,,,,,,left_only
maxmcglone,Max McGlone,sa3037600,,,,,,left_only
colemcgonigal,Cole McGonigal,sa3037602,,,,,,left_only
jacobmcgovern,Jacob McGovern,sa3037605,,,,,,left_only
coopermcgrath,Cooper McGrath,sa3037613,,,,,,left_only
jamesmcgrady,James McGrady,sa3037614,,,,,,left_only
tristanmcgregor,Tristan McGregor,sa3037617,,,,,,left_only
tatemcguire,Tate McGuire,sa3037622,,,,,,left_only
timmcguire,Tim McGuire,sa3037623,,,,,,left_only
matthewmcgurk,Matthew McGurk,sa3037624,,,,,,left_only
chrismchugh,Chris McHugh,sa3037627,,,,,,left_only
natemchugh,Nate McHugh,sa3037628,,,,,,left_only
kylermcintosh,Kyler McIntosh,sa3037640,,,,,,left_only
alexmckay,Alex McKay,sa3037643,,,,,,left_only
cullenmckay,Cullen McKay,sa3037647,,,,,,left_only
ryanmckay,Ryan McKay,sa3037650,,,,,,left_only
jakemckee,Jake McKee,sa3037651,,,,,,left_only
tatemckee,Tate McKee,sa3037653,,,,,,left_only
andrewmckenna,Andrew Mckenna,sa3037656,,,,,,left_only
brodymckenzie,Brody McKenzie,sa3037657,,,,,,left_only
coopermckenzie,Cooper McKenzie,sa3037661,,,,,,left_only
liammckillop,Liam Mckillop,sa3037672,,,,,,left_only
austinmckinney,Austin McKinney,sa3037673,,,,,,left_only
collinmckinney,Collin McKinney,sa3037674,,,,,,left_only
brycemcknight,Bryce McKnight,sa3037677,,,,,,left_only
duncanmclaughlin,Duncan McLaughlin,sa3037682,,,,,,left_only
garrettmclaughlin,Garrett McLaughlin,sa3037683,,,,,,left_only
tylermcloughlin,Tyler McLoughlin,sa3037700,,,,,,left_only
joeymcmannis,Joey McMannis,sa3037704,,,,,,left_only
quinmcmanmon,Quin McManmon,sa3037705,,,,,,left_only
colemcmichael,Cole McMichael,sa3037709,,,,,,left_only
coopermcmurray,Cooper McMurray,sa3037717,,,,,,left_only
colbymcneely,Colby McNeely,sa3037730,,,,,,left_only
lukemcneillie,Luke McNeillie,sa3037734,,,,,,left_only
sammcnulty,Sam McNulty,sa3037739,,,,,,left_only
landrymead,Landry Mead,sa3037763,,,,,,left_only
davismeche,Davis Meche,sa3037771,,,,,,left_only
jordanmedellin,Jordan Medellin,sa3037772,,,,,,left_only
gradymee,Grady Mee,sa3037784,,,,,,left_only
jackmeek,Jack Meek,sa3037785,,,,,,left_only
chasemeggers,Chase Meggers,sa3037792,,,,,,left_only
charliemeglio,Charlie Meglio,sa3037795,,,,,,left_only
evanmeier,Evan Meier,sa3037800,,,,,,left_only
stevenmeier,Steven Meier,sa3037803,,,,,,left_only
tylermejia,Tyler Mejia,sa3037807,,,,,,left_only
gunnarmeland,Gunnar Meland,sa3037809,,,,,,left_only
lexmelancon,Lex Melancon,sa3037810,,,,,,left_only
tjmelani,TJ Melani,sa3037811,,,,,,left_only
frankiemelendez,Frankie Melendez,sa3037816,,,,,,left_only
jaydenmelendez,Jayden Melendez,sa3037817,,,,,,left_only
omarmelendez,Omar Melendez,sa3037818,,,,,,left_only
ryanmelendez,Ryan Melendez,sa3037819,,,,,,left_only
ethanmelton,Ethan Melton,sa3037829,,,,,,left_only
jacksonmelton,Jackson Melton,sa3037831,,,,,,left_only
lukemelton,Luke Melton,sa3037832,,,,,,left_only
nicmelton,Nic Melton,sa3037834,,,,,,left_only
jakememoli,Jake Memoli,sa3037838,,,,,,left_only
davidmendez,David Mendez,sa3037846,,,,,,left_only
jonathanmendez,Jonathan Mendez,sa3037848,,,,,,left_only
wesmendes,Wes Mendes,sa3037853,,,,,,left_only
patrickmendiola,Patrick Mendiola,sa3037856,,,,,,left_only
edwardmendoza,Edward Mendoza,sa3037859,,,,,,left_only
ethanmendoza,Ethan Mendoza,sa3037860,,,,,,left_only
mariomendozajr,Mario Mendoza Jr.,sa3037861,,,,,,left_only
reymendoza,Rey Mendoza,sa3037862,,,,,,left_only
frankmenendez,Frank Menendez,sa3037866,,,,,,left_only
calebmenina,Caleb Menina,sa3037869,,,,,,left_only
josephmennella,Joseph Mennella,sa3037871,,,,,,left_only
jaymentink,Jay Mentink,sa3037873,,,,,,left_only
kylermentzel,Kyler Mentzel,sa3037874,,,,,,left_only
aidanmeola,Aidan Meola,sa3037875,,,,,,left_only
lorenzomeola,Lorenzo Meola,sa3037876,,,,,,left_only
brockmercado,Brock Mercado,sa3037877,,,,,,left_only
cohlmercado,Cohl Mercado,sa3037878,,,,,,left_only
dustinmercer,Dustin Mercer,sa3037883,,,,,,left_only
willmercer,Will Mercer,sa3037890,,,,,,left_only
ljmercurius,LJ Mercurius,sa3037892,,,,,,left_only
giannomerlonghi,Gianno Merlonghi,sa3037901,,,,,,left_only
djmerriweather,DJ Merriweather,sa3037905,,,,,,left_only
jackmessmore,Jack Messmore,sa3037921,,,,,,left_only
gagemestas,Gage Mestas,sa3037922,,,,,,left_only
joemetcalf,Joe Metcalf,sa3037923,,,,,,left_only
jackmetcho,Jack Metcho,sa3037925,,,,,,left_only
jaredmettam,Jared Mettam,sa3037927,,,,,,left_only
sammettert,Sam Mettert,sa3037928,,,,,,left_only
loganmeusy,Logan Meusy,sa3037935,,,,,,left_only
sebastianmexico,Sebastian Mexico,sa3037936,,,,,,left_only
chasemeyer,Chase Meyer,sa3037938,,,,,,left_only
gavinmeyer,Gavin Meyer,sa3037940,,,,,,left_only
jackmeyer,Jack Meyer,sa3037944,,,,,,left_only
ryanmeyer,Ryan Meyer,sa3037952,,,,,,left_only
tylermeyer,Tyler Meyer,sa3037954,,,,,,left_only
frankmicallef,Frank Micallef,sa3037962,,,,,,left_only
mattmiceli,Matt Miceli,sa3037965,,,,,,left_only
jakemichalak,Jake Michalak,sa3037968,,,,,,left_only
kennymichaels,Kenny Michaels,sa3037970,,,,,,left_only
petermichael,Peter Michael,sa3037973,,,,,,left_only
garrettmichel,Garrett Michel,sa3037976,,,,,,left_only
jacksonmicheels,Jackson Micheels,sa3037978,,,,,,left_only
andrewmiddleton,Andrew Middleton,sa3037983,,,,,,left_only
andrewmiehe,Andrew Miehe,sa3037988,,,,,,left_only
maddoxmiesse,Maddox Miesse,sa3037989,,,,,,left_only
maddoxmihalakis,Maddox Mihalakis,sa3037994,,,,,,left_only
talonmihalinac,Talon Mihalinac,sa3037995,,,,,,left_only
deanmihos,Dean Mihos,sa3037997,,,,,,left_only
brandonmikos,Brandon Mikos,sa3038000,,,,,,left_only
stevenmilam,Steven Milam,sa3038004,,,,,,left_only
devinmilberg,Devin Milberg,sa3038007,,,,,,left_only
isaacmilburn,Isaac Milburn,sa3038008,,,,,,left_only
haydenmileski,Hayden Mileski,sa3038015,,,,,,left_only
kevinmilewski,Kevin Milewski,sa3038018,,,,,,left_only
natemilk,Nate Milk,sa3038023,,,,,,left_only
jakemillan,Jake Millan,sa3038025,,,,,,left_only
mauriciomillan,Mauricio Millan,sa3038027,,,,,,left_only
andymiller,Andy Miller,sa3038031,,,,,,left_only
benmiller,Ben Miller,sa3038033,,,,,,left_only
chrismiller,Chris Miller,sa3038039,,,,,,left_only
codymiller,Cody Miller,sa3038041,,,,,,left_only
daltonmiller,Dalton Miller,sa3038044,,,,,,left_only
gavinmiller,Gavin Miller,sa3038050,,,,,,left_only
grantmiller,Grant Miller,sa3038055,,,,,,left_only
griffinmiller,Griffin Miller,sa3038057,,,,,,left_only
haydenmiller,Hayden Miller,sa3038058,,,,,,left_only
jaymiller,Jay Miller,sa3038066,,,,,,left_only
jacemiller,Jace Miller,sa3038067,,,,,,left_only
joshuamilleville,Joshua Milleville,sa3038070,,,,,,left_only
kameronmiller,Kameron Miller,sa3038072,,,,,,left_only
kylemiller,Kyle Miller,sa3038075,,,,,,left_only
perrymiller,Perry Miller,sa3038083,,,,,,left_only
peytonmiller,Peyton Miller,sa3038084,,,,,,left_only
sammiller,Sam Miller,sa3038088,,,,,,left_only
noahmillikan,Noah Millikan,sa3038095,,,,,,left_only
dylanmillman,Dylan Millman,sa3038097,,,,,,left_only
griffinmills,Griffin Mills,sa3038100,,,,,,left_only
zackmillsap,Zack Millsap,sa3038107,,,,,,left_only
beckmilner,Beck Milner,sa3038108,,,,,,left_only
joeymilto,Joey Milto,sa3038113,,,,,,left_only
hudsonmimbs,Hudson Mimbs,sa3038115,,,,,,left_only
jaceminer,Jace Miner,sa3038125,,,,,,left_only
tylerminick,Tyler Minick,sa3038127,,,,,,left_only
tylerminnick,Tyler Minnick,sa3038133,,,,,,left_only
chaseminor,Chase Minor,sa3038134,,,,,,left_only
lawsonminshew,Lawson Minshew,sa3038135,,,,,,left_only
ejmiramontes,EJ Miramontes,sa3038141,,,,,,left_only
evanmiranda,Evan Miranda,sa3038145,,,,,,left_only
gabemiranda,Gabe Miranda,sa3038146,,,,,,left_only
connormisch,Connor Misch,sa3038152,,,,,,left_only
lukemistone,Luke Mistone,sa3038158,,,,,,left_only
cademitchell,Cade Mitchell,sa3038162,,,,,,left_only
christianmitchelle,Christian Mitchelle,sa3038164,,,,,,left_only
gablemitchell,Gable Mitchell,sa3038166,,,,,,left_only
henrymitchell,Henry Mitchell,sa3038167,,,,,,left_only
jacksonmitchell,Jackson Mitchell,sa3038168,,,,,,left_only
joeymitchell,Joey Mitchell,sa3038169,,,,,,left_only
mackmitchell,Mack Mitchell,sa3038171,,,,,,left_only
tracymitchem,Tracy Mitchem,sa3038177,,,,,,left_only
walkermitchell,Walker Mitchell,sa3038178,,,,,,left_only
justinmitrovich,Justin Mitrovich,sa3038180,,,,,,left_only
matthewmiura,Matthew Miura,sa3038183,,,,,,left_only
colemanmizell,Coleman Mizell,sa3038188,,,,,,left_only
jonmocherman,Jon Mocherman,sa3038191,,,,,,left_only
dawsonmock,Dawson Mock,sa3038192,,,,,,left_only
loganmock,Logan Mock,sa3038194,,,,,,left_only
gavinmoczydlowsky,Gavin Moczydlowsky,sa3038196,,,,,,left_only
lukemoeller,Luke Moeller,sa3038205,,,,,,left_only
ryanmoerman,Ryan Moerman,sa3038206,,,,,,left_only
aidenmoffett,Aiden Moffett,sa3038210,,,,,,left_only
cristianmogen,Cristian Mogen,sa3038214,,,,,,left_only
macmoise,Mac Moise,sa3038216,,,,,,left_only
leewoodmolessa,Leewood Molessa,sa3038217,,,,,,left_only
brycemolinaro,Bryce Molinaro,sa3038219,,,,,,left_only
matthewmolina,Matthew Molina,sa3038220,,,,,,left_only
evanmoll,Evan Moll,sa3038223,,,,,,left_only
cartermonda,Carter Monda,sa3038228,,,,,,left_only
nickmonile,Nick Monile,sa3038232,,,,,,left_only
nickmonistere,Nick Monistere,sa3038233,,,,,,left_only
cartermonke,Carter Monke,sa3038234,,,,,,left_only
andrewmonson,Andrew Monson,sa3038239,,,,,,left_only
lennymontesano,Lenny Montesano,sa3038247,,,,,,left_only
cademontgomery,Cade Montgomery,sa3038254,,,,,,left_only
kellanmontgomery,Kellan Montgomery,sa3038259,,,,,,left_only
paulmontgomery,Paul Montgomery,sa3038261,,,,,,left_only
taylermontiel,Tayler Montiel,sa3038267,,,,,,left_only
chrismontone,Chris Montone,sa3038268,,,,,,left_only
shaunmontoya,Shaun Montoya,sa3038269,,,,,,left_only
eastonmoomau,Easton Moomau,sa3038274,,,,,,left_only
benmoore,Ben Moore,sa3038278,,,,,,left_only
brysonmoore,Bryson Moore,sa3038282,,,,,,left_only
chancemoore,Chance Moore,sa3038284,,,,,,left_only
connormoore,Connor Moore,sa3038288,,,,,,left_only
coopermoore,Cooper Moore,sa3038290,,,,,,left_only
danielmoore,Daniel Moore,sa3038292,,,,,,left_only
grahammoore,Graham Moore,sa3038295,,,,,,left_only
haydenmoore,Hayden Moore,sa3038296,,,,,,left_only
jacobmoore,Jacob Moore,sa3038297,,,,,,left_only
lucasmoore,Lucas Moore,sa3038303,,,,,,left_only
maxmoore,Max Moore,sa3038305,,,,,,left_only
reesemoore,Reese Moore,sa3038310,,,,,,left_only
tommymoorejr,Tommy Moore Jr.,sa3038312,,,,,,left_only
trevormoore,Trevor Moore,sa3038314,,,,,,left_only
tristanmoore,Tristan Moore,sa3038315,,,,,,left_only
tuckermoore,Tucker Moore,sa3038316,,,,,,left_only
tyvonmoore,Tyvon Moore,sa3038317,,,,,,left_only
ethanmooser,Ethan Mooser,sa3038324,,,,,,left_only
dillonmoquin,Dillon Moquin,sa3038325,,,,,,left_only
chasemora,Chase Mora,sa3038326,,,,,,left_only
nickolasmora,Nickolas Mora,sa3038328,,,,,,left_only
chrismorabito,Chris Morabito,sa3038329,,,,,,left_only
antoniomorales,Antonio Morales,sa3038331,,,,,,left_only
richiemorales,Richie Morales,sa3038336,,,,,,left_only
wilfredomorales,Wilfredo Morales,sa3038337,,,,,,left_only
joshmorano,Josh Morano,sa3038341,,,,,,left_only
landonmoran,Landon Moran,sa3038342,,,,,,left_only
nickmoran,Nick Moran,sa3038343,,,,,,left_only
mattmorash,Matt Morash,sa3038344,,,,,,left_only
estevanmoreno,Estevan Moreno,sa3038350,,,,,,left_only
heladiomoreno,Heladio Moreno,sa3038351,,,,,,left_only
jadinmoreno,Jadin Moreno,sa3038352,,,,,,left_only
lorenzomoressi,Lorenzo Moressi,sa3038356,,,,,,left_only
blakemorgan,Blake Morgan,sa3038359,,,,,,left_only
chasemorgan,Chase Morgan,sa3038361,,,,,,left_only
jamesmorice,James Morice,sa3038375,,,,,,left_only
alistairmorin,Alistair Morin,sa3038376,,,,,,left_only
felixmorin,Felix Morin,sa3038377,,,,,,left_only
reedmoring,Reed Moring,sa3038379,,,,,,left_only
kanoamorisaki,Kanoa Morisaki,sa3038380,,,,,,left_only
maxmoris,Max Moris,sa3038381,,,,,,left_only
keenanmork,Keenan Mork,sa3038385,,,,,,left_only
blakemorningstar,Blake Morningstar,sa3038387,,,,,,left_only
jackmoroknek,Jack Moroknek,sa3038388,,,,,,left_only
reecemoroney,Reece Moroney,sa3038389,,,,,,left_only
matthewmorrell,Matthew Morrell,sa3038394,,,,,,left_only
aaronmorris,Aaron Morris,sa3038396,,,,,,left_only
austinmorris,Austin Morris,sa3038398,,,,,,left_only
cammorrison,Cam Morrison,sa3038400,,,,,,left_only
gavinmorris,Gavin Morris,sa3038402,,,,,,left_only
judahmorris,Judah Morris,sa3038410,,,,,,left_only
mtmorrissey,M.T. Morrissey,sa3038416,,,,,,left_only
patrickmorris,Patrick Morris,sa3038418,,,,,,left_only
ryanmorrison,Ryan Morrison,sa3038421,,,,,,left_only
tracemorrison,Trace Morrison,sa3038423,,,,,,left_only
tymorris,Ty Morris,sa3038424,,,,,,left_only
zachmorris,Zach Morris,sa3038431,,,,,,left_only
bradymorse,Brady Morse,sa3038437,,,,,,left_only
colbymorse,Colby Morse,sa3038438,,,,,,left_only
kraytonmorse,Krayton Morse,sa3038441,,,,,,left_only
isaacmorton,Isaac Morton,sa3038449,,,,,,left_only
kylemoseley,Kyle Moseley,sa3038454,,,,,,left_only
loganmoser,Logan Moser,sa3038455,,,,,,left_only
jackmosh,Jack Mosh,sa3038457,,,,,,left_only
andrewmosiello,Andrew Mosiello,sa3038459,,,,,,left_only
aaronmoss,Aaron Moss,sa3038463,,,,,,left_only
jakemoss,Jake Moss,sa3038467,,,,,,left_only
westonmoss,Weston Moss,sa3038469,,,,,,left_only
nickmoten,Nick Moten,sa3038472,,,,,,left_only
tobiasmotley,Tobias Motley,sa3038474,,,,,,left_only
marcusmott,Marcus Mott,sa3038479,,,,,,left_only
marshallmott,Marshall Mott,sa3038480,,,,,,left_only
jackmount,Jack Mount,sa3038482,,,,,,left_only
pjmoutzouridis,PJ Moutzouridis,sa3038483,,,,,,left_only
robertmoya,Robert Moya,sa3038488,,,,,,left_only
robmoynihan,Rob Moynihan,sa3038494,,,,,,left_only
benmoyzan,Ben Moyzan,sa3038495,,,,,,left_only
aidanmoza,Aidan Moza,sa3038496,,,,,,left_only
toddmozoki,Todd Mozoki,sa3038499,,,,,,left_only
adammrakitsch,Adam Mrakitsch,sa3038502,,,,,,left_only
jacobmrosko,Jacob Mrosko,sa3038504,,,,,,left_only
alfredmucciarone,Alfred Mucciarone,sa3038509,,,,,,left_only
kartermuck,Karter Muck,sa3038510,,,,,,left_only
tylermudd,Tyler Mudd,sa3038511,,,,,,left_only
scottmudler,Scott Mudler,sa3038512,,,,,,left_only
kylemueller,Kyle Mueller,sa3038513,,,,,,left_only
matthewmueller,Matthew Mueller,sa3038514,,,,,,left_only
sebastianmueller,Sebastian Mueller,sa3038517,,,,,,left_only
henrymuench,Henry Muench,sa3038518,,,,,,left_only
marcomueses,Marco Mueses,sa3038519,,,,,,left_only
michaelmugan,Michael Mugan,sa3038520,,,,,,left_only
adammuirhead,Adam Muirhead,sa3038523,,,,,,left_only
arnadmulamekic,Arnad Mulamekic,sa3038524,,,,,,left_only
dylanmulcahy,Dylan Mulcahy,sa3038525,,,,,,left_only
nickmullen,Nick Mullen,sa3038538,,,,,,left_only
ryanmullock,Ryan Mullock,sa3038541,,,,,,left_only
nickmulvey,Nick Mulvey,sa3038542,,,,,,left_only
jakemummau,Jake Mummau,sa3038544,,,,,,left_only
joeymundt,Joey Mundt,sa3038545,,,,,,left_only
austinmunguia,Austin Munguia,sa3038547,,,,,,left_only
drewmunn,Drew Munn,sa3038551,,,,,,left_only
brendanmunnelly,Brendan Munnelly,sa3038552,,,,,,left_only
zachmunton,Zach Munton,sa3038562,,,,,,left_only
masonmunz,Mason Munz,sa3038563,,,,,,left_only
jaredmunoz,Jared Munoz,sa3038564,,,,,,left_only
sammurchison,Sam Murchison,sa3038567,,,,,,left_only
ethanmurdoch,Ethan Murdoch,sa3038569,,,,,,left_only
masonmurdock,Mason Murdock,sa3038570,,,,,,left_only
cartermurphy,Carter Murphy,sa3038575,,,,,,left_only
haydenmurphy,Hayden Murphy,sa3038578,,,,,,left_only
jaxonmurphy,Jaxon Murphy,sa3038584,,,,,,left_only
mikeymurphy,Mikey Murphy,sa3038590,,,,,,left_only
tylermurphy,Tyler Murphy,sa3038596,,,,,,left_only
caseymurrayjr,Casey Murray Jr.,sa3038598,,,,,,left_only
cameronmurray,Cameron Murray,sa3038599,,,,,,left_only
garrickmurray,Garrick Murray,sa3038601,,,,,,left_only
jakemurray,Jake Murray,sa3038604,,,,,,left_only
noahmurray,Noah Murray,sa3038608,,,,,,left_only
brockmurtha,Brock Murtha,sa3038618,,,,,,left_only
carmelomusacchia,Carmelo Musacchia,sa3038619,,,,,,left_only
tylermuscar,Tyler Muscar,sa3038620,,,,,,left_only
bennettmusser,Bennett Musser,sa3038624,,,,,,left_only
kylemusser,Kyle Musser,sa3038625,,,,,,left_only
jamesmusso,James Musso,sa3038626,,,,,,left_only
braylonmyers,Braylon Myers,sa3038634,,,,,,left_only
carsonmyers,Carson Myers,sa3038635,,,,,,left_only
colinmyers,Colin Myers,sa3038637,,,,,,left_only
griffinmyers,Griffin Myers,sa3038638,,,,,,left_only
lukemyers,Luke Myers,sa3038642,,,,,,left_only
sammyers,Sam Myers,sa3038646,,,,,,left_only
conormyles,Conor Myles,sa3038651,,,,,,left_only
michaelmylott,Michael Mylott,sa3038653,,,,,,left_only
gunnarmyro,Gunnar Myro,sa3038654,,,,,,left_only
mikeymyro,Mikey Myro,sa3038655,,,,,,left_only
paulmyroiv,Paul Myro IV,sa3038656,,,,,,left_only
natenabholz,Nate Nabholz,sa3038657,,,,,,left_only
breckinnace,Breckin Nace,sa3038658,,,,,,left_only
justinnadeau,Justin Nadeau,sa3038659,,,,,,left_only
griffinnaess,Griffin Naess,sa3038661,,,,,,left_only
kamananahaku,Kamana Nahaku,sa3038665,,,,,,left_only
jacobenailer,Jacobe Nailer,sa3038666,,,,,,left_only
mitchnamie,Mitch Namie,sa3038669,,,,,,left_only
gabrielnard,Gabriel Nard,sa3038678,,,,,,left_only
hudsonnarke,Hudson Narke,sa3038680,,,,,,left_only
lukenascimento,Luke Nascimento,sa3038683,,,,,,left_only
bradynathison,Brady Nathison,sa3038689,,,,,,left_only
jimmynati,Jimmy Nati,sa3038690,,,,,,left_only
connornation,Connor Nation,sa3038691,,,,,,left_only
jaylonnauden,Jaylon Nauden,sa3038694,,,,,,left_only
nolannawrocki,Nolan Nawrocki,sa3038707,,,,,,left_only
austinneal,Austin Neal,sa3038708,,,,,,left_only
bradyneal,Brady Neal,sa3038709,,,,,,left_only
averyneaves,Avery Neaves,sa3038713,,,,,,left_only
jakeneedham,Jake Needham,sa3038718,,,,,,left_only
justinneedles,Justin Needles,sa3038719,,,,,,left_only
weberneels,Weber Neels,sa3038721,,,,,,left_only
jasonneff,Jason Neff,sa3038726,,,,,,left_only
mikiahnegrete,Mikiah Negrete,sa3038730,,,,,,left_only
kamauneighbors,Kamau Neighbors,sa3038732,,,,,,left_only
andrewneil,Andrew Neil,sa3038733,,,,,,left_only
tylerneises,Tyler Neises,sa3038735,,,,,,left_only
cadenelis,Cade Nelis,sa3038736,,,,,,left_only
andynelson,Andy Nelson,sa3038738,,,,,,left_only
cameronnelson,Cameron Nelson,sa3038742,,,,,,left_only
colenelson,Cole Nelson,sa3038743,,,,,,left_only
drewnelson,Drew Nelson,sa3038746,,,,,,left_only
jacknelson,Jack Nelson,sa3038751,,,,,,left_only
jrnelson,JR Nelson,sa3038753,,,,,,left_only
peytonnelson,Peyton Nelson,sa3038760,,,,,,left_only
tristannemjo,Tristan Nemjo,sa3038769,,,,,,left_only
joeynerat,Joey Nerat,sa3038770,,,,,,left_only
kyleneri,Kyle Neri,sa3038772,,,,,,left_only
ajnessler,AJ Nessler,sa3038777,,,,,,left_only
andrewnesson,Andrew Nesson,sa3038778,,,,,,left_only
sladenetterville,Slade Netterville,sa3038783,,,,,,left_only
tonyneubeck,Tony Neubeck,sa3038787,,,,,,left_only
trentonneuer,Trenton Neuer,sa3038788,,,,,,left_only
austinneuweg,Austin Neuweg,sa3038791,,,,,,left_only
dylannevar,Dylan Nevar,sa3038793,,,,,,left_only
alexnevils,Alex Nevils,sa3038796,,,,,,left_only
codynew,Cody New,sa3038802,,,,,,left_only
joshnewell,Josh Newell,sa3038805,,,,,,left_only
willnewell,Will Newell,sa3038806,,,,,,left_only
carternewman,Carter Newman,sa3038807,,,,,,left_only
djnewman,DJ Newman,sa3038808,,,,,,left_only
jeremiahnewman,Jeremiah Newman,sa3038812,,,,,,left_only
steaknewman,Steak Newman,sa3038814,,,,,,left_only
jamesnewsome,James Newsome,sa3038821,,,,,,left_only
milesnewsome,Miles Newsome,sa3038822,,,,,,left_only
aidannewton,Aidan Newton,sa3038824,,,,,,left_only
armaninewton,Armani Newton,sa3038825,,,,,,left_only
austinnewton,Austin Newton,sa3038826,,,,,,left_only
gunnarnichols,Gunnar Nichols,sa3038841,,,,,,left_only
lukenichols,Luke Nichols,sa3038843,,,,,,left_only
masonnichols,Mason Nichols,sa3038845,,,,,,left_only
timnicholson,Tim Nicholson,sa3038848,,,,,,left_only
wyattnichol,Wyatt Nichol,sa3038851,,,,,,left_only
cameronnickens,Cameron Nickens,sa3038853,,,,,,left_only
trentnickerson,Trent Nickerson,sa3038854,,,,,,left_only
pambosnicoloudes,Pambos Nicoloudes,sa3038862,,,,,,left_only
benniednagel,Ben Niednagel,sa3038863,,,,,,left_only
jackniedringhaus,Jack Niedringhaus,sa3038864,,,,,,left_only
ryanniedzwiedz,Ryan Niedzwiedz,sa3038865,,,,,,left_only
calebniehaus,Caleb Niehaus,sa3038866,,,,,,left_only
cameronnielson,Cameron Nielson,sa3038867,,,,,,left_only
jacknielsen,Jack Nielsen,sa3038869,,,,,,left_only
samnieves,Sam Nieves,sa3038876,,,,,,left_only
brandonnigh,Brandon Nigh,sa3038878,,,,,,left_only
alecnigut,Alec Nigut,sa3038879,,,,,,left_only
jalenniles,Jalen Niles,sa3038881,,,,,,left_only
joshniles,Josh Niles,sa3038882,,,,,,left_only
maikaniu,Maika Niu,sa3038888,,,,,,left_only
chasenixon,Chase Nixon,sa3038890,,,,,,left_only
lukenixon,Luke Nixon,sa3038891,,,,,,left_only
cadennoah,Caden Noah,sa3038893,,,,,,left_only
jakenolan,Jake Nolan,sa3038908,,,,,,left_only
spencernolan,Spencer Nolan,sa3038913,,,,,,left_only
lukenomura,Luke Nomura,sa3038916,,,,,,left_only
samnomura,Sam Nomura,sa3038917,,,,,,left_only
jadennoot,Jaden Noot,sa3038920,,,,,,left_only
ethannorby,Ethan Norby,sa3038921,,,,,,left_only
gavinnoriega,Gavin Noriega,sa3038924,,,,,,left_only
rossnorman,Ross Norman,sa3038928,,,,,,left_only
bennorth,Ben North,sa3038935,,,,,,left_only
brennennorton,Brennen Norton,sa3038937,,,,,,left_only
davidnovak,David Novak,sa3038942,,,,,,left_only
ryannovak,Ryan Novak,sa3038945,,,,,,left_only
wyattnovara,Wyatt Novara,sa3038946,,,,,,left_only
jacksonnove,Jackson Nove,sa3038947,,,,,,left_only
kevinnovobilsky,Kevin Novobilsky,sa3038955,,,,,,left_only
lukenowak,Luke Nowak,sa3038960,,,,,,left_only
brecknowik,Breck Nowik,sa3038964,,,,,,left_only
coreynunez,Corey Nunez,sa3038969,,,,,,left_only
juliannunez,Julian Nunez,sa3038970,,,,,,left_only
michaelnunez,Michael Nunez,sa3038971,,,,,,left_only
taitnunnally,Tait Nunnally,sa3038973,,,,,,left_only
dravennushida,Draven Nushida,sa3038974,,,,,,left_only
maxnyrop,Max Nyrop,sa3038979,,,,,,left_only
deatonoak,Deaton Oak,sa3038981,,,,,,left_only
kellanoakes,Kellan Oakes,sa3038982,,,,,,left_only
cameronobanan,Cameron OBanan,sa3038987,,,,,,left_only
devinobee,Devin Obee,sa3038988,,,,,,left_only
dylanoborne,Dylan Oborne,sa3038993,,,,,,left_only
finbarobrien,Finbar OBrien,sa3039003,,,,,,left_only
liamobrien,Liam OBrien,sa3039005,,,,,,left_only
michaelobrien,Michael Obrien,sa3039007,,,,,,left_only
nickobrien,Nick OBrien,sa3039009,,,,,,left_only
timmyobrien,Timmy OBrien,sa3039010,,,,,,left_only
ethanoceguera,Ethan Oceguera,sa3039014,,,,,,left_only
joshoch,Josh Och,sa3039015,,,,,,left_only
maddenocko,Madden Ocko,sa3039019,,,,,,left_only
dylanoconnell,Dylan O'Connell,sa3039024,,,,,,left_only
jackoconnor,Jack O'Connor,sa3039026,,,,,,left_only
kellenoconnor,Kellen OConnor,sa3039028,,,,,,left_only
robbieoconnor,Robbie O'Connor,sa3039032,,,,,,left_only
ryanoconnell,Ryan OConnell,sa3039034,,,,,,left_only
sheehanoconnor,Sheehan OConnor,sa3039036,,,,,,left_only
tommyoconnor,Tommy OConnor,sa3039038,,,,,,left_only
mikeoconor,Mike OConor,sa3039039,,,,,,left_only
lukeodden,Luke Odden,sa3039041,,,,,,left_only
lawsonodom,Lawson Odom,sa3039047,,,,,,left_only
tyeodom,Tye Odom,sa3039049,,,,,,left_only
jadoestrike,Jad Oestrike,sa3039055,,,,,,left_only
jodanyofarrilortiz,Jodany Ofarril-Ortiz,sa3039056,,,,,,left_only
jakeogden,Jake Ogden,sa3039060,,,,,,left_only
jdogden,JD Ogden,sa3039061,,,,,,left_only
connorohara,Connor OHara,sa3039069,,,,,,left_only
toranoharran,Toran OHarran,sa3039075,,,,,,left_only
liamohearen,Liam OHearen,sa3039076,,,,,,left_only
carsonohland,Carson Ohland,sa3039080,,,,,,left_only
rickyojeda,Ricky Ojeda,sa3039084,,,,,,left_only
aidanokeefe,Aidan OKeefe,sa3039085,,,,,,left_only
shaunokeeffe,Shaun Okeeffe,sa3039087,,,,,,left_only
christianokerholm,Christian Okerholm,sa3039088,,,,,,left_only
kevinokins,Kevin Okins,sa3039089,,,,,,left_only
edemokpattah,Edem Okpattah,sa3039090,,,,,,left_only
seanoleary,Sean OLeary,sa3039099,,,,,,left_only
jasenoliver,Jasen Oliver,sa3039111,,,,,,left_only
mattolive,Matt Olive,sa3039114,,,,,,left_only
chrisolivier,Chris Olivier,sa3039115,,,,,,left_only
bobbyolsen,Bobby Olsen,sa3039122,,,,,,left_only
carsonolsen,Carson Olsen,sa3039123,,,,,,left_only
braydenolson,Brayden Olson,sa3039130,,,,,,left_only
loganolson,Logan Olson,sa3039137,,,,,,left_only
ryanolson,Ryan Olson,sa3039141,,,,,,left_only
tylerolson,Tyler Olson,sa3039144,,,,,,left_only
daltonolsovsky,Dalton Olsovsky,sa3039145,,,,,,left_only
jackomalley,Jack O'Malley,sa3039149,,,,,,left_only
jamesoman,James Oman,sa3039152,,,,,,left_only
conneroneal,Conner O'Neal,sa3039155,,,,,,left_only
ethanoneal,Ethan ONeal,sa3039156,,,,,,left_only
deanoneill,Dean ONeill,sa3039164,,,,,,left_only
nicoong,Nico Ong,sa3039170,,,,,,left_only
kevinopanel,Kevin Opanel,sa3039172,,,,,,left_only
drewoppenheim,Drew Oppenheim,sa3039173,,,,,,left_only
lukeorbon,Luke Orbon,sa3039177,,,,,,left_only
santiagoordonez,Santiago Ordonez,sa3039179,,,,,,left_only
ericorloff,Eric Orloff,sa3039190,,,,,,left_only
robertorloski,Robert Orloski,sa3039191,,,,,,left_only
devanornelas,Devan Ornelas,sa3039195,,,,,,left_only
tommyorourke,Tommy ORourke,sa3039198,,,,,,left_only
julianorozco,Julian Orozco,sa3039199,,,,,,left_only
aidanorr,Aidan Orr,sa3039200,,,,,,left_only
jacoborr,Jacob Orr,sa3039202,,,,,,left_only
rileyorr,Riley Orr,sa3039203,,,,,,left_only
maxortega,Max Ortega,sa3039210,,,,,,left_only
angelortiz,Angel Ortiz,sa3039216,,,,,,left_only
averyortiz,Avery Ortiz,sa3039217,,,,,,left_only
rayortiz,Ray Ortiz,sa3039225,,,,,,left_only
bradenosbolt,Braden Osbolt,sa3039231,,,,,,left_only
ethanosborne,Ethan Osborne,sa3039233,,,,,,left_only
sawyerosborne,Sawyer Osborne,sa3039235,,,,,,left_only
charlieoschell,Charlie Oschell,sa3039237,,,,,,left_only
michaeloshaughnessy,Michael O'Shaughnessy,sa3039240,,,,,,left_only
ryanoshinskie,Ryan Oshinskie,sa3039242,,,,,,left_only
ryanosinski,Ryan Osinski,sa3039244,,,,,,left_only
mattossenfort,Matt Ossenfort,sa3039247,,,,,,left_only
joshossiander,Josh Ossiander,sa3039248,,,,,,left_only
jonahoster,Jonah Oster,sa3039252,,,,,,left_only
justinosterhouse,Justin Osterhouse,sa3039253,,,,,,left_only
tjoster,T.J. Oster,sa3039254,,,,,,left_only
paulosting,Paul Osting,sa3039255,,,,,,left_only
bradenostrander,Braden Ostrander,sa3039256,,,,,,left_only
connorostrander,Connor Ostrander,sa3039257,,,,,,left_only
brendenosullivan,Brenden OSullivan,sa3039260,,,,,,left_only
davisoswalt,Davis Oswalt,sa3039265,,,,,,left_only
gavinoswald,Gavin Oswald,sa3039266,,,,,,left_only
colbyott,Colby Ott,sa3039276,,,,,,left_only
ethanott,Ethan Ott,sa3039277,,,,,,left_only
thomasotto,Thomas Otto,sa3039283,,,,,,left_only
ryanouzts,Ryan Ouzts,sa3039287,,,,,,left_only
alexoverbay,Alex Overbay,sa3039290,,,,,,left_only
joshoverbeek,Josh Overbeek,sa3039291,,,,,,left_only
andrewoverland,Andrew Overland,sa3039292,,,,,,left_only
jordanoverton,Jordan Overton,sa3039293,,,,,,left_only
braylonowens,Braylon Owens,sa3039298,,,,,,left_only
bradyowens,Brady Owens,sa3039299,,,,,,left_only
carsonozmer,Carson Ozmer,sa3039313,,,,,,left_only
jacksonpace,Jackson Pace,sa3039317,,,,,,left_only
gregpacejr,Greg Pace Jr,sa3039319,,,,,,left_only
danielpacella,Daniel Pacella,sa3039320,,,,,,left_only
blakepacheco,Blake Pacheco,sa3039323,,,,,,left_only
djpacheco,D.J. Pacheco,sa3039324,,,,,,left_only
gavinpacheco,Gavin Pacheco,sa3039325,,,,,,left_only
ryanpackard,Ryan Packard,sa3039328,,,,,,left_only
treypacken,Trey Packen,sa3039329,,,,,,left_only
harrypadden,Harry Padden,sa3039331,,,,,,left_only
jaylenpaden,Jaylen Paden,sa3039332,,,,,,left_only
cameronpadgett,Cameron Padgett,sa3039333,,,,,,left_only
bryanpadilla,Bryan Padilla,sa3039334,,,,,,left_only
brycepadilla,Bryce Padilla,sa3039335,,,,,,left_only
blagenpado,Blagen Pado,sa3039338,,,,,,left_only
carsonpaetow,Carson Paetow,sa3039343,,,,,,left_only
griffenpaige,Griffen Paige,sa3039352,,,,,,left_only
joshpaino,Josh Paino,sa3039354,,,,,,left_only
keonipainter,Keoni Painter,sa3039357,,,,,,left_only
griffinpalfrey,Griffin Palfrey,sa3039360,,,,,,left_only
kenjipallares,Kenji Pallares,sa3039366,,,,,,left_only
blainepalmer,Blaine Palmer,sa3039373,,,,,,left_only
brodenpalmer,Broden Palmer,sa3039374,,,,,,left_only
dylanpalmer,Dylan Palmer,sa3039377,,,,,,left_only
grantpalmer,Grant Palmer,sa3039378,,,,,,left_only
jamiepalmese,Jamie Palmese,sa3039381,,,,,,left_only
konnorpalmeira,Konnor Palmeira,sa3039383,,,,,,left_only
laifpalmer,Laif Palmer,sa3039384,,,,,,left_only
rynepalmer,Ryne Palmer,sa3039387,,,,,,left_only
tylerpalmer,Tyler Palmer,sa3039388,,,,,,left_only
willpalmer,Will Palmer,sa3039389,,,,,,left_only
richiepaltridge,Richie Paltridge,sa3039393,,,,,,left_only
santinopanaro,Santino Panaro,sa3039395,,,,,,left_only
typanariello,Ty Panariello,sa3039396,,,,,,left_only
garrettpancione,Garrett Pancione,sa3039399,,,,,,left_only
gabrielpancratz,Gabriel Pancratz,sa3039400,,,,,,left_only
evanpanjwani,Evan Panjwani,sa3039403,,,,,,left_only
willpapciak,Will Papciak,sa3039412,,,,,,left_only
nunoparache,Nuno Parache,sa3039419,,,,,,left_only
charlieparcell,Charlie Parcell,sa3039422,,,,,,left_only
mattparenteau,Matt Parenteau,sa3039426,,,,,,left_only
nickparham,Nick Parham,sa3039429,,,,,,left_only
derekparis,Derek Paris,sa3039433,,,,,,left_only
lukeparise,Luke Parise,sa3039435,,,,,,left_only
trendanparish,Trendan Parish,sa3039436,,,,,,left_only
joonsungpark,Joonsung Park,sa3039440,,,,,,left_only
benparker,Ben Parker,sa3039445,,,,,,left_only
cadeparker,Cade Parker,sa3039447,,,,,,left_only
caedmonparker,Caedmon Parker,sa3039449,,,,,,left_only
cadenparker,Caden Parker,sa3039450,,,,,,left_only
darnellparkerjr,Darnell Parker Jr.,sa3039453,,,,,,left_only
hudsonparker,Hudson Parker,sa3039456,,,,,,left_only
kadeparker,Kade Parker,sa3039463,,,,,,left_only
maxparker,Max Parker,sa3039464,,,,,,left_only
williamparker,William Parker,sa3039471,,,,,,left_only
sawyerparkin,Sawyer Parkin,sa3039473,,,,,,left_only
willparkinson,Will Parkinson,sa3039474,,,,,,left_only
brendanparks,Brendan Parks,sa3039476,,,,,,left_only
samparks,Sam Parks,sa3039485,,,,,,left_only
bryceparlin,Bryce Parlin,sa3039487,,,,,,left_only
brocparmer,Broc Parmer,sa3039490,,,,,,left_only
evanparmer,Evan Parmer,sa3039491,,,,,,left_only
shawnparnell,Shawn Parnell,sa3039492,,,,,,left_only
brycenparrish,Brycen Parrish,sa3039497,,,,,,left_only
grantparson,Grant Parson,sa3039506,,,,,,left_only
julianparson,Julian Parson,sa3039508,,,,,,left_only
anthonypaskell,Anthony Paskell,sa3039514,,,,,,left_only
wyattpatchett,Wyatt Patchett,sa3039522,,,,,,left_only
aryanpatel,Aryan Patel,sa3039525,,,,,,left_only
masonpatel,Mason Patel,sa3039528,,,,,,left_only
elipaton,Eli Paton,sa3039533,,,,,,left_only
dompatrizi,Dom Patrizi,sa3039536,,,,,,left_only
daltonpatten,Dalton Patten,sa3039542,,,,,,left_only
liampatton,Liam Patton,sa3039547,,,,,,left_only
mylespatton,Myles Patton,sa3039548,,,,,,left_only
tyshonpatty,Tyshon Patty,sa3039550,,,,,,left_only
micpaul,Mic Paul,sa3039557,,,,,,left_only
colepauley,Cole Pauley,sa3039558,,,,,,left_only
trumanpauley,Truman Pauley,sa3039559,,,,,,left_only
jakepaulick,Jake Paulick,sa3039560,,,,,,left_only
alonzopauljr,Alonzo Paul Jr.,sa3039562,,,,,,left_only
erikpaulsen,Erik Paulsen,sa3039565,,,,,,left_only
fisherpaulsen,Fisher Paulsen,sa3039566,,,,,,left_only
dantepavone,Dante Pavone,sa3039568,,,,,,left_only
jackpawlowicz,Jack Pawlowicz,sa3039572,,,,,,left_only
andrelyspayamps,Andrelys Payamps,sa3039575,,,,,,left_only
garrettpayne,Garrett Payne,sa3039582,,,,,,left_only
jacksonpayne,Jackson Payne,sa3039584,,,,,,left_only
landenpayne,Landen Payne,sa3039585,,,,,,left_only
lukepayne,Luke Payne,sa3039586,,,,,,left_only
zandtpayne,Zandt Payne,sa3039588,,,,,,left_only
jcpeacher,J.C. Peacher,sa3039594,,,,,,left_only
gerrypeacock,Gerry Peacock,sa3039595,,,,,,left_only
cadenpearlman,Caden Pearlman,sa3039600,,,,,,left_only
joshpearson,Josh Pearson,sa3039608,,,,,,left_only
willpearson,Will Pearson,sa3039612,,,,,,left_only
brodiebjpeart,Brodie B.J. Peart,sa3039614,,,,,,left_only
jaxsonpease,Jaxson Pease,sa3039616,,,,,,left_only
maddaxpeck,Maddax Peck,sa3039621,,,,,,left_only
tylerpeck,Tyler Peck,sa3039622,,,,,,left_only
davidpedanou,David Pedanou,sa3039624,,,,,,left_only
cannonpeebles,Cannon Peebles,sa3039628,,,,,,left_only
connorpeek,Connor Peek,sa3039630,,,,,,left_only
kadenpeer,Kaden Peer,sa3039631,,,,,,left_only
cannonpeery,Cannon Peery,sa3039633,,,,,,left_only
carlospeguero,Carlos Peguero,sa3039635,,,,,,left_only
chrispeguero,Chris Peguero,sa3039636,,,,,,left_only
ryanpehrson,Ryan Pehrson,sa3039638,,,,,,left_only
wyattpeifer,Wyatt Peifer,sa3039639,,,,,,left_only
elijahpelayo,Elijah Pelayo,sa3039642,,,,,,left_only
eddypelc,Eddy Pelc,sa3039643,,,,,,left_only
charlesetiennepelletier,Charles-Etienne Pelletier,sa3039646,,,,,,left_only
raphaelpelletier,Raphael Pelletier,sa3039648,,,,,,left_only
jppeltier,JP Peltier,sa3039650,,,,,,left_only
lukepemberton,Luke Pemberton,sa3039655,,,,,,left_only
matthewpena,Matthew Pena,sa3039660,,,,,,left_only
dariyanpendergrass,Dariyan Pendergrass,sa3039666,,,,,,left_only
willpendergrass,Will Pendergrass,sa3039669,,,,,,left_only
bradypendley,Brady Pendley,sa3039670,,,,,,left_only
daynepengelly,Dayne Pengelly,sa3039673,,,,,,left_only
scottpenney,Scott Penney,sa3039676,,,,,,left_only
ianpennington,Ian Pennington,sa3039678,,,,,,left_only
connarpenrod,Connar Penrod,sa3039682,,,,,,left_only
blakepenso,Blake Penso,sa3039683,,,,,,left_only
robbiepenswick,Robbie Penswick,sa3039684,,,,,,left_only
roccopeppi,Rocco Peppi,sa3039688,,,,,,left_only
michaelperazza,Michael Perazza,sa3039692,,,,,,left_only
kylepercival,Kyle Percival,sa3039694,,,,,,left_only
louispercival,Louis Percival,sa3039695,,,,,,left_only
aaronperez,Aaron Perez,sa3039699,,,,,,left_only
adanperez,Adan Perez,sa3039700,,,,,,left_only
andresperez,Andres Perez,sa3039701,,,,,,left_only
christianperez,Christian Perez,sa3039707,,,,,,left_only
danielperez,Daniel Perez,sa3039709,,,,,,left_only
jaimeperez,Jaime Perez,sa3039714,,,,,,left_only
jhonkeanuperez,Jhonkeanu Perez,sa3039715,,,,,,left_only
leandroperez,Leandro Perez,sa3039718,,,,,,left_only
ryanperez,Ryan Perez,sa3039721,,,,,,left_only
sebastianperez,Sebastian Perez,sa3039722,,,,,,left_only
shawnperez,Shawn Perez,sa3039723,,,,,,left_only
waldieperez,Waldie Perez,sa3039725,,,,,,left_only
markperkins,Mark Perkins,sa3039730,,,,,,left_only
seanperkins,Sean Perkins,sa3039732,,,,,,left_only
wilsonperkins,Wilson Perkins,sa3039734,,,,,,left_only
brockperreira,Brock Perreira,sa3039738,,,,,,left_only
antonioperrotta,Antonio Perrotta,sa3039743,,,,,,left_only
djperron,DJ Perron,sa3039744,,,,,,left_only
braedenperry,Braeden Perry,sa3039746,,,,,,left_only
haydenperry,Hayden Perry,sa3039748,,,,,,left_only
jakeperry,Jake Perry,sa3039750,,,,,,left_only
laytonperry,Layton Perry,sa3039752,,,,,,left_only
nickperryman,Nick Perryman,sa3039754,,,,,,left_only
tannerperry,Tanner Perry,sa3039755,,,,,,left_only
masonpersons,Mason Persons,sa3039758,,,,,,left_only
mariopesca,Mario Pesca,sa3039759,,,,,,left_only
arlenpeters,Arlen Peters,sa3039763,,,,,,left_only
brandonpeterson,Brandon Peterson,sa3039767,,,,,,left_only
garrettpeters,Garrett Peters,sa3039775,,,,,,left_only
jackpeters,Jack Peters,sa3039779,,,,,,left_only
jonathanpeterson,Jonathan Peterson,sa3039780,,,,,,left_only
kadenpetersen,Kaden Petersen,sa3039782,,,,,,left_only
liampeterson,Liam Peterson,sa3039785,,,,,,left_only
mikapetersen,Mika Petersen,sa3039789,,,,,,left_only
nicpeterson,Nic Peterson,sa3039790,,,,,,left_only
quadepeters,Quade Peters,sa3039791,,,,,,left_only
rileypeterson,Riley Peterson,sa3039793,,,,,,left_only
ryanpeterson,Ryan Peterson,sa3039798,,,,,,left_only
sampeterson,Sam Peterson,sa3039800,,,,,,left_only
treysonpeters,Treyson Peters,sa3039803,,,,,,left_only
tylerpeters,Tyler Peters,sa3039804,,,,,,left_only
tylerpeterson,Tyler Peterson,sa3039805,,,,,,left_only
tycepeterson,Tyce Peterson,sa3039806,,,,,,left_only
zachpeters,Zach Peters,sa3039809,,,,,,left_only
zacharypeters,Zachary Peters,sa3039810,,,,,,left_only
nickpetit,Nick Petit,sa3039812,,,,,,left_only
owenpetrich,Owen Petrich,sa3039820,,,,,,left_only
alexpetrovic,Alex Petrovic,sa3039821,,,,,,left_only
andrewpetrowski,Andrew Petrowski,sa3039822,,,,,,left_only
benpetrone,Ben Petrone,sa3039823,,,,,,left_only
gregpettay,Greg Pettay,sa3039832,,,,,,left_only
lukepettitte,Luke Pettitte,sa3039836,,,,,,left_only
tylerpettorini,Tyler Pettorini,sa3039837,,,,,,left_only
brandonpettrey,Brandon Pettrey,sa3039838,,,,,,left_only
quinnpetty,Quinn Petty,sa3039841,,,,,,left_only
zanepetty,Zane Petty,sa3039843,,,,,,left_only
jordanpeyton,Jordan Peyton,sa3039844,,,,,,left_only
cylephelan,Cyle Phelan,sa3039851,,,,,,left_only
jacephelan,Jace Phelan,sa3039852,,,,,,left_only
brycephelps,Bryce Phelps,sa3039853,,,,,,left_only
holdenphelps,Holden Phelps,sa3039854,,,,,,left_only
travisphelps,Travis Phelps,sa3039857,,,,,,left_only
trephelps,Tre Phelps,sa3039858,,,,,,left_only
brennanphillips,Brennan Phillips,sa3039862,,,,,,left_only
caydenphillips,Cayden Phillips,sa3039864,,,,,,left_only
ethanphillips,Ethan Phillips,sa3039865,,,,,,left_only
jacobphillips,Jacob Phillips,sa3039868,,,,,,left_only
nolanphillips,Nolan Phillips,sa3039871,,,,,,left_only
peterphillips,Peter Phillips,sa3039872,,,,,,left_only
qphillips,Q Phillips,sa3039874,,,,,,left_only
tracephillips,Trace Phillips,sa3039876,,,,,,left_only
alexphilpott,Alex Philpott,sa3039877,,,,,,left_only
jacksonphipps,Jackson Phipps,sa3039879,,,,,,left_only
dominicpianto,Dominic Pianto,sa3039883,,,,,,left_only
oliviapichardo,Olivia Pichardo,sa3039887,,,,,,left_only
andrewpickering,Andrew Pickering,sa3039889,,,,,,left_only
cannonpickell,Cannon Pickell,sa3039890,,,,,,left_only
parkerpicot,Parker Picot,sa3039896,,,,,,left_only
hunterpidek,Hunter Pidek,sa3039897,,,,,,left_only
jeffpierantoni,Jeff Pierantoni,sa3039899,,,,,,left_only
owenpierce,Owen Pierce,sa3039904,,,,,,left_only
ryanpierce,Ryan Pierce,sa3039906,,,,,,left_only
dominicpieto,Dominic Pieto,sa3039912,,,,,,left_only
benpika,Ben Pika,sa3039917,,,,,,left_only
garretpike,Garret Pike,sa3039918,,,,,,left_only
loganpikur,Logan Pikur,sa3039919,,,,,,left_only
marshallpile,Marshall Pile,sa3039925,,,,,,left_only
johnnypilla,Johnny Pilla,sa3039927,,,,,,left_only
luispimentelguerrero,Luis Pimentel-Guerrero,sa3039932,,,,,,left_only
jackpineau,Jack Pineau,sa3039937,,,,,,left_only
anthonypingeton,Anthony Pingeton,sa3039941,,,,,,left_only
hughpinkney,Hugh Pinkney,sa3039942,,,,,,left_only
smithpinson,Smith Pinson,sa3039946,,,,,,left_only
jacobpipercic,Jacob Pipercic,sa3039952,,,,,,left_only
loganpiper,Logan Piper,sa3039953,,,,,,left_only
lukaspirko,Lukas Pirko,sa3039957,,,,,,left_only
michaelpirrello,Michael Pirrello,sa3039958,,,,,,left_only
sebastianpisacreta,Sebastian Pisacreta,sa3039961,,,,,,left_only
cameronpittman,Cameron Pittman,sa3039966,,,,,,left_only
robertpittsjr,Robert Pitts Jr.,sa3039970,,,,,,left_only
ryanpittz,Ryan Pittz,sa3039971,,,,,,left_only
tylerpitzer,Tyler Pitzer,sa3039972,,,,,,left_only
garretplata,Garret Plata,sa3039983,,,,,,left_only
willplattner,Will Plattner,sa3039986,,,,,,left_only
jackpletter,Jack Pletter,sa3039993,,,,,,left_only
coleplowman,Cole Plowman,sa3039997,,,,,,left_only
benplumley,Ben Plumley,sa3039999,,,,,,left_only
aidanplummer,Aidan Plummer,sa3040001,,,,,,left_only
cadenplummer,Caden Plummer,sa3040002,,,,,,left_only
shadariousplummer,Shadarious Plummer,sa3040004,,,,,,left_only
tonypluta,Tony Pluta,sa3040006,,,,,,left_only
ethanplyler,Ethan Plyler,sa3040007,,,,,,left_only
quentinpohorski,Quentin Pohorski,sa3040021,,,,,,left_only
jakepoindexter,Jake Poindexter,sa3040022,,,,,,left_only
colepoirrier,Cole Poirrier,sa3040024,,,,,,left_only
jackpoist,Jack Poist,sa3040026,,,,,,left_only
jackpokorak,Jack Pokorak,sa3040027,,,,,,left_only
jarrettpokrovsky,Jarrett Pokrovsky,sa3040028,,,,,,left_only
maxtonpolad,Maxton Polad,sa3040031,,,,,,left_only
claytonpoliey,Clayton Poliey,sa3040036,,,,,,left_only
howellpolk,Howell Polk,sa3040039,,,,,,left_only
lakinpolk,Lakin Polk,sa3040041,,,,,,left_only
matthewpolk,Matthew Polk,sa3040042,,,,,,left_only
davinpollard,Davin Pollard,sa3040048,,,,,,left_only
kylepollack,Kyle Pollack,sa3040049,,,,,,left_only
michaelpollard,Michael Pollard,sa3040051,,,,,,left_only
griffinpolley,Griffin Polley,sa3040054,,,,,,left_only
liampollock,Liam Pollock,sa3040055,,,,,,left_only
natepolo,Nate Polo,sa3040057,,,,,,left_only
tjpompey,TJ Pompey,sa3040060,,,,,,left_only
mikeponcini,Mike Poncini,sa3040064,,,,,,left_only
nicpoole,Nic Poole,sa3040073,,,,,,left_only
owenpoole,Owen Poole,sa3040074,,,,,,left_only
tompoole,Tom Poole,sa3040075,,,,,,left_only
broedypoppell,Broedy Poppell,sa3040084,,,,,,left_only
robbyporco,Robby Porco,sa3040086,,,,,,left_only
hunterporter,Hunter Porter,sa3040094,,,,,,left_only
jakeporter,Jake Porter,sa3040095,,,,,,left_only
matthewporter,Matthew Porter,sa3040099,,,,,,left_only
ryanporter,Ryan Porter,sa3040102,,,,,,left_only
treyporter,Trey Porter,sa3040104,,,,,,left_only
aaronposey,Aaron Posey,sa3040110,,,,,,left_only
jonahposey,Jonah Posey,sa3040113,,,,,,left_only
loganpoteet,Logan Poteet,sa3040124,,,,,,left_only
anthonypotestio,Anthony Potestio,sa3040125,,,,,,left_only
matthewpotok,Matthew Potok,sa3040127,,,,,,left_only
jackpotteiger,Jack Potteiger,sa3040129,,,,,,left_only
jakepotts,Jake Potts,sa3040134,,,,,,left_only
zackpotts,Zack Potts,sa3040135,,,,,,left_only
harrisonpovey,Harrison Povey,sa3040143,,,,,,left_only
bradypowell,Brady Powell,sa3040145,,,,,,left_only
danielpowell,Daniel Powell,sa3040147,,,,,,left_only
joepowell,Joe Powell,sa3040150,,,,,,left_only
callenpowers,Callen Powers,sa3040155,,,,,,left_only
jackpower,Jack Power,sa3040156,,,,,,left_only
bradleypoynter,Bradley Poynter,sa3040164,,,,,,left_only
ryanprager,Ryan Prager,sa3040167,,,,,,left_only
tylerprather,Tyler Prather,sa3040171,,,,,,left_only
nicholaspratt,Nicholas Pratt,sa3040174,,,,,,left_only
ozziepratt,Ozzie Pratt,sa3040175,,,,,,left_only
connorpreisel,Connor Preisel,sa3040180,,,,,,left_only
peytonprescott,Peyton Prescott,sa3040183,,,,,,left_only
devinpressley,Devin Pressley,sa3040188,,,,,,left_only
mattprevesk,Matt Prevesk,sa3040193,,,,,,left_only
connorprice,Connor Price,sa3040196,,,,,,left_only
landonprice,Landon Price,sa3040199,,,,,,left_only
trentprice,Trent Price,sa3040206,,,,,,left_only
parispridgen,Paris Pridgen,sa3040209,,,,,,left_only
collinpriest,Collin Priest,sa3040211,,,,,,left_only
angeloprieto,Angelo Prieto,sa3040212,,,,,,left_only
diegoprieto,Diego Prieto,sa3040213,,,,,,left_only
djprimeaux,DJ Primeaux,sa3040215,,,,,,left_only
parkerprimeaux,Parker Primeaux,sa3040216,,,,,,left_only
owenprince,Owen Prince,sa3040219,,,,,,left_only
prestonprince,Preston Prince,sa3040220,,,,,,left_only
lucaspringle,Lucas Pringle,sa3040221,,,,,,left_only
keenanproctor,Keenan Proctor,sa3040233,,,,,,left_only
kylerproctor,Kyler Proctor,sa3040234,,,,,,left_only
owenproksch,Owen Proksch,sa3040240,,,,,,left_only
calvinproskey,Calvin Proskey,sa3040243,,,,,,left_only
genesisprosper,Genesis Prosper,sa3040247,,,,,,left_only
coleprout,Cole Prout,sa3040251,,,,,,left_only
bradpruett,Brad Pruett,sa3040253,,,,,,left_only
jacobpruitt,Jacob Pruitt,sa3040257,,,,,,left_only
mikelpryor,Mikel Pryor,sa3040261,,,,,,left_only
willpryor,Will Pryor,sa3040262,,,,,,left_only
brockpuckett,Brock Puckett,sa3040266,,,,,,left_only
stewartpuckett,Stewart Puckett,sa3040270,,,,,,left_only
oliverpudvar,Oliver Pudvar,sa3040271,,,,,,left_only
parkerpuetz,Parker Puetz,sa3040273,,,,,,left_only
samsonpugh,Samson Pugh,sa3040274,,,,,,left_only
nolanpuglisi,Nolan Puglisi,sa3040276,,,,,,left_only
owenpuk,Owen Puk,sa3040281,,,,,,left_only
ethanpulliam,Ethan Pulliam,sa3040282,,,,,,left_only
calebpundsack,Caleb Pundsack,sa3040285,,,,,,left_only
brodiepurcell,Brodie Purcell,sa3040289,,,,,,left_only
jarrenpurify,Jarren Purify,sa3040292,,,,,,left_only
daxtonpurser,Daxton Purser,sa3040296,,,,,,left_only
eliputnam,Eli Putnam,sa3040299,,,,,,left_only
griffinpuvel,Griffin Puvel,sa3040307,,,,,,left_only
andrewpyle,Andrew Pyle,sa3040310,,,,,,left_only
joshpyne,Josh Pyne,sa3040311,,,,,,left_only
coltinquagliano,Coltin Quagliano,sa3040312,,,,,,left_only
nickquagliato,Nick Quagliato,sa3040313,,,,,,left_only
jaredquandt,Jared Quandt,sa3040314,,,,,,left_only
markquatrani,Mark Quatrani,sa3040317,,,,,,left_only
kydesequeen,Kydese Queen,sa3040321,,,,,,left_only
mattqueen,Matt Queen,sa3040322,,,,,,left_only
michaelquevedo,Michael Quevedo,sa3040323,,,,,,left_only
joshquezada,Josh Quezada,sa3040325,,,,,,left_only
agyeiquinichett,Agyei Quinichett,sa3040337,,,,,,left_only
jackquinlan,Jack Quinlan,sa3040339,,,,,,left_only
johnquinlan,John Quinlan,sa3040340,,,,,,left_only
aidanquinn,Aidan Quinn,sa3040341,,,,,,left_only
owenquinn,Owen Quinn,sa3040347,,,,,,left_only
thomasquinn,Thomas Quinn,sa3040348,,,,,,left_only
tylerquinn,Tyler Quinn,sa3040349,,,,,,left_only
walterquinn,Walter Quinn,sa3040352,,,,,,left_only
collinquintano,Collin Quintano,sa3040355,,,,,,left_only
jtraab,JT Raab,sa3040359,,,,,,left_only
jacobyradcliffe,Jacoby Radcliffe,sa3040373,,,,,,left_only
ryanradcliff,Ryan Radcliff,sa3040375,,,,,,left_only
jackradel,Jack Radel,sa3040377,,,,,,left_only
jeremyrader,Jeremy Rader,sa3040379,,,,,,left_only
dylanradke,Dylan Radke,sa3040383,,,,,,left_only
djradtke,DJ Radtke,sa3040384,,,,,,left_only
ranseradtke,Ranse Radtke,sa3040386,,,,,,left_only
josiahragsdale,Josiah Ragsdale,sa3040392,,,,,,left_only
jayderraifstanger,Jayder Raifstanger,sa3040394,,,,,,left_only
coleraile,Cole Raile,sa3040395,,,,,,left_only
isaiahrainge,Isaiah Rainge,sa3040399,,,,,,left_only
colinrains,Colin Rains,sa3040400,,,,,,left_only
alexrakas,Alex Rakas,sa3040404,,,,,,left_only
eastonrakers,Easton Rakers,sa3040405,,,,,,left_only
karlralamb,Karl Ralamb,sa3040406,,,,,,left_only
brodyraleigh,Brody Raleigh,sa3040407,,,,,,left_only
maximilianramireziv,Maximilian Ramirez IV,sa3040428,,,,,,left_only
joshuaramos,Joshua Ramos,sa3040434,,,,,,left_only
rigoramos,Rigo Ramos,sa3040435,,,,,,left_only
zackramppen,Zack Ramppen,sa3040437,,,,,,left_only
calrandall,Cal Randall,sa3040442,,,,,,left_only
levirandall,Levi Randall,sa3040444,,,,,,left_only
braydenrandle,Brayden Randle,sa3040447,,,,,,left_only
jakerandolph,Jake Randolph,sa3040451,,,,,,left_only
treytonrank,Treyton Rank,sa3040454,,,,,,left_only
sonnyrao,Sonny Rao,sa3040459,,,,,,left_only
carterrasmussen,Carter Rasmussen,sa3040470,,,,,,left_only
connorrasmussen,Connor Rasmussen,sa3040471,,,,,,left_only
donovanratfield,Donovan Ratfield,sa3040472,,,,,,left_only
aidanrath,Aidan Rath,sa3040473,,,,,,left_only
kyleratliff,Kyle Ratliff,sa3040475,,,,,,left_only
ajrausch,AJ Rausch,sa3040477,,,,,,left_only
williamray,William Ray,sa3040489,,,,,,left_only
armaniraygoza,Armani Raygoza,sa3040491,,,,,,left_only
chadreadey,Chad Readey,sa3040496,,,,,,left_only
robready,Rob Ready,sa3040497,,,,,,left_only
hunterrebando,Hunter Rebando,sa3040502,,,,,,left_only
jacobrebrook,Jacob Rebrook,sa3040504,,,,,,left_only
tannerrecchio,Tanner Recchio,sa3040506,,,,,,left_only
aidanredahan,Aidan Redahan,sa3040514,,,,,,left_only
loganreddemann,Logan Reddemann,sa3040515,,,,,,left_only
ryanreddemann,Ryan Reddemann,sa3040516,,,,,,left_only
blakereed,Blake Reed,sa3040527,,,,,,left_only
jacksonreed,Jackson Reed,sa3040531,,,,,,left_only
kevinreed,Kevin Reed,sa3040532,,,,,,left_only
ryanreed,Ryan Reed,sa3040535,,,,,,left_only
samreed,Sam Reed,sa3040536,,,,,,left_only
canonreeder,Canon Reeder,sa3040539,,,,,,left_only
reaganreeder,Reagan Reeder,sa3040541,,,,,,left_only
acereese,Ace Reese,sa3040543,,,,,,left_only
jamesreese,James Reese,sa3040546,,,,,,left_only
ripkenreese,Ripken Reese,sa3040548,,,,,,left_only
rickyreeth,Ricky Reeth,sa3040550,,,,,,left_only
landonreeves,Landon Reeves,sa3040557,,,,,,left_only
sawyerreeves,Sawyer Reeves,sa3040558,,,,,,left_only
ryanreich,Ryan Reich,sa3040570,,,,,,left_only
joereid,Joe Reid,sa3040575,,,,,,left_only
ellisreidiii,Ellis Reid III,sa3040579,,,,,,left_only
benreimers,Ben Reimers,sa3040587,,,,,,left_only
kadereinertson,Kade Reinertson,sa3040590,,,,,,left_only
brianreinke,Brian Reinke,sa3040596,,,,,,left_only
chancereisdorph,Chance Reisdorph,sa3040598,,,,,,left_only
justisreiser,Justis Reiser,sa3040599,,,,,,left_only
ethanrembish,Ethan Rembish,sa3040607,,,,,,left_only
ryanrembisz,Ryan Rembisz,sa3040608,,,,,,left_only
kyleremington,Kyle Remington,sa3040609,,,,,,left_only
nickremy,Nick Remy,sa3040611,,,,,,left_only
jackrenaud,Jack Renaud,sa3040612,,,,,,left_only
brettrenfrow,Brett Renfrow,sa3040617,,,,,,left_only
ryanrenfroe,Ryan Renfroe,sa3040618,,,,,,left_only
chaserenner,Chase Renner,sa3040620,,,,,,left_only
andrewressler,Andrew Ressler,sa3040629,,,,,,left_only
walkerretz,Walker Retz,sa3040633,,,,,,left_only
collinreuter,Collin Reuter,sa3040635,,,,,,left_only
carsonrevay,Carson Revay,sa3040636,,,,,,left_only
dustyrevis,Dusty Revis,sa3040639,,,,,,left_only
aaronreyes,Aaron Reyes,sa3040641,,,,,,left_only
randyreyes,Randy Reyes,sa3040647,,,,,,left_only
bradyreynolds,Brady Reynolds,sa3040650,,,,,,left_only
deanreynolds,Dean Reynolds,sa3040654,,,,,,left_only
drewreynolds,Drew Reynolds,sa3040655,,,,,,left_only
owenreynolds,Owen Reynolds,sa3040658,,,,,,left_only
ryanreynolds,Ryan Reynolds,sa3040660,,,,,,left_only
dylanrhadans,Dylan Rhadans,sa3040664,,,,,,left_only
matthewrheaume,Matthew Rheaume,sa3040665,,,,,,left_only
colinrhein,Colin Rhein,sa3040667,,,,,,left_only
tyrhoades,Ty Rhoades,sa3040668,,,,,,left_only
lanerhodes,Lane Rhodes,sa3040674,,,,,,left_only
terrencerhodes,Terrence Rhodes,sa3040675,,,,,,left_only
borhudy,Bo Rhudy,sa3040676,,,,,,left_only
davisrhyne,Davis Rhyne,sa3040677,,,,,,left_only
aaronrice,Aaron Rice,sa3040680,,,,,,left_only
aidanrice,Aidan Rice,sa3040681,,,,,,left_only
billyrice,Billy Rice,sa3040682,,,,,,left_only
brooksrice,Brooks Rice,sa3040683,,,,,,left_only
trentrice,Trent Rice,sa3040692,,,,,,left_only
williamrice,William Rice,sa3040694,,,,,,left_only
brigsrichartz,Brigs Richartz,sa3040701,,,,,,left_only
carterrichey,Carter Richey,sa3040714,,,,,,left_only
dylanrichey,Dylan Richey,sa3040715,,,,,,left_only
cjrichmond,CJ Richmond,sa3040717,,,,,,left_only
brycerichter,Bryce Richter,sa3040718,,,,,,left_only
chaserichter,Chase Richter,sa3040719,,,,,,left_only
eastonrichter,Easton Richter,sa3040720,,,,,,left_only
lucasrick,Lucas Rick,sa3040723,,,,,,left_only
rjrickabaugh,RJ Rickabaugh,sa3040724,,,,,,left_only
jackrickheim,Jack Rickheim,sa3040726,,,,,,left_only
skylerriedinger,Skyler Riedinger,sa3040739,,,,,,left_only
benjiries,Benji Ries,sa3040742,,,,,,left_only
charlierife,Charlie Rife,sa3040745,,,,,,left_only
millerriggins,Miller Riggins,sa3040750,,,,,,left_only
bryceriggs,Bryce Riggs,sa3040751,,,,,,left_only
tylerrigot,Tyler Rigot,sa3040756,,,,,,left_only
chandlerriley,Chandler Riley,sa3040761,,,,,,left_only
owenriley,Owen Riley,sa3040768,,,,,,left_only
jacerinehart,Jace Rinehart,sa3040778,,,,,,left_only
rugerriojas,Ruger Riojas,sa3040781,,,,,,left_only
taderiordan,Tade Riordan,sa3040785,,,,,,left_only
lorenzorios,Lorenzo Rios,sa3040787,,,,,,left_only
paytonriske,Payton Riske,sa3040793,,,,,,left_only
ryanrissas,Ryan Rissas,sa3040796,,,,,,left_only
kollinritchie,Kollin Ritchie,sa3040802,,,,,,left_only
jamalritter,Jamal Ritter,sa3040805,,,,,,left_only
justinritz,Justin Ritz,sa3040807,,,,,,left_only
andrewrivas,Andrew Rivas,sa3040810,,,,,,left_only
angelrivera,Angel Rivera,sa3040813,,,,,,left_only
davisrivers,Davis Rivers,sa3040818,,,,,,left_only
juanrivera,Juan Rivera,sa3040832,,,,,,left_only
reaganrivera,Reagan Rivera,sa3040840,,,,,,left_only
sergiorivera,Sergio Rivera,sa3040844,,,,,,left_only
kylerizy,Kyle Rizy,sa3040848,,,,,,left_only
garrenrizzo,Garren Rizzo,sa3040849,,,,,,left_only
nicholasrizzo,Nicholas Rizzo,sa3040850,,,,,,left_only
nicholasrobb,Nicholas Robb,sa3040858,,,,,,left_only
aidenrobbins,Aiden Robbins,sa3040859,,,,,,left_only
haydenrobbins,Hayden Robbins,sa3040860,,,,,,left_only
willrobbins,Will Robbins,sa3040862,,,,,,left_only
benroberts,Ben Roberts,sa3040867,,,,,,left_only
coleroberts,Cole Roberts,sa3040874,,,,,,left_only
creekrobertson,Creek Robertson,sa3040875,,,,,,left_only
dylanrobertson,Dylan Robertson,sa3040878,,,,,,left_only
jasonroberts,Jason Roberts,sa3040882,,,,,,left_only
jacksonroberts,Jackson Roberts,sa3040884,,,,,,left_only
kellenroberts,Kellen Roberts,sa3040886,,,,,,left_only
michaelrobertson,Michael Robertson,sa3040888,,,,,,left_only
nickrobert,Nick Robert,sa3040889,,,,,,left_only
samroberts,Sam Roberts,sa3040890,,,,,,left_only
benrobichaux,Ben Robichaux,sa3040894,,,,,,left_only
cadenrobinson,Caden Robinson,sa3040899,,,,,,left_only
dariusrobinson,Darius Robinson,sa3040905,,,,,,left_only
justinrobinson,Justin Robinson,sa3040910,,,,,,left_only
kevinrobinson,Kevin Robinson,sa3040911,,,,,,left_only
reeserobinett,Reese Robinett,sa3040917,,,,,,left_only
ryderrobinson,Ryder Robinson,sa3040920,,,,,,left_only
shairobinson,Shai Robinson,sa3040921,,,,,,left_only
tayerobinson,Taye Robinson,sa3040922,,,,,,left_only
albertroblez,Albert Roblez,sa3040930,,,,,,left_only
bubbarocha,Bubba Rocha,sa3040933,,,,,,left_only
connorroche,Connor Roche,sa3040937,,,,,,left_only
patrickroche,Patrick Roche,sa3040939,,,,,,left_only
ronaldrockey,Ronald Rockey,sa3040941,,,,,,left_only
brockrod,Brock Rod,sa3040944,,,,,,left_only
joeroder,Joe Roder,sa3040949,,,,,,left_only
tyroder,Ty Roder,sa3040950,,,,,,left_only
jacksonrodgers,Jackson Rodgers,sa3040955,,,,,,left_only
alexrodriguez,Alex Rodriguez,sa3040961,,,,,,left_only
alecrodriguez,Alec Rodriguez,sa3040962,,,,,,left_only
carlosrodriguezvelez,Carlos Rodriguez-Velez,sa3040969,,,,,,left_only
elijahrodriguez,Elijah Rodriguez,sa3040976,,,,,,left_only
estebanrodriguez,Esteban Rodriguez,sa3040978,,,,,,left_only
freddyrodriguez,Freddy Rodriguez,sa3040979,,,,,,left_only
isaacrodriguez,Isaac Rodriguez,sa3040981,,,,,,left_only
joelrodriguez,Joel Rodriguez,sa3040988,,,,,,left_only
lewisrodriguez,Lewis Rodriguez,sa3040993,,,,,,left_only
louisrodriguez,Louis Rodriguez,sa3040994,,,,,,left_only
lukerodriguez,Luke Rodriguez,sa3040998,,,,,,left_only
mikeyrodriques,Mikey Rodriques,sa3041002,,,,,,left_only
michaelrodriguez,Michael Rodriguez,sa3041003,,,,,,left_only
nickrodriguez,Nick Rodriguez,sa3041005,,,,,,left_only
noahrodriguez,Noah Rodriguez,sa3041008,,,,,,left_only
rynerodriguez,Ryne Rodriguez,sa3041017,,,,,,left_only
taerrodriguez,Taer Rodriguez,sa3041018,,,,,,left_only
bennyroebuck,Benny Roebuck,sa3041020,,,,,,left_only
bradenroesch,Braden Roesch,sa3041026,,,,,,left_only
gaberoessler,Gabe Roessler,sa3041028,,,,,,left_only
jacobroettgen,Jacob Roettgen,sa3041030,,,,,,left_only
zachrogacki,Zach Rogacki,sa3041032,,,,,,left_only
charlierogan,Charlie Rogan,sa3041034,,,,,,left_only
pjrogan,PJ Rogan,sa3041035,,,,,,left_only
blakerogers,Blake Rogers,sa3041037,,,,,,left_only
brandonrogers,Brandon Rogers,sa3041038,,,,,,left_only
dylanrogers,Dylan Rogers,sa3041046,,,,,,left_only
gusrogers,Gus Rogers,sa3041049,,,,,,left_only
jahlanirogers,Jahlani Rogers,sa3041051,,,,,,left_only
jacobrogers,Jacob Rogers,sa3041053,,,,,,left_only
jdrogers,JD Rogers,sa3041054,,,,,,left_only
jordanrogers,Jordan Rogers,sa3041056,,,,,,left_only
raffaelerogers,Raffaele Rogers,sa3041059,,,,,,left_only
tjrogers,TJ Rogers,sa3041061,,,,,,left_only
willrogers,Will Rogers,sa3041063,,,,,,left_only
lukeroggenburk,Luke Roggenburk,sa3041064,,,,,,left_only
davisrokose,Davis Rokose,sa3041077,,,,,,left_only
lukerolland,Luke Rolland,sa3041084,,,,,,left_only
thomasrollauer,Thomas Rollauer,sa3041085,,,,,,left_only
mikeromano,Mike Romano,sa3041095,,,,,,left_only
nicholasromano,Nicholas Romano,sa3041097,,,,,,left_only
richieroman,Richie Roman,sa3041098,,,,,,left_only
mattromero,Matt Romero,sa3041109,,,,,,left_only
zachromero,Zach Romero,sa3041110,,,,,,left_only
cooperromich,Cooper Romich,sa3041111,,,,,,left_only
coryronan,Cory Ronan,sa3041112,,,,,,left_only
brendanroney,Brendan Roney,sa3041115,,,,,,left_only
bryceronken,Bryce Ronken,sa3041116,,,,,,left_only
andrewronne,Andrew Ronne,sa3041118,,,,,,left_only
holdenrook,Holden Rook,sa3041122,,,,,,left_only
noahrooney,Noah Rooney,sa3041125,,,,,,left_only
trevorroper,Trevor Roper,sa3041132,,,,,,left_only
marcosrosales,Marcos Rosales,sa3041142,,,,,,left_only
mattrose,Matt Rose,sa3041150,,,,,,left_only
zionrose,Zion Rose,sa3041154,,,,,,left_only
carlosroses,Carlos Roses,sa3041162,,,,,,left_only
camdenross,Camden Ross,sa3041168,,,,,,left_only
deamezross,Deamez Ross,sa3041169,,,,,,left_only
josiahross,Josiah Ross,sa3041174,,,,,,left_only
lukeross,Luke Ross,sa3041177,,,,,,left_only
nateross,Nate Ross,sa3041179,,,,,,left_only
willross,Will Ross,sa3041184,,,,,,left_only
elliottrossell,Elliott Rossell,sa3041186,,,,,,left_only
naterosser,Nate Rosser,sa3041187,,,,,,left_only
davidrossow,David Rossow,sa3041190,,,,,,left_only
ethanrossow,Ethan Rossow,sa3041191,,,,,,left_only
cadenrothbaum,Caden Rothbaum,sa3041197,,,,,,left_only
collinrothermel,Collin Rothermel,sa3041199,,,,,,left_only
ethanrothschild,Ethan Rothschild,sa3041201,,,,,,left_only
justinroulston,Justin Roulston,sa3041206,,,,,,left_only
benrounds,Ben Rounds,sa3041207,,,,,,left_only
kevinrourke,Kevin Rourke,sa3041210,,,,,,left_only
scottrouse,Scott Rouse,sa3041213,,,,,,left_only
hudsonrowan,Hudson Rowan,sa3041216,,,,,,left_only
brennanrowe,Brennan Rowe,sa3041219,,,,,,left_only
mattrowe,Matt Rowe,sa3041221,,,,,,left_only
grayrowlett,Gray Rowlett,sa3041224,,,,,,left_only
jacobrowold,Jacob Rowold,sa3041225,,,,,,left_only
ethanroyal,Ethan Royal,sa3041228,,,,,,left_only
hunterroyal,Hunter Royal,sa3041229,,,,,,left_only
gianniroyer,Gianni Royer,sa3041230,,,,,,left_only
charlieroyle,Charlie Royle,sa3041231,,,,,,left_only
benroyo,Ben Royo,sa3041232,,,,,,left_only
zachroyse,Zach Royse,sa3041233,,,,,,left_only
liamroyster,Liam Royster,sa3041234,,,,,,left_only
billyrozakis,Billy Rozakis,sa3041235,,,,,,left_only
rjruais,RJ Ruais,sa3041238,,,,,,left_only
andrewrubayo,Andrew Rubayo,sa3041241,,,,,,left_only
justinrubin,Justin Rubin,sa3041246,,,,,,left_only
jettruby,Jett Ruby,sa3041249,,,,,,left_only
andrewrucci,Andrew Rucci,sa3041250,,,,,,left_only
tristanrucker,Tristan Rucker,sa3041254,,,,,,left_only
andrewrudd,Andrew Rudd,sa3041255,,,,,,left_only
zebruddell,Zeb Ruddell,sa3041257,,,,,,left_only
bradrudis,Brad Rudis,sa3041259,,,,,,left_only
teddyruffner,Teddy Ruffner,sa3041272,,,,,,left_only
masonruh,Mason Ruh,sa3041279,,,,,,left_only
tyruhl,Ty Ruhl,sa3041280,,,,,,left_only
damianruiz,Damian Ruiz,sa3041281,,,,,,left_only
jacobruiz,Jacob Ruiz,sa3041285,,,,,,left_only
justinruiz,Justin Ruiz,sa3041288,,,,,,left_only
josephruller,Joseph Ruller,sa3041295,,,,,,left_only
garveyrumary,Garvey Rumary,sa3041296,,,,,,left_only
loganrumberg,Logan Rumberg,sa3041297,,,,,,left_only
trentrumley,Trent Rumley,sa3041298,,,,,,left_only
tyrumsey,Ty Rumsey,sa3041301,,,,,,left_only
loganrunde,Logan Runde,sa3041304,,,,,,left_only
camdenrush,Camden Rush,sa3041312,,,,,,left_only
christianrush,Christian Rush,sa3041313,,,,,,left_only
loganrushing,Logan Rushing,sa3041318,,,,,,left_only
ryanrushing,Ryan Rushing,sa3041319,,,,,,left_only
aidanrussell,Aidan Russell,sa3041323,,,,,,left_only
austinrussell,Austin Russell,sa3041326,,,,,,left_only
landonrussell,Landon Russell,sa3041335,,,,,,left_only
matthewrusso,Matthew Russo,sa3041345,,,,,,left_only
keatonruthardt,Keaton Ruthardt,sa3041355,,,,,,left_only
drewrutter,Drew Rutter,sa3041361,,,,,,left_only
joeruzicka,Joe Ruzicka,sa3041362,,,,,,left_only
braydenryan,Brayden Ryan,sa3041367,,,,,,left_only
hunterryan,Hunter Ryan,sa3041370,,,,,,left_only
jackryan,Jack Ryan,sa3041373,,,,,,left_only
jaxryan,Jax Ryan,sa3041374,,,,,,left_only
joeyryan,Joey Ryan,sa3041375,,,,,,left_only
mattryan,Matt Ryan,sa3041376,,,,,,left_only
tresdonrybarczyk,Tresdon Rybarczyk,sa3041379,,,,,,left_only
carstensabathia,Carsten Sabathia,sa3041386,,,,,,left_only
josephsabbath,Joseph Sabbath,sa3041389,,,,,,left_only
zachsabers,Zach Sabers,sa3041391,,,,,,left_only
alecsachais,Alec Sachais,sa3041397,,,,,,left_only
nickysackett,Nicky Sackett,sa3041400,,,,,,left_only
noahsackenheim,Noah Sackenheim,sa3041401,,,,,,left_only
dannysadler,Danny Sadler,sa3041405,,,,,,left_only
willsafford,Will Safford,sa3041409,,,,,,left_only
tannersagouspe,Tanner Sagouspe,sa3041414,,,,,,left_only
ciansahler,Cian Sahler,sa3041415,,,,,,left_only
brookssailors,Brooks Sailors,sa3041416,,,,,,left_only
nolansailors,Nolan Sailors,sa3041417,,,,,,left_only
yechielsaint,Yechiel Saint,sa3041418,,,,,,left_only
shunsukesakaino,Shunsuke Sakaino,sa3041420,,,,,,left_only
strydersalas,Stryder Salas,sa3041427,,,,,,left_only
prestonsalazar,Preston Salazar,sa3041432,,,,,,left_only
eddiesaldivar,Eddie Saldivar,sa3041436,,,,,,left_only
ajsalgado,AJ Salgado,sa3041439,,,,,,left_only
joshsalinas,Josh Salinas,sa3041442,,,,,,left_only
dannysalisbury,Danny Salisbury,sa3041446,,,,,,left_only
jonassalk,Jonas Salk,sa3041447,,,,,,left_only
tysallie,Ty Sallie,sa3041449,,,,,,left_only
tjsalvaggio,TJ Salvaggio,sa3041455,,,,,,left_only
mitchellsalvino,Mitchell Salvino,sa3041456,,,,,,left_only
yasseelsamboy,Yasseel Samboy,sa3041460,,,,,,left_only
noahsamol,Noah Samol,sa3041463,,,,,,left_only
jarynsample,Jaryn Sample,sa3041465,,,,,,left_only
maxsamson,Max Samson,sa3041467,,,,,,left_only
brandonsanchez,Brandon Sanchez,sa3041472,,,,,,left_only
cadesanchez,Cade Sanchez,sa3041473,,,,,,left_only
jacobsanchez,Jacob Sanchez,sa3041481,,,,,,left_only
juliussanchez,Julius Sanchez,sa3041485,,,,,,left_only
alexsandell,Alex Sandell,sa3041490,,,,,,left_only
braydensanders,Brayden Sanders,sa3041491,,,,,,left_only
casesanderson,Case Sanderson,sa3041494,,,,,,left_only
jarrensanderson,Jarren Sanderson,sa3041498,,,,,,left_only
tannersanderoff,Tanner Sanderoff,sa3041509,,,,,,left_only
treysanders,Trey Sanders,sa3041510,,,,,,left_only
travissanders,Travis Sanders,sa3041511,,,,,,left_only
troysanders,Troy Sanders,sa3041512,,,,,,left_only
donnysandifer,Donny Sandifer,sa3041514,,,,,,left_only
chadsaner,Chad Saner,sa3041520,,,,,,left_only
braydonsanford,Braydon Sanford,sa3041524,,,,,,left_only
mitchellsanford,Mitchell Sanford,sa3041526,,,,,,left_only
dawsonsantana,Dawson Santana,sa3041538,,,,,,left_only
ryansantangelo,Ryan Santangelo,sa3041540,,,,,,left_only
thomassantana,Thomas Santana,sa3041542,,,,,,left_only
cameronsanterre,Cameron Santerre,sa3041546,,,,,,left_only
lancesanterre,Lance Santerre,sa3041547,,,,,,left_only
justinsantiago,Justin Santiago,sa3041552,,,,,,left_only
pablosantos,Pablo Santos,sa3041556,,,,,,left_only
jakesapien,Jake Sapien,sa3041561,,,,,,left_only
matthewsapienza,Matthew Sapienza,sa3041562,,,,,,left_only
eddiesargent,Eddie Sargent,sa3041571,,,,,,left_only
mattsargeant,Matt Sargeant,sa3041572,,,,,,left_only
mylessargent,Myles Sargent,sa3041573,,,,,,left_only
owensarna,Owen Sarna,sa3041575,,,,,,left_only
filipsarota,Filip Sarota,sa3041576,,,,,,left_only
joelsarver,Joel Sarver,sa3041581,,,,,,left_only
evansaulys,Evan Saulys,sa3041597,,,,,,left_only
charliesaum,Charlie Saum,sa3041598,,,,,,left_only
alexandersaunier,Alexander Saunier,sa3041605,,,,,,left_only
graysonsaunier,Grayson Saunier,sa3041606,,,,,,left_only
mattsauser,Matt Sauser,sa3041608,,,,,,left_only
tylersausville,Tyler Sausville,sa3041609,,,,,,left_only
logansauve,Logan Sauve,sa3041610,,,,,,left_only
andrewsavage,Andrew Savage,sa3041611,,,,,,left_only
aaronsavary,Aaron Savary,sa3041614,,,,,,left_only
coreysavedoff,Corey Savedoff,sa3041616,,,,,,left_only
keithsavoyjr,Keith Savoy Jr.,sa3041620,,,,,,left_only
grantsawa,Grant Sawa,sa3041621,,,,,,left_only
barronsawyer,Barron Sawyer,sa3041622,,,,,,left_only
wittscafidi,Witt Scafidi,sa3041633,,,,,,left_only
lukescales,Luke Scales,sa3041634,,,,,,left_only
markscamardella,Mark Scamardella,sa3041636,,,,,,left_only
christianscanlon,Christian Scanlon,sa3041637,,,,,,left_only
nicscanlon,Nic Scanlon,sa3041641,,,,,,left_only
seanscanlon,Sean Scanlon,sa3041642,,,,,,left_only
mattscannell,Matt Scannell,sa3041643,,,,,,left_only
anthonyscarabino,Anthony Scarabino,sa3041644,,,,,,left_only
anthonyscarlata,Anthony Scarlata,sa3041645,,,,,,left_only
tommyscavone,Tommy Scavone,sa3041649,,,,,,left_only
juliusscearce,Julius Scearce,sa3041650,,,,,,left_only
blakeschaaf,Blake Schaaf,sa3041651,,,,,,left_only
jasonschaaf,Jason Schaaf,sa3041652,,,,,,left_only
aaronschaefer,Aaron Schaefer,sa3041654,,,,,,left_only
derekschaefer,Derek Schaefer,sa3041655,,,,,,left_only
dylanschaefer,Dylan Schaefer,sa3041656,,,,,,left_only
jaredschaeffer,Jared Schaeffer,sa3041657,,,,,,left_only
jakeschaffner,Jake Schaffner,sa3041661,,,,,,left_only
koltonschaller,Kolton Schaller,sa3041665,,,,,,left_only
bryceschares,Bryce Schares,sa3041669,,,,,,left_only
jakobschardt,Jakob Schardt,sa3041671,,,,,,left_only
mattschark,Matt Schark,sa3041672,,,,,,left_only
jaggerschattle,Jagger Schattle,sa3041674,,,,,,left_only
charlieschebler,Charlie Schebler,sa3041680,,,,,,left_only
tobyscheidt,Toby Scheidt,sa3041684,,,,,,left_only
mattscherrman,Matt Scherrman,sa3041698,,,,,,left_only
samschlecht,Sam Schlecht,sa3041713,,,,,,left_only
ryanschlotzhauer,Ryan Schlotzhauer,sa3041714,,,,,,left_only
tjschmalzle,TJ Schmalzle,sa3041716,,,,,,left_only
andrewschmid,Andrew Schmid,sa3041719,,,,,,left_only
gavinschmitt,Gavin Schmitt,sa3041722,,,,,,left_only
ikeschmidly,Ike Schmidly,sa3041723,,,,,,left_only
kentschmidt,Kent Schmidt,sa3041725,,,,,,left_only
loganschmidt,Logan Schmidt,sa3041728,,,,,,left_only
loganschmitt,Logan Schmitt,sa3041729,,,,,,left_only
paulschmitz,Paul Schmitz,sa3041733,,,,,,left_only
lukeschmolke,Luke Schmolke,sa3041737,,,,,,left_only
camschneider,Cam Schneider,sa3041740,,,,,,left_only
connorschneider,Connor Schneider,sa3041741,,,,,,left_only
braydenschoetzow,Brayden Schoetzow,sa3041750,,,,,,left_only
samuelschofield,Samuel Schofield,sa3041758,,,,,,left_only
charliescholvin,Charlie Scholvin,sa3041760,,,,,,left_only
benschorr,Ben Schorr,sa3041764,,,,,,left_only
haydenschott,Hayden Schott,sa3041766,,,,,,left_only
tylerschott,Tyler Schott,sa3041768,,,,,,left_only
rykerschow,Ryker Schow,sa3041769,,,,,,left_only
dagenschramm,Dagen Schramm,sa3041771,,,,,,left_only
gavinschrader,Gavin Schrader,sa3041773,,,,,,left_only
lukasschramm,Lukas Schramm,sa3041774,,,,,,left_only
sebastianschreiber,Sebastian Schreiber,sa3041778,,,,,,left_only
thomasschreck,Thomas Schreck,sa3041779,,,,,,left_only
austinschroeder,Austin Schroeder,sa3041784,,,,,,left_only
ericschroeder,Eric Schroeder,sa3041786,,,,,,left_only
jacobschroeder,Jacob Schroeder,sa3041788,,,,,,left_only
johnschroeder,John Schroeder,sa3041789,,,,,,left_only
chrisschuchart,Chris Schuchart,sa3041795,,,,,,left_only
dillonschueler,Dillon Schueler,sa3041796,,,,,,left_only
jeterschuerman,Jeter Schuerman,sa3041797,,,,,,left_only
kimbleschuessler,Kimble Schuessler,sa3041798,,,,,,left_only
andrewschuldt,Andrew Schuldt,sa3041800,,,,,,left_only
gavinschulz,Gavin Schulz,sa3041808,,,,,,left_only
jakeschultz,Jake Schultz,sa3041812,,,,,,left_only
loganschulfer,Logan Schulfer,sa3041814,,,,,,left_only
peytonschulze,Peyton Schulze,sa3041818,,,,,,left_only
connorschumann,Connor Schumann,sa3041820,,,,,,left_only
kyleschupmann,Kyle Schupmann,sa3041821,,,,,,left_only
parkerschuring,Parker Schuring,sa3041822,,,,,,left_only
nicschutte,Nic Schutte,sa3041823,,,,,,left_only
tjschuyler,TJ Schuyler,sa3041824,,,,,,left_only
ellisschwartz,Ellis Schwartz,sa3041831,,,,,,left_only
jacksonschwank,Jackson Schwank,sa3041833,,,,,,left_only
masonschwalbach,Mason Schwalbach,sa3041836,,,,,,left_only
loganschweizer,Logan Schweizer,sa3041843,,,,,,left_only
rianschwede,Rian Schwede,sa3041844,,,,,,left_only
chrisscinta,Chris Scinta,sa3041845,,,,,,left_only
julianscott,Julian Scott,sa3041856,,,,,,left_only
mattscott,Matt Scott,sa3041858,,,,,,left_only
reedscott,Reed Scott,sa3041864,,,,,,left_only
ryanscott,Ryan Scott,sa3041867,,,,,,left_only
shawnscott,Shawn Scott,sa3041869,,,,,,left_only
spencerscott,Spencer Scott,sa3041870,,,,,,left_only
treyscott,Trey Scott,sa3041871,,,,,,left_only
winscott,Win Scott,sa3041872,,,,,,left_only
zacharyscott,Zachary Scott,sa3041874,,,,,,left_only
frankiescrivanic,Frankie Scrivanic,sa3041878,,,,,,left_only
pierreseals,Pierre Seals,sa3041890,,,,,,left_only
mereksears,Merek Sears,sa3041896,,,,,,left_only
averyseaton,Avery Seaton,sa3041899,,,,,,left_only
taylorseay,Taylor Seay,sa3041901,,,,,,left_only
waylonsebren,Waylon Sebren,sa3041906,,,,,,left_only
gavinseebold,Gavin Seebold,sa3041913,,,,,,left_only
carsonseeman,Carson Seeman,sa3041920,,,,,,left_only
calsefcik,Cal Sefcik,sa3041921,,,,,,left_only
lukesefcik,Luke Sefcik,sa3041922,,,,,,left_only
kadensegel,Kaden Segel,sa3041925,,,,,,left_only
alexseguine,Alex Seguine,sa3041926,,,,,,left_only
ericsegura,Eric Segura,sa3041930,,,,,,left_only
brennanseiber,Brennan Seiber,sa3041932,,,,,,left_only
joeseiber,Joe Seiber,sa3041933,,,,,,left_only
spencerseid,Spencer Seid,sa3041936,,,,,,left_only
samseidel,Sam Seidel,sa3041940,,,,,,left_only
brettseils,Brett Seils,sa3041946,,,,,,left_only
masonself,Mason Self,sa3041958,,,,,,left_only
skyeselinsky,Skye Selinsky,sa3041964,,,,,,left_only
evanselmer,Evan Selmer,sa3041973,,,,,,left_only
coleselvig,Cole Selvig,sa3041975,,,,,,left_only
nicosenese,Nico Senese,sa3041987,,,,,,left_only
aidansengenberger,Aidan Sengenberger,sa3041989,,,,,,left_only
andrewsentlinger,Andrew Sentlinger,sa3041992,,,,,,left_only
mateoserna,Mateo Serna,sa3042003,,,,,,left_only
albertserrano,Albert Serrano,sa3042006,,,,,,left_only
omarserrano,Omar Serrano,sa3042010,,,,,,left_only
oliverservice,Oliver Service,sa3042015,,,,,,left_only
cameronsewell,Cameron Sewell,sa3042023,,,,,,left_only
mitchellseymour,Mitchell Seymour,sa3042029,,,,,,left_only
randyseymour,Randy Seymour,sa3042030,,,,,,left_only
andrewshaffner,Andrew Shaffner,sa3042042,,,,,,left_only
silasshaffer,Silas Shaffer,sa3042044,,,,,,left_only
tylershaneyfelt,Tyler Shaneyfelt,sa3042057,,,,,,left_only
bradyshannon,Brady Shannon,sa3042061,,,,,,left_only
cadenshapiro,Caden Shapiro,sa3042062,,,,,,left_only
evanshapiro,Evan Shapiro,sa3042064,,,,,,left_only
joeshapiro,Joe Shapiro,sa3042065,,,,,,left_only
braydensharp,Brayden Sharp,sa3042071,,,,,,left_only
kadeshatwell,Kade Shatwell,sa3042077,,,,,,left_only
ethanshaub,Ethan Shaub,sa3042078,,,,,,left_only
ethanshaver,Ethan Shaver,sa3042081,,,,,,left_only
coltonshaw,Colton Shaw,sa3042084,,,,,,left_only
davidshaw,David Shaw,sa3042085,,,,,,left_only
gregshaw,Greg Shaw,sa3042087,,,,,,left_only
huntershaw,Hunter Shaw,sa3042088,,,,,,left_only
nateshaw,Nate Shaw,sa3042091,,,,,,left_only
zachshaw,Zach Shaw,sa3042094,,,,,,left_only
brodyshawn,Brody Shawn,sa3042095,,,,,,left_only
joshshea,Josh Shea,sa3042098,,,,,,left_only
kevinshea,Kevin Shea,sa3042099,,,,,,left_only
vancesheahan,Vance Sheahan,sa3042102,,,,,,left_only
bennettshealor,Bennett Shealor,sa3042103,,,,,,left_only
garrettshearer,Garrett Shearer,sa3042104,,,,,,left_only
colesheehan,Cole Sheehan,sa3042114,,,,,,left_only
joesheets,Joe Sheets,sa3042120,,,,,,left_only
seaversheets,Seaver Sheets,sa3042121,,,,,,left_only
jadensheffield,Jaden Sheffield,sa3042122,,,,,,left_only
braxtonshelton,Braxton Shelton,sa3042128,,,,,,left_only
colbyshelton,Colby Shelton,sa3042129,,,,,,left_only
grantshepherd,Grant Shepherd,sa3042146,,,,,,left_only
tommysheridan,Tommy Sheridan,sa3042158,,,,,,left_only
samuelsherman,Samuel Sherman,sa3042162,,,,,,left_only
brettsherrard,Brett Sherrard,sa3042164,,,,,,left_only
jaydenshertel,Jayden Shertel,sa3042168,,,,,,left_only
rjsherwood,RJ Sherwood,sa3042170,,,,,,left_only
booneshevey,Boone Shevey,sa3042171,,,,,,left_only
adamshew,Adam Shew,sa3042172,,,,,,left_only
alanshibley,Alan Shibley,sa3042173,,,,,,left_only
jonahshields,Jonah Shields,sa3042177,,,,,,left_only
jaxonshineflew,Jaxon Shineflew,sa3042186,,,,,,left_only
gianlucashinn,Gianluca Shinn,sa3042189,,,,,,left_only
caseyshipley,Casey Shipley,sa3042190,,,,,,left_only
ikeshirey,Ike Shirey,sa3042194,,,,,,left_only
coltonshirley,Colton Shirley,sa3042196,,,,,,left_only
tannershiver,Tanner Shiver,sa3042198,,,,,,left_only
jasonshockley,Jason Shockley,sa3042201,,,,,,left_only
maxwellshor,Maxwell Shor,sa3042211,,,,,,left_only
bradyshort,Brady Short,sa3042214,,,,,,left_only
calebshpur,Caleb Shpur,sa3042222,,,,,,left_only
huntershuey,Hunter Shuey,sa3042227,,,,,,left_only
henryshuffler,Henry Shuffler,sa3042228,,,,,,left_only
nickshuhet,Nick Shuhet,sa3042231,,,,,,left_only
tylershulman,Tyler Shulman,sa3042236,,,,,,left_only
rjshunck,RJ Shunck,sa3042239,,,,,,left_only
hudsonshupe,Hudson Shupe,sa3042241,,,,,,left_only
thomasshurtleff,Thomas Shurtleff,sa3042244,,,,,,left_only
evansiary,Evan Siary,sa3042246,,,,,,left_only
jonahsibley,Jonah Sibley,sa3042249,,,,,,left_only
richiesica,Richie Sica,sa3042252,,,,,,left_only
zacksiegal,Zack Siegal,sa3042256,,,,,,left_only
grantsiegel,Grant Siegel,sa3042258,,,,,,left_only
drewsiegner,Drew Siegner,sa3042260,,,,,,left_only
dylansiesky,Dylan Siesky,sa3042267,,,,,,left_only
zaksigman,Zak Sigman,sa3042275,,,,,,left_only
zacherysigmon,Zachery Sigmon,sa3042276,,,,,,left_only
samsilas,Sam Silas,sa3042281,,,,,,left_only
owensilliman,Owen Silliman,sa3042283,,,,,,left_only
michaelsills,Michael Sills,sa3042284,,,,,,left_only
anthonysilva,Anthony Silva,sa3042287,,,,,,left_only
isaacsilva,Isaac Silva,sa3042289,,,,,,left_only
rileysilva,Riley Silva,sa3042293,,,,,,left_only
timsimay,Tim Simay,sa3042302,,,,,,left_only
camsime,Cam Sime,sa3042303,,,,,,left_only
michaelsimes,Michael Simes,sa3042306,,,,,,left_only
huntersimmons,Hunter Simmons,sa3042310,,,,,,left_only
johnsimmons,John Simmons,sa3042311,,,,,,left_only
stonesimmons,Stone Simmons,sa3042313,,,,,,left_only
samsimon,Sam Simon,sa3042330,,,,,,left_only
braydensimpson,Brayden Simpson,sa3042335,,,,,,left_only
joesimpson,Joe Simpson,sa3042340,,,,,,left_only
maxsimpson,Max Simpson,sa3042342,,,,,,left_only
cartersintek,Carter Sintek,sa3042364,,,,,,left_only
evansipe,Evan Sipe,sa3042365,,,,,,left_only
huntersipe,Hunter Sipe,sa3042366,,,,,,left_only
quincysippio,Quincy Sippio,sa3042367,,,,,,left_only
ethansitzman,Ethan Sitzman,sa3042379,,,,,,left_only
krossivley,Kros Sivley,sa3042382,,,,,,left_only
joeskapinetz,Joe Skapinetz,sa3042386,,,,,,left_only
barrettskaugrud,Barrett Skaugrud,sa3042388,,,,,,left_only
yianniskeriotis,Yianni Skeriotis,sa3042392,,,,,,left_only
maxskilbeck,Max Skilbeck,sa3042395,,,,,,left_only
zakskinner,Zak Skinner,sa3042401,,,,,,left_only
thomasskrobe,Thomas Skrobe,sa3042408,,,,,,left_only
jjslack,J.J. Slack,sa3042412,,,,,,left_only
jakeslade,Jake Slade,sa3042413,,,,,,left_only
benslanker,Ben Slanker,sa3042415,,,,,,left_only
jackslater,Jack Slater,sa3042416,,,,,,left_only
brockslaton,Brock Slaton,sa3042418,,,,,,left_only
joeyslattery,Joey Slattery,sa3042419,,,,,,left_only
chrissleeper,Chris Sleeper,sa3042425,,,,,,left_only
jacksonsleeper,Jackson Sleeper,sa3042426,,,,,,left_only
landonslemp,Landon Slemp,sa3042429,,,,,,left_only
jettslepak,Jett Slepak,sa3042431,,,,,,left_only
nolansliver,Nolan Sliver,sa3042433,,,,,,left_only
andrewsloan,Andrew Sloan,sa3042434,,,,,,left_only
braedensloan,Braeden Sloan,sa3042435,,,,,,left_only
colinsloan,Colin Sloan,sa3042437,,,,,,left_only
jaydensloan,Jayden Sloan,sa3042439,,,,,,left_only
dominicsmaldino,Dominic Smaldino,sa3042445,,,,,,left_only
huntersmall,Hunter Small,sa3042449,,,,,,left_only
kevinsmall,Kevin Small,sa3042452,,,,,,left_only
andrewsmart,Andrew Smart,sa3042455,,,,,,left_only
grantsmeltzer,Grant Smeltzer,sa3042460,,,,,,left_only
demarckussmiley,Demarckus Smiley,sa3042463,,,,,,left_only
grahamsmiley,Graham Smiley,sa3042465,,,,,,left_only
eddiesmink,Eddie Smink,sa3042467,,,,,,left_only
addisonsmith,Addison Smith,sa3042469,,,,,,left_only
aubreysmith,Aubrey Smith,sa3042482,,,,,,left_only
bensmith,Ben Smith,sa3042486,,,,,,left_only
blakesmith,Blake Smith,sa3042489,,,,,,left_only
bostonsmith,Boston Smith,sa3042491,,,,,,left_only
caseysmith,Casey Smith,sa3042506,,,,,,left_only
campbellsmithwick,Campbell Smithwick,sa3042507,,,,,,left_only
christiansmith,Christian Smith,sa3042511,,,,,,left_only
christiansmithjohnson,Christian Smith-Johnson,sa3042512,,,,,,left_only
colesmith,Cole Smith,sa3042519,,,,,,left_only
coopersmith,Cooper Smith,sa3042521,,,,,,left_only
conorsmith,Conor Smith,sa3042524,,,,,,left_only
davissmith,Davis Smith,sa3042527,,,,,,left_only
dereksmith,Derek Smith,sa3042535,,,,,,left_only
derricksmith,Derrick Smith,sa3042536,,,,,,left_only
elijahsmith,Elijah Smith,sa3042543,,,,,,left_only
evansmith,Evan Smith,sa3042548,,,,,,left_only
gavinsmith,Gavin Smith,sa3042553,,,,,,left_only
gagesmith,Gage Smith,sa3042554,,,,,,left_only
graysonsmith,Grayson Smith,sa3042560,,,,,,left_only
hanksmith,Hank Smith,sa3042564,,,,,,left_only
haydensmith,Hayden Smith,sa3042565,,,,,,left_only
huntersmith,Hunter Smith,sa3042566,,,,,,left_only
jaydensmith,Jayden Smith,sa3042571,,,,,,left_only
jacesmith,Jace Smith,sa3042573,,,,,,left_only
jacksmith,Jack Smith,sa3042574,,,,,,left_only
jpsmithii,JP Smith II,sa3042582,,,,,,left_only
koltensmith,Kolten Smith,sa3042589,,,,,,left_only
koensmith,Koen Smith,sa3042590,,,,,,left_only
lukesmith,Luke Smith,sa3042601,,,,,,left_only
michaelsmith,Michael Smith,sa3042607,,,,,,left_only
nicsmith,Nic Smith,sa3042614,,,,,,left_only
noahsmith,Noah Smith,sa3042616,,,,,,left_only
paulsmith,Paul Smith,sa3042619,,,,,,left_only
paulsmithjr,Paul Smith Jr.,sa3042620,,,,,,left_only
peytonsmith,Peyton Smith,sa3042621,,,,,,left_only
quentinsmith,Quentin Smith,sa3042623,,,,,,left_only
seansmith,Sean Smith,sa3042634,,,,,,left_only
sethsmith,Seth Smith,sa3042636,,,,,,left_only
tannersmith,Tanner Smith,sa3042644,,,,,,left_only
tylersmith,Tyler Smith,sa3042652,,,,,,left_only
natesnead,Nate Snead,sa3042668,,,,,,left_only
kadesnell,Kade Snell,sa3042672,,,,,,left_only
estonsnider,Eston Snider,sa3042675,,,,,,left_only
jamessnipes,James Snipes,sa3042677,,,,,,left_only
ericsnow,Eric Snow,sa3042680,,,,,,left_only
logansnow,Logan Snow,sa3042681,,,,,,left_only
ethansnyder,Ethan Snyder,sa3042688,,,,,,left_only
gannonsnyder,Gannon Snyder,sa3042689,,,,,,left_only
huntersnyder,Hunter Snyder,sa3042690,,,,,,left_only
jacksnyder,Jack Snyder,sa3042694,,,,,,left_only
haydensobecki,Hayden Sobecki,sa3042701,,,,,,left_only
joesoberon,Joe Soberon,sa3042703,,,,,,left_only
isaacsobieszczyk,Isaac Sobieszczyk,sa3042705,,,,,,left_only
chrissoeder,Chris Soeder,sa3042710,,,,,,left_only
jtsokolove,JT Sokolove,sa3042713,,,,,,left_only
mikesokol,Mike Sokol,sa3042714,,,,,,left_only
shanesolari,Shane Solari,sa3042716,,,,,,left_only
ajsoldra,AJ Soldra,sa3042717,,,,,,left_only
codysoliday,Cody Soliday,sa3042719,,,,,,left_only
justinsolimine,Justin Solimine,sa3042720,,,,,,left_only
alexsolis,Alex Solis,sa3042721,,,,,,left_only
anthonysolis,Anthony Solis,sa3042722,,,,,,left_only
cameronsoliz,Cameron Soliz,sa3042724,,,,,,left_only
maxsolizjr,Max Soliz Jr.,sa3042725,,,,,,left_only
ajsolomon,AJ Solomon,sa3042726,,,,,,left_only
nicksolorzano,Nick Solorzano,sa3042734,,,,,,left_only
stevesolorzano,Steve Solorzano,sa3042735,,,,,,left_only
grantsommers,Grant Sommers,sa3042740,,,,,,left_only
bailynsorensen,Bailyn Sorensen,sa3042746,,,,,,left_only
noahsorensen,Noah Sorensen,sa3042748,,,,,,left_only
caseysorg,Casey Sorg,sa3042750,,,,,,left_only
cadensorrell,Caden Sorrell,sa3042754,,,,,,left_only
tylersorrentino,Tyler Sorrentino,sa3042758,,,,,,left_only
camdensos,Camden Sos,sa3042759,,,,,,left_only
alexsosa,Alex Sosa,sa3042760,,,,,,left_only
krissosnowski,Kris Sosnowski,sa3042767,,,,,,left_only
christiansoto,Christian Soto,sa3042772,,,,,,left_only
saulsoto,Saul Soto,sa3042774,,,,,,left_only
peteysotojr,Petey Soto Jr.,sa3042775,,,,,,left_only
griffensotomayor,Griffen Sotomayor,sa3042778,,,,,,left_only
mannysouffrain,Manny Souffrain,sa3042780,,,,,,left_only
augustsouza,August Souza,sa3042786,,,,,,left_only
joshsouza,Josh Souza,sa3042787,,,,,,left_only
nolansouza,Nolan Souza,sa3042788,,,,,,left_only
teospadaccini,Teo Spadaccini,sa3042791,,,,,,left_only
stevenspalitta,Steven Spalitta,sa3042793,,,,,,left_only
ryanspalliero,Ryan Spalliero,sa3042794,,,,,,left_only
jackspanier,Jack Spanier,sa3042795,,,,,,left_only
alecsparks,Alec Sparks,sa3042798,,,,,,left_only
jakesparks,Jake Sparks,sa3042799,,,,,,left_only
nickspaventa,Nick Spaventa,sa3042803,,,,,,left_only
mattspear,Matt Spear,sa3042809,,,,,,left_only
carterspeights,Carter Speights,sa3042817,,,,,,left_only
connerspelman,Conner Spelman,sa3042821,,,,,,left_only
chasespencer,Chase Spencer,sa3042825,,,,,,left_only
connorspencer,Connor Spencer,sa3042826,,,,,,left_only
jacobspencer,Jacob Spencer,sa3042829,,,,,,left_only
justinspencer,Justin Spencer,sa3042832,,,,,,left_only
keenanspence,Keenan Spence,sa3042834,,,,,,left_only
ryanspeshyock,Ryan Speshyock,sa3042841,,,,,,left_only
zanespinn,Zane Spinn,sa3042849,,,,,,left_only
itaispinoza,Itai Spinoza,sa3042850,,,,,,left_only
jcspinosa,JC Spinosa,sa3042851,,,,,,left_only
colespitzer,Cole Spitzer,sa3042853,,,,,,left_only
cadenspivey,Caden Spivey,sa3042855,,,,,,left_only
tommysplaine,Tommy Splaine,sa3042859,,,,,,left_only
turnerspoljaric,Turner Spoljaric,sa3042861,,,,,,left_only
gabespringer,Gabe Springer,sa3042873,,,,,,left_only
michaelsprockett,Michael Sprockett,sa3042878,,,,,,left_only
ryansprock,Ryan Sprock,sa3042879,,,,,,left_only
stevinsspurgeon,Stevins Spurgeon,sa3042883,,,,,,left_only
jackspyke,Jack Spyke,sa3042887,,,,,,left_only
tylerstack,Tyler Stack,sa3042891,,,,,,left_only
jakestadler,Jake Stadler,sa3042893,,,,,,left_only
samstaerker,Sam Staerker,sa3042896,,,,,,left_only
domstagliano,Dom Stagliano,sa3042900,,,,,,left_only
michaelstaiano,Michael Staiano,sa3042905,,,,,,left_only
johnstallcup,John Stallcup,sa3042912,,,,,,left_only
louisstallone,Louis Stallone,sa3042913,,,,,,left_only
maverickstallings,Maverick Stallings,sa3042914,,,,,,left_only
reedstallman,Reed Stallman,sa3042915,,,,,,left_only
chrisstanfield,Chris Stanfield,sa3042930,,,,,,left_only
kjstanfield,KJ Stanfield,sa3042931,,,,,,left_only
rileystanford,Riley Stanford,sa3042934,,,,,,left_only
andrewstanley,Andrew Stanley,sa3042939,,,,,,left_only
brettstanley,Brett Stanley,sa3042940,,,,,,left_only
drewstanley,Drew Stanley,sa3042941,,,,,,left_only
adamstanton,Adam Stanton,sa3042949,,,,,,left_only
joestanzione,Joe Stanzione,sa3042953,,,,,,left_only
tystarke,Ty Starke,sa3042968,,,,,,left_only
willstark,Will Stark,sa3042969,,,,,,left_only
zanestarling,Zane Starling,sa3042972,,,,,,left_only
colestasio,Cole Stasio,sa3042980,,,,,,left_only
garrettstaton,Garrett Staton,sa3042982,,,,,,left_only
tystauss,Ty Stauss,sa3042985,,,,,,left_only
jackstead,Jack Stead,sa3042990,,,,,,left_only
spencerstearns,Spencer Stearns,sa3042992,,,,,,left_only
evansteckmesser,Evan Steckmesser,sa3042994,,,,,,left_only
tystecko,Ty Stecko,sa3042996,,,,,,left_only
joesteeber,Joe Steeber,sa3042998,,,,,,left_only
anthonysteele,Anthony Steele,sa3042999,,,,,,left_only
lucassteele,Lucas Steele,sa3043002,,,,,,left_only
prestonsteele,Preston Steele,sa3043003,,,,,,left_only
tylersteele,Tyler Steele,sa3043004,,,,,,left_only
colestefano,Cole Stefano,sa3043008,,,,,,left_only
joshsteidl,Josh Steidl,sa3043012,,,,,,left_only
andrewsteinhaus,Andrew Steinhaus,sa3043019,,,,,,left_only
bradysteinert,Brady Steinert,sa3043021,,,,,,left_only
patricksteitz,Patrick Steitz,sa3043026,,,,,,left_only
anthonystellato,Anthony Stellato,sa3043027,,,,,,left_only
calebstelly,Caleb Stelly,sa3043028,,,,,,left_only
jackstellano,Jack Stellano,sa3043031,,,,,,left_only
mikestellrecht,Mike Stellrecht,sa3043034,,,,,,left_only
samstem,Sam Stem,sa3043035,,,,,,left_only
blakestenger,Blake Stenger,sa3043037,,,,,,left_only
brandonstephens,Brandon Stephens,sa3043045,,,,,,left_only
samstephenson,Sam Stephenson,sa3043054,,,,,,left_only
zionstephens,Zion Stephens,sa3043059,,,,,,left_only
kylanstepter,Kylan Stepter,sa3043060,,,,,,left_only
lukesterner,Luke Sterner,sa3043066,,,,,,left_only
carsonstevens,Carson Stevens,sa3043069,,,,,,left_only
joshstevenson,Josh Stevenson,sa3043075,,,,,,left_only
jujustevens,Juju Stevens,sa3043076,,,,,,left_only
mattstevenson,Matt Stevenson,sa3043082,,,,,,left_only
nolanstevens,Nolan Stevens,sa3043084,,,,,,left_only
zachstevens,Zach Stevens,sa3043088,,,,,,left_only
aidenstewart,Aiden Stewart,sa3043089,,,,,,left_only
calebstewart,Caleb Stewart,sa3043093,,,,,,left_only
connerstewart,Conner Stewart,sa3043095,,,,,,left_only
dalenstewart,Dalen Stewart,sa3043097,,,,,,left_only
dylanstewart,Dylan Stewart,sa3043100,,,,,,left_only
ethanstewart,Ethan Stewart,sa3043101,,,,,,left_only
graysonstewart,Grayson Stewart,sa3043104,,,,,,left_only
henrystewart,Henry Stewart,sa3043105,,,,,,left_only
joshstewart,Josh Stewart,sa3043107,,,,,,left_only
owenstewart,Owen Stewart,sa3043112,,,,,,left_only
robbiestewart,Robbie Stewart,sa3043113,,,,,,left_only
tylerstewart,Tyler Stewart,sa3043115,,,,,,left_only
zackstewart,Zack Stewart,sa3043117,,,,,,left_only
bennettstice,Bennett Stice,sa3043118,,,,,,left_only
davidstich,David Stich,sa3043119,,,,,,left_only
justinstill,Justin Still,sa3043124,,,,,,left_only
rexstills,Rex Stills,sa3043126,,,,,,left_only
brandonstinnett,Brandon Stinnett,sa3043130,,,,,,left_only
parkerstinson,Parker Stinson,sa3043138,,,,,,left_only
addisonstockham,Addison Stockham,sa3043142,,,,,,left_only
brycestockton,Bryce Stockton,sa3043143,,,,,,left_only
jadenstockton,Jaden Stockton,sa3043146,,,,,,left_only
tuckerstockman,Tucker Stockman,sa3043148,,,,,,left_only
johnallenstogner,John Allen Stogner,sa3043153,,,,,,left_only
colestokes,Cole Stokes,sa3043155,,,,,,left_only
davidstokely,David Stokely,sa3043156,,,,,,left_only
hunterstokely,Hunter Stokely,sa3043158,,,,,,left_only
kobestokes,Kobe Stokes,sa3043159,,,,,,left_only
rhettstokes,Rhett Stokes,sa3043160,,,,,,left_only
dakotastone,Dakota Stone,sa3043168,,,,,,left_only
evanstone,Evan Stone,sa3043170,,,,,,left_only
tylerstone,Tyler Stone,sa3043180,,,,,,left_only
eastonstorey,Easton Storey,sa3043183,,,,,,left_only
ryanstorey,Ryan Storey,sa3043184,,,,,,left_only
jakestory,Jake Story,sa3043188,,,,,,left_only
tylerstott,Tyler Stott,sa3043189,,,,,,left_only
levistrahm,Levi Strahm,sa3043201,,,,,,left_only
kadenstraily,Kaden Straily,sa3043202,,,,,,left_only
brianstrange,Brian Strange,sa3043205,,,,,,left_only
justinstransky,Justin Stransky,sa3043207,,,,,,left_only
matthewstrand,Matthew Strand,sa3043208,,,,,,left_only
nolanstraniero,Nolan Straniero,sa3043209,,,,,,left_only
ryanstrand,Ryan Strand,sa3043210,,,,,,left_only
garrettstratton,Garrett Stratton,sa3043212,,,,,,left_only
brendenstressler,Brenden Stressler,sa3043220,,,,,,left_only
calestricklin,Cale Stricklin,sa3043223,,,,,,left_only
lawsonstricklin,Lawson Stricklin,sa3043228,,,,,,left_only
landonstripling,Landon Stripling,sa3043230,,,,,,left_only
calebstrmiska,Caleb Strmiska,sa3043233,,,,,,left_only
kellenstrohmeyer,Kellen Strohmeyer,sa3043237,,,,,,left_only
colestromboe,Cole Stromboe,sa3043242,,,,,,left_only
masonstrong,Mason Strong,sa3043245,,,,,,left_only
benstuart,Ben Stuart,sa3043254,,,,,,left_only
andrewstucky,Andrew Stucky,sa3043263,,,,,,left_only
colestucky,Cole Stucky,sa3043265,,,,,,left_only
lukestulga,Luke Stulga,sa3043274,,,,,,left_only
landonstump,Landon Stump,sa3043278,,,,,,left_only
brennanstuprich,Brennan Stuprich,sa3043279,,,,,,left_only
nicksturino,Nick Sturino,sa3043285,,,,,,left_only
dannysuarez,Danny Suarez,sa3043288,,,,,,left_only
jdsuarez,JD Suarez,sa3043289,,,,,,left_only
jakesuarez,Jake Suarez,sa3043290,,,,,,left_only
carsonsubbert,Carson Subbert,sa3043294,,,,,,left_only
troysudbrook,Troy Sudbrook,sa3043296,,,,,,left_only
adamsullivan,Adam Sullivan,sa3043303,,,,,,left_only
bradensullivan,Braden Sullivan,sa3043304,,,,,,left_only
evinsullivan,Evin Sullivan,sa3043309,,,,,,left_only
mikesullivan,Mike Sullivan,sa3043318,,,,,,left_only
noahsullivan,Noah Sullivan,sa3043319,,,,,,left_only
nicksulpizio,Nick Sulpizio,sa3043323,,,,,,left_only
garrisonsumner,Garrison Sumner,sa3043328,,,,,,left_only
andrewsundean,Andrew Sundean,sa3043331,,,,,,left_only
coltonsundloff,Colton Sundloff,sa3043334,,,,,,left_only
elisundquist,Eli Sundquist,sa3043335,,,,,,left_only
judesundquist,Jude Sundquist,sa3043336,,,,,,left_only
caseysunseri,Casey Sunseri,sa3043337,,,,,,left_only
matthewsuppa,Matthew Suppa,sa3043338,,,,,,left_only
nicksuspenzi,Nick Suspenzi,sa3043341,,,,,,left_only
charliesutherland,Charlie Sutherland,sa3043344,,,,,,left_only
currysutherland,Curry Sutherland,sa3043345,,,,,,left_only
nicksutherlin,Nick Sutherlin,sa3043347,,,,,,left_only
johnnysutryk,Johnny Sutryk,sa3043351,,,,,,left_only
logansutter,Logan Sutter,sa3043353,,,,,,left_only
cartersutton,Carter Sutton,sa3043356,,,,,,left_only
jonahsutton,Jonah Sutton,sa3043359,,,,,,left_only
benswails,Ben Swails,sa3043364,,,,,,left_only
chaseswain,Chase Swain,sa3043367,,,,,,left_only
gabeswansen,Gabe Swansen,sa3043376,,,,,,left_only
jakeswartz,Jake Swartz,sa3043381,,,,,,left_only
stefanswee,Stefan Swee,sa3043390,,,,,,left_only
johnnysweeney,Johnny Sweeney,sa3043394,,,,,,left_only
justinsweeney,Justin Sweeney,sa3043395,,,,,,left_only
masonsweeney,Mason Sweeney,sa3043396,,,,,,left_only
mikesweeney,Mike Sweeney,sa3043397,,,,,,left_only
peysensweeney,Peysen Sweeney,sa3043398,,,,,,left_only
sethsweetchick,Seth Sweet-Chick,sa3043400,,,,,,left_only
andrewswenson,Andrew Swenson,sa3043403,,,,,,left_only
bradyswenson,Brady Swenson,sa3043404,,,,,,left_only
maxswenson,Max Swenson,sa3043407,,,,,,left_only
seanswenson,Sean Swenson,sa3043409,,,,,,left_only
ethanswidler,Ethan Swidler,sa3043411,,,,,,left_only
tjswidorski,TJ Swidorski,sa3043412,,,,,,left_only
joshswink,Josh Swink,sa3043419,,,,,,left_only
masonswinney,Mason Swinney,sa3043420,,,,,,left_only
adamswitalski,Adam Switalski,sa3043423,,,,,,left_only
samswygert,Sam Swygert,sa3043427,,,,,,left_only
wellssykes,Wells Sykes,sa3043432,,,,,,left_only
haydensylte,Hayden Sylte,sa3043433,,,,,,left_only
beausylvester,Beau Sylvester,sa3043434,,,,,,left_only
jakesyverson,Jake Syverson,sa3043443,,,,,,left_only
zakszabo,Zak Szabo,sa3043445,,,,,,left_only
brodyszako,Brody Szako,sa3043447,,,,,,left_only
ryanszczepaniak,Ryan Szczepaniak,sa3043449,,,,,,left_only
tommyszczepanski,Tommy Szczepanski,sa3043450,,,,,,left_only
lukeszepek,Luke Szepek,sa3043451,,,,,,left_only
justinszestowicki,Justin Szestowicki,sa3043452,,,,,,left_only
jacobtabor,Jacob Tabor,sa3043459,,,,,,left_only
samtackett,Sam Tackett,sa3043462,,,,,,left_only
valtaddei,Val Taddei,sa3043464,,,,,,left_only
ryantaffe,Ryan Taffe,sa3043466,,,,,,left_only
casentaggart,Casen Taggart,sa3043467,,,,,,left_only
jacobtaggart,Jacob Taggart,sa3043468,,,,,,left_only
micahtakac,Micah Takac,sa3043471,,,,,,left_only
tjtakats,TJ Takats,sa3043473,,,,,,left_only
itsukitakemoto,Itsuki Takemoto,sa3043475,,,,,,left_only
kevintakeuchi,Kevin Takeuchi,sa3043476,,,,,,left_only
drewtalavs,Drew Talavs,sa3043478,,,,,,left_only
connortallakson,Connor Tallakson,sa3043483,,,,,,left_only
corbintalley,Corbin Talley,sa3043486,,,,,,left_only
zachtallerman,Zach Tallerman,sa3043488,,,,,,left_only
jamestallon,James Tallon,sa3043491,,,,,,left_only
eastontalt,Easton Talt,sa3043492,,,,,,left_only
nicktamburro,Nick Tamburro,sa3043493,,,,,,left_only
jaketandy,Jake Tandy,sa3043499,,,,,,left_only
brocktapper,Brock Tapper,sa3043505,,,,,,left_only
owentappy,Owen Tappy,sa3043506,,,,,,left_only
kadentaque,Kaden Taque,sa3043507,,,,,,left_only
loutargoff,Lou Targoff,sa3043512,,,,,,left_only
derricktarpleyjr,Derrick Tarpley Jr.,sa3043515,,,,,,left_only
haydentarsia,Hayden Tarsia,sa3043516,,,,,,left_only
jacobtate,Jacob Tate,sa3043522,,,,,,left_only
joshtate,Josh Tate,sa3043523,,,,,,left_only
roberttatejr,Robert Tate Jr.,sa3043525,,,,,,left_only
jaketatom,Jake Tatom,sa3043526,,,,,,left_only
harrisontaubert,Harrison Taubert,sa3043529,,,,,,left_only
dantauken,Dan Tauken,sa3043530,,,,,,left_only
jamestaussig,James Taussig,sa3043534,,,,,,left_only
koletauzin,Kole Tauzin,sa3043535,,,,,,left_only
diegotavarez,Diego Tavarez,sa3043536,,,,,,left_only
estebantavarez,Esteban Tavarez,sa3043537,,,,,,left_only
jacktaxdahl,Jack Taxdahl,sa3043543,,,,,,left_only
ajtaylor,A.J. Taylor,sa3043544,,,,,,left_only
bronsontaylor,Bronson Taylor,sa3043547,,,,,,left_only
christiantaylor,Christian Taylor,sa3043552,,,,,,left_only
jacksontaylor,Jackson Taylor,sa3043567,,,,,,left_only
jordantaylor,Jordan Taylor,sa3043572,,,,,,left_only
josephtaylor,Joseph Taylor,sa3043573,,,,,,left_only
jttaylor,JT Taylor,sa3043574,,,,,,left_only
michaeltaylor,Michael Taylor,sa3043581,,,,,,left_only
nathantaylor,Nathan Taylor,sa3043582,,,,,,left_only
ryantaylor,Ryan Taylor,sa3043586,,,,,,left_only
williamtaylor,William Taylor,sa3043590,,,,,,left_only
ryantayman,Ryan Tayman,sa3043594,,,,,,left_only
dallastease,Dallas Tease,sa3043597,,,,,,left_only
jaketedesco,Jake Tedesco,sa3043600,,,,,,left_only
aidanteel,Aidan Teel,sa3043601,,,,,,left_only
anthonytejada,Anthony Tejada,sa3043608,,,,,,left_only
jaredteke,Jared Teke,sa3043612,,,,,,left_only
masontelford,Mason Telford,sa3043615,,,,,,left_only
vincenttemesvary,Vincent Temesvary,sa3043620,,,,,,left_only
zacarytenn,Zacary Tenn,sa3043625,,,,,,left_only
hunterteplanszky,Hunter Teplanszky,sa3043629,,,,,,left_only
braedenterry,Braeden Terry,sa3043639,,,,,,left_only
gavinterry,Gavin Terry,sa3043640,,,,,,left_only
dylanterwilliger,Dylan Terwilliger,sa3043642,,,,,,left_only
cooperthacker,Cooper Thacker,sa3043650,,,,,,left_only
jaycetharnish,Jayce Tharnish,sa3043652,,,,,,left_only
gavintheis,Gavin Theis,sa3043658,,,,,,left_only
dylantheut,Dylan Theut,sa3043662,,,,,,left_only
cardellthibodeaux,Cardell Thibodeaux,sa3043664,,,,,,left_only
averythielman,Avery Thielman,sa3043667,,,,,,left_only
alexthomas,Alex Thomas,sa3043678,,,,,,left_only
braxtonthomas,Braxton Thomas,sa3043684,,,,,,left_only
danethomas,Dane Thomas,sa3043686,,,,,,left_only
davidthomas,David Thomas,sa3043688,,,,,,left_only
ethanthomas,Ethan Thomas,sa3043689,,,,,,left_only
gavinthomas,Gavin Thomas,sa3043690,,,,,,left_only
haydenthomas,Hayden Thomas,sa3043694,,,,,,left_only
hunterthomas,Hunter Thomas,sa3043696,,,,,,left_only
jacksonthomas,Jackson Thomas,sa3043698,,,,,,left_only
justinthomas,Justin Thomas,sa3043700,,,,,,left_only
kassiusthomas,Kassius Thomas,sa3043701,,,,,,left_only
kalebthomas,Kaleb Thomas,sa3043702,,,,,,left_only
kurtthomas,Kurt Thomas,sa3043705,,,,,,left_only
mattiethomas,Mattie Thomas,sa3043712,,,,,,left_only
martaviusthomas,Martavius Thomas,sa3043716,,,,,,left_only
milesthomas,Miles Thomas,sa3043717,,,,,,left_only
parkerthomas,Parker Thomas,sa3043722,,,,,,left_only
stirlingthomas,Stirling Thomas,sa3043731,,,,,,left_only
tannerthomas,Tanner Thomas,sa3043733,,,,,,left_only
zacharythomas,Zachary Thomas,sa3043737,,,,,,left_only
brycethompson,Bryce Thompson,sa3043742,,,,,,left_only
camthompson,Cam Thompson,sa3043745,,,,,,left_only
cadenthompson,Caden Thompson,sa3043747,,,,,,left_only
dannythompsonjr,Danny Thompson Jr.,sa3043750,,,,,,left_only
dalenthompson,Dalen Thompson,sa3043751,,,,,,left_only
demarquesthompson,Demarques Thompson,sa3043752,,,,,,left_only
djthompson,DJ Thompson,sa3043753,,,,,,left_only
hunterthompson,Hunter Thompson,sa3043757,,,,,,left_only
jacksonthompson,Jackson Thompson,sa3043763,,,,,,left_only
jordanthompson,Jordan Thompson,sa3043766,,,,,,left_only
samthompson,Sam Thompson,sa3043779,,,,,,left_only
seththompson,Seth Thompson,sa3043781,,,,,,left_only
terrickthompsonallen,Terrick Thompson-Allen,sa3043784,,,,,,left_only
gavinthorburn,Gavin Thorburn,sa3043795,,,,,,left_only
jackthorbahn,Jack Thorbahn,sa3043796,,,,,,left_only
bromleythornton,Bromley Thornton,sa3043798,,,,,,left_only
justinthorsteinson,Justin Thorsteinson,sa3043804,,,,,,left_only
connorthroneberry,Connor Throneberry,sa3043807,,,,,,left_only
eddietierney,Eddie Tierney,sa3043823,,,,,,left_only
landontiesing,Landon Tiesing,sa3043824,,,,,,left_only
treytiffan,Trey Tiffan,sa3043826,,,,,,left_only
christillman,Chris Tillman,sa3043832,,,,,,left_only
camtilly,Cam Tilly,sa3043836,,,,,,left_only
tytilson,Ty Tilson,sa3043837,,,,,,left_only
tylertilton,Tyler Tilton,sa3043838,,,,,,left_only
jaketimbes,Jake Timbes,sa3043839,,,,,,left_only
tuckertimmerman,Tucker Timmerman,sa3043843,,,,,,left_only
brendantimmons,Brendan Timmons,sa3043845,,,,,,left_only
nicktimpanelli,Nick Timpanelli,sa3043846,,,,,,left_only
noahtincher,Noah Tincher,sa3043848,,,,,,left_only
carsontinney,Carson Tinney,sa3043851,,,,,,left_only
willtippett,Will Tippett,sa3043854,,,,,,left_only
matthewtippie,Matthew Tippie,sa3043855,,,,,,left_only
joetiroly,Joe Tiroly,sa3043858,,,,,,left_only
perrytitlow,Perry Titlow,sa3043862,,,,,,left_only
drewtitsworth,Drew Titsworth,sa3043863,,,,,,left_only
colesontitus,Coleson Titus,sa3043865,,,,,,left_only
jacobtobias,Jacob Tobias,sa3043870,,,,,,left_only
juicetobin,Juice Tobin,sa3043873,,,,,,left_only
lanetobin,Lane Tobin,sa3043874,,,,,,left_only
willtobin,Will Tobin,sa3043876,,,,,,left_only
jaredtoby,Jared Toby,sa3043877,,,,,,left_only
nialltodd,Niall Todd,sa3043882,,,,,,left_only
zachtodd,Zach Todd,sa3043883,,,,,,left_only
zachtoglia,Zach Toglia,sa3043888,,,,,,left_only
emmetttolis,Emmett Tolis,sa3043896,,,,,,left_only
casontollett,Cason Tollett,sa3043898,,,,,,left_only
jrtollett,JR Tollett,sa3043899,,,,,,left_only
danetoman,Dane Toman,sa3043910,,,,,,left_only
jacksontone,Jackson Tone,sa3043921,,,,,,left_only
sawyertoney,Sawyer Toney,sa3043925,,,,,,left_only
juliantonghini,Julian Tonghini,sa3043926,,,,,,left_only
samtookoian,Sam Tookoian,sa3043930,,,,,,left_only
trenttoole,Trent Toole,sa3043931,,,,,,left_only
jacktoomey,Jack Toomey,sa3043932,,,,,,left_only
chasetopolski,Chase Topolski,sa3043934,,,,,,left_only
jacktopolski,Jack Topolski,sa3043936,,,,,,left_only
jaketoporek,Jake Toporek,sa3043937,,,,,,left_only
coletorbett,Cole Torbett,sa3043941,,,,,,left_only
nicholastoro,Nicholas Toro,sa3043948,,,,,,left_only
jacktorosian,Jack Torosian,sa3043949,,,,,,left_only
anthonytorreso,Anthony Torreso,sa3043955,,,,,,left_only
coopertorres,Cooper Torres,sa3043958,,,,,,left_only
hedericktorres,Hederick Torres,sa3043959,,,,,,left_only
jaketorres,Jake Torres,sa3043961,,,,,,left_only
jasontorres,Jason Torres,sa3043962,,,,,,left_only
jaysontorres,Jayson Torres,sa3043963,,,,,,left_only
joshuatorres,Joshua Torres,sa3043967,,,,,,left_only
lukastorres,Lukas Torres,sa3043970,,,,,,left_only
pablotorres,Pablo Torres,sa3043974,,,,,,left_only
dylantostrup,Dylan Tostrup,sa3043981,,,,,,left_only
michaeltoth,Michael Toth,sa3043983,,,,,,left_only
lukastouma,Lukas Touma,sa3043986,,,,,,left_only
dawsontourney,Dawson Tourney,sa3043988,,,,,,left_only
tommytownsend,Tommy Townsend,sa3044002,,,,,,left_only
jaketrabbie,Jake Trabbie,sa3044003,,,,,,left_only
tabtracy,Tab Tracy,sa3044005,,,,,,left_only
jaxtraeger,Jax Traeger,sa3044006,,,,,,left_only
gagetrahan,Gage Trahan,sa3044010,,,,,,left_only
maxtramontana,Max Tramontana,sa3044013,,,,,,left_only
aydentran,Ayden Tran,sa3044014,,,,,,left_only
matttravisano,Matt Travisano,sa3044023,,,,,,left_only
jonathantrejo,Jonathan Trejo,sa3044030,,,,,,left_only
coletremain,Cole Tremain,sa3044033,,,,,,left_only
leetrevino,Lee Trevino,sa3044046,,,,,,left_only
logantribble,Logan Tribble,sa3044050,,,,,,left_only
jamestrimble,James Trimble,sa3044057,,,,,,left_only
domtrippi,Dom Trippi,sa3044066,,,,,,left_only
lancetrippel,Lance Trippel,sa3044067,,,,,,left_only
bradytrombello,Brady Trombello,sa3044074,,,,,,left_only
josephtrombley,Joseph Trombley,sa3044075,,,,,,left_only
michaeltrommer,Michael Trommer,sa3044076,,,,,,left_only
jabintrosky,Jabin Trosky,sa3044079,,,,,,left_only
jacksontrout,Jackson Trout,sa3044083,,,,,,left_only
adamtroy,Adam Troy,sa3044087,,,,,,left_only
camdentroyer,Camden Troyer,sa3044088,,,,,,left_only
bentrucke,Ben Trucke,sa3044090,,,,,,left_only
brantleytruitt,Brantley Truitt,sa3044091,,,,,,left_only
treytruitt,Trey Truitt,sa3044092,,,,,,left_only
genetrujillo,Gene Trujillo,sa3044093,,,,,,left_only
thanieltrumper,Thaniel Trumper,sa3044096,,,,,,left_only
coletryba,Cole Tryba,sa3044099,,,,,,left_only
bentryon,Ben Tryon,sa3044100,,,,,,left_only
amartsengeg,Amar Tsengeg,sa3044104,,,,,,left_only
michaeltsoukalas,Michael Tsoukalas,sa3044105,,,,,,left_only
justintsukada,Justin Tsukada,sa3044107,,,,,,left_only
adamtubbs,Adam Tubbs,sa3044108,,,,,,left_only
cadetucker,Cade Tucker,sa3044115,,,,,,left_only
jacksontucker,Jackson Tucker,sa3044120,,,,,,left_only
nolantucker,Nolan Tucker,sa3044122,,,,,,left_only
shanetucker,Shane Tucker,sa3044124,,,,,,left_only
cristinotufano,Cristino Tufano,sa3044129,,,,,,left_only
justintullish,Justin Tullish,sa3044135,,,,,,left_only
austinturkington,Austin Turkington,sa3044146,,,,,,left_only
colbyturner,Colby Turner,sa3044160,,,,,,left_only
derekturner,Derek Turner,sa3044162,,,,,,left_only
jacobturner,Jacob Turner,sa3044163,,,,,,left_only
koleturner,Kole Turner,sa3044165,,,,,,left_only
trentturner,Trent Turner,sa3044175,,,,,,left_only
carsonturnquist,Carson Turnquist,sa3044178,,,,,,left_only
stephenturzai,Stephen Turzai,sa3044183,,,,,,left_only
jacktuttle,Jack Tuttle,sa3044188,,,,,,left_only
joeytuttoilmondo,Joey Tuttoilmondo,sa3044189,,,,,,left_only
chandlertuupo,Chandler Tuupo,sa3044190,,,,,,left_only
tobytwist,Toby Twist,sa3044195,,,,,,left_only
jacksontyer,Jackson Tyer,sa3044197,,,,,,left_only
jjtylicki,JJ Tylicki,sa3044201,,,,,,left_only
tyuber,Ty Uber,sa3044209,,,,,,left_only
chrisubner,Chris Ubner,sa3044210,,,,,,left_only
tyuchman,Ty Uchman,sa3044212,,,,,,left_only
cadeudell,Cade Udell,sa3044213,,,,,,left_only
ryanulisse,Ryan Ulisse,sa3044224,,,,,,left_only
alexulloa,Alex Ulloa,sa3044226,,,,,,left_only
sloanulrich,Sloan Ulrich,sa3044229,,,,,,left_only
xavierulrich,Xavier Ulrich,sa3044231,,,,,,left_only
ianumlandt,Ian Umlandt,sa3044234,,,,,,left_only
elijahunderhill,Elijah Underhill,sa3044236,,,,,,left_only
landonunderhill,Landon Underhill,sa3044238,,,,,,left_only
alexungar,Alex Ungar,sa3044239,,,,,,left_only
nickupstill,Nick Upstill,sa3044245,,,,,,left_only
josephurban,Joseph Urban,sa3044249,,,,,,left_only
jaredure,Jared Ure,sa3044255,,,,,,left_only
ryanure,Ryan Ure,sa3044256,,,,,,left_only
jeremyurena,Jeremy Urena,sa3044257,,,,,,left_only
alexurlaub,Alex Urlaub,sa3044259,,,,,,left_only
anthonyursitti,Anthony Ursitti,sa3044262,,,,,,left_only
treyusey,Trey Usey,sa3044267,,,,,,left_only
davidutagawa,David Utagawa,sa3044268,,,,,,left_only
juddutermark,Judd Utermark,sa3044269,,,,,,left_only
nickvaccaro,Nick Vaccaro,sa3044270,,,,,,left_only
dannyvaladez,Danny Valadez,sa3044277,,,,,,left_only
joevalchar,Joe Valchar,sa3044278,,,,,,left_only
josuevaldez,Josue Valdez,sa3044285,,,,,,left_only
jonathanvaldez,Jonathan Valdez,sa3044286,,,,,,left_only
noelvaldez,Noel Valdez,sa3044289,,,,,,left_only
balinvalentine,Balin Valentine,sa3044292,,,,,,left_only
collinvalentine,Collin Valentine,sa3044294,,,,,,left_only
joeyvalentine,Joey Valentine,sa3044296,,,,,,left_only
josevalerio,Jose Valerio,sa3044301,,,,,,left_only
vytasvalincius,Vytas Valincius,sa3044304,,,,,,left_only
ajvalle,AJ Valle,sa3044309,,,,,,left_only
marcusvanalstine,Marcus Van Alstine,sa3044315,,,,,,left_only
colevanassen,Cole Van Assen,sa3044316,,,,,,left_only
ryanvanburen,Ryan Van Buren,sa3044319,,,,,,left_only
coopervance,Cooper Vance,sa3044321,,,,,,left_only
blakevancleve,Blake Van Cleve,sa3044324,,,,,,left_only
shanevandam,Shane Van Dam,sa3044327,,,,,,left_only
evanvandenbosch,Evan Vandenbosch,sa3044333,,,,,,left_only
jacksonvandebrake,Jackson Van De Brake,sa3044336,,,,,,left_only
jellevanderlelie,Jelle Van Der Lelie,sa3044338,,,,,,left_only
gabevanemon,Gabe Van Emon,sa3044348,,,,,,left_only
jacksonvanesko,Jackson Vanesko,sa3044349,,,,,,left_only
gavinvankempen,Gavin Van Kempen,sa3044353,,,,,,left_only
benvanmaanen,Ben VanMaanen,sa3044355,,,,,,left_only
cjvanslooten,CJ Van Slooten,sa3044361,,,,,,left_only
nickvardavas,Nick Vardavas,sa3044366,,,,,,left_only
juanvargas,Juan Vargas,sa3044373,,,,,,left_only
jadenvarner,Jaden Varner,sa3044380,,,,,,left_only
nickvaron,Nick Varon,sa3044381,,,,,,left_only
evanvasiliou,Evan Vasiliou,sa3044383,,,,,,left_only
carlosvasquez,Carlos Vasquez,sa3044386,,,,,,left_only
dominicvassallo,Dominic Vassallo,sa3044389,,,,,,left_only
jonathanvastine,Jonathan Vastine,sa3044390,,,,,,left_only
chancevaught,Chance Vaught,sa3044394,,,,,,left_only
jamesvaughn,James Vaughn,sa3044397,,,,,,left_only
loganvaughan,Logan Vaughan,sa3044400,,,,,,left_only
petervazquez,Peter Vazquez,sa3044407,,,,,,left_only
aristonveasey,Ariston Veasey,sa3044410,,,,,,left_only
jacobveczko,Jacob Veczko,sa3044412,,,,,,left_only
nickvega,Nick Vega,sa3044417,,,,,,left_only
robertovelasquez,Roberto Velasquez,sa3044424,,,,,,left_only
alfredovelazquez,Alfredo Velazquez,sa3044425,,,,,,left_only
domvelazquez,Dom Velazquez,sa3044426,,,,,,left_only
raymondvelazquez,Raymond Velazquez,sa3044431,,,,,,left_only
tylervelino,Tyler Velino,sa3044433,,,,,,left_only
dannyveloz,Danny Veloz,sa3044434,,,,,,left_only
benvenables,Ben Venables,sa3044436,,,,,,left_only
jordanvera,Jordan Vera,sa3044445,,,,,,left_only
spencerverburg,Spencer Verburg,sa3044448,,,,,,left_only
connervercollone,Conner Vercollone,sa3044450,,,,,,left_only
willvergantino,Will Vergantino,sa3044458,,,,,,left_only
ryanvermillion,Ryan Vermillion,sa3044461,,,,,,left_only
nickveselinovic,Nick Veselinovic,sa3044467,,,,,,left_only
coopervest,Cooper Vest,sa3044469,,,,,,left_only
malakaivetock,Malakai Vetock,sa3044471,,,,,,left_only
brantvicini,Brant Vicini,sa3044474,,,,,,left_only
colevida,Cole Vida,sa3044478,,,,,,left_only
adrianvidal,Adrian Vidal,sa3044479,,,,,,left_only
andrevidal,Andre Vidal,sa3044480,,,,,,left_only
nathanvidmar,Nathan Vidmar,sa3044482,,,,,,left_only
nickvieira,Nick Vieira,sa3044484,,,,,,left_only
willvierling,Will Vierling,sa3044487,,,,,,left_only
dylanvigue,Dylan Vigue,sa3044492,,,,,,left_only
jaymevillafane,Jayme Villafane,sa3044500,,,,,,left_only
josevillalobos,Jose Villalobos,sa3044502,,,,,,left_only
davidvillegas,David Villegas,sa3044507,,,,,,left_only
diegovillescas,Diego Villescas,sa3044508,,,,,,left_only
robinvilleneuve,Robin Villeneuve,sa3044511,,,,,,left_only
tomvincent,Tom Vincent,sa3044517,,,,,,left_only
ashbyvining,Ashby Vining,sa3044522,,,,,,left_only
calevinson,Cale Vinson,sa3044523,,,,,,left_only
timmyvirtudes,Timmy Virtudes,sa3044528,,,,,,left_only
johnvitucci,John Vitucci,sa3044535,,,,,,left_only
davidvizcaino,David Vizcaino,sa3044538,,,,,,left_only
dominicvoegele,Dominic Voegele,sa3044541,,,,,,left_only
elijahvogelsong,Elijah Vogelsong,sa3044545,,,,,,left_only
jacobvogel,Jacob Vogel,sa3044546,,,,,,left_only
joeyvolchko,Joey Volchko,sa3044554,,,,,,left_only
joshvolmerding,Josh Volmerding,sa3044557,,,,,,left_only
jackvolo,Jack Volo,sa3044558,,,,,,left_only
alessandrovolpe,Alessandro Volpe,sa3044559,,,,,,left_only
brettvondohlen,Brett Vondohlen,sa3044563,,,,,,left_only
zanvonschlegell,Zan Von Schlegell,sa3044566,,,,,,left_only
joevos,Joe Vos,sa3044573,,,,,,left_only
aidenvosburg,Aiden Vosburg,sa3044574,,,,,,left_only
natevoss,Nate Voss,sa3044578,,,,,,left_only
paulvossen,Paul Vossen,sa3044580,,,,,,left_only
justinvossos,Justin Vossos,sa3044581,,,,,,left_only
cadevota,Cade Vota,sa3044582,,,,,,left_only
brantvoth,Brant Voth,sa3044584,,,,,,left_only
zachvriesenga,Zach Vriesenga,sa3044588,,,,,,left_only
kienvu,Kien Vu,sa3044590,,,,,,left_only
benvujovich,Ben Vujovich,sa3044592,,,,,,left_only
isaacwachsmann,Isaac Wachsmann,sa3044598,,,,,,left_only
tjwachter,T.J. Wachter,sa3044600,,,,,,left_only
cadenwade,Caden Wade,sa3044603,,,,,,left_only
crawfordwade,Crawford Wade,sa3044604,,,,,,left_only
jarodwade,Jarod Wade,sa3044607,,,,,,left_only
johnwade,John Wade,sa3044608,,,,,,left_only
lancewade,Lance Wade,sa3044610,,,,,,left_only
patwade,Pat Wade,sa3044611,,,,,,left_only
brucewadiak,Bruce Wadiak,sa3044613,,,,,,left_only
zachwager,Zach Wager,sa3044616,,,,,,left_only
evanwaggoner,Evan Waggoner,sa3044617,,,,,,left_only
colewagner,Cole Wagner,sa3044620,,,,,,left_only
jpwagner,JP Wagner,sa3044625,,,,,,left_only
kaiwagner,Kai Wagner,sa3044626,,,,,,left_only
jakewagoner,Jake Wagoner,sa3044632,,,,,,left_only
dylanwaite,Dylan Waite,sa3044636,,,,,,left_only
hudsonwalburn,Hudson Walburn,sa3044641,,,,,,left_only
devonwalczykowski,Devon Walczykowski,sa3044642,,,,,,left_only
jtwaldon,JT Waldon,sa3044646,,,,,,left_only
patwalega,Pat Walega,sa3044648,,,,,,left_only
owenwalewander,Owen Walewander,sa3044650,,,,,,left_only
jasonwalk,Jason Walk,sa3044651,,,,,,left_only
adamwalker,Adam Walker,sa3044652,,,,,,left_only
brandonwalker,Brandon Walker,sa3044657,,,,,,left_only
brysonwalker,Bryson Walker,sa3044658,,,,,,left_only
brendanwalker,Brendan Walker,sa3044659,,,,,,left_only
charliewalker,Charlie Walker,sa3044661,,,,,,left_only
conlonwalker,Conlon Walker,sa3044663,,,,,,left_only
ethanwalker,Ethan Walker,sa3044666,,,,,,left_only
isaiahwalker,Isaiah Walker,sa3044669,,,,,,left_only
jackwalker,Jack Walker,sa3044672,,,,,,left_only
kadewalker,Kade Walker,sa3044678,,,,,,left_only
khalilwalker,Khalil Walker,sa3044680,,,,,,left_only
kylewalker,Kyle Walker,sa3044681,,,,,,left_only
sheawalker,Shea Walker,sa3044684,,,,,,left_only
tannerwalker,Tanner Walker,sa3044685,,,,,,left_only
tommywalker,Tommy Walker,sa3044686,,,,,,left_only
carterwall,Carter Wall,sa3044689,,,,,,left_only
finneganwall,Finnegan Wall,sa3044692,,,,,,left_only
colbywallace,Colby Wallace,sa3044698,,,,,,left_only
rhoguewallace,Rhogue Wallace,sa3044704,,,,,,left_only
jacksonwaller,Jackson Waller,sa3044706,,,,,,left_only
daviswallon,Davis Wallon,sa3044711,,,,,,left_only
coltonwalls,Colton Walls,sa3044712,,,,,,left_only
dawsonwalls,Dawson Walls,sa3044713,,,,,,left_only
jakewalman,Jake Walman,sa3044717,,,,,,left_only
brettwalmsley,Brett Walmsley,sa3044718,,,,,,left_only
alexwalsh,Alex Walsh,sa3044720,,,,,,left_only
carsonwalsh,Carson Walsh,sa3044722,,,,,,left_only
chriswalsh,Chris Walsh,sa3044724,,,,,,left_only
jacobwalsh,Jacob Walsh,sa3044728,,,,,,left_only
michaelwalsh,Michael Walsh,sa3044730,,,,,,left_only
willwalsh,Will Walsh,sa3044736,,,,,,left_only
zacharywalsh,Zachary Walsh,sa3044737,,,,,,left_only
augiewalters,Augie Walters,sa3044740,,,,,,left_only
brianwalters,Brian Walters,sa3044742,,,,,,left_only
loganwalters,Logan Walters,sa3044751,,,,,,left_only
peytonwalters,Peyton Walters,sa3044754,,,,,,left_only
kamwalton,Kam Walton,sa3044761,,,,,,left_only
lukewalton,Luke Walton,sa3044762,,,,,,left_only
myleswalton,Myles Walton,sa3044763,,,,,,left_only
rykerwalton,Ryker Walton,sa3044764,,,,,,left_only
taiwalton,Tai Walton,sa3044765,,,,,,left_only
nickwang,Nick Wang,sa3044770,,,,,,left_only
tannerwarady,Tanner Warady,sa3044775,,,,,,left_only
patrickward,Patrick Ward,sa3044787,,,,,,left_only
tannerware,Tanner Ware,sa3044795,,,,,,left_only
colewarehime,Cole Warehime,sa3044798,,,,,,left_only
spencerwarfield,Spencer Warfield,sa3044799,,,,,,left_only
hankwarren,Hank Warren,sa3044811,,,,,,left_only
isaacwarrick,Isaac Warrick,sa3044814,,,,,,left_only
owenwashburn,Owen Washburn,sa3044821,,,,,,left_only
brettwashington,Brett Washington,sa3044823,,,,,,left_only
solomonwashington,Solomon Washington,sa3044829,,,,,,left_only
kodywatanabe,Kody Watanabe,sa3044837,,,,,,left_only
evanwaters,Evan Waters,sa3044839,,,,,,left_only
lukewaters,Luke Waters,sa3044841,,,,,,left_only
brockwatkins,Brock Watkins,sa3044845,,,,,,left_only
hunterwatkins,Hunter Watkins,sa3044847,,,,,,left_only
aidanwatson,Aidan Watson,sa3044851,,,,,,left_only
benwatson,Ben Watson,sa3044853,,,,,,left_only
eliwatson,Eli Watson,sa3044857,,,,,,left_only
leewatson,Lee Watson,sa3044861,,,,,,left_only
anthonywatts,Anthony Watts,sa3044875,,,,,,left_only
danewatts,Dane Watts,sa3044876,,,,,,left_only
dylanwatts,Dylan Watts,sa3044877,,,,,,left_only
gabewatts,Gabe Watts,sa3044878,,,,,,left_only
peytonwatts,Peyton Watts,sa3044880,,,,,,left_only
nathanwaugh,Nathan Waugh,sa3044881,,,,,,left_only
tylerwaugh,Tyler Waugh,sa3044882,,,,,,left_only
paytenwawruck,Payten Wawruck,sa3044884,,,,,,left_only
aidanweaver,Aidan Weaver,sa3044893,,,,,,left_only
jacobweaver,Jacob Weaver,sa3044895,,,,,,left_only
ryanweaver,Ryan Weaver,sa3044898,,,,,,left_only
brysonwebb,Bryson Webb,sa3044907,,,,,,left_only
isaacwebb,Isaac Webb,sa3044909,,,,,,left_only
maddoxwebb,Maddox Webb,sa3044910,,,,,,left_only
benweber,Ben Weber,sa3044917,,,,,,left_only
charlieweber,Charlie Weber,sa3044920,,,,,,left_only
jackweber,Jack Weber,sa3044923,,,,,,left_only
mattweber,Matt Weber,sa3044925,,,,,,left_only
michaelweber,Michael Weber,sa3044926,,,,,,left_only
wilsonweber,Wilson Weber,sa3044929,,,,,,left_only
ericweeks,Eric Weeks,sa3044937,,,,,,left_only
irvinweems,Irvin Weems,sa3044940,,,,,,left_only
carsonwehner,Carson Wehner,sa3044945,,,,,,left_only
ryanweingartner,Ryan Weingartner,sa3044957,,,,,,left_only
jackweise,Jack Weise,sa3044961,,,,,,left_only
carterwelch,Carter Welch,sa3044978,,,,,,left_only
collinwelch,Collin Welch,sa3044979,,,,,,left_only
jacksonwells,Jackson Wells,sa3044991,,,,,,left_only
sheawendt,Shea Wendt,sa3044999,,,,,,left_only
jackwentworth,Jack Wentworth,sa3045003,,,,,,left_only
gannonwentz,Gannon Wentz,sa3045007,,,,,,left_only
joshwenz,Josh Wenz,sa3045010,,,,,,left_only
sethwerchan,Seth Werchan,sa3045014,,,,,,left_only
matthewwerk,Matthew Werk,sa3045016,,,,,,left_only
mattwessels,Matt Wessels,sa3045025,,,,,,left_only
brylanwest,Brylan West,sa3045027,,,,,,left_only
charleswest,Charles West,sa3045028,,,,,,left_only
dakodawest,Dakoda West,sa3045029,,,,,,left_only
deanwest,Dean West,sa3045030,,,,,,left_only
graidenwest,Graiden West,sa3045031,,,,,,left_only
jaxsonwest,Jaxson West,sa3045032,,,,,,left_only
justinwest,Justin West,sa3045034,,,,,,left_only
kylewest,Kyle West,sa3045036,,,,,,left_only
landonwest,Landon West,sa3045037,,,,,,left_only
ryanwest,Ryan West,sa3045038,,,,,,left_only
christianwestcott,Christian Westcott,sa3045045,,,,,,left_only
drakewestcott,Drake Westcott,sa3045046,,,,,,left_only
connerwestenburg,Conner Westenburg,sa3045047,,,,,,left_only
derekwestfall,Derek Westfall,sa3045049,,,,,,left_only
mattwestley,Matt Westley,sa3045052,,,,,,left_only
jacksonwestmoreland,Jackson Westmoreland,sa3045053,,,,,,left_only
nickweyrich,Nick Weyrich,sa3045065,,,,,,left_only
drewwhalen,Drew Whalen,sa3045068,,,,,,left_only
chaswheatley,Chas Wheatley,sa3045071,,,,,,left_only
gagewheaton,Gage Wheaton,sa3045072,,,,,,left_only
lawsonwheeler,Lawson Wheeler,sa3045076,,,,,,left_only
owenwheeler,Owen Wheeler,sa3045077,,,,,,left_only
willwhelan,Will Whelan,sa3045084,,,,,,left_only
mikewhelehan,Mike Whelehan,sa3045085,,,,,,left_only
bradywhitacre,Brady Whitacre,sa3045091,,,,,,left_only
mackwhitcomb,Mack Whitcomb,sa3045094,,,,,,left_only
andrewwhite,Andrew White,sa3045098,,,,,,left_only
barhamwhite,Barham White,sa3045100,,,,,,left_only
benwhiteside,Ben Whiteside,sa3045101,,,,,,left_only
braydenwhite,Brayden White,sa3045102,,,,,,left_only
calebwhite,Caleb White,sa3045105,,,,,,left_only
eddiewhite,Eddie White,sa3045111,,,,,,left_only
evanwhiteaker,Evan Whiteaker,sa3045112,,,,,,left_only
griffinwhite,Griffin White,sa3045114,,,,,,left_only
jacobwhiteman,Jacob Whiteman,sa3045117,,,,,,left_only
joeywhite,Joey White,sa3045120,,,,,,left_only
kjwhite,KJ White,sa3045121,,,,,,left_only
landonwhite,Landon White,sa3045122,,,,,,left_only
mayeswhite,Mayes White,sa3045124,,,,,,left_only
ryanwhite,Ryan White,sa3045131,,,,,,left_only
samwhite,Sam White,sa3045132,,,,,,left_only
seanwhite,Sean White,sa3045133,,,,,,left_only
simmiwhitehill,Simmi Whitehill,sa3045134,,,,,,left_only
tylerwhite,Tyler White,sa3045136,,,,,,left_only
damienwhitfield,Damien Whitfield,sa3045138,,,,,,left_only
donovanwhitfield,Donovan Whitfield,sa3045139,,,,,,left_only
aaronwhitley,Aaron Whitley,sa3045142,,,,,,left_only
jakewhitlinger,Jake Whitlinger,sa3045145,,,,,,left_only
jackwhitlock,Jack Whitlock,sa3045146,,,,,,left_only
marshallwhitmer,Marshall Whitmer,sa3045148,,,,,,left_only
johnwhitney,John Whitney,sa3045150,,,,,,left_only
cooperwhitton,Cooper Whitton,sa3045153,,,,,,left_only
davidwhittle,David Whittle,sa3045154,,,,,,left_only
michaelwhooley,Michael Whooley,sa3045159,,,,,,left_only
wyattwiatrek,Wyatt Wiatrek,sa3045162,,,,,,left_only
camdenwicker,Camden Wicker,sa3045165,,,,,,left_only
kadenwickersham,Kaden Wickersham,sa3045166,,,,,,left_only
noahwieczorek,Noah Wieczorek,sa3045173,,,,,,left_only
cadewiegert,Cade Wiegert,sa3045175,,,,,,left_only
andrewwiggins,Andrew Wiggins,sa3045182,,,,,,left_only
jimmywigo,Jimmy Wigo,sa3045186,,,,,,left_only
blaisewilcenski,Blaise Wilcenski,sa3045190,,,,,,left_only
slaterwilcox,Slater Wilcox,sa3045193,,,,,,left_only
evanwilde,Evan Wilde,sa3045196,,,,,,left_only
cadenwildman,Caden Wildman,sa3045202,,,,,,left_only
davidwiley,David Wiley,sa3045203,,,,,,left_only
loganwiley,Logan Wiley,sa3045207,,,,,,left_only
joeywilga,Joey Wilga,sa3045209,,,,,,left_only
kalebwilkey,Kaleb Wilkey,sa3045219,,,,,,left_only
brenwilkinson,Bren Wilkinson,sa3045222,,,,,,left_only
dannywill,Danny Will,sa3045232,,,,,,left_only
mattwilladsen,Matt Willadsen,sa3045235,,,,,,left_only
owenwillard,Owen Willard,sa3045237,,,,,,left_only
reedwillbanks,Reed Willbanks,sa3045239,,,,,,left_only
landonwilleman,Landon Willeman,sa3045241,,,,,,left_only
andrewwilliams,Andrew Williams,sa3045244,,,,,,left_only
andrewwilliamson,Andrew Williamson,sa3045245,,,,,,left_only
austinwilliamson,Austin Williamson,sa3045247,,,,,,left_only
benwilliams,Ben Williams,sa3045251,,,,,,left_only
brodywilliams,Brody Williams,sa3045256,,,,,,left_only
cadewilliams,Cade Williams,sa3045260,,,,,,left_only
christianwilliams,Christian Williams,sa3045262,,,,,,left_only
cjwillis,CJ Willis,sa3045267,,,,,,left_only
codywilliams,Cody Williams,sa3045270,,,,,,left_only
cooperwilliams,Cooper Williams,sa3045274,,,,,,left_only
derekwilliams,Derek Williams,sa3045281,,,,,,left_only
dixonwilliams,Dixon Williams,sa3045282,,,,,,left_only
isaacwilliams,Isaac Williams,sa3045296,,,,,,left_only
jaydenwilliams,Jayden Williams,sa3045304,,,,,,left_only
jakewilliams,Jake Williams,sa3045307,,,,,,left_only
jaedonwillis,Jaedon Willis,sa3045308,,,,,,left_only
jaewilliams,Jae Williams,sa3045310,,,,,,left_only
jakehenrywilliams,Jake Henry Williams,sa3045311,,,,,,left_only
javarwilliams,Javar Williams,sa3045312,,,,,,left_only
jaxonwillits,Jaxon Willits,sa3045313,,,,,,left_only
joshwillitts,Josh Willitts,sa3045318,,,,,,left_only
joshwilliams,Josh Williams,sa3045319,,,,,,left_only
jpwilliams,J.P. Williams,sa3045320,,,,,,left_only
jordonwilliams,Jordon Williams,sa3045321,,,,,,left_only
kalebwillis,Kaleb Willis,sa3045325,,,,,,left_only
malcolmwilliams,Malcolm Williams,sa3045332,,,,,,left_only
marcwilli,Marc Willi,sa3045334,,,,,,left_only
nickwilliams,Nick Williams,sa3045339,,,,,,left_only
noahwilliamson,Noah Williamson,sa3045341,,,,,,left_only
nolanwilliamson,Nolan Williamson,sa3045342,,,,,,left_only
rickywilliams,Ricky Williams,sa3045346,,,,,,left_only
spencerwilliams,Spencer Williams,sa3045351,,,,,,left_only
zachwillingham,Zach Willingham,sa3045366,,,,,,left_only
carsonwilloughby,Carson Willoughby,sa3045370,,,,,,left_only
ethanwilloughby,Ethan Willoughby,sa3045371,,,,,,left_only
brockwills,Brock Wills,sa3045373,,,,,,left_only
liamwillson,Liam Willson,sa3045374,,,,,,left_only
benwilmes,Ben Wilmes,sa3045376,,,,,,left_only
joeywilmoth,Joey Wilmoth,sa3045378,,,,,,left_only
gavinwilms,Gavin Wilms,sa3045379,,,,,,left_only
alexwilson,Alex Wilson,sa3045381,,,,,,left_only
asawilson,Asa Wilson,sa3045382,,,,,,left_only
ashtonwilson,Ashton Wilson,sa3045383,,,,,,left_only
blakewilson,Blake Wilson,sa3045386,,,,,,left_only
bradleywilson,Bradley Wilson,sa3045387,,,,,,left_only
brendonwilson,Brendon Wilson,sa3045388,,,,,,left_only
harrisonwilson,Harrison Wilson,sa3045399,,,,,,left_only
kaidenwilson,Kaiden Wilson,sa3045410,,,,,,left_only
lelandwilson,Leland Wilson,sa3045414,,,,,,left_only
nolanwilson,Nolan Wilson,sa3045418,,,,,,left_only
camdenwimbish,Camden Wimbish,sa3045432,,,,,,left_only
jordanwimpelberg,Jordan Wimpelberg,sa3045436,,,,,,left_only
eastonwinfield,Easton Winfield,sa3045444,,,,,,left_only
brandonwingenroth,Brandon Wingenroth,sa3045446,,,,,,left_only
tjwinn,TJ Winn,sa3045454,,,,,,left_only
jackwinnay,Jack Winnay,sa3045455,,,,,,left_only
maconwinslow,Macon Winslow,sa3045458,,,,,,left_only
jadenwinter,Jaden Winter,sa3045466,,,,,,left_only
jacobwinzenread,Jacob Winzenread,sa3045471,,,,,,left_only
dylanwipperman,Dylan Wipperman,sa3045473,,,,,,left_only
tywisdom,Ty Wisdom,sa3045477,,,,,,left_only
cjwisniewski,CJ Wisniewski,sa3045481,,,,,,left_only
danielwissler,Daniel Wissler,sa3045482,,,,,,left_only
connorwitherington,Connor Witherington,sa3045486,,,,,,left_only
reillywitmer,Reilly Witmer,sa3045489,,,,,,left_only
andrewojtarowicz,Andre Wojtarowicz,sa3045504,,,,,,left_only
markwolbert,Mark Wolbert,sa3045506,,,,,,left_only
jeremywolf,Jeremy Wolf,sa3045511,,,,,,left_only
masonwolf,Mason Wolf,sa3045512,,,,,,left_only
kylewolff,Kyle Wolff,sa3045519,,,,,,left_only
enriquewood,Enrique Wood,sa3045534,,,,,,left_only
jarrydwood,Jarryd Wood,sa3045540,,,,,,left_only
mitchwood,Mitch Wood,sa3045544,,,,,,left_only
nathanwood,Nathan Wood,sa3045545,,,,,,left_only
tyewood,Tye Wood,sa3045546,,,,,,left_only
tylerwood,Tyler Wood,sa3045547,,,,,,left_only
jdwoodall,JD Woodall,sa3045551,,,,,,left_only
kadewoods,Kade Woods,sa3045561,,,,,,left_only
peytonwoods,Peyton Woods,sa3045563,,,,,,left_only
jarekwoodward,Jarek Woodward,sa3045566,,,,,,left_only
jameswoody,James Woody,sa3045570,,,,,,left_only
braydonwooldridge,Braydon Wooldridge,sa3045573,,,,,,left_only
jaywoolfolk,Jay Woolfolk,sa3045574,,,,,,left_only
cadenwooster,Caden Wooster,sa3045579,,,,,,left_only
chrisworcester,Chris Worcester,sa3045581,,,,,,left_only
jalenworthley,Jalen Worthley,sa3045589,,,,,,left_only
jackwren,Jack Wren,sa3045598,,,,,,left_only
andrewwright,Andrew Wright,sa3045602,,,,,,left_only
clayvonjaewright,Clayvonjae Wright,sa3045606,,,,,,left_only
danielwright,Daniel Wright,sa3045608,,,,,,left_only
emerywright,Emery Wright,sa3045610,,,,,,left_only
frankiewright,Frankie Wright,sa3045611,,,,,,left_only
gabewright,Gabe Wright,sa3045612,,,,,,left_only
garrettwright,Garrett Wright,sa3045613,,,,,,left_only
jameswright,James Wright,sa3045619,,,,,,left_only
joeywright,Joey Wright,sa3045621,,,,,,left_only
matthewwright,Matthew Wright,sa3045624,,,,,,left_only
dannywyatt,Danny Wyatt,sa3045644,,,,,,left_only
drewwyers,Drew Wyers,sa3045647,,,,,,left_only
connorwylde,Connor Wylde,sa3045649,,,,,,left_only
blainewynk,Blaine Wynk,sa3045653,,,,,,left_only
ryanwynn,Ryan Wynn,sa3045655,,,,,,left_only
jadenwywoda,Jaden Wywoda,sa3045658,,,,,,left_only
jonathanxuereb,Jonathan Xuereb,sa3045660,,,,,,left_only
brianyadlon,Brian Yadlon,sa3045663,,,,,,left_only
tankyaghoubi,Tank Yaghoubi,sa3045667,,,,,,left_only
jdyakubinis,J.D. Yakubinis,sa3045669,,,,,,left_only
jacksonyarberry,Jackson Yarberry,sa3045680,,,,,,left_only
macyarbrough,Mac Yarbrough,sa3045682,,,,,,left_only
garrettyawn,Garrett Yawn,sa3045691,,,,,,left_only
boyaworski,Bo Yaworski,sa3045692,,,,,,left_only
jeterybarra,Jeter Ybarra,sa3045694,,,,,,left_only
isaacyeager,Isaac Yeager,sa3045695,,,,,,left_only
coleyearsley,Cole Yearsley,sa3045697,,,,,,left_only
bentleyyeatts,Bentley Yeatts,sa3045698,,,,,,left_only
coleyennaco,Cole Yennaco,sa3045702,,,,,,left_only
brianyetter,Brian Yetter,sa3045706,,,,,,left_only
simonyoakum,Simon Yoakum,sa3045711,,,,,,left_only
christianyoo,Christian Yoo,sa3045716,,,,,,left_only
derekyoo,Derek Yoo,sa3045717,,,,,,left_only
zachyorke,Zach Yorke,sa3045721,,,,,,left_only
haydenyost,Hayden Yost,sa3045723,,,,,,left_only
brianyoung,Brian Young,sa3045727,,,,,,left_only
gabeyoung,Gabe Young,sa3045737,,,,,,left_only
scottyyoung,Scotty Young,sa3045756,,,,,,left_only
brittyount,Britt Yount,sa3045758,,,,,,left_only
josephyovino,Joseph Yovino,sa3045763,,,,,,left_only
jaxyoxtheimer,Jax Yoxtheimer,sa3045764,,,,,,left_only
andrewyu,Andrew Yu,sa3045765,,,,,,left_only
lukeyuhasz,Luke Yuhasz,sa3045769,,,,,,left_only
andrewyusypchuk,Andrew Yusypchuk,sa3045774,,,,,,left_only
rylandzaborowski,Ryland Zaborowski,sa3045777,,,,,,left_only
owenzadrozny,Owen Zadrozny,sa3045780,,,,,,left_only
zackzaetta,Zack Zaetta,sa3045781,,,,,,left_only
jimmyzakhar,Jimmy Zakhar,sa3045787,,,,,,left_only
cadezalewski,Cade Zalewski,sa3045789,,,,,,left_only
masonzambo,Mason Zambo,sa3045790,,,,,,left_only
josephzamora,Joseph Zamora,sa3045793,,,,,,left_only
dantezamudio,Dante Zamudio,sa3045795,,,,,,left_only
evanzapp,Evan Zapp,sa3045802,,,,,,left_only
walkerzapp,Walker Zapp,sa3045803,,,,,,left_only
williamzareh,William Zareh,sa3045806,,,,,,left_only
anthonyzarlingo,Anthony Zarlingo,sa3045809,,,,,,left_only
kevinzarnochjr,Kevin Zarnoch Jr.,sa3045810,,,,,,left_only
michaelzarrillo,Michael Zarrillo,sa3045812,,,,,,left_only
seanzaslaw,Sean Zaslaw,sa3045814,,,,,,left_only
maxzdimal,Max Zdimal,sa3045821,,,,,,left_only
dylanzdunek,Dylan Zdunek,sa3045822,,,,,,left_only
tylerzedalis,Tyler Zedalis,sa3045824,,,,,,left_only
benzeiglernamoa,Ben Zeigler-Namoa,sa3045831,,,,,,left_only
lukezeisloft,Luke Zeisloft,sa3045834,,,,,,left_only
brianzeldin,Brian Zeldin,sa3045835,,,,,,left_only
martinzelenka,Martin Zelenka,sa3045837,,,,,,left_only
dylanzemotel,Dylan Zemotel,sa3045839,,,,,,left_only
aaronzenus,Aaron Zenus,sa3045840,,,,,,left_only
mateozeppieri,Mateo Zeppieri,sa3045841,,,,,,left_only
mattzguro,Matt Zguro,sa3045849,,,,,,left_only
martinzhang,Martin Zhang,sa3045850,,,,,,left_only
elizielinski,Eli Zielinski,sa3045856,,,,,,left_only
jaredzimbardo,Jared Zimbardo,sa3045860,,,,,,left_only
ryanzimmer,Ryan Zimmer,sa3045869,,,,,,left_only
henryzipay,Henry Zipay,sa3045872,,,,,,left_only
devanzirwas,Devan Zirwas,sa3045873,,,,,,left_only
anthonyzollo,Anthony Zollo,sa3045881,,,,,,left_only
gianozuccaro,Giano Zuccaro,sa3045885,,,,,,left_only
ryanzuckerman,Ryan Zuckerman,sa3045886,,,,,,left_only
jordanzuger,Jordan Zuger,sa3045887,,,,,,left_only
cuylerzukowski,Cuyler Zukowski,sa3045888,,,,,,left_only
thomaszwirecki,Thomas Zwirecki,sa3045894,,,,,,left_only
zaczyons,Zac Zyons,sa3045896,,,,,,left_only
carteraarts,Carter Aarts,sa3058455,,,,,,left_only
joeyabbazia,Joey Abbazia,sa3058456,,,,,,left_only
jayabernathy,Jay Abernathy,sa3058457,,,,,,left_only
masonacton,Mason Acton,sa3058458,,,,,,left_only
alexadams,Alex Adams,sa3058459,,,,,,left_only
georgeadams,George Adams,sa3058460,,,,,,left_only
sageadams,Sage Adams,sa3058461,,,,,,left_only
michaeladdari,Michael Addari,sa3058462,,,,,,left_only
kideadetuyi,Kide Adetuyi,sa3058463,,,,,,left_only
ethanadkisson,Ethan Adkisson,sa3058464,,,,,,left_only
kelvinagosto,Kelvin Agosto,sa3058465,,,,,,left_only
cadeyrnahearn,Cadeyrn Ahearn,sa3058466,,,,,,left_only
parkeraikens,Parker Aikens,sa3058467,,,,,,left_only
codyairington,Cody Airington,sa3058468,,,,,,left_only
landonakers,Landon Akers,sa3058469,,,,,,left_only
diegoalana,Diego Alana,sa3058470,,,,,,left_only
edmundoalanis,Edmundo Alanis,sa3058471,,,,,,left_only
andrewalbertus,Andrew Albertus,sa3058472,,,,,,left_only
davisalbert,Davis Albert,sa3058473,,,,,,left_only
hunteralberini,Hunter Alberini,sa3058474,,,,,,left_only
lucasalberti,Lucas Alberti,sa3058475,,,,,,left_only
georgealbrecht,George Albrecht,sa3058476,,,,,,left_only
blainealbright,Blaine Albright,sa3058477,,,,,,left_only
codyalbright,Cody Albright,sa3058478,,,,,,left_only
krisalcorn,Kris Alcorn,sa3058479,,,,,,left_only
sevenalemais,Seven Alemais,sa3058480,,,,,,left_only
jacksonalford,Jackson Alford,sa3058481,,,,,,left_only
sethalford,Seth Alford,sa3058482,,,,,,left_only
joshalger,Josh Alger,sa3058483,,,,,,left_only
wesleyalig,Wesley Alig,sa3058484,,,,,,left_only
hunterallen,Hunter Allen,sa3058485,,,,,,left_only
jcallen,J.C. Allen,sa3058486,,,,,,left_only
milleralston,Miller Alston,sa3058487,,,,,,left_only
enriquealvarezjr,Enrique Alvarez Jr.,sa3058488,,,,,,left_only
salvadoralvarez,Salvador Alvarez,sa3058489,,,,,,left_only
cadenalvey,Caden Alvey,sa3058490,,,,,,left_only
austinamburgey,Austin Amburgey,sa3058491,,,,,,left_only
jaxtonandeel,Jaxton Andeel,sa3058492,,,,,,left_only
ericanderson,Eric Anderson,sa3058493,,,,,,left_only
indyanderson,Indy Anderson,sa3058494,,,,,,left_only
jakeanderson,Jake Anderson,sa3058495,,,,,,left_only
jantzenanderson,Jantzen Anderson,sa3058496,,,,,,left_only
logananderson,Logan Anderson,sa3058497,,,,,,left_only
tjanderson,TJ Anderson,sa3058498,,,,,,left_only
jackandrews,Jack Andrews,sa3058499,,,,,,left_only
nickanello,Nick Anello,sa3058500,,,,,,left_only
samangelo,Sam Angelo,sa3058501,,,,,,left_only
dominicanselmo,Dominic Anselmo,sa3058502,,,,,,left_only
johnnyanservitz,Johnny Anservitz,sa3058503,,,,,,left_only
camanstey,Cam Anstey,sa3058504,,,,,,left_only
ajanzai,AJ Anzai,sa3058505,,,,,,left_only
keenananzai,Keenan Anzai,sa3058506,,,,,,left_only
diegoaponte,Diego Aponte,sa3058507,,,,,,left_only
kalebapplebey,Kaleb Applebey,sa3058508,,,,,,left_only
nickaprilgath,Nick April-Gath,sa3058509,,,,,,left_only
danielarambula,Daniel Arambula,sa3058510,,,,,,left_only
mattarchibald,Matt Archibald,sa3058511,,,,,,left_only
adrianareizaga,Adrian Areizaga,sa3058512,,,,,,left_only
calixarmijo,Calix Armijo,sa3058513,,,,,,left_only
ianarmstrong,Ian Armstrong,sa3058514,,,,,,left_only
jackarmstrong,Jack Armstrong,sa3058515,,,,,,left_only
jacobarnberger,Jacob Arnberger,sa3058516,,,,,,left_only
owenarndt,Owen Arndt,sa3058517,,,,,,left_only
aaronarnold,Aaron Arnold,sa3058518,,,,,,left_only
garrettarnold,Garrett Arnold,sa3058519,,,,,,left_only
cadearrambide,Cade Arrambide,sa3058520,,,,,,left_only
brandonarvidson,Brandon Arvidson,sa3058521,,,,,,left_only
gioarzuaga,Gio Arzuaga,sa3058522,,,,,,left_only
dorsyasencio,Dorsy Asencio,sa3058523,,,,,,left_only
graysonashe,Grayson Ashe,sa3058524,,,,,,left_only
ryanashford,Ryan Ashford,sa3058525,,,,,,left_only
kaidenashton,Kaiden Ashton,sa3058526,,,,,,left_only
ethanatchley,Ethan Atchley,sa3058527,,,,,,left_only
iraaustin,Ira Austin,sa3058528,,,,,,left_only
owenaustin,Owen Austin,sa3058529,,,,,,left_only
kaelbabin,Kael Babin,sa3058530,,,,,,left_only
dannybaez,Danny Baez,sa3058531,,,,,,left_only
cambagwell,Cam Bagwell,sa3058532,,,,,,left_only
carterbailey,Carter Bailey,sa3058533,,,,,,left_only
carsonbailey,Carson Bailey,sa3058534,,,,,,left_only
mylesbailey,Myles Bailey,sa3058535,,,,,,left_only
smithbailey,Smith Bailey,sa3058536,,,,,,left_only
brennanbaker,Brennan Baker,sa3058537,,,,,,left_only
georgebaker,George Baker,sa3058538,,,,,,left_only
tybaker,Ty Baker,sa3058539,,,,,,left_only
willbaker,Will Baker,sa3058540,,,,,,left_only
braydenbakes,Brayden Bakes,sa3058541,,,,,,left_only
harishbalachandran,Harish Balachandran,sa3058542,,,,,,left_only
nickbalcom,Nick Balcom,sa3058543,,,,,,left_only
gavinbalius,Gavin Balius,sa3058544,,,,,,left_only
mitchball,Mitch Ball,sa3058545,,,,,,left_only
bradyballinger,Brady Ballinger,sa3058546,,,,,,left_only
jordanballin,Jordan Ballin,sa3058547,,,,,,left_only
graybane,Gray Bane,sa3058548,,,,,,left_only
maxbanks,Max Banks,sa3058549,,,,,,left_only
brettbarber,Brett Barber,sa3058550,,,,,,left_only
jacksonbarberi,Jackson Barberi,sa3058551,,,,,,left_only
brodybarker,Brody Barker,sa3058552,,,,,,left_only
tybarnett,Ty Barnett,sa3058554,,,,,,left_only
josephbarnhardt,Joseph Barnhardt,sa3058555,,,,,,left_only
cecilbarone,Cecil Barone,sa3058556,,,,,,left_only
drewbarragan,Drew Barragan,sa3058557,,,,,,left_only
bobbybarrera,Bobby Barrera,sa3058558,,,,,,left_only
dreybarrett,Drey Barrett,sa3058559,,,,,,left_only
eastonbarrett,Easton Barrett,sa3058560,,,,,,left_only
alexbarrist,Alex Barrist,sa3058561,,,,,,left_only
sambarrouk,Sam Barrouk,sa3058562,,,,,,left_only
cadebarry,Cade Barry,sa3058563,,,,,,left_only
willbartkoski,Will Bartkoski,sa3058564,,,,,,left_only
bobbybartlett,Bobby Bartlett,sa3058565,,,,,,left_only
hudsonbarton,Hudson Barton,sa3058566,,,,,,left_only
koenbarton,Koen Barton,sa3058567,,,,,,left_only
paytonbarton,Payton Barton,sa3058568,,,,,,left_only
evanbaschnagel,Evan Baschnagel,sa3058569,,,,,,left_only
colinbasehore,Colin Basehore,sa3058570,,,,,,left_only
tysonbass,Tyson Bass,sa3058571,,,,,,left_only
ashtonbassett,Ashton Bassett,sa3058572,,,,,,left_only
nickbassi,Nick Bassi,sa3058573,,,,,,left_only
owenbasso,Owen Basso,sa3058574,,,,,,left_only
charliebates,Charlie Bates,sa3058575,,,,,,left_only
tajbates,Taj Bates,sa3058576,,,,,,left_only
curtisbattle,Curtis Battle,sa3058577,,,,,,left_only
justinbatts,Justin Batts,sa3058578,,,,,,left_only
douglasbauer,Douglas Bauer,sa3058579,,,,,,left_only
jacksonbauer,Jackson Bauer,sa3058580,,,,,,left_only
piercebauerle,Pierce Bauerle,sa3058581,,,,,,left_only
treverbaumler,Trever Baumler,sa3058583,,,,,,left_only
cuylerbaxter,Cuyler Baxter,sa3058584,,,,,,left_only
tylerbayer,Tyler Bayer,sa3058585,,,,,,left_only
chasebays,Chase Bays,sa3058586,,,,,,left_only
walkerbazile,Walker Bazile,sa3058587,,,,,,left_only
chrisbear,Chris Bear,sa3058588,,,,,,left_only
beaubeaty,Beau Beaty,sa3058589,,,,,,left_only
landonbeaver,Landon Beaver,sa3058590,,,,,,left_only
carterbeck,Carter Beck,sa3058591,,,,,,left_only
andrewbecker,Andrew Becker,sa3058592,,,,,,left_only
jackbecker,Jack Becker,sa3058593,,,,,,left_only
zanebecker,Zane Becker,sa3058594,,,,,,left_only
nathanbeckley,Nathan Beckley,sa3058595,,,,,,left_only
jaredbeebe,Jared Beebe,sa3058596,,,,,,left_only
brittonbeeson,Britton Beeson,sa3058597,,,,,,left_only
milobehrens,Milo Behrens,sa3058598,,,,,,left_only
jaxonbeiswenger,Jaxon Beiswenger,sa3058599,,,,,,left_only
mariobejarano,Mario Bejarano,sa3058600,,,,,,left_only
alecbelardes,Alec Belardes,sa3058601,,,,,,left_only
michaelbelcher,Michael Belcher,sa3058602,,,,,,left_only
blakebell,Blake Bell,sa3058603,,,,,,left_only
hunterbell,Hunter Bell,sa3058604,,,,,,left_only
jacksonbell,Jackson Bell,sa3058606,,,,,,left_only
masonbell,Mason Bell,sa3058607,,,,,,left_only
mikeybell,Mikey Bell,sa3058608,,,,,,left_only
tylerbell,Tyler Bell,sa3058609,,,,,,left_only
kasenbellard,Kasen Bellard,sa3058610,,,,,,left_only
jacksonbellhorn,Jackson Bellhorn,sa3058611,,,,,,left_only
ajbeltre,AJ Beltre,sa3058612,,,,,,left_only
jacksonbenattar,Jackson Benattar,sa3058613,,,,,,left_only
christopherbenavidez,Christopher Benavidez,sa3058614,,,,,,left_only
prycebender,Pryce Bender,sa3058615,,,,,,left_only
zachbender,Zach Bender,sa3058616,,,,,,left_only
tylerbenick,Tyler Benick,sa3058617,,,,,,left_only
troybenko,Troy Benko,sa3058618,,,,,,left_only
devinbennett,Devin Bennett,sa3058619,,,,,,left_only
elginbennett,Elgin Bennett,sa3058620,,,,,,left_only
natebennett,Nate Bennett,sa3058622,,,,,,left_only
kobebenson,Kobe Benson,sa3058623,,,,,,left_only
brycebenton,Bryce Benton,sa3058624,,,,,,left_only
jackberg,Jack Berg,sa3058625,,,,,,left_only
ethanbergan,Ethan Bergan,sa3058626,,,,,,left_only
nazhirbergen,Nazhir Bergen,sa3058627,,,,,,left_only
quinnberglin,Quinn Berglin,sa3058628,,,,,,left_only
kincaidbergthold,Kincaid Bergthold,sa3058629,,,,,,left_only
derekbermudez,Derek Bermudez,sa3058630,,,,,,left_only
nolanbernard,Nolan Bernard,sa3058631,,,,,,left_only
sebastianberrios,Sebastian Berrios,sa3058632,,,,,,left_only
calebberry,Caleb Berry,sa3058633,,,,,,left_only
charlieberryman,Charlie Berryman,sa3058634,,,,,,left_only
justinbest,Justin Best,sa3058635,,,,,,left_only
edwinbetances,Edwin Betances,sa3058636,,,,,,left_only
maxbianchini,Max Bianchini,sa3058637,,,,,,left_only
matthewbienvenu,Matthew Bienvenu,sa3058638,,,,,,left_only
benybikar,Beny Bikar,sa3058639,,,,,,left_only
frankiebilecki,Frankie Bilecki,sa3058640,,,,,,left_only
jacobbillings,Jacob Billings,sa3058641,,,,,,left_only
lukebillings,Luke Billings,sa3058642,,,,,,left_only
kadebing,Kade Bing,sa3058643,,,,,,left_only
alexbingler,Alex Bingler,sa3058644,,,,,,left_only
brandonbishop,Brandon Bishop,sa3058645,,,,,,left_only
brodeybitove,Brodey Bitove,sa3058646,,,,,,left_only
jadenbitter,Jaden Bitter,sa3058647,,,,,,left_only
cjblackwell,CJ Blackwell,sa3058648,,,,,,left_only
collinsblack,Collins Black,sa3058649,,,,,,left_only
jakeblackwell,Jake Blackwell,sa3058650,,,,,,left_only
jordanblack,Jordan Black,sa3058651,,,,,,left_only
jtblackwood,J.T. Blackwood,sa3058652,,,,,,left_only
parkerblackman,Parker Blackman,sa3058653,,,,,,left_only
rileyblack,Riley Black,sa3058654,,,,,,left_only
bradyblake,Brady Blake,sa3058655,,,,,,left_only
jayceblalock,Jayce Blalock,sa3058656,,,,,,left_only
adrianblanchet,Adrian Blanchet,sa3058657,,,,,,left_only
cermodrickbland,Cermodrick Bland,sa3058658,,,,,,left_only
brodyblock,Brody Block,sa3058659,,,,,,left_only
melvinblocker,Melvin Blocker,sa3058660,,,,,,left_only
haydenblosser,Hayden Blosser,sa3058661,,,,,,left_only
coltonboardman,Colton Boardman,sa3058662,,,,,,left_only
eastonbobb,Easton Bobb,sa3058663,,,,,,left_only
hirambocachicajr,Hiram Bocachica Jr.,sa3058664,,,,,,left_only
lucasboesen,Lucas Boesen,sa3058665,,,,,,left_only
caelboever,Cael Boever,sa3058666,,,,,,left_only
justinbogard,Justin Bogard,sa3058667,,,,,,left_only
carsonboles,Carson Boles,sa3058668,,,,,,left_only
robbybolin,Robby Bolin,sa3058669,,,,,,left_only
mjbollinger,MJ Bollinger,sa3058670,,,,,,left_only
mattbolton,Matt Bolton,sa3058671,,,,,,left_only
karsonbonaparte,Karson Bonaparte,sa3058672,,,,,,left_only
sambond,Sam Bond,sa3058673,,,,,,left_only
benitobonilla,Benito Bonilla,sa3058674,,,,,,left_only
sambonilla,Sam Bonilla,sa3058675,,,,,,left_only
richiebonomolojr,Richie Bonomolo Jr.,sa3058676,,,,,,left_only
nolanbook,Nolan Book,sa3058677,,,,,,left_only
nadellbooker,Nadell Booker,sa3058678,,,,,,left_only
ericboothe,Eric Boothe,sa3058679,,,,,,left_only
joebordelon,Joe Bordelon,sa3058680,,,,,,left_only
ethanborggren,Ethan Borggren,sa3058681,,,,,,left_only
drewborner,Drew Borner,sa3058682,,,,,,left_only
jamesbose,James Bose,sa3058683,,,,,,left_only
marcusbotelho,Marcus Botelho,sa3058684,,,,,,left_only
cjbott,CJ Bott,sa3058685,,,,,,left_only
bradybouchard,Brady Bouchard,sa3058686,,,,,,left_only
cjboudreaux,CJ Boudreaux,sa3058687,,,,,,left_only
tylerboudreau,Tyler Boudreau,sa3058688,,,,,,left_only
andrebouffard,Andre Bouffard,sa3058689,,,,,,left_only
burkleybounds,Burkley Bounds,sa3058690,,,,,,left_only
tombourque,Tom Bourque,sa3058691,,,,,,left_only
harrisonboushele,Harrison Boushele,sa3058692,,,,,,left_only
blakebowen,Blake Bowen,sa3058693,,,,,,left_only
willbowen,Will Bowen,sa3058694,,,,,,left_only
macbowie,Mac Bowie,sa3058695,,,,,,left_only
rhysbowie,Rhys Bowie,sa3058696,,,,,,left_only
chetbowling,Chet Bowling,sa3058697,,,,,,left_only
harrisonbowman,Harrison Bowman,sa3058698,,,,,,left_only
kenanbowman,Kenan Bowman,sa3058699,,,,,,left_only
deaconbowne,Deacon Bowne,sa3058700,,,,,,left_only
brandonboyd,Brandon Boyd,sa3058701,,,,,,left_only
zachboyd,Zach Boyd,sa3058703,,,,,,left_only
kyleboylston,Kyle Boylston,sa3058704,,,,,,left_only
spencerboynton,Spencer Boynton,sa3058705,,,,,,left_only
blakebradford,Blake Bradford,sa3058706,,,,,,left_only
grantbradley,Grant Bradley,sa3058707,,,,,,left_only
kaydenbradshaw,Kayden Bradshaw,sa3058708,,,,,,left_only
codybradt,Cody Bradt,sa3058709,,,,,,left_only
lukebragga,Luke Bragga,sa3058710,,,,,,left_only
travisbragg,Travis Bragg,sa3058711,,,,,,left_only
gavinbraland,Gavin Braland,sa3058712,,,,,,left_only
kylebranch,Kyle Branch,sa3058713,,,,,,left_only
ethanbrand,Ethan Brand,sa3058714,,,,,,left_only
mattbrandt,Matt Brandt,sa3058715,,,,,,left_only
brycebrannon,Bryce Brannon,sa3058716,,,,,,left_only
ashtonbranson,Ashton Branson,sa3058717,,,,,,left_only
cooperbrass,Cooper Brass,sa3058718,,,,,,left_only
masonbrassfield,Mason Brassfield,sa3058719,,,,,,left_only
alexbrazer,Alex Brazer,sa3058720,,,,,,left_only
alexbreckheimer,Alex Breckheimer,sa3058721,,,,,,left_only
austinbreedlove,Austin Breedlove,sa3058722,,,,,,left_only
jackbrennan,Jack Brennan,sa3058723,,,,,,left_only
jimmybrennan,Jimmy Brennan,sa3058724,,,,,,left_only
masonbreton,Mason Breton,sa3058725,,,,,,left_only
brodybriggs,Brody Briggs,sa3058726,,,,,,left_only
hudsonbrignac,Hudson Brignac,sa3058727,,,,,,left_only
charliebrinkman,Charlie Brinkman,sa3058728,,,,,,left_only
lukebroderick,Luke Broderick,sa3058729,,,,,,left_only
tylerbrodrick,Tyler Brodrick,sa3058730,,,,,,left_only
connorbrooks,Connor Brooks,sa3058731,,,,,,left_only
daltonbrooks,Dalton Brooks,sa3058732,,,,,,left_only
jacobbrooks,Jacob Brooks,sa3058733,,,,,,left_only
willbrooks,Will Brooks,sa3058735,,,,,,left_only
anthonybrotz,Anthony Brotz,sa3058736,,,,,,left_only
mackbrousseau,Mack Brousseau,sa3058737,,,,,,left_only
trebroussard,Tre Broussard,sa3058738,,,,,,left_only
andrewbrown,Andrew Brown,sa3058739,,,,,,left_only
anthonybrown,Anthony Brown,sa3058740,,,,,,left_only
blainebrown,Blaine Brown,sa3058741,,,,,,left_only
brandenbrown,Branden Brown,sa3058742,,,,,,left_only
cjbrown,CJ Brown,sa3058743,,,,,,left_only
dionbrown,Dion Brown,sa3058744,,,,,,left_only
gavinbrown,Gavin Brown,sa3058746,,,,,,left_only
jackbrown,Jack Brown,sa3058747,,,,,,left_only
kadenbrown,Kaden Brown,sa3058748,,,,,,left_only
kordellbrown,Kordell Brown,sa3058749,,,,,,left_only
ryanbrown,Ryan Brown,sa3058750,,,,,,left_only
zanebrown,Zane Brown,sa3058751,,,,,,left_only
henrybrummel,Henry Brummel,sa3058752,,,,,,left_only
brandonbrunette,Brandon Brunette,sa3058753,,,,,,left_only
beaubryans,Beau Bryans,sa3058754,,,,,,left_only
carsonbryant,Carson Bryant,sa3058755,,,,,,left_only
dylanbryan,Dylan Bryan,sa3058756,,,,,,left_only
eastonbryant,Easton Bryant,sa3058757,,,,,,left_only
englandbryan,England Bryan,sa3058758,,,,,,left_only
jacksonbryan,Jackson Bryan,sa3058759,,,,,,left_only
sambryan,Sam Bryan,sa3058760,,,,,,left_only
parkerbrzustewicz,Parker Brzustewicz,sa3058761,,,,,,left_only
zanderbuchan,Zander Buchan,sa3058762,,,,,,left_only
finleybuckner,Finley Buckner,sa3058763,,,,,,left_only
lukasbuckner,Lukas Buckner,sa3058764,,,,,,left_only
adambuczkowski,Adam Buczkowski,sa3058765,,,,,,left_only
micahbujacich,Micah Bujacich,sa3058766,,,,,,left_only
garrisonbullock,Garrison Bullock,sa3058767,,,,,,left_only
jabrilbullock,Jabril Bullock,sa3058768,,,,,,left_only
brodybunting,Brody Bunting,sa3058769,,,,,,left_only
clayburdette,Clay Burdette,sa3058770,,,,,,left_only
gageburdick,Gage Burdick,sa3058771,,,,,,left_only
samburgess,Sam Burgess,sa3058772,,,,,,left_only
willburgess,Will Burgess,sa3058773,,,,,,left_only
claytonburke,Clayton Burke,sa3058775,,,,,,left_only
carterburnette,Carter Burnette,sa3058776,,,,,,left_only
conorburns,Conor Burns,sa3058777,,,,,,left_only
bradenburress,Braden Burress,sa3058778,,,,,,left_only
jjbush,JJ Bush,sa3058779,,,,,,left_only
jordanbush,Jordan Bush,sa3058780,,,,,,left_only
cordbutler,Cord Butler,sa3058781,,,,,,left_only
tazwellbutler,Tazwell Butler,sa3058782,,,,,,left_only
zacbutler,Zac Butler,sa3058783,,,,,,left_only
elibuxton,Eli Buxton,sa3058784,,,,,,left_only
owenbyberg,Owen Byberg,sa3058785,,,,,,left_only
caydenbyers,Cayden Byers,sa3058786,,,,,,left_only
jadencaballero,Jaden Caballero,sa3058787,,,,,,left_only
pierrecabral,Pierre Cabral,sa3058788,,,,,,left_only
jccabuyaban,JC Cabuyaban,sa3058789,,,,,,left_only
noahcadiz,Noah Cadiz,sa3058790,,,,,,left_only
austincadroy,Austin Cadroy,sa3058791,,,,,,left_only
rileycahill,Riley Cahill,sa3058792,,,,,,left_only
brandoncain,Brandon Cain,sa3058793,,,,,,left_only
petercaldera,Peter Caldera,sa3058794,,,,,,left_only
joshuacaldwell,Joshua Caldwell,sa3058795,,,,,,left_only
andrewcallaway,Andrew Callaway,sa3058796,,,,,,left_only
cameroncalvillo,Cameron Calvillo,sa3058797,,,,,,left_only
shawncameron,Shawn Cameron,sa3058798,,,,,,left_only
tracencameron,Tracen Cameron,sa3058799,,,,,,left_only
reescampanale,Rees Campanale,sa3058800,,,,,,left_only
coopercampbell,Cooper Campbell,sa3058801,,,,,,left_only
keatoncampbell,Keaton Campbell,sa3058802,,,,,,left_only
scottcampbell,Scott Campbell,sa3058803,,,,,,left_only
harrisoncampi,Harrison Campi,sa3058804,,,,,,left_only
dantecano,Dante Cano,sa3058805,,,,,,left_only
drewcanody,Drew Canody,sa3058806,,,,,,left_only
fishercantrell,Fisher Cantrell,sa3058807,,,,,,left_only
miguelcantu,Miguel Cantu,sa3058808,,,,,,left_only
colecanty,Cole Canty,sa3058809,,,,,,left_only
ajcappell,AJ Cappell,sa3058810,,,,,,left_only
diegocardenas,Diego Cardenas,sa3058811,,,,,,left_only
joecardinale,Joe Cardinale,sa3058812,,,,,,left_only
tatecarey,Tate Carey,sa3058813,,,,,,left_only
dayloncarleton,Daylon Carleton,sa3058814,,,,,,left_only
huntercarlson,Hunter Carlson,sa3058815,,,,,,left_only
lukecarner,Luke Carner,sa3058816,,,,,,left_only
huntercarns,Hunter Carns,sa3058817,,,,,,left_only
harrycarr,Harry Carr,sa3058818,,,,,,left_only
kannoncarr,Kannon Carr,sa3058819,,,,,,left_only
juliancarrasquilla,Julian Carrasquilla,sa3058820,,,,,,left_only
yomarcarreras,Yomar Carreras,sa3058821,,,,,,left_only
briancarrothers,Brian Carrothers,sa3058822,,,,,,left_only
anselcarson,Ansel Carson,sa3058823,,,,,,left_only
codycarson,Cody Carson,sa3058824,,,,,,left_only
ajcarter,AJ Carter,sa3058825,,,,,,left_only
brandoncarter,Brandon Carter,sa3058826,,,,,,left_only
cameroncarter,Cameron Carter,sa3058827,,,,,,left_only
colbycarter,Colby Carter,sa3058828,,,,,,left_only
jaedancarter,Jaedan Carter,sa3058829,,,,,,left_only
jorgecartegena,Jorge Cartegena,sa3058830,,,,,,left_only
cartercasabella,Carter Casabella,sa3058831,,,,,,left_only
matthewcash,Matthew Cash,sa3058832,,,,,,left_only
brandoncassedy,Brandon Cassedy,sa3058833,,,,,,left_only
louiscastano,Louis Castano,sa3058834,,,,,,left_only
bencastelli,Ben Castelli,sa3058835,,,,,,left_only
joshcastellani,Josh Castellani,sa3058836,,,,,,left_only
natecastellon,Nate Castellon,sa3058837,,,,,,left_only
landoncastor,Landon Castor,sa3058838,,,,,,left_only
alessandrocastro,Alessandro Castro,sa3058839,,,,,,left_only
isaaccastro,Isaac Castro,sa3058840,,,,,,left_only
ryancastro,Ryan Castro,sa3058841,,,,,,left_only
tylercastrataro,Tyler Castrataro,sa3058842,,,,,,left_only
michaelcatalano,Michael Catalano,sa3058843,,,,,,left_only
masonceccarelli,Mason Ceccarelli,sa3058844,,,,,,left_only
colechace,Cole Chace,sa3058845,,,,,,left_only
jakechadwell,Jake Chadwell,sa3058846,,,,,,left_only
camdenchalfant,Camden Chalfant,sa3058847,,,,,,left_only
brycechambers,Bryce Chambers,sa3058848,,,,,,left_only
chasechamberlain,Chase Chamberlain,sa3058849,,,,,,left_only
johnchambers,John Chambers,sa3058850,,,,,,left_only
carterchampey,Carter Champey,sa3058851,,,,,,left_only
calebchampion,Caleb Champion,sa3058852,,,,,,left_only
mileschandler,Miles Chandler,sa3058853,,,,,,left_only
cooperchaplain,Cooper Chaplain,sa3058854,,,,,,left_only
elijahcharlot,Elijah Charlot,sa3058855,,,,,,left_only
christianchatterton,Christian Chatterton,sa3058856,,,,,,left_only
josephchavana,Joseph Chavana,sa3058857,,,,,,left_only
alexchavez,Alex Chavez,sa3058858,,,,,,left_only
jackchavez,Jack Chavez,sa3058859,,,,,,left_only
dylancheeley,Dylan Cheeley,sa3058860,,,,,,left_only
caidenchilausky,Caiden Chilausky,sa3058861,,,,,,left_only
chasechopin,Chase Chopin,sa3058862,,,,,,left_only
jaxonchristensen,Jaxon Christensen,sa3058863,,,,,,left_only
javonchristian,Javon Christian,sa3058864,,,,,,left_only
tannerchun,Tanner Chun,sa3058865,,,,,,left_only
kikecienfuegos,Kike Cienfuegos,sa3058866,,,,,,left_only
dannycihocki,Danny Cihocki,sa3058867,,,,,,left_only
ajciscar,AJ Ciscar,sa3058868,,,,,,left_only
andrewcisneros,Andrew Cisneros,sa3058869,,,,,,left_only
marcocitro,Marco Citro,sa3058870,,,,,,left_only
jasonclaiborn,Jason Claiborn,sa3058871,,,,,,left_only
kodyclancy,Kody Clancy,sa3058872,,,,,,left_only
cooperclapp,Cooper Clapp,sa3058873,,,,,,left_only
reececlapp,Reece Clapp,sa3058874,,,,,,left_only
bradyclark,Brady Clark,sa3058875,,,,,,left_only
jaydenclark,Jayden Clark,sa3058876,,,,,,left_only
leviclark,Levi Clark,sa3058878,,,,,,left_only
raymondclark,Raymond Clark,sa3058879,,,,,,left_only
rossclark,Ross Clark,sa3058880,,,,,,left_only
toddclay,Todd Clay,sa3058881,,,,,,left_only
royceclaytonjr,Royce Clayton Jr.,sa3058882,,,,,,left_only
colecleveland,Cole Cleveland,sa3058883,,,,,,left_only
camdenclewett,Camden Clewett,sa3058884,,,,,,left_only
cadeclimie,Cade Climie,sa3058885,,,,,,left_only
jonathanclough,Jonathan Clough,sa3058886,,,,,,left_only
owenclyne,Owen Clyne,sa3058887,,,,,,left_only
kannoncoakley,Kannon Coakley,sa3058888,,,,,,left_only
caseycoates,Casey Coates,sa3058889,,,,,,left_only
claytoncoats,Clayton Coats,sa3058890,,,,,,left_only
quintoncoats,Quinton Coats,sa3058891,,,,,,left_only
cordellcoburn,Cordell Coburn,sa3058892,,,,,,left_only
ltcockrill,LT Cockrill,sa3058893,,,,,,left_only
bradycoe,Brady Coe,sa3058894,,,,,,left_only
cartercoffin,Carter Coffin,sa3058895,,,,,,left_only
bencoke,Ben Coke,sa3058896,,,,,,left_only
huntercolagrande,Hunter Colagrande,sa3058897,,,,,,left_only
nolancolby,Nolan Colby,sa3058898,,,,,,left_only
camcole,Cam Cole,sa3058899,,,,,,left_only
jacksoncole,Jackson Cole,sa3058900,,,,,,left_only
samcole,Sam Cole,sa3058901,,,,,,left_only
blakecoleman,Blake Coleman,sa3058902,,,,,,left_only
lazarocollera,Lazaro Collera,sa3058903,,,,,,left_only
haydencollins,Hayden Collins,sa3058904,,,,,,left_only
johncolligan,John Colligan,sa3058905,,,,,,left_only
kenyoncollins,Kenyon Collins,sa3058906,,,,,,left_only
markcollins,Mark Collins,sa3058907,,,,,,left_only
mitchellcollins,Mitchell Collins,sa3058908,,,,,,left_only
tatecollins,Tate Collins,sa3058909,,,,,,left_only
jakecolucci,Jake Colucci,sa3058910,,,,,,left_only
cjcolyer,CJ Colyer,sa3058911,,,,,,left_only
ryancombs,Ryan Combs,sa3058912,,,,,,left_only
mateusconaway,Mateus Conaway,sa3058913,,,,,,left_only
cullencondon,Cullen Condon,sa3058914,,,,,,left_only
joshcone,Josh Cone,sa3058915,,,,,,left_only
brendanconner,Brendan Conner,sa3058916,,,,,,left_only
lucasconnors,Lucas Connors,sa3058917,,,,,,left_only
coleconstable,Cole Constable,sa3058918,,,,,,left_only
mattconte,Matt Conte,sa3058919,,,,,,left_only
dannycook,Danny Cook,sa3058920,,,,,,left_only
lukecooley,Luke Cooley,sa3058921,,,,,,left_only
bradycoon,Brady Coon,sa3058922,,,,,,left_only
colincoonradt,Colin Coonradt,sa3058923,,,,,,left_only
masoncooper,Mason Cooper,sa3058924,,,,,,left_only
troycooper,Troy Cooper,sa3058925,,,,,,left_only
nikcopenhaver,Nik Copenhaver,sa3058926,,,,,,left_only
paulcoppinger,Paul Coppinger,sa3058927,,,,,,left_only
parkercorbin,Parker Corbin,sa3058928,,,,,,left_only
bradycorcoran,Brady Corcoran,sa3058929,,,,,,left_only
lukecorcoran,Luke Corcoran,sa3058930,,,,,,left_only
aidancorn,Aidan Corn,sa3058931,,,,,,left_only
braydencorn,Brayden Corn,sa3058932,,,,,,left_only
ryancostello,Ryan Costello,sa3058933,,,,,,left_only
joshcote,Josh Cote,sa3058934,,,,,,left_only
jaroncotton,Jaron Cotton,sa3058935,,,,,,left_only
willcouchman,Will Couchman,sa3058936,,,,,,left_only
blakecowans,Blake Cowans,sa3058937,,,,,,left_only
willcowan,Will Cowan,sa3058938,,,,,,left_only
cartercox,Carter Cox,sa3058939,,,,,,left_only
davidcox,David Cox,sa3058940,,,,,,left_only
noahcoy,Noah Coy,sa3058941,,,,,,left_only
jtcrabbe,J.T. Crabbe,sa3058942,,,,,,left_only
thomascrabtree,Thomas Crabtree,sa3058943,,,,,,left_only
haldoncraig,Haldon Craig,sa3058944,,,,,,left_only
jtcraig,JT Craig,sa3058945,,,,,,left_only
michaelcraig,Michael Craig,sa3058946,,,,,,left_only
zachcrandall,Zach Crandall,sa3058947,,,,,,left_only
tristancrane,Tristan Crane,sa3058948,,,,,,left_only
waylandcrane,Wayland Crane,sa3058949,,,,,,left_only
peteycraska,Petey Craska,sa3058950,,,,,,left_only
haydencrews,Hayden Crews,sa3058951,,,,,,left_only
kylecrisp,Kyle Crisp,sa3058952,,,,,,left_only
logancrock,Logan Crock,sa3058953,,,,,,left_only
mylescrocker,Myles Crocker,sa3058954,,,,,,left_only
colincrowley,Colin Crowley,sa3058956,,,,,,left_only
rileycruce,Riley Cruce,sa3058957,,,,,,left_only
michaelcruz,Michael Cruz,sa3058958,,,,,,left_only
jakecullen,Jake Cullen,sa3058959,,,,,,left_only
ianculver,Ian Culver,sa3058960,,,,,,left_only
jacecunnane,Jace Cunnane,sa3058961,,,,,,left_only
camcunnings,Cam Cunnings,sa3058962,,,,,,left_only
connercunningham,Conner Cunningham,sa3058963,,,,,,left_only
joshcunningan,Josh Cunningan,sa3058964,,,,,,left_only
tycunningham,Ty Cunningham,sa3058965,,,,,,left_only
derekcuriel,Derek Curiel,sa3058966,,,,,,left_only
johncurl,John Curl,sa3058967,,,,,,left_only
tjcurley,TJ Curley,sa3058968,,,,,,left_only
braydencurlis,Brayden Curlis,sa3058969,,,,,,left_only
tommycurran,Tommy Curran,sa3058970,,,,,,left_only
brycecurry,Bryce Curry,sa3058971,,,,,,left_only
bradencurry,Braden Curry,sa3058972,,,,,,left_only
stephencurry,Stephen Curry,sa3058973,,,,,,left_only
rivercurs,River Curs,sa3058974,,,,,,left_only
elicurtis,Eli Curtis,sa3058975,,,,,,left_only
jacobcyr,Jacob Cyr,sa3058976,,,,,,left_only
jakedaltrui,Jake DAltrui,sa3058977,,,,,,left_only
jamiedaly,Jamie Daly,sa3058978,,,,,,left_only
ryandaly,Ryan Daly,sa3058979,,,,,,left_only
mattdamato,Matt DAmato,sa3058980,,,,,,left_only
joeydamelio,Joey Damelio,sa3058981,,,,,,left_only
andrewdamiani,Andrew Damiani,sa3058982,,,,,,left_only
adendance,Aden Dance,sa3058983,,,,,,left_only
chrisdaniels,Chris Daniels,sa3058984,,,,,,left_only
conlandaniel,Conlan Daniel,sa3058985,,,,,,left_only
gradydaniels,Grady Daniels,sa3058986,,,,,,left_only
zanedanielson,Zane Danielson,sa3058987,,,,,,left_only
carterdanz,Carter Danz,sa3058988,,,,,,left_only
nathandarden,Nathan Darden,sa3058989,,,,,,left_only
noahdarden,Noah Darden,sa3058990,,,,,,left_only
seandarnell,Sean Darnell,sa3058991,,,,,,left_only
lucasdavenport,Lucas Davenport,sa3058992,,,,,,left_only
masondavenport,Mason Davenport,sa3058993,,,,,,left_only
landisdavila,Landis Davila,sa3058994,,,,,,left_only
brettdavino,Brett Davino,sa3058995,,,,,,left_only
bendavis,Ben Davis,sa3058996,,,,,,left_only
braxtondavis,Braxton Davis,sa3058997,,,,,,left_only
charliedavis,Charlie Davis,sa3058998,,,,,,left_only
diegodavis,Diego Davis,sa3058999,,,,,,left_only
jasondavis,Jason Davis,sa3059001,,,,,,left_only
jaxsondavis,Jaxson Davis,sa3059002,,,,,,left_only
jareddavis,Jared Davis,sa3059003,,,,,,left_only
karsendavis,Karsen Davis,sa3059004,,,,,,left_only
koltdavis,Kolt Davis,sa3059005,,,,,,left_only
taguedavis,Tague Davis,sa3059006,,,,,,left_only
tydavis,Ty Davis,sa3059007,,,,,,left_only
vincentdavis,Vincent Davis,sa3059008,,,,,,left_only
zanedavis,Zane Davis,sa3059009,,,,,,left_only
hunterdaymond,Hunter Daymond,sa3059010,,,,,,left_only
bendean,Ben Dean,sa3059011,,,,,,left_only
daviddean,David Dean,sa3059012,,,,,,left_only
micahdean,Micah Dean,sa3059013,,,,,,left_only
willdean,Will Dean,sa3059014,,,,,,left_only
jimmydeanda,Jimmy De Anda,sa3059015,,,,,,left_only
michaeldeangelis,Michael De Angelis,sa3059016,,,,,,left_only
bricedeaton,Brice Deaton,sa3059017,,,,,,left_only
michaeldebattista,Michael Debattista,sa3059018,,,,,,left_only
kennydecelle,Kenny Decelle,sa3059019,,,,,,left_only
dominicdecker,Dominic Decker,sa3059020,,,,,,left_only
kaidecker,Kai Decker,sa3059021,,,,,,left_only
johndecoste,John DeCoste,sa3059022,,,,,,left_only
jamesdecremer,James DeCremer,sa3059023,,,,,,left_only
coydefury,Coy DeFury,sa3059024,,,,,,left_only
brandondegoti,Brandon DeGoti,sa3059025,,,,,,left_only
logandegroot,Logan Degroot,sa3059026,,,,,,left_only
brodydelamielleure,Brody DeLamielleure,sa3059027,,,,,,left_only
jeremydelamota,Jeremy Delamota,sa3059028,,,,,,left_only
matthewdelgado,Matthew Delgado,sa3059029,,,,,,left_only
harrydeliyannis,Harry Deliyannis,sa3059030,,,,,,left_only
lukedellentash,Luke Dellentash,sa3059031,,,,,,left_only
michaeldelph,Michael Delph,sa3059032,,,,,,left_only
matthewdelvecchio,Matthew Delvecchio,sa3059033,,,,,,left_only
roccodemarinis,Rocco DeMarinis,sa3059034,,,,,,left_only
timdenet,Tim Denet,sa3059035,,,,,,left_only
collindennis,Collin Dennis,sa3059036,,,,,,left_only
hogandenny,Hogan Denny,sa3059037,,,,,,left_only
tydeperno,Ty DePerno,sa3059038,,,,,,left_only
dutchdeprospero,Dutch DeProspero,sa3059039,,,,,,left_only
tatederias,Tate DeRias,sa3059040,,,,,,left_only
jcdermody,JC Dermody,sa3059041,,,,,,left_only
eliderossi,Eli DeRossi,sa3059042,,,,,,left_only
davisderrico,Davis DErrico,sa3059043,,,,,,left_only
mattdeshiro,Matt DeShiro,sa3059044,,,,,,left_only
jackdetienne,Jack DeTienne,sa3059045,,,,,,left_only
noahdetillier,Noah Detillier,sa3059046,,,,,,left_only
andrewdetlefsen,Andrew Detlefsen,sa3059047,,,,,,left_only
lukedevine,Luke Devine,sa3059048,,,,,,left_only
camdiaz,Cam Diaz,sa3059049,,,,,,left_only
derekdiaz,Derek Diaz,sa3059051,,,,,,left_only
nickdicarlo,Nick Dicarlo,sa3059052,,,,,,left_only
drewdickerson,Drew Dickerson,sa3059053,,,,,,left_only
nkosididder,Nkosi Didder,sa3059054,,,,,,left_only
carterdierdorf,Carter Dierdorf,sa3059055,,,,,,left_only
aidendill,Aiden Dill,sa3059056,,,,,,left_only
camdendimidjian,Camden Dimidjian,sa3059057,,,,,,left_only
jaycedobie,Jayce Dobie,sa3059058,,,,,,left_only
corddobrinski,Cord Dobrinski,sa3059059,,,,,,left_only
tripdobson,Trip Dobson,sa3059060,,,,,,left_only
bradydockan,Brady Dockan,sa3059061,,,,,,left_only
cadedodson,Cade Dodson,sa3059062,,,,,,left_only
charliedohemann,Charlie Dohemann,sa3059063,,,,,,left_only
zachdohrmann,Zach Dohrmann,sa3059064,,,,,,left_only
eddiedolansky,Eddie Dolansky,sa3059065,,,,,,left_only
brycedolce,Bryce Dolce,sa3059066,,,,,,left_only
adriandominguez,Adrian Dominguez,sa3059067,,,,,,left_only
matthewdominianni,Matthew Dominianni,sa3059068,,,,,,left_only
haydendonahue,Hayden Donahue,sa3059069,,,,,,left_only
zachdonahue,Zach Donahue,sa3059070,,,,,,left_only
aidandonovan,Aidan Donovan,sa3059071,,,,,,left_only
taylordooley,Taylor Dooley,sa3059072,,,,,,left_only
aidandougherty,Aidan Dougherty,sa3059073,,,,,,left_only
chanzdoughty,Chanz Doughty,sa3059074,,,,,,left_only
jaydouglas,Jay Douglas,sa3059075,,,,,,left_only
samdowney,Sam Downey,sa3059076,,,,,,left_only
jakedowning,Jake Downing,sa3059077,,,,,,left_only
evandoyle,Evan Doyle,sa3059078,,,,,,left_only
leodoyle,Leo Doyle,sa3059079,,,,,,left_only
dosiedrakeford,Dosie Drakeford,sa3059080,,,,,,left_only
troydressler,Troy Dressler,sa3059081,,,,,,left_only
kaddendrew,Kadden Drew,sa3059082,,,,,,left_only
aidandriscoll,Aidan Driscoll,sa3059083,,,,,,left_only
reiddriskill,Reid Driskill,sa3059084,,,,,,left_only
jakedrumm,Jake Drumm,sa3059085,,,,,,left_only
logandrummond,Logan Drummond,sa3059086,,,,,,left_only
sawyerduarte,Sawyer Duarte,sa3059087,,,,,,left_only
harrisondubois,Harrison Dubois,sa3059088,,,,,,left_only
isaiasduccasse,Isaias Duccasse,sa3059089,,,,,,left_only
brysondudley,Bryson Dudley,sa3059090,,,,,,left_only
sethdudley,Seth Dudley,sa3059091,,,,,,left_only
dylanduke,Dylan Duke,sa3059092,,,,,,left_only
seanduke,Sean Duke,sa3059093,,,,,,left_only
averyduncan,Avery Duncan,sa3059094,,,,,,left_only
jacksonduncan,Jackson Duncan,sa3059095,,,,,,left_only
kalebduncan,Kaleb Duncan,sa3059096,,,,,,left_only
logandunn,Logan Dunn,sa3059097,,,,,,left_only
kevinduran,Kevin Duran,sa3059098,,,,,,left_only
joedurso,Joe Durso,sa3059099,,,,,,left_only
milesdurvasula,Miles Durvasula,sa3059100,,,,,,left_only
ryandusang,Ryan Dusang,sa3059101,,,,,,left_only
jjdutton,JJ Dutton,sa3059102,,,,,,left_only
derekduval,Derek Duval,sa3059103,,,,,,left_only
mitchdye,Mitch Dye,sa3059104,,,,,,left_only
mattheweagen,Matthew Eagen,sa3059105,,,,,,left_only
nathanearley,Nathan Earley,sa3059106,,,,,,left_only
calearly,Cal Early,sa3059107,,,,,,left_only
arringtoneason,Arrington Eason,sa3059108,,,,,,left_only
colineaton,Colin Eaton,sa3059109,,,,,,left_only
liamebbs,Liam Ebbs,sa3059110,,,,,,left_only
cartereberhard,Carter Eberhard,sa3059111,,,,,,left_only
gavineddy,Gavin Eddy,sa3059112,,,,,,left_only
blakeedgmon,Blake Edgmon,sa3059113,,,,,,left_only
chanceedmonds,Chance Edmonds,sa3059114,,,,,,left_only
larryedwards,Larry Edwards,sa3059115,,,,,,left_only
savoiedwards,Savoi Edwards,sa3059116,,,,,,left_only
scottedwards,Scott Edwards,sa3059117,,,,,,left_only
zachedwards,Zach Edwards,sa3059118,,,,,,left_only
dylaneggl,Dylan Eggl,sa3059119,,,,,,left_only
calebehling,Caleb Ehling,sa3059120,,,,,,left_only
aricehmke,Aric Ehmke,sa3059121,,,,,,left_only
loganeisenreich,Logan Eisenreich,sa3059122,,,,,,left_only
leventeldem,Levent Eldem,sa3059123,,,,,,left_only
barretteldridge,Barrett Eldridge,sa3059124,,,,,,left_only
willeldridge,Will Eldridge,sa3059125,,,,,,left_only
danielelliott,Daniel Elliott,sa3059126,,,,,,left_only
johnelliot,John Elliot,sa3059127,,,,,,left_only
tylerellis,Tyler Ellis,sa3059128,,,,,,left_only
beauelson,Beau Elson,sa3059129,,,,,,left_only
jonembury,Jon Embury,sa3059130,,,,,,left_only
diegoemerling,Diego Emerling,sa3059131,,,,,,left_only
jeremiaheneix,Jeremiah Eneix,sa3059132,,,,,,left_only
trotterenright,Trotter Enright,sa3059133,,,,,,left_only
austineppley,Austin Eppley,sa3059134,,,,,,left_only
creederdos,Creed Erdos,sa3059135,,,,,,left_only
ridgeerickson,Ridge Erickson,sa3059136,,,,,,left_only
evanescobar,Evan Escobar,sa3059137,,,,,,left_only
trevoresparza,Trevor Esparza,sa3059138,,,,,,left_only
edianespinal,Edian Espinal,sa3059139,,,,,,left_only
rafaelespinoza,Rafael Espinoza,sa3059140,,,,,,left_only
wilbertespinal,Wilbert Espinal,sa3059141,,,,,,left_only
scottesposito,Scott Esposito,sa3059142,,,,,,left_only
eddisonesquivel,Eddison Esquivel,sa3059143,,,,,,left_only
jaceestes,Jace Estes,sa3059144,,,,,,left_only
dannyestrada,Danny Estrada,sa3059145,,,,,,left_only
justinestrada,Justin Estrada,sa3059146,,,,,,left_only
emilestrella,Emil Estrella,sa3059147,,,,,,left_only
kaietwaru,Kai Etwaru,sa3059148,,,,,,left_only
kadeeudy,Kade Eudy,sa3059149,,,,,,left_only
casanevans,Casan Evans,sa3059150,,,,,,left_only
elievans,Eli Evans,sa3059151,,,,,,left_only
jakeevans,Jake Evans,sa3059152,,,,,,left_only
joshuaevans,Joshua Evans,sa3059153,,,,,,left_only
ajevasco,A.J. Evasco,sa3059154,,,,,,left_only
collinewaldsen,Collin Ewaldsen,sa3059155,,,,,,left_only
wyattewanowski,Wyatt Ewanowski,sa3059156,,,,,,left_only
kenneyfabian,Kenney Fabian,sa3059157,,,,,,left_only
brodyfahnestock,Brody Fahnestock,sa3059158,,,,,,left_only
elijahfairchild,Elijah Fairchild,sa3059159,,,,,,left_only
steffanfak,Steffan Fak,sa3059160,,,,,,left_only
brandonfalco,Brandon Falco,sa3059161,,,,,,left_only
ethanfarina,Ethan Farina,sa3059162,,,,,,left_only
paulfarley,Paul Farley,sa3059163,,,,,,left_only
tatefarquhar,Tate Farquhar,sa3059164,,,,,,left_only
sawyerfarr,Sawyer Farr,sa3059165,,,,,,left_only
owenfaust,Owen Faust,sa3059166,,,,,,left_only
judefavela,Jude Favela,sa3059167,,,,,,left_only
haydenfederico,Hayden Federico,sa3059168,,,,,,left_only
kevinfedoruk,Kevin Fedoruk,sa3059169,,,,,,left_only
vicentefeliciano,Vicente Feliciano,sa3059170,,,,,,left_only
raulfeliz,Raul Feliz,sa3059171,,,,,,left_only
ethanfender,Ethan Fender,sa3059172,,,,,,left_only
jackfenton,Jack Fenton,sa3059173,,,,,,left_only
henryferguson,Henry Ferguson,sa3059174,,,,,,left_only
jakeferguson,Jake Ferguson,sa3059175,,,,,,left_only
michaelfernandez,Michael Fernandez,sa3059177,,,,,,left_only
nolanficklin,Nolan Ficklin,sa3059178,,,,,,left_only
benfiedler,Ben Fiedler,sa3059179,,,,,,left_only
jacobfields,Jacob Fields,sa3059180,,,,,,left_only
jakefields,Jake Fields,sa3059181,,,,,,left_only
peytonfiene,Peyton Fiene,sa3059182,,,,,,left_only
dillonfine,Dillon Fine,sa3059183,,,,,,left_only
maclanefinley,Maclane Finley,sa3059184,,,,,,left_only
roryfinn,Rory Finn,sa3059185,,,,,,left_only
carsonfischer,Carson Fischer,sa3059186,,,,,,left_only
dillonfischer,Dillon Fischer,sa3059187,,,,,,left_only
jackfishel,Jack Fishel,sa3059188,,,,,,left_only
keatonfisher,Keaton Fisher,sa3059189,,,,,,left_only
mattfitzgibbon,Matt Fitzgibbon,sa3059190,,,,,,left_only
cadenfiveash,Caden Fiveash,sa3059191,,,,,,left_only
daltonfiveash,Dalton Fiveash,sa3059192,,,,,,left_only
jarrettflaggert,Jarrett Flaggert,sa3059193,,,,,,left_only
willflanigan,Will Flanigan,sa3059194,,,,,,left_only
ethanflaugher,Ethan Flaugher,sa3059195,,,,,,left_only
nickfleckenstein,Nick Fleckenstein,sa3059196,,,,,,left_only
derrellfletcher,Derrell Fletcher,sa3059197,,,,,,left_only
jadenflores,Jaden Flores,sa3059198,,,,,,left_only
joshflorence,Josh Florence,sa3059199,,,,,,left_only
nickflores,Nick Flores,sa3059200,,,,,,left_only
samflores,Sam Flores,sa3059201,,,,,,left_only
andrewfloyd,Andrew Floyd,sa3059202,,,,,,left_only
ethanfoley,Ethan Foley,sa3059203,,,,,,left_only
wyattfoley,Wyatt Foley,sa3059204,,,,,,left_only
nickfontaine,Nick Fontaine,sa3059205,,,,,,left_only
donovanford,Donovan Ford,sa3059206,,,,,,left_only
timford,Tim Ford,sa3059207,,,,,,left_only
freddyforgione,Freddy Forgione,sa3059208,,,,,,left_only
christianforniss,Christian Forniss,sa3059209,,,,,,left_only
brandonforrester,Brandon Forrester,sa3059210,,,,,,left_only
liamforsyth,Liam Forsyth,sa3059211,,,,,,left_only
jackfortner,Jack Fortner,sa3059212,,,,,,left_only
willfosberg,Will Fosberg,sa3059213,,,,,,left_only
brettfoss,Brett Foss,sa3059214,,,,,,left_only
braydenfoster,Brayden Foster,sa3059215,,,,,,left_only
chrisfoster,Chris Foster,sa3059216,,,,,,left_only
charliefoster,Charlie Foster,sa3059217,,,,,,left_only
kadefoulke,Kade Foulke,sa3059218,,,,,,left_only
willfox,Will Fox,sa3059219,,,,,,left_only
braydenfraasman,Brayden Fraasman,sa3059220,,,,,,left_only
hauzefragoso,Hauze Fragoso,sa3059221,,,,,,left_only
chasefralick,Chase Fralick,sa3059222,,,,,,left_only
grantfrancisco,Grant Francisco,sa3059223,,,,,,left_only
jcfranconere,J.C. Franconere,sa3059224,,,,,,left_only
nichfrancuzenko,Nich Francuzenko,sa3059225,,,,,,left_only
noahfranco,Noah Franco,sa3059226,,,,,,left_only
samuelfranco,Samuel Franco,sa3059227,,,,,,left_only
davisfranklin,Davis Franklin,sa3059228,,,,,,left_only
jackfrankel,Jack Frankel,sa3059229,,,,,,left_only
jacksonfrasure,Jackson Frasure,sa3059230,,,,,,left_only
ajfrausto,AJ Frausto,sa3059231,,,,,,left_only
victorfrederick,Victor Frederick,sa3059232,,,,,,left_only
tariqfreeny,Tariq Freeny,sa3059233,,,,,,left_only
paytonfrehner,Payton Frehner,sa3059234,,,,,,left_only
johnfreitag,John Freitag,sa3059235,,,,,,left_only
andersonfrench,Anderson French,sa3059236,,,,,,left_only
blainefrench,Blaine French,sa3059237,,,,,,left_only
jacobfrench,Jacob French,sa3059238,,,,,,left_only
claytonfreshcorn,Clayton Freshcorn,sa3059239,,,,,,left_only
blaynefritcher,Blayne Fritcher,sa3059240,,,,,,left_only
samfrizzi,Sam Frizzi,sa3059241,,,,,,left_only
hunterfrost,Hunter Frost,sa3059242,,,,,,left_only
jaixenfrost,Jaixen Frost,sa3059243,,,,,,left_only
brendenfry,Brenden Fry,sa3059244,,,,,,left_only
evanfry,Evan Fry,sa3059245,,,,,,left_only
cooperfuchino,Cooper Fuchino,sa3059246,,,,,,left_only
landonfulk,Landon Fulk,sa3059247,,,,,,left_only
westonfulk,Weston Fulk,sa3059248,,,,,,left_only
kadenfuller,Kaden Fuller,sa3059249,,,,,,left_only
walkerfuller,Walker Fuller,sa3059250,,,,,,left_only
ryanfurey,Ryan Furey,sa3059251,,,,,,left_only
loganfyffe,Logan Fyffe,sa3059252,,,,,,left_only
reesegaber,Reese Gaber,sa3059253,,,,,,left_only
bradleygagen,Bradley Gagen,sa3059254,,,,,,left_only
nathangagnon,Nathan Gagnon,sa3059255,,,,,,left_only
masongaines,Mason Gaines,sa3059256,,,,,,left_only
malachigales,Malachi Gales,sa3059257,,,,,,left_only
aidangallagher,Aidan Gallagher,sa3059258,,,,,,left_only
grantgallagher,Grant Gallagher,sa3059259,,,,,,left_only
nickgallello,Nick Gallello,sa3059260,,,,,,left_only
owengalt,Owen Galt,sa3059261,,,,,,left_only
maxgalvin,Max Galvin,sa3059262,,,,,,left_only
patrickgalvin,Patrick Galvin,sa3059263,,,,,,left_only
vincegamberdella,Vince Gamberdella,sa3059264,,,,,,left_only
treygambill,Trey Gambill,sa3059265,,,,,,left_only
prestongamster,Preston Gamster,sa3059266,,,,,,left_only
gusgandy,Gus Gandy,sa3059267,,,,,,left_only
aydengarcia,Ayden Garcia,sa3059269,,,,,,left_only
damiengarcia,Damien Garcia,sa3059270,,,,,,left_only
henrygarcia,Henry Garcia,sa3059271,,,,,,left_only
mateogarcia,Mateo Garcia,sa3059272,,,,,,left_only
santiagogarcia,Santiago Garcia,sa3059273,,,,,,left_only
talingardini,Talin Gardini,sa3059274,,,,,,left_only
ethangardner,Ethan Gardner,sa3059275,,,,,,left_only
joelgardner,Joel Gardner,sa3059276,,,,,,left_only
ralphgariano,Ralph Gariano,sa3059277,,,,,,left_only
rydergarino,Ryder Garino,sa3059278,,,,,,left_only
grantgarman,Grant Garman,sa3059279,,,,,,left_only
isaiahgarnica,Isaiah Garnica,sa3059280,,,,,,left_only
briangarrett,Brian Garrett,sa3059281,,,,,,left_only
coopergarrison,Cooper Garrison,sa3059282,,,,,,left_only
brendangarza,Brendan Garza,sa3059283,,,,,,left_only
caydengaskin,Cayden Gaskin,sa3059284,,,,,,left_only
garretgates,Garret Gates,sa3059285,,,,,,left_only
dylangazaway,Dylan Gazaway,sa3059286,,,,,,left_only
aidengebhard,Aiden Gebhard,sa3059287,,,,,,left_only
ryangeck,Ryan Geck,sa3059288,,,,,,left_only
nolangeisler,Nolan Geisler,sa3059289,,,,,,left_only
samgettinger,Sam Gettinger,sa3059290,,,,,,left_only
djghiorso,DJ Ghiorso,sa3059291,,,,,,left_only
colingibbs,Colin Gibbs,sa3059292,,,,,,left_only
colegibler,Cole Gibler,sa3059293,,,,,,left_only
charliegiese,Charlie Giese,sa3059295,,,,,,left_only
bradleygilbert,Bradley Gilbert,sa3059296,,,,,,left_only
camgilkerson,Cam Gilkerson,sa3059297,,,,,,left_only
patrickgillen,Patrick Gillen,sa3059298,,,,,,left_only
jetgilliam,Jet Gilliam,sa3059299,,,,,,left_only
lukagilliam,Luka Gilliam,sa3059300,,,,,,left_only
jaxgimenez,Jax Gimenez,sa3059301,,,,,,left_only
zacharygingrich,Zachary Gingrich,sa3059302,,,,,,left_only
jackgiordano,Jack Giordano,sa3059303,,,,,,left_only
bengiovannetti,Ben Giovannetti,sa3059304,,,,,,left_only
eligipson,Eli Gipson,sa3059305,,,,,,left_only
nickgisclair,Nick Gisclair,sa3059306,,,,,,left_only
lukeglenn,Luke Glenn,sa3059307,,,,,,left_only
lyndonglidewell,Lyndon Glidewell,sa3059308,,,,,,left_only
brentgodina,Brent Godina,sa3059309,,,,,,left_only
gehriggoldbeck,Gehrig Goldbeck,sa3059310,,,,,,left_only
jaxongoldberg,Jaxon Goldberg,sa3059311,,,,,,left_only
coopergolden,Cooper Golden,sa3059312,,,,,,left_only
jacksongolden,Jackson Golden,sa3059313,,,,,,left_only
alecgomez,Alec Gomez,sa3059314,,,,,,left_only
bryangomez,Bryan Gomez,sa3059315,,,,,,left_only
isaiahgomez,Isaiah Gomez,sa3059316,,,,,,left_only
joegomez,Joe Gomez,sa3059317,,,,,,left_only
jonathangomez,Jonathan Gomez,sa3059318,,,,,,left_only
luisgomez,Luis Gomez,sa3059319,,,,,,left_only
hankgomric,Hank Gomric,sa3059320,,,,,,left_only
aidangonzalez,Aidan Gonzalez,sa3059321,,,,,,left_only
andresgonzalez,Andres Gonzalez,sa3059322,,,,,,left_only
ignaciogonzalez,Ignacio Gonzalez,sa3059323,,,,,,left_only
jonathangonzalezperez,Jonathan Gonzalez Perez,sa3059324,,,,,,left_only
williamgood,William Good,sa3059325,,,,,,left_only
pauliegoodness,Paulie Goodness,sa3059326,,,,,,left_only
marcusgoodpaster,Marcus Goodpaster,sa3059327,,,,,,left_only
cadengoodwin,Caden Goodwin,sa3059328,,,,,,left_only
nicgoodwin,Nic Goodwin,sa3059329,,,,,,left_only
zakgoodwin,Zak Goodwin,sa3059330,,,,,,left_only
bradengostisha,Braden Gostisha,sa3059331,,,,,,left_only
jordangottesman,Jordan Gottesman,sa3059332,,,,,,left_only
grantgovel,Grant Govel,sa3059333,,,,,,left_only
anthonygrabau,Anthony Grabau,sa3059334,,,,,,left_only
alexgrant,Alex Grant,sa3059335,,,,,,left_only
landyngrant,Landyn Grant,sa3059336,,,,,,left_only
lucasgrantham,Lucas Grantham,sa3059337,,,,,,left_only
bradgrasser,Brad Grasser,sa3059338,,,,,,left_only
bradygray,Brady Gray,sa3059339,,,,,,left_only
dakotagray,Dakota Gray,sa3059340,,,,,,left_only
grantgray,Grant Gray,sa3059341,,,,,,left_only
mateogray,Mateo Gray,sa3059342,,,,,,left_only
willgrayson,Will Grayson,sa3059343,,,,,,left_only
devingrazzal,Devin Grazzal,sa3059344,,,,,,left_only
colegreen,Cole Green,sa3059345,,,,,,left_only
jacobgreen,Jacob Green,sa3059346,,,,,,left_only
kensengreen,Kensen Green,sa3059347,,,,,,left_only
landongreenhouse,Landon Greenhouse,sa3059348,,,,,,left_only
mylesgreen,Myles Green,sa3059349,,,,,,left_only
samgreer,Sam Greer,sa3059350,,,,,,left_only
braydengregg,Brayden Gregg,sa3059351,,,,,,left_only
billygregory,Billy Gregory,sa3059352,,,,,,left_only
jakegregor,Jake Gregor,sa3059353,,,,,,left_only
joshgregoire,Josh Gregoire,sa3059354,,,,,,left_only
logangregorio,Logan Gregorio,sa3059355,,,,,,left_only
eligriessmith,Eli Gries-Smith,sa3059356,,,,,,left_only
jakegriess,Jake Griess,sa3059357,,,,,,left_only
bodegrieve,Bode Grieve,sa3059358,,,,,,left_only
bengriffith,Ben Griffith,sa3059359,,,,,,left_only
brettgriffiths,Brett Griffiths,sa3059360,,,,,,left_only
jackgriffiths,Jack Griffiths,sa3059361,,,,,,left_only
mekaigriffin,Mekai Griffin,sa3059362,,,,,,left_only
cjgriggs,CJ Griggs,sa3059363,,,,,,left_only
landongrigg,Landon Grigg,sa3059364,,,,,,left_only
seangriggs,Sean Griggs,sa3059365,,,,,,left_only
calebgrizzard,Caleb Grizzard,sa3059366,,,,,,left_only
ajgroeneveld,AJ Groeneveld,sa3059367,,,,,,left_only
chaysegruber,Chayse Gruber,sa3059368,,,,,,left_only
samgrube,Sam Grube,sa3059369,,,,,,left_only
lleytongrubich,Lleyton Grubich,sa3059370,,,,,,left_only
samgrunberg,Sam Grunberg,sa3059371,,,,,,left_only
gavingrutzmacher,Gavin Grutzmacher,sa3059372,,,,,,left_only
robertguerrero,Robert Guerrero,sa3059373,,,,,,left_only
lukeguest,Luke Guest,sa3059374,,,,,,left_only
nickguidas,Nick Guidas,sa3059375,,,,,,left_only
codygunderson,Cody Gunderson,sa3059376,,,,,,left_only
jtgunzy,JT Gunzy,sa3059377,,,,,,left_only
evangustafson,Evan Gustafson,sa3059378,,,,,,left_only
mattguthmiller,Matt Guthmiller,sa3059379,,,,,,left_only
sebastiangutierrez,Sebastian Gutierrez,sa3059380,,,,,,left_only
dominicguzman,Dominic Guzman,sa3059381,,,,,,left_only
noahgyauchquirk,Noah Gyauch-Quirk,sa3059382,,,,,,left_only
andrewhabermann,Andrew Habermann,sa3059383,,,,,,left_only
johnhadley,John Hadley,sa3059384,,,,,,left_only
evanhaeger,Evan Haeger,sa3059385,,,,,,left_only
dillonhaftorson,Dillon Haftorson,sa3059386,,,,,,left_only
micahhagler,Micah Hagler,sa3059387,,,,,,left_only
adamhaight,Adam Haight,sa3059388,,,,,,left_only
jakehajdu,Jake Hajdu,sa3059389,,,,,,left_only
johnhale,John Hale,sa3059390,,,,,,left_only
carterhall,Carter Hall,sa3059391,,,,,,left_only
kalebhall,Kaleb Hall,sa3059392,,,,,,left_only
isaachallam,Isaac Hallam,sa3059393,,,,,,left_only
bostonhalloran,Boston Halloran,sa3059394,,,,,,left_only
ianhalverson,Ian Halverson,sa3059395,,,,,,left_only
jacksonhalverson,Jackson Halverson,sa3059396,,,,,,left_only
evanhamberger,Evan Hamberger,sa3059397,,,,,,left_only
brycenhamilton,Brycen Hamilton,sa3059398,,,,,,left_only
jaydenhamilton,Jayden Hamilton,sa3059400,,,,,,left_only
brendanhamlin,Brendan Hamlin,sa3059401,,,,,,left_only
masonhamlin,Mason Hamlin,sa3059402,,,,,,left_only
tahraunhammond,Tahraun Hammond,sa3059403,,,,,,left_only
chasehanawalt,Chase Hanawalt,sa3059404,,,,,,left_only
jacobhand,Jacob Hand,sa3059405,,,,,,left_only
jameshankersonjr,James Hankerson Jr.,sa3059406,,,,,,left_only
jakehanley,Jake Hanley,sa3059407,,,,,,left_only
matthansen,Matt Hansen,sa3059408,,,,,,left_only
andrewhardin,Andrew Hardin,sa3059409,,,,,,left_only
tannerhardin,Tanner Hardin,sa3059410,,,,,,left_only
dawsonhargrove,Dawson Hargrove,sa3059411,,,,,,left_only
joeyharmon,Joey Harmon,sa3059412,,,,,,left_only
reeseharmon,Reese Harmon,sa3059413,,,,,,left_only
naunharo,Naun Haro,sa3059414,,,,,,left_only
jaydenharper,Jayden Harper,sa3059415,,,,,,left_only
jjharrell,JJ Harrell,sa3059416,,,,,,left_only
bearharrison,Bear Harrison,sa3059417,,,,,,left_only
graydenharris,Grayden Harris,sa3059418,,,,,,left_only
jakeharring,Jake Harring,sa3059419,,,,,,left_only
marcusharrison,Marcus Harrison,sa3059420,,,,,,left_only
sammyharris,Sammy Harris,sa3059421,,,,,,left_only
tylerharries,Tyler Harries,sa3059422,,,,,,left_only
andrewhart,Andrew Hart,sa3059423,,,,,,left_only
loganhart,Logan Hart,sa3059424,,,,,,left_only
kylehartmann,Kyle Hartmann,sa3059425,,,,,,left_only
loganhartman,Logan Hartman,sa3059426,,,,,,left_only
timhartman,Tim Hartman,sa3059427,,,,,,left_only
wesleyharwell,Wesley Harwell,sa3059428,,,,,,left_only
santinoharwood,Santino Harwood,sa3059429,,,,,,left_only
ameerhasan,Ameer Hasan,sa3059430,,,,,,left_only
larryhaskins,Larry Haskins,sa3059431,,,,,,left_only
loganhaslam,Logan Haslam,sa3059432,,,,,,left_only
loganhastings,Logan Hastings,sa3059433,,,,,,left_only
masonhatcher,Mason Hatcher,sa3059434,,,,,,left_only
jacksonhauge,Jackson Hauge,sa3059435,,,,,,left_only
jacobhauk,Jacob Hauk,sa3059436,,,,,,left_only
tylerhawkins,Tyler Hawkins,sa3059437,,,,,,left_only
zakyehawkins,Zakye Hawkins,sa3059438,,,,,,left_only
kamdenhawks,Kamden Hawks,sa3059439,,,,,,left_only
treyhawsey,Trey Hawsey,sa3059440,,,,,,left_only
kalebhay,Kaleb Hay,sa3059441,,,,,,left_only
heitarohayashi,Heitaro Hayashi,sa3059442,,,,,,left_only
dakarihayes,Dakari Hayes,sa3059443,,,,,,left_only
daltonhazlett,Dalton Hazlett,sa3059444,,,,,,left_only
johnpaulhead,John Paul Head,sa3059445,,,,,,left_only
tyhead,Ty Head,sa3059446,,,,,,left_only
cadenheadlee,Caden Headlee,sa3059447,,,,,,left_only
paddyhebda,Paddy Hebda,sa3059448,,,,,,left_only
alexhebenstreit,Alex Hebenstreit,sa3059449,,,,,,left_only
griffinhebert,Griffin Hebert,sa3059450,,,,,,left_only
jackhedrick,Jack Hedrick,sa3059451,,,,,,left_only
justinheffler,Justin Heffler,sa3059452,,,,,,left_only
tylerheflin,Tyler Heflin,sa3059453,,,,,,left_only
willheisler,Will Heisler,sa3059454,,,,,,left_only
jamesheller,James Heller,sa3059455,,,,,,left_only
braydenhellum,Brayden Hellum,sa3059456,,,,,,left_only
nathanhelman,Nathan Helman,sa3059457,,,,,,left_only
wesleyhelms,Wesley Helms,sa3059458,,,,,,left_only
drewhelton,Drew Helton,sa3059459,,,,,,left_only
harrisonhelton,Harrison Helton,sa3059460,,,,,,left_only
natehelton,Nate Helton,sa3059461,,,,,,left_only
jakehembree,Jake Hembree,sa3059462,,,,,,left_only
benhemphill,Ben Hemphill,sa3059463,,,,,,left_only
fischerhendershot,Fischer Hendershot,sa3059464,,,,,,left_only
zachhenderson,Zach Henderson,sa3059465,,,,,,left_only
alexhendrickson,Alex Hendrickson,sa3059466,,,,,,left_only
clayhendry,Clay Hendry,sa3059467,,,,,,left_only
matthewhenning,Matthew Henning,sa3059468,,,,,,left_only
zebhenry,Zeb Henry,sa3059469,,,,,,left_only
micahhenson,Micah Henson,sa3059470,,,,,,left_only
jacobheppner,Jacob Heppner,sa3059471,,,,,,left_only
tylerherb,Tyler Herb,sa3059472,,,,,,left_only
booneherman,Boone Herman,sa3059473,,,,,,left_only
alexhernandez,Alex Hernandez,sa3059474,,,,,,left_only
chrishernandez,Chris Hernandez,sa3059475,,,,,,left_only
isaiahhernandez,Isaiah Hernandez,sa3059476,,,,,,left_only
jonathonhernandez,Jonathon Hernandez,sa3059477,,,,,,left_only
julienhernandez,Julien Hernandez,sa3059478,,,,,,left_only
luishernandez,Luis Hernandez,sa3059479,,,,,,left_only
rayhernandez,Ray Hernandez,sa3059480,,,,,,left_only
stephenhernandez,Stephen Hernandez,sa3059481,,,,,,left_only
hunterherndon,Hunter Herndon,sa3059482,,,,,,left_only
jackherring,Jack Herring,sa3059483,,,,,,left_only
brentherrmann,Brent Herrmann,sa3059484,,,,,,left_only
marchersh,Marc Hersh,sa3059485,,,,,,left_only
jaydenhertel,Jayden Hertel,sa3059486,,,,,,left_only
codyheselton,Cody Heselton,sa3059487,,,,,,left_only
jackhibbard,Jack Hibbard,sa3059488,,,,,,left_only
tatehickman,Tate Hickman,sa3059489,,,,,,left_only
garretthicks,Garrett Hicks,sa3059490,,,,,,left_only
ajhiestand,AJ Hiestand,sa3059491,,,,,,left_only
elijahhigginbottom,Elijah Higginbottom,sa3059492,,,,,,left_only
treyhiggins,Trey Higgins,sa3059493,,,,,,left_only
cameronhill,Cameron Hill,sa3059495,,,,,,left_only
daltonhill,Dalton Hill,sa3059497,,,,,,left_only
dylanhill,Dylan Hill,sa3059498,,,,,,left_only
jameshill,James Hill,sa3059499,,,,,,left_only
cooperhinson,Cooper Hinson,sa3059500,,,,,,left_only
nickhockemeyer,Nick Hockemeyer,sa3059501,,,,,,left_only
ryanhoeft,Ryan Hoeft,sa3059502,,,,,,left_only
elihoerner,Eli Hoerner,sa3059503,,,,,,left_only
brysonhoff,Bryson Hoff,sa3059504,,,,,,left_only
christianhoffman,Christian Hoffman,sa3059505,,,,,,left_only
kendallhoffman,Kendall Hoffman,sa3059507,,,,,,left_only
noahhogan,Noah Hogan,sa3059508,,,,,,left_only
evanholewinski,Evan Holewinski,sa3059509,,,,,,left_only
khiholiday,Khi Holiday,sa3059510,,,,,,left_only
colemanhollabaugh,Coleman Hollabaugh,sa3059511,,,,,,left_only
beauhollins,Beau Hollins,sa3059512,,,,,,left_only
christianholmes,Christian Holmes,sa3059514,,,,,,left_only
garrettholpuch,Garrett Holpuch,sa3059515,,,,,,left_only
evanholstein,Evan Holstein,sa3059516,,,,,,left_only
walkerhooks,Walker Hooks,sa3059517,,,,,,left_only
owenhooper,Owen Hooper,sa3059518,,,,,,left_only
ashtonhorchem,Ashton Horchem,sa3059519,,,,,,left_only
bradynhorn,Bradyn Horn,sa3059520,,,,,,left_only
drewhorn,Drew Horn,sa3059521,,,,,,left_only
colinhorneman,Colin Horneman,sa3059522,,,,,,left_only
jacksonhorras,Jackson Horras,sa3059523,,,,,,left_only
tylerhorvath,Tyler Horvath,sa3059524,,,,,,left_only
zachhorwith,Zach Horwith,sa3059525,,,,,,left_only
benhoshizaki,Ben Hoshizaki,sa3059526,,,,,,left_only
tannerhosick,Tanner Hosick,sa3059527,,,,,,left_only
ianhoslett,Ian Hoslett,sa3059528,,,,,,left_only
jacksonhotchkiss,Jackson Hotchkiss,sa3059529,,,,,,left_only
jalenhouse,Jalen House,sa3059530,,,,,,left_only
derekhouston,Derek Houston,sa3059531,,,,,,left_only
matthouston,Matt Houston,sa3059532,,,,,,left_only
dylanhowanitz,Dylan Howanitz,sa3059533,,,,,,left_only
adenhoward,Aden Howard,sa3059534,,,,,,left_only
gabehoward,Gabe Howard,sa3059535,,,,,,left_only
hunterhoward,Hunter Howard,sa3059536,,,,,,left_only
martinhowell,Martin Howell,sa3059537,,,,,,left_only
willhowell,Will Howell,sa3059538,,,,,,left_only
ianhubbard,Ian Hubbard,sa3059539,,,,,,left_only
ethanhubbell,Ethan Hubbell,sa3059540,,,,,,left_only
elihudgins,Eli Hudgins,sa3059541,,,,,,left_only
justinhudson,Justin Hudson,sa3059542,,,,,,left_only
matthudson,Matt Hudson,sa3059543,,,,,,left_only
alanhuerta,Alan Huerta,sa3059544,,,,,,left_only
sebastianhuerta,Sebastian Huerta,sa3059545,,,,,,left_only
kalebhuffman,Kaleb Huffman,sa3059546,,,,,,left_only
maxhumphrey,Max Humphrey,sa3059547,,,,,,left_only
nickhunkele,Nick Hunkele,sa3059548,,,,,,left_only
rielyhunsaker,Riely Hunsaker,sa3059549,,,,,,left_only
andrewhunt,Andrew Hunt,sa3059550,,,,,,left_only
devinhunt,Devin Hunt,sa3059551,,,,,,left_only
cadenhunter,Caden Hunter,sa3059552,,,,,,left_only
granthunter,Grant Hunter,sa3059553,,,,,,left_only
cjhurley,CJ Hurley,sa3059554,,,,,,left_only
jordanhuskey,Jordan Huskey,sa3059555,,,,,,left_only
colinhusko,Colin Husko,sa3059556,,,,,,left_only
collinhusser,Collin Husser,sa3059557,,,,,,left_only
ingmarhutzezon,Ingmar Hutzezon,sa3059558,,,,,,left_only
kylehvidsten,Kyle Hvidsten,sa3059559,,,,,,left_only
brennanhyde,Brennan Hyde,sa3059560,,,,,,left_only
joeyiglesias,Joey Iglesias,sa3059561,,,,,,left_only
andrewildefonso,Andrew Ildefonso,sa3059562,,,,,,left_only
ethanimbimbo,Ethan Imbimbo,sa3059563,,,,,,left_only
mattineich,Matt Ineich,sa3059564,,,,,,left_only
michaelinfranca,Michael Infranca,sa3059565,,,,,,left_only
tyleringe,Tyler Inge,sa3059566,,,,,,left_only
jaxsoningle,Jaxson Ingle,sa3059567,,,,,,left_only
shintaroinoue,Shintaro Inoue,sa3059568,,,,,,left_only
austinirby,Austin Irby,sa3059569,,,,,,left_only
brentiredale,Brent Iredale,sa3059570,,,,,,left_only
jacksonisaacs,Jackson Isaacs,sa3059571,,,,,,left_only
kennyishikawa,Kenny Ishikawa,sa3059572,,,,,,left_only
charlieisommccall,Charlie Isom-McCall,sa3059573,,,,,,left_only
jaydenisrael,Jayden Israel,sa3059574,,,,,,left_only
nickizzo,Nick Izzo,sa3059575,,,,,,left_only
donovannjackson,Donovann Jackson,sa3059576,,,,,,left_only
peytonjackson,Peyton Jackson,sa3059577,,,,,,left_only
gavinjacobsen,Gavin Jacobsen,sa3059578,,,,,,left_only
carlosjacome,Carlos Jacome,sa3059579,,,,,,left_only
zackjames,Zack James,sa3059580,,,,,,left_only
jimmyjanicki,Jimmy Janicki,sa3059581,,,,,,left_only
samueljanik,Samuel Janik,sa3059582,,,,,,left_only
ethanjaques,Ethan Jaques,sa3059583,,,,,,left_only
carsonjasa,Carson Jasa,sa3059584,,,,,,left_only
haydenjatczak,Hayden Jatczak,sa3059585,,,,,,left_only
braydenjefferis,Brayden Jefferis,sa3059586,,,,,,left_only
jasonjelic,Jason Jelic,sa3059587,,,,,,left_only
brucejellison,Bruce Jellison,sa3059588,,,,,,left_only
carterjenkins,Carter Jenkins,sa3059589,,,,,,left_only
matthewjenkins,Matthew Jenkins,sa3059590,,,,,,left_only
ryanjenkins,Ryan Jenkins,sa3059591,,,,,,left_only
seanjenkins,Sean Jenkins,sa3059592,,,,,,left_only
trentjenks,Trent Jenks,sa3059593,,,,,,left_only
brantonjernigan,Branton Jernigan,sa3059594,,,,,,left_only
peterjezerinac,Peter Jezerinac,sa3059595,,,,,,left_only
paytenjibben,Payten Jibben,sa3059596,,,,,,left_only
adrianjimenez,Adrian Jimenez,sa3059597,,,,,,left_only
jorsixtjimenez,Jorsixt Jimenez,sa3059598,,,,,,left_only
julianjimenez,Julian Jimenez,sa3059599,,,,,,left_only
willjohannes,Will Johannes,sa3059600,,,,,,left_only
axeljohnson,Axel Johnson,sa3059602,,,,,,left_only
carterjohnstone,Carter Johnstone,sa3059604,,,,,,left_only
cameronjohnson,Cameron Johnson,sa3059605,,,,,,left_only
colejohnson,Cole Johnson,sa3059606,,,,,,left_only
connerjohnson,Conner Johnson,sa3059607,,,,,,left_only
drewjohnson,Drew Johnson,sa3059608,,,,,,left_only
ethanjohnson,Ethan Johnson,sa3059609,,,,,,left_only
hudsonjohnson,Hudson Johnson,sa3059610,,,,,,left_only
jaylonjohnson,Jaylon Johnson,sa3059611,,,,,,left_only
jonahjohnson,Jonah Johnson,sa3059612,,,,,,left_only
landenjohnson,Landen Johnson,sa3059613,,,,,,left_only
natejohnson,Nate Johnson,sa3059614,,,,,,left_only
tylerjohnson,Tyler Johnson,sa3059616,,,,,,left_only
zakjohnson,Zak Johnson,sa3059617,,,,,,left_only
asafajones,Asafa Jones,sa3059618,,,,,,left_only
eliotjones,Eliot Jones,sa3059621,,,,,,left_only
jaylenjones,Jaylen Jones,sa3059622,,,,,,left_only
jeremyjones,Jeremy Jones,sa3059623,,,,,,left_only
kooperjones,Kooper Jones,sa3059624,,,,,,left_only
lukejones,Luke Jones,sa3059625,,,,,,left_only
pauljonesii,Paul Jones II,sa3059626,,,,,,left_only
tatejones,Tate Jones,sa3059627,,,,,,left_only
tylerjones,Tyler Jones,sa3059628,,,,,,left_only
mycahjordan,Mycah Jordan,sa3059629,,,,,,left_only
willjordan,Will Jordan,sa3059630,,,,,,left_only
kainenjorge,Kainen Jorge,sa3059631,,,,,,left_only
desmorejosephii,Desmore Joseph II,sa3059632,,,,,,left_only
evanjoubert,Evan Joubert,sa3059633,,,,,,left_only
gabejuarez,Gabe Juarez,sa3059634,,,,,,left_only
jacksonjudy,Jackson Judy,sa3059635,,,,,,left_only
jaxonjunnila,Jaxon Junnila,sa3059636,,,,,,left_only
lukekalfsbeek,Luke Kalfsbeek,sa3059637,,,,,,left_only
michaelkalinich,Michael Kalinich,sa3059638,,,,,,left_only
craigkalkbrenner,Craig Kalkbrenner,sa3059639,,,,,,left_only
tylerkamerer,Tyler Kamerer,sa3059640,,,,,,left_only
wailelekaneyates,Wailele Kane-Yates,sa3059641,,,,,,left_only
alexkanipe,Alex Kanipe,sa3059642,,,,,,left_only
tylerkapa,Tyler Kapa,sa3059643,,,,,,left_only
maxkaplan,Max Kaplan,sa3059644,,,,,,left_only
ryankarl,Ryan Karl,sa3059645,,,,,,left_only
benkarpowicz,Ben Karpowicz,sa3059646,,,,,,left_only
joshkasner,Josh Kasner,sa3059647,,,,,,left_only
benkasparie,Ben Kasparie,sa3059648,,,,,,left_only
colekatayamastall,Cole Katayama-Stall,sa3059649,,,,,,left_only
camdenkaufman,Camden Kaufman,sa3059650,,,,,,left_only
nickkeane,Nick Keane,sa3059651,,,,,,left_only
aubreykearns,Aubrey Kearns,sa3059652,,,,,,left_only
natekearney,Nate Kearney,sa3059653,,,,,,left_only
bradykehlenbrink,Brady Kehlenbrink,sa3059654,,,,,,left_only
andrewkeller,Andrew Keller,sa3059655,,,,,,left_only
romkellis,Rom Kellis,sa3059656,,,,,,left_only
gavinkelly,Gavin Kelly,sa3059657,,,,,,left_only
lucaskelly,Lucas Kelly,sa3059658,,,,,,left_only
talankelly,Talan Kelly,sa3059659,,,,,,left_only
tylerkelly,Tyler Kelly,sa3059660,,,,,,left_only
alexkelsey,Alex Kelsey,sa3059661,,,,,,left_only
thomaskendrick,Thomas Kendrick,sa3059662,,,,,,left_only
damionkenealy,Damion Kenealy,sa3059663,,,,,,left_only
jaykennedy,Jay Kennedy,sa3059664,,,,,,left_only
karsonkennedy,Karson Kennedy,sa3059665,,,,,,left_only
ryankennedy,Ryan Kennedy,sa3059666,,,,,,left_only
colekenyon,Cole Kenyon,sa3059667,,,,,,left_only
maddoxkeo,Maddox Keo,sa3059668,,,,,,left_only
kohlekerin,Kohle Kerin,sa3059669,,,,,,left_only
casekermode,Case Kermode,sa3059670,,,,,,left_only
braydonkersey,Braydon Kersey,sa3059671,,,,,,left_only
chancekey,Chance Key,sa3059672,,,,,,left_only
amaankhan,Amaan Khan,sa3059673,,,,,,left_only
kasenkhansarinia,Kasen Khansarinia,sa3059674,,,,,,left_only
chaycekieck,Chayce Kieck,sa3059675,,,,,,left_only
terrencekielii,Terrence Kiel II,sa3059676,,,,,,left_only
zachkilby,Zach Kilby,sa3059677,,,,,,left_only
isaackim,Isaac Kim,sa3059678,,,,,,left_only
theokim,Theo Kim,sa3059679,,,,,,left_only
blakekimball,Blake Kimball,sa3059680,,,,,,left_only
carsonkimball,Carson Kimball,sa3059681,,,,,,left_only
aidanking,Aidan King,sa3059682,,,,,,left_only
blakeking,Blake King,sa3059683,,,,,,left_only
calebking,Caleb King,sa3059684,,,,,,left_only
kedrenkinzie,Kedren Kinzie,sa3059686,,,,,,left_only
christiankiper,Christian Kiper,sa3059687,,,,,,left_only
corbinkirk,Corbin Kirk,sa3059688,,,,,,left_only
masonkirk,Mason Kirk,sa3059689,,,,,,left_only
taylorkirk,Taylor Kirk,sa3059690,,,,,,left_only
natekirkpatrick,Nate Kirkpatrick,sa3059691,,,,,,left_only
griffinkirn,Griffin Kirn,sa3059692,,,,,,left_only
ryderkirtley,Ryder Kirtley,sa3059693,,,,,,left_only
colekitchens,Cole Kitchens,sa3059694,,,,,,left_only
zachkittrell,Zach Kittrell,sa3059695,,,,,,left_only
mattkitzman,Matt Kitzman,sa3059696,,,,,,left_only
ethankleinschmit,Ethan Kleinschmit,sa3059697,,,,,,left_only
rohneklein,Rohne Klein,sa3059698,,,,,,left_only
ryanklementowski,Ryan Klementowski,sa3059699,,,,,,left_only
addisonklepsch,Addison Klepsch,sa3059700,,,,,,left_only
kellanklosterman,Kellan Klosterman,sa3059701,,,,,,left_only
zachkmatz,Zach Kmatz,sa3059702,,,,,,left_only
chrisknier,Chris Knier,sa3059703,,,,,,left_only
graysonknight,Grayson Knight,sa3059704,,,,,,left_only
parkerknoll,Parker Knoll,sa3059705,,,,,,left_only
robbieknowles,Robbie Knowles,sa3059706,,,,,,left_only
zachknowlton,Zach Knowlton,sa3059707,,,,,,left_only
johnnyknox,Johnny Knox,sa3059708,,,,,,left_only
kellanknox,Kellan Knox,sa3059709,,,,,,left_only
colekochanowicz,Cole Kochanowicz,sa3059710,,,,,,left_only
ethankodama,Ethan Kodama,sa3059711,,,,,,left_only
kylekoehler,Kyle Koehler,sa3059712,,,,,,left_only
jacekohler,Jace Kohler,sa3059713,,,,,,left_only
connorkolarov,Connor Kolarov,sa3059714,,,,,,left_only
iankoosman,Ian Koosman,sa3059715,,,,,,left_only
colekosciusko,Cole Kosciusko,sa3059716,,,,,,left_only
mathewkosuda,Mathew Kosuda,sa3059717,,,,,,left_only
matthewkouser,Matthew Kouser,sa3059718,,,,,,left_only
camkozeal,Cam Kozeal,sa3059719,,,,,,left_only
brantkragel,Brant Kragel,sa3059720,,,,,,left_only
jacksonkranawetter,Jackson Kranawetter,sa3059721,,,,,,left_only
stevenkraus,Steven Kraus,sa3059722,,,,,,left_only
natekress,Nate Kress,sa3059723,,,,,,left_only
samkretsch,Sam Kretsch,sa3059724,,,,,,left_only
hankkrift,Hank Krift,sa3059725,,,,,,left_only
athankroll,Athan Kroll,sa3059726,,,,,,left_only
erickrumpe,Eric Krumpe,sa3059727,,,,,,left_only
bradykrzciok,Brady Krzciok,sa3059728,,,,,,left_only
ryankucy,Ryan Kucy,sa3059729,,,,,,left_only
dillonkuehl,Dillon Kuehl,sa3059730,,,,,,left_only
calenkujawa,Calen Kujawa,sa3059731,,,,,,left_only
marcelkulik,Marcel Kulik,sa3059732,,,,,,left_only
theokummer,Theo Kummer,sa3059733,,,,,,left_only
aidankuni,Aidan Kuni,sa3059734,,,,,,left_only
jakekutella,Jake Kutella,sa3059735,,,,,,left_only
gavinkuzniewski,Gavin Kuzniewski,sa3059736,,,,,,left_only
colekwiatkowski,Cole Kwiatkowski,sa3059737,,,,,,left_only
junhyukkwon,Junhyuk Kwon,sa3059738,,,,,,left_only
greglachance,Greg LaChance,sa3059739,,,,,,left_only
dannylachenmayer,Danny Lachenmayer,sa3059740,,,,,,left_only
gradylacourciere,Grady Lacourciere,sa3059741,,,,,,left_only
willlafferty,Will Lafferty,sa3059742,,,,,,left_only
tyronelake,Tyrone Lake,sa3059743,,,,,,left_only
jacksonlalima,Jackson LaLima,sa3059744,,,,,,left_only
andrewlandis,Andrew Landis,sa3059745,,,,,,left_only
bootslandry,Boots Landry,sa3059746,,,,,,left_only
jacksonlandry,Jackson Landry,sa3059747,,,,,,left_only
jtlandwehr,JT Landwehr,sa3059748,,,,,,left_only
connorlane,Connor Lane,sa3059749,,,,,,left_only
robbielane,Robbie Lane,sa3059750,,,,,,left_only
colelanford,Cole Lanford,sa3059751,,,,,,left_only
jacoblang,Jacob Lang,sa3059752,,,,,,left_only
tannislange,Tannis Lange,sa3059753,,,,,,left_only
evanlangston,Evan Langston,sa3059754,,,,,,left_only
mattlanzendorfer,Matt Lanzendorfer,sa3059755,,,,,,left_only
reidlapekas,Reid Lapekas,sa3059756,,,,,,left_only
tylerlarge,Tyler Large,sa3059757,,,,,,left_only
vaunlarisa,Vaun Larisa,sa3059758,,,,,,left_only
dylanlarkins,Dylan Larkins,sa3059759,,,,,,left_only
bradenlarusso,Braden LaRusso,sa3059760,,,,,,left_only
jamielaskofski,Jamie Laskofski,sa3059761,,,,,,left_only
robertlastra,Robert Lastra,sa3059762,,,,,,left_only
carsonlatimer,Carson Latimer,sa3059763,,,,,,left_only
jacklausch,Jack Lausch,sa3059764,,,,,,left_only
samlavin,Sam Lavin,sa3059765,,,,,,left_only
stonelawless,Stone Lawless,sa3059766,,,,,,left_only
treylawrence,Trey Lawrence,sa3059767,,,,,,left_only
carsonlaws,Carson Laws,sa3059768,,,,,,left_only
brendanlawson,Brendan Lawson,sa3059769,,,,,,left_only
ryanlawton,Ryan Lawton,sa3059770,,,,,,left_only
ethanlay,Ethan Lay,sa3059771,,,,,,left_only
noahlazuka,Noah Lazuka,sa3059772,,,,,,left_only
jackleary,Jack Leary,sa3059773,,,,,,left_only
jacobleblanc,Jacob LeBlanc,sa3059774,,,,,,left_only
zachleduc,Zach Leduc,sa3059775,,,,,,left_only
darryllee,Darryl Lee,sa3059776,,,,,,left_only
jaycelee,Jayce Lee,sa3059777,,,,,,left_only
jacoblee,Jacob Lee,sa3059778,,,,,,left_only
josephlee,Joseph Lee,sa3059779,,,,,,left_only
owenlee,Owen Lee,sa3059780,,,,,,left_only
samlee,Sam Lee,sa3059781,,,,,,left_only
joshleerssen,Josh Leerssen,sa3059782,,,,,,left_only
bobbylefevre,Bobby LeFevre,sa3059783,,,,,,left_only
matthewlefevers,Matthew Lefevers,sa3059784,,,,,,left_only
hunterlefkus,Hunter Lefkus,sa3059785,,,,,,left_only
jonlegrande,Jon Legrande,sa3059786,,,,,,left_only
elilehrman,Eli Lehrman,sa3059787,,,,,,left_only
noahleib,Noah Leib,sa3059788,,,,,,left_only
thomasleiden,Thomas Leiden,sa3059789,,,,,,left_only
dannyleikus,Danny Leikus,sa3059790,,,,,,left_only
mattleiterman,Matt Leiterman,sa3059791,,,,,,left_only
zachleite,Zach Leite,sa3059792,,,,,,left_only
tylerlejeune,Tyler Lejeune,sa3059793,,,,,,left_only
johnnylemm,Johnny Lemm,sa3059794,,,,,,left_only
austinlemon,Austin Lemon,sa3059795,,,,,,left_only
braydenleonard,Brayden Leonard,sa3059797,,,,,,left_only
alexleopard,Alex Leopard,sa3059798,,,,,,left_only
andrewlepine,Andrew Lepine,sa3059799,,,,,,left_only
aaronlewis,Aaron Lewis,sa3059800,,,,,,left_only
andonlewis,Andon Lewis,sa3059801,,,,,,left_only
dontelewis,Donte Lewis,sa3059802,,,,,,left_only
evanlewis,Evan Lewis,sa3059803,,,,,,left_only
jaxlewis,Jax Lewis,sa3059804,,,,,,left_only
jordanlewis,Jordan Lewis,sa3059805,,,,,,left_only
kylelewis,Kyle Lewis,sa3059806,,,,,,left_only
nicklewis,Nick Lewis,sa3059808,,,,,,left_only
tatelewis,Tate Lewis,sa3059809,,,,,,left_only
willibbert,Wil Libbert,sa3059810,,,,,,left_only
jasonlibby,Jason Libby,sa3059811,,,,,,left_only
vincelibretto,Vince Libretto,sa3059812,,,,,,left_only
giovannilicciardi,Giovanni Licciardi,sa3059813,,,,,,left_only
tylerlichtenberger,Tyler Lichtenberger,sa3059814,,,,,,left_only
jesusliera,Jesus Liera,sa3059815,,,,,,left_only
forrestlietz,Forrest Lietz,sa3059816,,,,,,left_only
calebligenfelter,Caleb Ligenfelter,sa3059817,,,,,,left_only
dylanlina,Dylan Lina,sa3059818,,,,,,left_only
daniellingle,Daniel Lingle,sa3059819,,,,,,left_only
brodylinker,Brody Linker,sa3059820,,,,,,left_only
lukelinnehan,Luke Linnehan,sa3059821,,,,,,left_only
marshalllipsey,Marshall Lipsey,sa3059822,,,,,,left_only
lukelirette,Luke Lirette,sa3059823,,,,,,left_only
codyliscio,Cody Liscio,sa3059824,,,,,,left_only
jameslitman,James Litman,sa3059825,,,,,,left_only
cooperlittledike,Cooper Littledike,sa3059826,,,,,,left_only
joeylittle,Joey Little,sa3059827,,,,,,left_only
molittle,Mo Little,sa3059828,,,,,,left_only
lenoxlively,Lenox Lively,sa3059829,,,,,,left_only
mjliyeos,MJ Liyeos,sa3059830,,,,,,left_only
marshallloch,Marshall Loch,sa3059831,,,,,,left_only
corielockette,Corie Lockette,sa3059832,,,,,,left_only
jacobloeffler,Jacob Loeffler,sa3059834,,,,,,left_only
cecillofton,Cecil Lofton,sa3059835,,,,,,left_only
gavinlong,Gavin Long,sa3059836,,,,,,left_only
jakelong,Jake Long,sa3059837,,,,,,left_only
kyrinlong,Kyrin Long,sa3059838,,,,,,left_only
tymanlong,Tyman Long,sa3059839,,,,,,left_only
charlielongmeier,Charlie Longmeier,sa3059840,,,,,,left_only
domlongo,Dom Longo,sa3059841,,,,,,left_only
riccolongo,Ricco Longo,sa3059842,,,,,,left_only
dimondloosli,Dimond Loosli,sa3059843,,,,,,left_only
angellopez,Angel Lopez,sa3059844,,,,,,left_only
augielopez,Augie Lopez,sa3059845,,,,,,left_only
joeylopez,Joey Lopez,sa3059846,,,,,,left_only
sergiolopez,Sergio Lopez,sa3059847,,,,,,left_only
xavierlopez,Xavier Lopez,sa3059848,,,,,,left_only
carsonlorch,Carson Lorch,sa3059849,,,,,,left_only
ryanlordier,Ryan Lordier,sa3059850,,,,,,left_only
lukelorence,Luke Lorence,sa3059851,,,,,,left_only
emersonlott,Emerson Lott,sa3059852,,,,,,left_only
tituslotz,Titus Lotz,sa3059853,,,,,,left_only
jefflougee,Jeff Lougee,sa3059854,,,,,,left_only
aaronlouis,Aaron Louis,sa3059855,,,,,,left_only
jameslove,James Love,sa3059856,,,,,,left_only
nathanlove,Nathan Love,sa3059857,,,,,,left_only
loganlowe,Logan Lowe,sa3059858,,,,,,left_only
cortlowry,Cort Lowry,sa3059859,,,,,,left_only
benloyd,Ben Loyd,sa3059860,,,,,,left_only
adenlucas,Aden Lucas,sa3059861,,,,,,left_only
blainelucas,Blaine Lucas,sa3059862,,,,,,left_only
prestonlucas,Preston Lucas,sa3059863,,,,,,left_only
trevorlucas,Trevor Lucas,sa3059864,,,,,,left_only
owenluchies,Owen Luchies,sa3059865,,,,,,left_only
alejandroludeiro,Alejandro Ludeiro,sa3059866,,,,,,left_only
rileyluft,Riley Luft,sa3059867,,,,,,left_only
rylanlujo,Rylan Lujo,sa3059868,,,,,,left_only
markluke,Mark Luke,sa3059869,,,,,,left_only
ethanlund,Ethan Lund,sa3059870,,,,,,left_only
lanelusk,Lane Lusk,sa3059871,,,,,,left_only
vincentluther,Vincent Luther,sa3059872,,,,,,left_only
hudsonlutterman,Hudson Lutterman,sa3059873,,,,,,left_only
jacksonlyda,Jackson Lyda,sa3059874,,,,,,left_only
johnlyman,John Lyman,sa3059875,,,,,,left_only
blaynelyne,Blayne Lyne,sa3059877,,,,,,left_only
olivermabee,Oliver Mabee,sa3059878,,,,,,left_only
burkeleemabeus,Burke-Lee Mabeus,sa3059879,,,,,,left_only
grantmacarthur,Grant MacArthur,sa3059880,,,,,,left_only
ericmachej,Eric Machej,sa3059881,,,,,,left_only
garrettmacias,Garrett Macias,sa3059882,,,,,,left_only
landonmack,Landon Mack,sa3059883,,,,,,left_only
zackmack,Zack Mack,sa3059884,,,,,,left_only
caydenmackey,Cayden Mackey,sa3059885,,,,,,left_only
sammaclaughlin,Sam Maclaughlin,sa3059886,,,,,,left_only
tylermacon,Tyler Macon,sa3059887,,,,,,left_only
reidmadariaga,Reid Madariaga,sa3059888,,,,,,left_only
kendreymaduro,Kendrey Maduro,sa3059889,,,,,,left_only
loganmagdits,Logan Magdits,sa3059890,,,,,,left_only
keganmagee,Kegan MaGee,sa3059891,,,,,,left_only
noahmagee,Noah Magee,sa3059892,,,,,,left_only
wilsonmagers,Wilson Magers,sa3059893,,,,,,left_only
williammaginnis,William Maginnis,sa3059894,,,,,,left_only
keatonmahan,Keaton Mahan,sa3059895,,,,,,left_only
matthewmainord,Matthew Mainord,sa3059896,,,,,,left_only
tymainolfi,Ty Mainolfi,sa3059897,,,,,,left_only
treymajette,Trey Majette,sa3059898,,,,,,left_only
coopermalamazian,Cooper Malamazian,sa3059899,,,,,,left_only
peytonmalecha,Peyton Malecha,sa3059900,,,,,,left_only
michaelmalki,Michael Malki,sa3059901,,,,,,left_only
loganmallard,Logan Mallard,sa3059902,,,,,,left_only
noahmalone,Noah Malone,sa3059904,,,,,,left_only
alejandromaltosgarcia,Alejandro Maltos-Garcia,sa3059905,,,,,,left_only
alexandermanent,Alexander Manent,sa3059906,,,,,,left_only
aaronmanias,Aaron Manias,sa3059907,,,,,,left_only
williammann,William Mann,sa3059908,,,,,,left_only
paytonmansfield,Payton Mansfield,sa3059909,,,,,,left_only
tommymanzo,Tommy Manzo,sa3059910,,,,,,left_only
charliemarcantel,Charlie Marcantel,sa3059911,,,,,,left_only
jakemarciano,Jake Marciano,sa3059912,,,,,,left_only
mannymarin,Manny Marin,sa3059913,,,,,,left_only
charliemarion,Charlie Marion,sa3059914,,,,,,left_only
charliemarisca,Charlie Marisca,sa3059915,,,,,,left_only
tommymarkey,Tommy Markey,sa3059916,,,,,,left_only
houstonmarkham,Houston Markham,sa3059917,,,,,,left_only
calebmarks,Caleb Marks,sa3059918,,,,,,left_only
gregmarmo,Greg Marmo,sa3059919,,,,,,left_only
alexmarot,Alex Marot,sa3059920,,,,,,left_only
andrewmarquis,Andrew Marquis,sa3059921,,,,,,left_only
willmarquart,Will Marquart,sa3059922,,,,,,left_only
thomasmarsala,Thomas Marsala,sa3059923,,,,,,left_only
remymarsh,Remy Marsh,sa3059924,,,,,,left_only
tatummarsh,Tatum Marsh,sa3059925,,,,,,left_only
colemarthilijohni,Cole Marthilijohni,sa3059926,,,,,,left_only
tymarthilijohni,Ty Marthilijohni,sa3059927,,,,,,left_only
adammartin,Adam Martin,sa3059928,,,,,,left_only
andreymartinez,Andrey Martinez,sa3059929,,,,,,left_only
jakemartinez,Jake Martinez,sa3059930,,,,,,left_only
jarrettmartin,Jarrett Martin,sa3059931,,,,,,left_only
jamesonmartin,Jameson Martin,sa3059932,,,,,,left_only
jeremymartinez,Jeremy Martinez,sa3059933,,,,,,left_only
johnmartinez,John Martinez,sa3059934,,,,,,left_only
nathanmartinez,Nathan Martinez,sa3059935,,,,,,left_only
parkermartin,Parker Martin,sa3059936,,,,,,left_only
tatemartin,Tate Martin,sa3059937,,,,,,left_only
zacmartin,Zac Martin,sa3059938,,,,,,left_only
tommymartorano,Tommy Martorano,sa3059939,,,,,,left_only
connormaryniak,Connor Maryniak,sa3059940,,,,,,left_only
ethanmarzo,Ethan Marzo,sa3059941,,,,,,left_only
nickmascaro,Nick Mascaro,sa3059942,,,,,,left_only
gavinmask,Gavin Mask,sa3059943,,,,,,left_only
djmassey,DJ Massey,sa3059944,,,,,,left_only
lukematthews,Luke Matthews,sa3059945,,,,,,left_only
marwynnmatthewsjr,Marwynn Matthews Jr.,sa3059946,,,,,,left_only
ethanmattison,Ethan Mattison,sa3059947,,,,,,left_only
davismauzy,Davis Mauzy,sa3059948,,,,,,left_only
masonmaxie,Mason Maxie,sa3059949,,,,,,left_only
nicholasmazzotta,Nicholas Mazzotta,sa3059950,,,,,,left_only
xandermcafee,Xander McAfee,sa3059951,,,,,,left_only
ajmcaninch,AJ McAninch,sa3059952,,,,,,left_only
alitomcbean,Alito McBean,sa3059953,,,,,,left_only
austinmccabe,Austin McCabe,sa3059954,,,,,,left_only
jakemccarter,Jake McCarter,sa3059955,,,,,,left_only
ryanmccarroll,Ryan McCarroll,sa3059956,,,,,,left_only
sethmccartney,Seth McCartney,sa3059957,,,,,,left_only
tylermccloskey,Tyler McCloskey,sa3059958,,,,,,left_only
norrismcclure,Norris McClure,sa3059959,,,,,,left_only
kylemcconachie,Kyle McConachie,sa3059960,,,,,,left_only
waltmcconell,Walt McConell,sa3059961,,,,,,left_only
cartermcculley,Carter McCulley,sa3059962,,,,,,left_only
patrickmccullough,Patrick McCullough,sa3059963,,,,,,left_only
seanmcculloch,Sean McCulloch,sa3059964,,,,,,left_only
parkermcdaniels,Parker McDaniels,sa3059965,,,,,,left_only
bradymcdevit,Brady McDevit,sa3059966,,,,,,left_only
cadenmcdonald,Caden McDonald,sa3059967,,,,,,left_only
henrymcdonald,Henry McDonald,sa3059968,,,,,,left_only
jackmcdonald,Jack McDonald,sa3059969,,,,,,left_only
malachimcdonald,Malachi McDonald,sa3059970,,,,,,left_only
maddoxmcdougall,Maddox McDougall,sa3059971,,,,,,left_only
walkermcduffie,Walker McDuffie,sa3059972,,,,,,left_only
carsonmcentire,Carson McEntire,sa3059973,,,,,,left_only
mattmcgann,Matt McGann,sa3059974,,,,,,left_only
bradymcgee,Brady McGee,sa3059975,,,,,,left_only
jamesmcgee,James McGee,sa3059976,,,,,,left_only
lukemcgibboney,Luke McGibboney,sa3059977,,,,,,left_only
aidenmcginnis,Aiden McGinnis,sa3059978,,,,,,left_only
connormcginnis,Connor McGinnis,sa3059979,,,,,,left_only
colemanmcginnis,Coleman McGinnis,sa3059980,,,,,,left_only
matthewmcgovern,Matthew McGovern,sa3059981,,,,,,left_only
amaremcgown,Amare McGown,sa3059982,,,,,,left_only
thamonmcgriff,ThaMon McGriff,sa3059983,,,,,,left_only
maxmcgwire,Max McGwire,sa3059984,,,,,,left_only
cartermckay,Carter McKay,sa3059985,,,,,,left_only
curtismckay,Curtis McKay,sa3059986,,,,,,left_only
patrickmckenzie,Patrick McKenzie,sa3059987,,,,,,left_only
holdenmckinney,Holden McKinney,sa3059988,,,,,,left_only
nolanmckinstry,Nolan McKinstry,sa3059989,,,,,,left_only
tylermckinstry,Tyler McKinstry,sa3059990,,,,,,left_only
ryanmclaughlin,Ryan McLaughlin,sa3059991,,,,,,left_only
xandermclaurin,Xander McLaurin,sa3059992,,,,,,left_only
patrickmclellan,Patrick McLellan,sa3059993,,,,,,left_only
collinmclemore,Collin McLemore,sa3059994,,,,,,left_only
harpermclendon,Harper McLendon,sa3059995,,,,,,left_only
lawsonmclntosh,Lawson Mclntosh,sa3059996,,,,,,left_only
marcusmcmillan,Marcus McMillan,sa3059997,,,,,,left_only
shaunmcmillan,Shaun McMillan,sa3059998,,,,,,left_only
coopermcmullen,Cooper McMullen,sa3059999,,,,,,left_only
ezramcnaughton,Ezra McNaughton,sa3060000,,,,,,left_only
aydanmcnelly,Aydan McNelly,sa3060001,,,,,,left_only
brodymcniel,Brody McNiel,sa3060002,,,,,,left_only
ethanmcnishheider,Ethan McNish-Heider,sa3060003,,,,,,left_only
jackmcwilliams,Jack McWilliams,sa3060004,,,,,,left_only
tatemedicoff,Tate Medicoff,sa3060005,,,,,,left_only
sevemedrano,Seve Medrano,sa3060006,,,,,,left_only
connormeidroth,Connor Meidroth,sa3060007,,,,,,left_only
ryanmejia,Ryan Mejia,sa3060008,,,,,,left_only
mattmelancon,Matt Melancon,sa3060009,,,,,,left_only
noahmelancon,Noah Melancon,sa3060010,,,,,,left_only
giomelchione,Gio Melchione,sa3060011,,,,,,left_only
axelmelendez,Axel Melendez,sa3060012,,,,,,left_only
xaviermelendez,Xavier Melendez,sa3060013,,,,,,left_only
tommymeluskey,Tommy Meluskey,sa3060014,,,,,,left_only
alexmendes,Alex Mendes,sa3060015,,,,,,left_only
maxmendes,Max Mendes,sa3060016,,,,,,left_only
nazirmendez,Nazir Mendez,sa3060017,,,,,,left_only
landonmensik,Landon Mensik,sa3060018,,,,,,left_only
kobementzer,Kobe Mentzer,sa3060019,,,,,,left_only
jakemerrick,Jake Merrick,sa3060020,,,,,,left_only
nathanmertens,Nathan Mertens,sa3060021,,,,,,left_only
seanmeth,Sean Meth,sa3060022,,,,,,left_only
mathismeurant,Mathis Meurant,sa3060023,,,,,,left_only
lukemeyers,Luke Meyers,sa3060025,,,,,,left_only
maddoxmeyer,Maddox Meyer,sa3060026,,,,,,left_only
sammeyer,Sam Meyer,sa3060027,,,,,,left_only
rjmeyn,RJ Meyn,sa3060028,,,,,,left_only
anthonymichaud,Anthony Michaud,sa3060029,,,,,,left_only
owenmichelson,Owen Michelson,sa3060030,,,,,,left_only
cartermick,Carter Mick,sa3060031,,,,,,left_only
gavinmicklinghoff,Gavin Micklinghoff,sa3060032,,,,,,left_only
aidenmilburn,Aiden Milburn,sa3060033,,,,,,left_only
cademiles,Cade Miles,sa3060034,,,,,,left_only
coopermilford,Cooper Milford,sa3060035,,,,,,left_only
brendonmiller,Brendon Miller,sa3060036,,,,,,left_only
bradymiller,Brady Miller,sa3060037,,,,,,left_only
cadenmiller,Caden Miller,sa3060038,,,,,,left_only
eastonmiller,Easton Miller,sa3060039,,,,,,left_only
garrettmiller,Garrett Miller,sa3060040,,,,,,left_only
huntermiller,Hunter Miller,sa3060041,,,,,,left_only
loganmiller,Logan Miller,sa3060043,,,,,,left_only
nickmiller,Nick Miller,sa3060044,,,,,,left_only
nolanmiller,Nolan Miller,sa3060046,,,,,,left_only
nolanmilliman,Nolan Milliman,sa3060048,,,,,,left_only
maxwellmims,Maxwell Mims,sa3060049,,,,,,left_only
jakeminarik,Jake Minarik,sa3060050,,,,,,left_only
mattminckler,Matt Minckler,sa3060051,,,,,,left_only
robertmiranda,Robert Miranda,sa3060052,,,,,,left_only
nickmiscavage,Nick Miscavage,sa3060053,,,,,,left_only
jackmislan,Jack Mislan,sa3060054,,,,,,left_only
braizemitchell,Braize Mitchell,sa3060055,,,,,,left_only
brycemitchell,Bryce Mitchell,sa3060056,,,,,,left_only
derrickmitchell,Derrick Mitchell,sa3060057,,,,,,left_only
johnmitchell,John Mitchell,sa3060058,,,,,,left_only
tommymitchell,Tommy Mitchell,sa3060059,,,,,,left_only
tylermitchell,Tyler Mitchell,sa3060060,,,,,,left_only
lancemittelman,Lance Mittelman,sa3060061,,,,,,left_only
julianmlodzinski,Julian Mlodzinski,sa3060062,,,,,,left_only
clintmoak,Clint Moak,sa3060063,,,,,,left_only
dommoats,Dom Moats,sa3060064,,,,,,left_only
aaronmoffitt,Aaron Moffitt,sa3060065,,,,,,left_only
loganmoller,Logan Moller,sa3060066,,,,,,left_only
lukemonico,Luke Monico,sa3060067,,,,,,left_only
adrianmontenegro,Adrian Montenegro,sa3060068,,,,,,left_only
coopermontelbano,Cooper Montelbano,sa3060069,,,,,,left_only
johnnymontgomery,Johnny Montgomery,sa3060070,,,,,,left_only
jojomontgomery,JoJo Montgomery,sa3060071,,,,,,left_only
reesemoody,Reese Moody,sa3060072,,,,,,left_only
averymoore,Avery Moore,sa3060073,,,,,,left_only
chasemoore,Chase Moore,sa3060074,,,,,,left_only
davidmoore,David Moore,sa3060075,,,,,,left_only
kellenmoore,Kellen Moore,sa3060077,,,,,,left_only
silasmoore,Silas Moore,sa3060078,,,,,,left_only
willmoore,Will Moore,sa3060079,,,,,,left_only
natemoquin,Nate Moquin,sa3060080,,,,,,left_only
efrainmorales,Efrain Morales,sa3060081,,,,,,left_only
miguelmorales,Miguel Morales,sa3060082,,,,,,left_only
cjmoran,CJ Moran,sa3060083,,,,,,left_only
djmorand,DJ Morand,sa3060084,,,,,,left_only
adinmorehouse,Adin Morehouse,sa3060085,,,,,,left_only
tylormorehouse,Tylor Morehouse,sa3060086,,,,,,left_only
christianmorel,Christian Morel,sa3060087,,,,,,left_only
matthewmoreno,Matthew Moreno,sa3060088,,,,,,left_only
aaronmorgan,Aaron Morgan,sa3060089,,,,,,left_only
parkermorgan,Parker Morgan,sa3060090,,,,,,left_only
alexandermorrison,Alexander Morrison,sa3060091,,,,,,left_only
charlesmorris,Charles Morris,sa3060092,,,,,,left_only
dylanmorrill,Dylan Morrill,sa3060093,,,,,,left_only
kylemorrison,Kyle Morrison,sa3060094,,,,,,left_only
lakemorris,Lake Morris,sa3060095,,,,,,left_only
joeymorton,Joey Morton,sa3060096,,,,,,left_only
keonmoseni,Keon Moseni,sa3060097,,,,,,left_only
sonniermoses,Sonnier Moses,sa3060098,,,,,,left_only
jasonmoss,Jason Moss,sa3060099,,,,,,left_only
wylanmoss,Wylan Moss,sa3060100,,,,,,left_only
johnmoya,John Moya,sa3060101,,,,,,left_only
landonmueller,Landon Mueller,sa3060102,,,,,,left_only
daltonmullins,Dalton Mullins,sa3060103,,,,,,left_only
jamesonmullin,Jameson Mullin,sa3060104,,,,,,left_only
jimmymulvaney,Jimmy Mulvaney,sa3060105,,,,,,left_only
jakemulvehill,Jake Mulvehill,sa3060106,,,,,,left_only
sammymummau,Sammy Mummau,sa3060107,,,,,,left_only
parkermunday,Parker Munday,sa3060108,,,,,,left_only
jakemunroe,Jake Munroe,sa3060109,,,,,,left_only
caydenmunster,Cayden Munster,sa3060110,,,,,,left_only
steelemurdock,Steele Murdock,sa3060111,,,,,,left_only
jamesmurphy,James Murphy,sa3060112,,,,,,left_only
quinnmurphy,Quinn Murphy,sa3060113,,,,,,left_only
trentmurphy,Trent Murphy,sa3060114,,,,,,left_only
ajmurray,AJ Murray,sa3060115,,,,,,left_only
graysonmurry,Grayson Murry,sa3060116,,,,,,left_only
jettmusic,Jett Music,sa3060117,,,,,,left_only
cademustard,Cade Mustard,sa3060118,,,,,,left_only
ericnachtsheim,Eric Nachtsheim,sa3060119,,,,,,left_only
kacenaone,Kace Naone,sa3060120,,,,,,left_only
paulnapolitano,Paul Napolitano,sa3060121,,,,,,left_only
jacknatili,Jack Natili,sa3060122,,,,,,left_only
gabenatividad,Gabe Natividad,sa3060123,,,,,,left_only
alexnavarrete,Alex Navarrete,sa3060124,,,,,,left_only
jacknedrow,Jack Nedrow,sa3060125,,,,,,left_only
jakeneely,Jake Neely,sa3060126,,,,,,left_only
nathannegre,Nathan Negre,sa3060127,,,,,,left_only
elijahnegron,Elijah Negron,sa3060128,,,,,,left_only
aaronnehls,Aaron Nehls,sa3060129,,,,,,left_only
chasenelson,Chase Nelson,sa3060130,,,,,,left_only
jaretnelson,Jaret Nelson,sa3060132,,,,,,left_only
rileynelson,Riley Nelson,sa3060133,,,,,,left_only
colenewell,Cole Newell,sa3060134,,,,,,left_only
brandonnewland,Brandon Newland,sa3060135,,,,,,left_only
scottnewman,Scott Newman,sa3060136,,,,,,left_only
chrisnewstrom,Chris Newstrom,sa3060137,,,,,,left_only
willnewton,Will Newton,sa3060138,,,,,,left_only
daylinhnguyenbrown,Daylinh Nguyen-Brown,sa3060139,,,,,,left_only
jamesnichols,James Nichols,sa3060140,,,,,,left_only
coenniclai,Coen Niclai,sa3060141,,,,,,left_only
caydennicoletto,Cayden Nicoletto,sa3060142,,,,,,left_only
charlieniehaus,Charlie Niehaus,sa3060143,,,,,,left_only
christiannilsen,Christian Nilsen,sa3060144,,,,,,left_only
nathennino,Nathen Nino,sa3060145,,,,,,left_only
codynitowitz,Cody Nitowitz,sa3060146,,,,,,left_only
jacknobe,Jack Nobe,sa3060147,,,,,,left_only
nicknoble,Nick Noble,sa3060148,,,,,,left_only
cjnolan,CJ Nolan,sa3060149,,,,,,left_only
nicholasnolan,Nicholas Nolan,sa3060150,,,,,,left_only
nevannoonan,Nevan Noonan,sa3060151,,,,,,left_only
kylernorthrop,Kyler Northrop,sa3060152,,,,,,left_only
bennorton,Ben Norton,sa3060153,,,,,,left_only
jacenorton,Jace Norton,sa3060154,,,,,,left_only
nicolasnotarangelo,Nicolas Notarangelo,sa3060155,,,,,,left_only
grantnottleman,Grant Nottleman,sa3060156,,,,,,left_only
brandonnovy,Brandon Novy,sa3060157,,,,,,left_only
colinnowaczyk,Colin Nowaczyk,sa3060158,,,,,,left_only
marknowak,Mark Nowak,sa3060159,,,,,,left_only
landonnunes,Landon Nunes,sa3060160,,,,,,left_only
devinnunez,Devin Nunez,sa3060161,,,,,,left_only
jamesnunnallee,James Nunnallee,sa3060162,,,,,,left_only
austinnye,Austin Nye,sa3060163,,,,,,left_only
ryanoakes,Ryan Oakes,sa3060164,,,,,,left_only
ollieobenour,Ollie Obenour,sa3060165,,,,,,left_only
treyoblas,Trey Oblas,sa3060166,,,,,,left_only
bradyobrien,Brady OBrien,sa3060167,,,,,,left_only
coleobrien,Cole OBrien,sa3060168,,,,,,left_only
matthewobrien,Matthew OBrien,sa3060169,,,,,,left_only
derekocchipinti,Derek Occhipinti,sa3060170,,,,,,left_only
griffinoconnor,Griffin OConnor,sa3060171,,,,,,left_only
kevinoconnor,Kevin O'Connor,sa3060173,,,,,,left_only
keeganoconnor,Keegan O'Connor,sa3060174,,,,,,left_only
keeganohearn,Keegan O'Hearn,sa3060175,,,,,,left_only
stevenoliva,Steven Oliva,sa3060176,,,,,,left_only
brendinoliver,Brendin Oliver,sa3060177,,,,,,left_only
griffinolson,Griffin Olson,sa3060178,,,,,,left_only
johnondus,John Ondus,sa3060179,,,,,,left_only
jordyoriach,Jordy Oriach,sa3060180,,,,,,left_only
carterorner,Carter Orner,sa3060181,,,,,,left_only
robertoropeza,Robert Oropeza,sa3060182,,,,,,left_only
robertorr,Robert Orr,sa3060183,,,,,,left_only
andrewortiz,Andrew Ortiz,sa3060184,,,,,,left_only
darrenosborne,Darren Osborne,sa3060185,,,,,,left_only
dylanosborne,Dylan Osborne,sa3060186,,,,,,left_only
darielosoria,Dariel Osoria,sa3060187,,,,,,left_only
jakeottensmeier,Jake Ottensmeier,sa3060188,,,,,,left_only
jadenovalles,Jaden Ovalles,sa3060189,,,,,,left_only
jacksonowen,Jackson Owen,sa3060190,,,,,,left_only
lukeoyler,Luke Oyler,sa3060191,,,,,,left_only
colepacheco,Cole Pacheco,sa3060192,,,,,,left_only
dylanpacheco,Dylan Pacheco,sa3060193,,,,,,left_only
zachpaczewski,Zach Paczewski,sa3060194,,,,,,left_only
joeypagano,Joey Pagano,sa3060195,,,,,,left_only
owenpaino,Owen Paino,sa3060196,,,,,,left_only
harrypainter,Harry Painter,sa3060197,,,,,,left_only
fernandopalencia,Fernando Palencia,sa3060198,,,,,,left_only
cadepalkowski,Cade Palkowski,sa3060199,,,,,,left_only
colepalmeri,Cole Palmeri,sa3060200,,,,,,left_only
kylepanganiban,Kyle Panganiban,sa3060201,,,,,,left_only
masonpangborn,Mason Pangborn,sa3060202,,,,,,left_only
brianpanneton,Brian Panneton,sa3060203,,,,,,left_only
chadpantuso,Chad Pantuso,sa3060204,,,,,,left_only
cameronpapetti,Cameron Papetti,sa3060205,,,,,,left_only
malachipaplanus,Malachi Paplanus,sa3060206,,,,,,left_only
jacobpappas,Jacob Pappas,sa3060207,,,,,,left_only
aidanparadine,Aidan Paradine,sa3060208,,,,,,left_only
dawsonpark,Dawson Park,sa3060209,,,,,,left_only
jaycepark,Jayce Park,sa3060210,,,,,,left_only
brigdenparker,Brigden Parker,sa3060211,,,,,,left_only
kevinparker,Kevin Parker,sa3060212,,,,,,left_only
landonparker,Landon Parker,sa3060213,,,,,,left_only
ryanparker,Ryan Parker,sa3060214,,,,,,left_only
jacksonparrill,Jackson Parrill,sa3060215,,,,,,left_only
jjparsons,JJ Parsons,sa3060216,,,,,,left_only
tannerpaschke,Tanner Paschke,sa3060217,,,,,,left_only
sahilpatel,Sahil Patel,sa3060218,,,,,,left_only
cadepatterson,Cade Patterson,sa3060219,,,,,,left_only
tripppatterson,Tripp Patterson,sa3060220,,,,,,left_only
kevinpauly,Kevin Pauly,sa3060221,,,,,,left_only
willpaxton,Will Paxton,sa3060222,,,,,,left_only
carterpayne,Carter Payne,sa3060223,,,,,,left_only
tevispayneii,Tevis Payne II,sa3060224,,,,,,left_only
aidanpearson,Aidan Pearson,sa3060225,,,,,,left_only
johnpearson,John Pearson,sa3060226,,,,,,left_only
lanepearson,Lane Pearson,sa3060227,,,,,,left_only
jacobpedersen,Jacob Pedersen,sa3060228,,,,,,left_only
harunpelja,Harun Pelja,sa3060229,,,,,,left_only
alexpeltier,Alex Peltier,sa3060230,,,,,,left_only
jakepemble,Jake Pemble,sa3060231,,,,,,left_only
diegopena,Diego Pena,sa3060232,,,,,,left_only
esaidpena,Esaid Pena,sa3060233,,,,,,left_only
landonpenfield,Landon Penfield,sa3060234,,,,,,left_only
gunnarpenzkover,Gunnar Penzkover,sa3060235,,,,,,left_only
fabioperalta,Fabio Peralta,sa3060236,,,,,,left_only
michaelperazzo,Michael Perazzo,sa3060237,,,,,,left_only
jakepererira,Jake Pererira,sa3060238,,,,,,left_only
chrisperez,Chris Perez,sa3060239,,,,,,left_only
joseperez,Jose Perez,sa3060241,,,,,,left_only
kennethperez,Kenneth Perez,sa3060242,,,,,,left_only
wilbertperez,Wilbert Perez,sa3060243,,,,,,left_only
xavierperez,Xavier Perez,sa3060244,,,,,,left_only
jackperotti,Jack Perotti,sa3060245,,,,,,left_only
anthonyperritano,Anthony Perritano,sa3060246,,,,,,left_only
lucaperriello,Luca Perriello,sa3060247,,,,,,left_only
andrewperry,Andrew Perry,sa3060248,,,,,,left_only
maxperry,Max Perry,sa3060249,,,,,,left_only
anthonypesci,Anthony Pesci,sa3060250,,,,,,left_only
eddiepeters,Eddie Peters,sa3060251,,,,,,left_only
owenpeterson,Owen Peterson,sa3060253,,,,,,left_only
winstonpeterson,Winston Peterson,sa3060254,,,,,,left_only
bradypetit,Brady Petit,sa3060255,,,,,,left_only
ajpetraitis,AJ Petraitis,sa3060256,,,,,,left_only
dylanpetrey,Dylan Petrey,sa3060257,,,,,,left_only
gabepetrucelli,Gabe Petrucelli,sa3060258,,,,,,left_only
benpew,Ben Pew,sa3060259,,,,,,left_only
johnpfeffer,John Pfeffer,sa3060260,,,,,,left_only
michaelpfeiffer,Michael Pfeiffer,sa3060261,,,,,,left_only
ampphillips,Amp Phillips,sa3060262,,,,,,left_only
austinphillips,Austin Phillips,sa3060263,,,,,,left_only
keltonphillips,Kelton Phillips,sa3060264,,,,,,left_only
mjphillips,MJ Phillips,sa3060265,,,,,,left_only
hunterphipps,Hunter Phipps,sa3060266,,,,,,left_only
aaronpiasecki,Aaron Piasecki,sa3060267,,,,,,left_only
ryanpiech,Ryan Piech,sa3060268,,,,,,left_only
michaelpierson,Michael Pierson,sa3060269,,,,,,left_only
braelinpilot,Braelin Pilot,sa3060270,,,,,,left_only
owenpincince,Owen Pincince,sa3060271,,,,,,left_only
joelpineiro,Joel Pineiro,sa3060272,,,,,,left_only
ajpino,A.J. Pino,sa3060273,,,,,,left_only
noahpins,Noah Pins,sa3060274,,,,,,left_only
lukapintar,Luka Pintar,sa3060275,,,,,,left_only
calebpittman,Caleb Pittman,sa3060276,,,,,,left_only
derrickpitts,Derrick Pitts,sa3060277,,,,,,left_only
gatlinpitts,Gatlin Pitts,sa3060278,,,,,,left_only
reinaldoplascencia,Reinaldo Plascencia,sa3060279,,,,,,left_only
austinplisinski,Austin Plisinski,sa3060280,,,,,,left_only
mikeyplummer,Mikey Plummer,sa3060281,,,,,,left_only
ashtonpocol,Ashton Pocol,sa3060282,,,,,,left_only
jppodgorski,JP Podgorski,sa3060283,,,,,,left_only
drewpolitte,Drew Politte,sa3060284,,,,,,left_only
jaypolite,Jay Polite,sa3060285,,,,,,left_only
jeffreypolledo,Jeffrey Polledo,sa3060286,,,,,,left_only
jeterpolledo,Jeter Polledo,sa3060287,,,,,,left_only
tommypopoff,Tommy Popoff,sa3060288,,,,,,left_only
rhyderpoppell,Rhyder Poppell,sa3060289,,,,,,left_only
hollisporter,Hollis Porter,sa3060290,,,,,,left_only
jackporter,Jack Porter,sa3060292,,,,,,left_only
hunterpossehl,Hunter Possehl,sa3060293,,,,,,left_only
aaronpotter,Aaron Potter,sa3060294,,,,,,left_only
jakobpoturnak,Jakob Poturnak,sa3060296,,,,,,left_only
kylepowers,Kyle Powers,sa3060297,,,,,,left_only
treypower,Trey Power,sa3060298,,,,,,left_only
christianpownall,Christian Pownall,sa3060299,,,,,,left_only
cadepregeant,Cade Pregeant,sa3060300,,,,,,left_only
ryanpreisano,Ryan Preisano,sa3060301,,,,,,left_only
jacepresley,Jace Presley,sa3060302,,,,,,left_only
tylerpresnell,Tyler Presnell,sa3060303,,,,,,left_only
williamprice,William Price,sa3060304,,,,,,left_only
blaisepriester,Blaise Priester,sa3060305,,,,,,left_only
joshprieto,Josh Prieto,sa3060306,,,,,,left_only
blakeprimrose,Blake Primrose,sa3060307,,,,,,left_only
cooperprince,Cooper Prince,sa3060308,,,,,,left_only
henryprindl,Henry Prindl,sa3060309,,,,,,left_only
lukeproehl,Luke Proehl,sa3060310,,,,,,left_only
stevenproko,Steven Proko,sa3060311,,,,,,left_only
jaidenproper,Jaiden Proper,sa3060312,,,,,,left_only
ryanpruitt,Ryan Pruitt,sa3060313,,,,,,left_only
cortpryor,Cort Pryor,sa3060314,,,,,,left_only
tylerprystajko,Tyler Prystajko,sa3060315,,,,,,left_only
adampuder,Adam Puder,sa3060316,,,,,,left_only
austinpuett,Austin Puett,sa3060317,,,,,,left_only
ethanpuig,Ethan Puig,sa3060318,,,,,,left_only
rohanputz,Rohan Putz,sa3060319,,,,,,left_only
noahquarless,Noah Quarless,sa3060320,,,,,,left_only
michealquedens,Micheal Quedens,sa3060321,,,,,,left_only
wyattqueen,Wyatt Queen,sa3060322,,,,,,left_only
adrianquezada,Adrian Quezada,sa3060323,,,,,,left_only
michaelquick,Michael Quick,sa3060324,,,,,,left_only
ashtonquiller,Ashton Quiller,sa3060325,,,,,,left_only
mikerabayda,Mike Rabayda,sa3060326,,,,,,left_only
braydenrader,Brayden Rader,sa3060327,,,,,,left_only
jakeradosevich,Jake Radosevich,sa3060328,,,,,,left_only
aaronragat,Aaron Ragat,sa3060329,,,,,,left_only
andrewramirez,Andrew Ramirez,sa3060330,,,,,,left_only
chrisramirez,Chris Ramirez,sa3060331,,,,,,left_only
fabianramirez,Fabian Ramirez,sa3060332,,,,,,left_only
alexramos,Alex Ramos,sa3060333,,,,,,left_only
brodyrasmussen,Brody Rasmussen,sa3060334,,,,,,left_only
andrewravelo,Andrew Ravelo,sa3060335,,,,,,left_only
ericrawlings,Eric Rawlings,sa3060336,,,,,,left_only
hunterray,Hunter Ray,sa3060337,,,,,,left_only
kadinray,Kadin Ray,sa3060338,,,,,,left_only
keatonray,Keaton Ray,sa3060339,,,,,,left_only
tylerray,Tyler Ray,sa3060340,,,,,,left_only
andrewrayment,Andrew Rayment,sa3060341,,,,,,left_only
andrewraymond,Andrew Raymond,sa3060342,,,,,,left_only
tannerreaves,Tanner Reaves,sa3060343,,,,,,left_only
trevorrector,Trevor Rector,sa3060344,,,,,,left_only
ryanredmond,Ryan Redmond,sa3060345,,,,,,left_only
cooperreese,Cooper Reese,sa3060346,,,,,,left_only
bradenregala,Braden Regala,sa3060347,,,,,,left_only
benrehkow,Ben Rehkow,sa3060348,,,,,,left_only
matthewreinholtz,Matthew Reinholtz,sa3060349,,,,,,left_only
tysonreis,Tyson Reis,sa3060350,,,,,,left_only
masonreising,Mason Reising,sa3060351,,,,,,left_only
chrisrembert,Chris Rembert,sa3060352,,,,,,left_only
drewrerick,Drew Rerick,sa3060353,,,,,,left_only
alonsoreyes,Alonso Reyes,sa3060354,,,,,,left_only
samreynolds,Sam Reynolds,sa3060355,,,,,,left_only
stormyrhodes,Stormy Rhodes,sa3060356,,,,,,left_only
cannonrice,Cannon Rice,sa3060357,,,,,,left_only
lewrice,Lew Rice,sa3060358,,,,,,left_only
carterrichardson,Carter Richardson,sa3060359,,,,,,left_only
colerichardson,Cole Richardson,sa3060360,,,,,,left_only
jonahrichardson,Jonah Richardson,sa3060361,,,,,,left_only
karsenrichard,Karsen Richard,sa3060362,,,,,,left_only
alexrichter,Alex Richter,sa3060363,,,,,,left_only
michaelrickert,Michael Rickert,sa3060364,,,,,,left_only
pearsonriebock,Pearson Riebock,sa3060365,,,,,,left_only
micahrienstrakiracofe,Micah Rienstra-Kiracofe,sa3060366,,,,,,left_only
jesusriera,Jesus Riera,sa3060367,,,,,,left_only
nathanries,Nathan Ries,sa3060368,,,,,,left_only
rustanrigdon,Rustan Rigdon,sa3060369,,,,,,left_only
loganrightmyer,Logan Rightmyer,sa3060370,,,,,,left_only
michaelriley,Michael Riley,sa3060371,,,,,,left_only
noahrinehart,Noah Rinehart,sa3060372,,,,,,left_only
ryanrios,Ryan Rios,sa3060373,,,,,,left_only
nashrippen,Nash Rippen,sa3060374,,,,,,left_only
milesrisley,Miles Risley,sa3060375,,,,,,left_only
robertrispoli,Robert Rispoli,sa3060376,,,,,,left_only
aidanrisse,Aidan Risse,sa3060377,,,,,,left_only
rianeritter,Riane Ritter,sa3060378,,,,,,left_only
alexritzer,Alex Ritzer,sa3060379,,,,,,left_only
anibalrivera,Anibal Rivera,sa3060380,,,,,,left_only
nelsonriveraflores,Nelson Rivera Flores,sa3060381,,,,,,left_only
noelrivera,Noel Rivera,sa3060382,,,,,,left_only
ryanrivera,Ryan Rivera,sa3060383,,,,,,left_only
mavrickrizy,Mavrick Rizy,sa3060384,,,,,,left_only
johnrizzo,John Rizzo,sa3060385,,,,,,left_only
brooksroberson,Brooks Roberson,sa3060386,,,,,,left_only
lukerobertson,Luke Robertson,sa3060387,,,,,,left_only
taterobertson,Tate Robertson,sa3060388,,,,,,left_only
jakerobinson,Jake Robinson,sa3060389,,,,,,left_only
rashadrobinson,Rashad Robinson,sa3060391,,,,,,left_only
brunorobles,Bruno Robles,sa3060392,,,,,,left_only
colinrobson,Colin Robson,sa3060393,,,,,,left_only
mikeyrocha,Mikey Rocha,sa3060394,,,,,,left_only
jordanrodarte,Jordan Rodarte,sa3060395,,,,,,left_only
chaserodgers,Chase Rodgers,sa3060396,,,,,,left_only
peytonrodgers,Peyton Rodgers,sa3060397,,,,,,left_only
bjrodriguez,BJ Rodriguez,sa3060400,,,,,,left_only
damianrodriguez,Damian Rodriguez,sa3060401,,,,,,left_only
dominicrodriguez,Dominic Rodriguez,sa3060403,,,,,,left_only
javierrodriguez,Javier Rodriguez,sa3060406,,,,,,left_only
jdrodriguez,JD Rodriguez,sa3060407,,,,,,left_only
brodyroe,Brody Roe,sa3060408,,,,,,left_only
parkroeder,Park Roeder,sa3060409,,,,,,left_only
austenroellig,Austen Roellig,sa3060410,,,,,,left_only
braydonrogers,Braydon Rogers,sa3060411,,,,,,left_only
brettrogers,Brett Rogers,sa3060412,,,,,,left_only
danielrogers,Daniel Rogers,sa3060413,,,,,,left_only
drewrogers,Drew Rogers,sa3060414,,,,,,left_only
prestonrogers,Preston Rogers,sa3060415,,,,,,left_only
justinroitman,Justin Roitman,sa3060416,,,,,,left_only
matthewrollison,Matthew Rollison,sa3060417,,,,,,left_only
braedenromero,Braeden Romero,sa3060418,,,,,,left_only
jorgeromero,Jorge Romero,sa3060419,,,,,,left_only
parkromney,Park Romney,sa3060420,,,,,,left_only
matthewroncalli,Matthew Roncalli,sa3060421,,,,,,left_only
jacksonrooker,Jackson Rooker,sa3060422,,,,,,left_only
macrose,Mac Rose,sa3060423,,,,,,left_only
benrosin,Ben Rosin,sa3060424,,,,,,left_only
connerross,Conner Ross,sa3060425,,,,,,left_only
grantross,Grant Ross,sa3060426,,,,,,left_only
jackross,Jack Ross,sa3060427,,,,,,left_only
jaxsonross,Jaxson Ross,sa3060428,,,,,,left_only
maxross,Max Ross,sa3060429,,,,,,left_only
ethanrossi,Ethan Rossi,sa3060431,,,,,,left_only
ethanrothstein,Ethan Rothstein,sa3060432,,,,,,left_only
brockroundy,Brock Roundy,sa3060433,,,,,,left_only
westonrouse,Weston Rouse,sa3060434,,,,,,left_only
bradyrouton,Brady Routon,sa3060435,,,,,,left_only
alexroux,Alex Roux,sa3060436,,,,,,left_only
tommyrover,Tommy Rover,sa3060437,,,,,,left_only
porterrovin,Porter Rovin,sa3060438,,,,,,left_only
ethanrowland,Ethan Rowland,sa3060439,,,,,,left_only
gavinroy,Gavin Roy,sa3060440,,,,,,left_only
coleroyer,Cole Royer,sa3060441,,,,,,left_only
aaronrubio,Aaron Rubio,sa3060442,,,,,,left_only
ryanruch,Ryan Ruch,sa3060443,,,,,,left_only
brycerudisill,Bryce Rudisill,sa3060444,,,,,,left_only
stephenruhle,Stephen Ruhle,sa3060445,,,,,,left_only
justinrumfield,Justin Rumfield,sa3060446,,,,,,left_only
garrettrusch,Garrett Rusch,sa3060447,,,,,,left_only
dominickruss,Dominick Russ,sa3060448,,,,,,left_only
charlierussell,Charlie Russell,sa3060449,,,,,,left_only
houstonrussell,Houston Russell,sa3060450,,,,,,left_only
masonrussell,Mason Russell,sa3060451,,,,,,left_only
zachrussell,Zach Russell,sa3060452,,,,,,left_only
grantrusso,Grant Russo,sa3060453,,,,,,left_only
calrutherford,Cal Rutherford,sa3060454,,,,,,left_only
frankierutigliano,Frankie Rutigliano,sa3060455,,,,,,left_only
treyrutledge,Trey Rutledge,sa3060456,,,,,,left_only
dillonryan,Dillon Ryan,sa3060457,,,,,,left_only
connorsackett,Connor Sackett,sa3060458,,,,,,left_only
ethansalak,Ethan Salak,sa3060459,,,,,,left_only
adamsalazar,Adam Salazar,sa3060460,,,,,,left_only
jacksalmon,Jack Salmon,sa3060461,,,,,,left_only
logansaloman,Logan Saloman,sa3060462,,,,,,left_only
zevsalsberg,Zev Salsberg,sa3060463,,,,,,left_only
guriyandelsalva,Guriyandel Salva,sa3060464,,,,,,left_only
vincentsalvo,Vincent Salvo,sa3060465,,,,,,left_only
giosambito,Gio Sambito,sa3060466,,,,,,left_only
kevinsamonsky,Kevin Samonsky,sa3060467,,,,,,left_only
carsonsamuels,Carson Samuels,sa3060468,,,,,,left_only
vincentsamuel,Vincent Samuel,sa3060469,,,,,,left_only
edwinsanchez,Edwin Sanchez,sa3060470,,,,,,left_only
kamaehusanchez,Kamaehu Sanchez,sa3060472,,,,,,left_only
lexsanchez,Lex Sanchez,sa3060473,,,,,,left_only
tracesanchez,Trace Sanchez,sa3060474,,,,,,left_only
baylorsandberg,Baylor Sandberg,sa3060475,,,,,,left_only
alexandersanderson,Alexander Sanderson,sa3060476,,,,,,left_only
calebsanders,Caleb Sanders,sa3060477,,,,,,left_only
camdensanders,Camden Sanders,sa3060478,,,,,,left_only
gatlinsanders,Gatlin Sanders,sa3060479,,,,,,left_only
jacksonsanders,Jackson Sanders,sa3060480,,,,,,left_only
juliansanders,Julian Sanders,sa3060481,,,,,,left_only
nolansandee,Nolan Sandee,sa3060482,,,,,,left_only
russellsandefer,Russell Sandefer,sa3060483,,,,,,left_only
willsanford,Will Sanford,sa3060484,,,,,,left_only
jeremysangalang,Jeremy Sangalang,sa3060485,,,,,,left_only
anthonysanguedolce,Anthony Sanguedolce,sa3060486,,,,,,left_only
fabiansantana,Fabian Santana,sa3060487,,,,,,left_only
janluissantiago,Janluis Santiago,sa3060488,,,,,,left_only
albertosantosiv,Alberto Santos IV,sa3060489,,,,,,left_only
mannysantos,Manny Santos,sa3060490,,,,,,left_only
serignesarre,Serigne Sarre,sa3060491,,,,,,left_only
rintarosasaki,Rintaro Sasaki,sa3060492,,,,,,left_only
bradysasse,Brady Sasse,sa3060493,,,,,,left_only
johnpaulsauer,John-Paul Sauer,sa3060494,,,,,,left_only
charliesaul,Charlie Saul,sa3060495,,,,,,left_only
michaelvincentsaumell,Michael Vincent Saumell,sa3060496,,,,,,left_only
gilbertsaundersiii,Gilbert Saunders III,sa3060497,,,,,,left_only
antonellisavattere,Antonelli Savattere,sa3060498,,,,,,left_only
jordansavinon,Jordan Savinon,sa3060499,,,,,,left_only
natesavoie,Nate Savoie,sa3060500,,,,,,left_only
billyscaldeferri,Billy Scaldeferri,sa3060501,,,,,,left_only
coleyschaefer,Coley Schaefer,sa3060503,,,,,,left_only
tannerschaedel,Tanner Schaedel,sa3060504,,,,,,left_only
jackschark,Jack Schark,sa3060505,,,,,,left_only
benjaminschechterman,Benjamin Schechterman,sa3060506,,,,,,left_only
felixschelde,Felix Schelde,sa3060507,,,,,,left_only
brandonscheurer,Brandon Scheurer,sa3060508,,,,,,left_only
djscheumann,DJ Scheumann,sa3060509,,,,,,left_only
owenschexnaydre,Owen Schexnaydre,sa3060510,,,,,,left_only
dylanschlaegel,Dylan Schlaegel,sa3060511,,,,,,left_only
tjschlageter,TJ Schlageter,sa3060512,,,,,,left_only
carlschmidt,Carl Schmidt,sa3060513,,,,,,left_only
tateschmidt,Tate Schmidt,sa3060514,,,,,,left_only
tylerschmitt,Tyler Schmitt,sa3060515,,,,,,left_only
williamschmidt,William Schmidt,sa3060516,,,,,,left_only
aydenschnarrs,Ayden Schnarrs,sa3060517,,,,,,left_only
braedenschnabel,Braeden Schnabel,sa3060518,,,,,,left_only
loganscholl,Logan Scholl,sa3060519,,,,,,left_only
kevinschoneboom,Kevin Schoneboom,sa3060520,,,,,,left_only
carsonschrack,Carson Schrack,sa3060521,,,,,,left_only
connorschramm,Connor Schramm,sa3060522,,,,,,left_only
augustoschroeder,Augusto Schroeder,sa3060523,,,,,,left_only
aidanschuck,Aidan Schuck,sa3060524,,,,,,left_only
receschuerman,Rece Schuerman,sa3060525,,,,,,left_only
jakobschulz,Jakob Schulz,sa3060526,,,,,,left_only
kooperschulte,Kooper Schulte,sa3060527,,,,,,left_only
timschuler,Tim Schuler,sa3060528,,,,,,left_only
paulschuyler,Paul Schuyler,sa3060529,,,,,,left_only
bradyschwartzberg,Brady Schwartzberg,sa3060530,,,,,,left_only
zacharyschwartzberg,Zachary Schwartzberg,sa3060531,,,,,,left_only
landonscilley,Landon Scilley,sa3060532,,,,,,left_only
kjscobey,KJ Scobey,sa3060533,,,,,,left_only
calscolari,Cal Scolari,sa3060534,,,,,,left_only
djscott,DJ Scott,sa3060535,,,,,,left_only
dylanscudder,Dylan Scudder,sa3060536,,,,,,left_only
lukescwartz,Luke Scwartz,sa3060537,,,,,,left_only
camronseagraves,Camron Seagraves,sa3060538,,,,,,left_only
blakesehlke,Blake Sehlke,sa3060539,,,,,,left_only
griffinseibel,Griffin Seibel,sa3060540,,,,,,left_only
ryansell,Ryan Sell,sa3060541,,,,,,left_only
austinsellers,Austin Sellers,sa3060542,,,,,,left_only
ryansellers,Ryan Sellers,sa3060543,,,,,,left_only
gavinsentell,Gavin Sentell,sa3060544,,,,,,left_only
ryanseo,Ryan Seo,sa3060545,,,,,,left_only
nolansergeant,Nolan Sergeant,sa3060546,,,,,,left_only
martinserrano,Martin Serrano,sa3060547,,,,,,left_only
isaacsewell,Isaac Sewell,sa3060548,,,,,,left_only
brodysexton,Brody Sexton,sa3060549,,,,,,left_only
mattsgambati,Matt Sgambati,sa3060550,,,,,,left_only
justinshadek,Justin Shadek,sa3060551,,,,,,left_only
demitrishakotko,Demitri Shakotko,sa3060552,,,,,,left_only
lukeshannahan,Luke Shannahan,sa3060553,,,,,,left_only
willshannon,Will Shannon,sa3060554,,,,,,left_only
michaelsharman,Michael Sharman,sa3060555,,,,,,left_only
connorshaw,Connor Shaw,sa3060556,,,,,,left_only
trentonshaw,Trenton Shaw,sa3060557,,,,,,left_only
tylershaw,Tyler Shaw,sa3060558,,,,,,left_only
brysonshea,Bryson Shea,sa3060559,,,,,,left_only
coopersheff,Cooper Sheff,sa3060560,,,,,,left_only
jeremysheffield,Jeremy Sheffield,sa3060561,,,,,,left_only
lincolnsheffield,Lincoln Sheffield,sa3060562,,,,,,left_only
noahsheffield,Noah Sheffield,sa3060563,,,,,,left_only
jacksheldon,Jack Sheldon,sa3060564,,,,,,left_only
skipshenosky,Skip Shenosky,sa3060565,,,,,,left_only
troyshepard,Troy Shepard,sa3060566,,,,,,left_only
dylanshepherd,Dylan Shepherd,sa3060567,,,,,,left_only
cadensheridan,Caden Sheridan,sa3060568,,,,,,left_only
matthewshorey,Matthew Shorey,sa3060569,,,,,,left_only
brodieshort,Brodie Short,sa3060570,,,,,,left_only
garrettshull,Garrett Shull,sa3060571,,,,,,left_only
jonahshull,Jonah Shull,sa3060572,,,,,,left_only
rodneyshultz,Rodney Shultz,sa3060573,,,,,,left_only
cadeshumard,Cade Shumard,sa3060574,,,,,,left_only
michaelsiemer,Michael Siemer,sa3060575,,,,,,left_only
joesiervo,Joe Siervo,sa3060576,,,,,,left_only
yatessikes,Yates Sikes,sa3060577,,,,,,left_only
samsimmons,Sam Simmons,sa3060578,,,,,,left_only
colesimoneaux,Cole Simoneaux,sa3060579,,,,,,left_only
tommysimon,Tommy Simon,sa3060580,,,,,,left_only
blakesimpson,Blake Simpson,sa3060581,,,,,,left_only
tannersimpson,Tanner Simpson,sa3060582,,,,,,left_only
garrettsims,Garrett Sims,sa3060583,,,,,,left_only
ajsinger,AJ Singer,sa3060584,,,,,,left_only
lukesingleton,Luke Singleton,sa3060585,,,,,,left_only
markosipila,Marko Sipila,sa3060586,,,,,,left_only
jacksonsirois,Jackson Sirois,sa3060587,,,,,,left_only
colinskermont,Colin Skermont,sa3060588,,,,,,left_only
ryanskjonsby,Ryan Skjonsby,sa3060589,,,,,,left_only
joshskowronski,Josh Skowronski,sa3060590,,,,,,left_only
claytonslack,Clayton Slack,sa3060591,,,,,,left_only
garrettsloan,Garrett Sloan,sa3060592,,,,,,left_only
aydenslott,Ayden Slott,sa3060593,,,,,,left_only
danesmall,Dane Small,sa3060594,,,,,,left_only
noahsmallwood,Noah Smallwood,sa3060595,,,,,,left_only
pipsmalley,Pip Smalley,sa3060596,,,,,,left_only
cranzsmelcer,Cranz Smelcer,sa3060597,,,,,,left_only
landonsmelser,Landon Smelser,sa3060598,,,,,,left_only
angelosmith,Angelo Smith,sa3060599,,,,,,left_only
braydensmith,Brayden Smith,sa3060601,,,,,,left_only
connersmith,Conner Smith,sa3060604,,,,,,left_only
daltonsmith,Dalton Smith,sa3060605,,,,,,left_only
dantesmith,Dante Smith,sa3060606,,,,,,left_only
eastensmith,Easten Smith,sa3060608,,,,,,left_only
ethansmith,Ethan Smith,sa3060609,,,,,,left_only
gabesmith,Gabe Smith,sa3060610,,,,,,left_only
glennsmith,Glenn Smith,sa3060611,,,,,,left_only
griffinsmith,Griffin Smith,sa3060612,,,,,,left_only
jamessmithiv,James Smith IV,sa3060613,,,,,,left_only
jacksonsmith,Jackson Smith,sa3060614,,,,,,left_only
jonathansmith,Jonathan Smith,sa3060616,,,,,,left_only
johnsmith,John Smith,sa3060617,,,,,,left_only
kadensmith,Kaden Smith,sa3060618,,,,,,left_only
lucassmith,Lucas Smith,sa3060621,,,,,,left_only
milessmith,Miles Smith,sa3060622,,,,,,left_only
nicksmith,Nick Smith,sa3060623,,,,,,left_only
sawyersmith,Sawyer Smith,sa3060624,,,,,,left_only
tuckersmith,Tucker Smith,sa3060625,,,,,,left_only
tysmolinski,Ty Smolinski,sa3060627,,,,,,left_only
jacobsmoot,Jacob Smoot,sa3060628,,,,,,left_only
willsmoot,Will Smoot,sa3060629,,,,,,left_only
chasesnavely,Chase Snavely,sa3060630,,,,,,left_only
dylansnead,Dylan Snead,sa3060631,,,,,,left_only
nyenatisnoh,Nyenati Snoh,sa3060632,,,,,,left_only
corbinsnyder,Corbin Snyder,sa3060633,,,,,,left_only
trentonsnyder,Trenton Snyder,sa3060634,,,,,,left_only
sawyersolitaria,Sawyer Solitaria,sa3060635,,,,,,left_only
jaxonsorenson,Jaxon Sorenson,sa3060636,,,,,,left_only
chasesorlie,Chase Sorlie,sa3060637,,,,,,left_only
rafaelsoto,Rafael Soto,sa3060638,,,,,,left_only
jakesouders,Jake Souders,sa3060639,,,,,,left_only
teesouthisene,Tee Southisene,sa3060640,,,,,,left_only
carrsonsova,Carrson Sova,sa3060641,,,,,,left_only
trevorspainhoward,Trevor Spainhoward,sa3060642,,,,,,left_only
nolansparks,Nolan Sparks,sa3060643,,,,,,left_only
graysonsparr,Grayson Sparr,sa3060644,,,,,,left_only
tylersparrer,Tyler Sparrer,sa3060645,,,,,,left_only
treyspees,Trey Spees,sa3060646,,,,,,left_only
andrewsperanza,Andrew Speranza,sa3060647,,,,,,left_only
joesperry,Joe Sperry,sa3060648,,,,,,left_only
charliespoonhour,Charlie Spoonhour,sa3060649,,,,,,left_only
stefanstahl,Stefan Stahl,sa3060650,,,,,,left_only
haydenstallings,Hayden Stallings,sa3060651,,,,,,left_only
maxstammel,Max Stammel,sa3060652,,,,,,left_only
imarionstanberry,Imarion Stanberry,sa3060653,,,,,,left_only
mattstancliff,Matt Stancliff,sa3060654,,,,,,left_only
carterstanford,Carter Stanford,sa3060655,,,,,,left_only
bobbystang,Bobby Stang,sa3060656,,,,,,left_only
jedstangetregear,Jed Stange-Tregear,sa3060657,,,,,,left_only
wyattstanley,Wyatt Stanley,sa3060658,,,,,,left_only
ethanstarks,Ethan Starks,sa3060659,,,,,,left_only
elisteadman,Eli Steadman,sa3060660,,,,,,left_only
peytonsteele,Peyton Steele,sa3060661,,,,,,left_only
anthonysteinhoff,Anthony Steinhoff,sa3060662,,,,,,left_only
nathanstein,Nathan Stein,sa3060663,,,,,,left_only
aaronstelogeannis,Aaron Stelogeannis,sa3060664,,,,,,left_only
jordanstephens,Jordan Stephens,sa3060665,,,,,,left_only
marcstephens,Marc Stephens,sa3060666,,,,,,left_only
seanstephenson,Sean Stephenson,sa3060667,,,,,,left_only
spencerstephens,Spencer Stephens,sa3060668,,,,,,left_only
jonahstepner,Jonah Stepner,sa3060669,,,,,,left_only
natestern,Nate Stern,sa3060670,,,,,,left_only
jaredstevenson,Jared Stevenson,sa3060671,,,,,,left_only
jonnystevens,Jonny Stevens,sa3060672,,,,,,left_only
rhysstevens,Rhys Stevens,sa3060673,,,,,,left_only
finneganstewart,Finnegan Stewart,sa3060674,,,,,,left_only
macstiffler,Mac Stiffler,sa3060675,,,,,,left_only
justinstimpson,Justin Stimpson,sa3060676,,,,,,left_only
rylenstockton,Rylen Stockton,sa3060677,,,,,,left_only
dylanstory,Dylan Story,sa3060678,,,,,,left_only
karstenstotlar,Karsten Stotlar,sa3060679,,,,,,left_only
sagestout,Sage Stout,sa3060680,,,,,,left_only
trevorstowe,Trevor Stowe,sa3060681,,,,,,left_only
bradystpierre,Brady St. Pierre,sa3060682,,,,,,left_only
brendanstrenke,Brendan Strenke,sa3060683,,,,,,left_only
travisstroh,Travis Stroh,sa3060684,,,,,,left_only
sawyerstrosnider,Sawyer Strosnider,sa3060685,,,,,,left_only
liamstumpf,Liam Stumpf,sa3060686,,,,,,left_only
isaacsturgess,Isaac Sturgess,sa3060687,,,,,,left_only
caydensuchy,Cayden Suchy,sa3060688,,,,,,left_only
billysullivan,Billy Sullivan,sa3060689,,,,,,left_only
carlsullivan,Carl Sullivan,sa3060690,,,,,,left_only
casesullivan,Case Sullivan,sa3060691,,,,,,left_only
spencersullivan,Spencer Sullivan,sa3060692,,,,,,left_only
pranavsundar,Pranav Sundar,sa3060693,,,,,,left_only
camdensunstrom,Camden Sunstrom,sa3060694,,,,,,left_only
breyllinsuriel,Breyllin Suriel,sa3060695,,,,,,left_only
brodesusce,Brode Susce,sa3060696,,,,,,left_only
huntersute,Hunter Sute,sa3060697,,,,,,left_only
matthewsutera,Matthew Sutera,sa3060698,,,,,,left_only
camsuto,Cam Suto,sa3060699,,,,,,left_only
stevensvenson,Steven Svenson,sa3060700,,,,,,left_only
jackswaney,Jack Swaney,sa3060701,,,,,,left_only
brendensweeney,Brenden Sweeney,sa3060702,,,,,,left_only
parkersweeney,Parker Sweeney,sa3060703,,,,,,left_only
seansweeney,Sean Sweeney,sa3060704,,,,,,left_only
chaseswift,Chase Swift,sa3060705,,,,,,left_only
julianswift,Julian Swift,sa3060706,,,,,,left_only
brodyswindle,Brody Swindle,sa3060707,,,,,,left_only
eastonswofford,Easton Swofford,sa3060708,,,,,,left_only
treyswygart,Trey Swygart,sa3060709,,,,,,left_only
jacksylvia,Jack Sylvia,sa3060710,,,,,,left_only
colesyversen,Cole Syversen,sa3060711,,,,,,left_only
mikeszturma,Mike Szturma,sa3060712,,,,,,left_only
coletabor,Cole Tabor,sa3060713,,,,,,left_only
aidantaclas,Aidan Taclas,sa3060714,,,,,,left_only
chucktallman,Chuck Tallman,sa3060715,,,,,,left_only
makanitanaka,Makani Tanaka,sa3060716,,,,,,left_only
leeroytavarez,Leeroy Tavarez,sa3060717,,,,,,left_only
evantaveras,Evan Taveras,sa3060718,,,,,,left_only
claytontaylor,Clayton Taylor,sa3060719,,,,,,left_only
kamtaylor,Kam Taylor,sa3060720,,,,,,left_only
luketaylor,Luke Taylor,sa3060721,,,,,,left_only
wiltontaylor,Wilton Taylor,sa3060722,,,,,,left_only
eastonteel,Easton Teel,sa3060723,,,,,,left_only
jacksonteer,Jackson Teer,sa3060724,,,,,,left_only
cameronteinert,Cameron Teinert,sa3060725,,,,,,left_only
timteixeira,Tim Teixeira,sa3060726,,,,,,left_only
richardtejeda,Richard Tejeda,sa3060727,,,,,,left_only
codytempleton,Cody Templeton,sa3060728,,,,,,left_only
milestenscher,Miles Tenscher,sa3060729,,,,,,left_only
cameronteper,Cameron Teper,sa3060730,,,,,,left_only
bubterrell,Bub Terrell,sa3060731,,,,,,left_only
harrisonthayer,Harrison Thayer,sa3060732,,,,,,left_only
noahthein,Noah Thein,sa3060733,,,,,,left_only
lukethiele,Luke Thiele,sa3060734,,,,,,left_only
noahthigpen,Noah Thigpen,sa3060735,,,,,,left_only
bradythomas,Brady Thomas,sa3060736,,,,,,left_only
matthewthomas,Matthew Thomas,sa3060739,,,,,,left_only
ryanthomas,Ryan Thomas,sa3060740,,,,,,left_only
brockthompson,Brock Thompson,sa3060741,,,,,,left_only
gavinthompson,Gavin Thompson,sa3060742,,,,,,left_only
jackthompson,Jack Thompson,sa3060743,,,,,,left_only
jjthompson,J.J. Thompson,sa3060744,,,,,,left_only
joshthompson,Josh Thompson,sa3060745,,,,,,left_only
jtthompson,J.T. Thompson,sa3060746,,,,,,left_only
kyelerthompson,Kyeler Thompson,sa3060747,,,,,,left_only
tailithompson,Taili Thompson,sa3060748,,,,,,left_only
tylerthompson,Tyler Thompson,sa3060749,,,,,,left_only
colbythorndyke,Colby Thorndyke,sa3060751,,,,,,left_only
dawsonthrush,Dawson Thrush,sa3060752,,,,,,left_only
natetichy,Nate Tichy,sa3060753,,,,,,left_only
nolantillit,Nolan Tillit,sa3060754,,,,,,left_only
michaeltimberlake,Michael Timberlake,sa3060755,,,,,,left_only
bentimblin,Ben Timblin,sa3060756,,,,,,left_only
braylentimmins,Braylen Timmins,sa3060757,,,,,,left_only
blaketimmons,Blake Timmons,sa3060758,,,,,,left_only
justintims,Justin Tims,sa3060759,,,,,,left_only
andrewtinsley,Andrew Tinsley,sa3060760,,,,,,left_only
daytontockey,Dayton Tockey,sa3060761,,,,,,left_only
tristontodorowski,Triston Todorowski,sa3060762,,,,,,left_only
deantoigo,Dean Toigo,sa3060763,,,,,,left_only
nicktomasetto,Nick Tomasetto,sa3060764,,,,,,left_only
taylortomlin,Taylor Tomlin,sa3060765,,,,,,left_only
austintommasini,Austin Tommasini,sa3060766,,,,,,left_only
zainetoneske,Zaine Toneske,sa3060767,,,,,,left_only
noahtoole,Noah Toole,sa3060768,,,,,,left_only
matttoomey,Matt Toomey,sa3060769,,,,,,left_only
aidentorrez,Aiden Torrez,sa3060770,,,,,,left_only
bostontorres,Boston Torres,sa3060771,,,,,,left_only
christorres,Chris Torres,sa3060772,,,,,,left_only
dylantorres,Dylan Torres,sa3060773,,,,,,left_only
michaeltorres,Michael Torres,sa3060774,,,,,,left_only
sebastiantorres,Sebastian Torres,sa3060775,,,,,,left_only
niktoups,Nik Toups,sa3060776,,,,,,left_only
danieltovar,Daniel Tovar,sa3060777,,,,,,left_only
andrewtownson,Andrew Townson,sa3060778,,,,,,left_only
domenicotozzi,Domenico Tozzi,sa3060779,,,,,,left_only
owentracy,Owen Tracy,sa3060780,,,,,,left_only
nolantraeger,Nolan Traeger,sa3060781,,,,,,left_only
braxtontramel,Braxton Tramel,sa3060782,,,,,,left_only
cjtrask,CJ Trask,sa3060783,,,,,,left_only
jacetrautner,Jace Trautner,sa3060784,,,,,,left_only
harrisontravis,Harrison Travis,sa3060785,,,,,,left_only
brysontreichel,Bryson Treichel,sa3060786,,,,,,left_only
justintrinidad,Justin Trinidad,sa3060787,,,,,,left_only
hanktripaldi,Hank Tripaldi,sa3060788,,,,,,left_only
maxtripure,Max Tripure,sa3060789,,,,,,left_only
colintrizuto,Colin Trizuto,sa3060790,,,,,,left_only
haydentronson,Hayden Tronson,sa3060791,,,,,,left_only
mactufts,Mac Tufts,sa3060792,,,,,,left_only
danteturgeon,Dante Turgeon,sa3060793,,,,,,left_only
bryceturner,Bryce Turner,sa3060794,,,,,,left_only
cyturner,Cy Turner,sa3060795,,,,,,left_only
hassanturner,Hassan Turner,sa3060796,,,,,,left_only
isaacturner,Isaac Turner,sa3060797,,,,,,left_only
jackturner,Jack Turner,sa3060798,,,,,,left_only
timothytyler,Timothy Tyler,sa3060799,,,,,,left_only
taggertyson,Tagger Tyson,sa3060800,,,,,,left_only
ryanuhlenhake,Ryan Uhlenhake,sa3060801,,,,,,left_only
joshulery,Josh Ulery,sa3060802,,,,,,left_only
anthonyumbach,Anthony Umbach,sa3060803,,,,,,left_only
nolanumlandt,Nolan Umlandt,sa3060804,,,,,,left_only
anthonyunga,Anthony Unga,sa3060805,,,,,,left_only
kentonunruh,Kenton Unruh,sa3060806,,,,,,left_only
nikourquidi,Niko Urquidi,sa3060807,,,,,,left_only
diegourreta,Diego Urreta,sa3060808,,,,,,left_only
dantevachini,Dante Vachini,sa3060809,,,,,,left_only
maxvaisvila,Max Vaisvila,sa3060810,,,,,,left_only
ericvaldez,Eric Valdez,sa3060811,,,,,,left_only
jorgevaldes,Jorge Valdes,sa3060812,,,,,,left_only
alexvalentin,Alex Valentin,sa3060813,,,,,,left_only
karehvalentin,Kareh Valentin,sa3060814,,,,,,left_only
tomasvalincius,Tomas Valincius,sa3060815,,,,,,left_only
michaelvallone,Michael Vallone,sa3060816,,,,,,left_only
tylervandyke,Tyler Van Dyke,sa3060817,,,,,,left_only
chasevanameyde,Chase Van Ameyde,sa3060818,,,,,,left_only
ryanvandewater,Ryan VanDeWater,sa3060819,,,,,,left_only
vinnievanderwel,Vinnie Van der Wel,sa3060820,,,,,,left_only
jesusvanegas,Jesus Vanegas,sa3060821,,,,,,left_only
carsonvanhaaren,Carson Van Haaren,sa3060822,,,,,,left_only
jonathonvanness,Jonathon Van Ness,sa3060823,,,,,,left_only
matthewvanostenbridge,Matthew VanOstenbridge,sa3060824,,,,,,left_only
ericvanvalkenburg,Eric Van Valkenburg,sa3060825,,,,,,left_only
natevargas,Nate Vargas,sa3060826,,,,,,left_only
nathanielvarnier,Nathaniel Varnier,sa3060827,,,,,,left_only
willvasseur,Will Vasseur,sa3060828,,,,,,left_only
joshvaughn,Josh Vaughn,sa3060829,,,,,,left_only
javiervazquez,Javier Vazquez,sa3060830,,,,,,left_only
paulvazquez,Paul Vazquez,sa3060831,,,,,,left_only
kentaviousveal,Kentavious Veal,sa3060832,,,,,,left_only
lucasvega,Lucas Vega,sa3060833,,,,,,left_only
patrickveintimilla,Patrick Veintimilla,sa3060834,,,,,,left_only
dustyvela,Dusty Vela,sa3060835,,,,,,left_only
tyvelardo,Ty Velardo,sa3060836,,,,,,left_only
adenvelasquez,Aden Velasquez,sa3060837,,,,,,left_only
vincevenditti,Vince Venditti,sa3060838,,,,,,left_only
nickventeicher,Nick Venteicher,sa3060839,,,,,,left_only
bostonvest,Boston Vest,sa3060840,,,,,,left_only
jeremyvest,Jeremy Vest,sa3060841,,,,,,left_only
elvisvictoriano,Elvis Victoriano,sa3060842,,,,,,left_only
patrickvienne,Patrick Vienne,sa3060843,,,,,,left_only
jakevillar,Jake Villar,sa3060844,,,,,,left_only
juanvillarreal,Juan Villarreal,sa3060845,,,,,,left_only
tylervivacqua,Tyler ViVacqua,sa3060846,,,,,,left_only
dylanvolantis,Dylan Volantis,sa3060847,,,,,,left_only
derekvolz,Derek Volz,sa3060848,,,,,,left_only
cartervrabel,Carter Vrabel,sa3060849,,,,,,left_only
jasonwachs,Jason Wachs,sa3060850,,,,,,left_only
alexwade,Alex Wade,sa3060851,,,,,,left_only
ericwainwright,Eric Wainwright,sa3060852,,,,,,left_only
jackwajda,Jack Wajda,sa3060853,,,,,,left_only
noahwaldeck,Noah Waldeck,sa3060854,,,,,,left_only
jacksonwalker,Jackson Walker,sa3060855,,,,,,left_only
weswalker,Wes Walker,sa3060856,,,,,,left_only
jonnywall,Jonny Wall,sa3060857,,,,,,left_only
micajahwall,Micajah Wall,sa3060858,,,,,,left_only
keithwallace,Keith Wallace,sa3060859,,,,,,left_only
cooperwalls,Cooper Walls,sa3060860,,,,,,left_only
charliewalsh,Charlie Walsh,sa3060861,,,,,,left_only
connorwalsh,Connor Walsh,sa3060862,,,,,,left_only
nicholaswalsh,Nicholas Walsh,sa3060863,,,,,,left_only
gavinwalters,Gavin Walters,sa3060865,,,,,,left_only
tywalton,Ty Walton,sa3060866,,,,,,left_only
wadewalton,Wade Walton,sa3060867,,,,,,left_only
cadenwanless,Caden Wanless,sa3060868,,,,,,left_only
brooksward,Brooks Ward,sa3060869,,,,,,left_only
oliverward,Oliver Ward,sa3060870,,,,,,left_only
jamesward,James Ward,sa3060871,,,,,,left_only
parkerwarner,Parker Warner,sa3060872,,,,,,left_only
hunterwarren,Hunter Warren,sa3060873,,,,,,left_only
micahwascom,Micah Wascom,sa3060874,,,,,,left_only
karsenwaslefsky,Karsen Waslefsky,sa3060875,,,,,,left_only
benwaterman,Ben Waterman,sa3060876,,,,,,left_only
landonwaters,Landon Waters,sa3060877,,,,,,left_only
wyliewaters,Wylie Waters,sa3060878,,,,,,left_only
grantwatkins,Grant Watkins,sa3060879,,,,,,left_only
reynwatson,Reyn Watson,sa3060880,,,,,,left_only
rexwatson,Rex Watson,sa3060881,,,,,,left_only
binowatters,Bino Watters,sa3060882,,,,,,left_only
colewatterson,Cole Watterson,sa3060883,,,,,,left_only
bradywatts,Brady Watts,sa3060884,,,,,,left_only
landonwaugh,Landon Waugh,sa3060885,,,,,,left_only
jakobwax,Jakob Wax,sa3060886,,,,,,left_only
treyway,Trey Way,sa3060887,,,,,,left_only
jakeweaver,Jake Weaver,sa3060888,,,,,,left_only
myleswebb,Myles Webb,sa3060889,,,,,,left_only
truittwebb,Truitt Webb,sa3060890,,,,,,left_only
lukeweber,Luke Weber,sa3060891,,,,,,left_only
tanyonweber,Tanyon Weber,sa3060892,,,,,,left_only
noahwech,Noah Wech,sa3060893,,,,,,left_only
masonweckler,Mason Weckler,sa3060894,,,,,,left_only
dylanweekly,Dylan Weekly,sa3060895,,,,,,left_only
robertwegrzyn,Robert Wegrzyn,sa3060896,,,,,,left_only
landonweidner,Landon Weidner,sa3060897,,,,,,left_only
jackweight,Jack Weight,sa3060898,,,,,,left_only
tylerweimer,Tyler Weimer,sa3060899,,,,,,left_only
micahwells,Micah Wells,sa3060900,,,,,,left_only
jackwelsch,Jack Welsch,sa3060901,,,,,,left_only
alecwelshans,Alec Welshans,sa3060902,,,,,,left_only
tpwentworth,TP Wentworth,sa3060903,,,,,,left_only
daltonwentz,Dalton Wentz,sa3060904,,,,,,left_only
gavanwernsing,Gavan Wernsing,sa3060905,,,,,,left_only
edwardwerse,Edward Werse,sa3060906,,,,,,left_only
manningwest,Manning West,sa3060907,,,,,,left_only
anthonywestbrook,Anthony Westbrook,sa3060908,,,,,,left_only
carterwhite,Carter White,sa3060909,,,,,,left_only
ianwhitejr,Ian White Jr.,sa3060911,,,,,,left_only
jamarwhitehead,Jamar Whitehead,sa3060912,,,,,,left_only
johnwhiteside,John Whiteside,sa3060913,,,,,,left_only
paytonwhitehead,Payton Whitehead,sa3060914,,,,,,left_only
daxwhitney,Dax Whitney,sa3060915,,,,,,left_only
samwiese,Sam Wiese,sa3060917,,,,,,left_only
carsonwiggins,Carson Wiggins,sa3060918,,,,,,left_only
parkerwight,Parker Wight,sa3060919,,,,,,left_only
greysonwild,Greyson Wild,sa3060920,,,,,,left_only
tomwilkie,Tom Wilkie,sa3060921,,,,,,left_only
acewilliamson,Ace Williamson,sa3060922,,,,,,left_only
brodeywilliams,Brodey Williams,sa3060923,,,,,,left_only
chasewilliams,Chase Williams,sa3060924,,,,,,left_only
daviswilliams,Davis Williams,sa3060927,,,,,,left_only
dawsonwillis,Dawson Willis,sa3060928,,,,,,left_only
jojowilliamson,JoJo Williamson,sa3060929,,,,,,left_only
koreywilliams,Korey Williams,sa3060930,,,,,,left_only
landonwilliams,Landon Williams,sa3060931,,,,,,left_only
lancewilliams,Lance Williams,sa3060932,,,,,,left_only
thomaswilliams,Thomas Williams,sa3060933,,,,,,left_only
tjwilliams,TJ Williams,sa3060934,,,,,,left_only
tyrellwilliams,Tyrell Williams,sa3060935,,,,,,left_only
zionwilliams,Zion Williams,sa3060936,,,,,,left_only
brookswilloughby,Brooks Willoughby,sa3060937,,,,,,left_only
jameswilson,James Wilson,sa3060940,,,,,,left_only
loganwilson,Logan Wilson,sa3060941,,,,,,left_only
nickwimberly,Nick Wimberly,sa3060943,,,,,,left_only
kylewinkler,Kyle Winkler,sa3060944,,,,,,left_only
hunterwinston,Hunter Winston,sa3060945,,,,,,left_only
kennywinters,Kenny Winters,sa3060946,,,,,,left_only
calwipf,Cal Wipf,sa3060947,,,,,,left_only
brockwirthgen,Brock Wirthgen,sa3060948,,,,,,left_only
ianwirtz,Ian Wirtz,sa3060949,,,,,,left_only
lukewiseman,Luke Wiseman,sa3060950,,,,,,left_only
jackwitmener,Jack Witmener,sa3060951,,,,,,left_only
joeywizceb,Joey Wizceb,sa3060952,,,,,,left_only
jasewoita,Jase Woita,sa3060953,,,,,,left_only
conorwolf,Conor Wolf,sa3060954,,,,,,left_only
colinwolfe,Colin Wolfe,sa3060955,,,,,,left_only
mattwolfe,Matt Wolfe,sa3060956,,,,,,left_only
jdwolff,J.D. Wolff,sa3060957,,,,,,left_only
wyattwolpert,Wyatt Wolpert,sa3060958,,,,,,left_only
ashtenwong,Ashten Wong,sa3060959,,,,,,left_only
karterwong,Karter Wong,sa3060960,,,,,,left_only
oliverwood,Oliver Wood,sa3060961,,,,,,left_only
danewoodcook,Dane Woodcook,sa3060962,,,,,,left_only
wilsonwoodcox,Wilson Woodcox,sa3060963,,,,,,left_only
ryderwoodson,Ryder Woodson,sa3060964,,,,,,left_only
zachwoodson,Zach Woodson,sa3060965,,,,,,left_only
micahworley,Micah Worley,sa3060966,,,,,,left_only
tylerworth,Tyler Worth,sa3060967,,,,,,left_only
caydenwotipka,Cayden Wotipka,sa3060968,,,,,,left_only
dyrensonwouters,Dyrenson Wouters,sa3060969,,,,,,left_only
masonwray,Mason Wray,sa3060970,,,,,,left_only
aydinwright,Aydin Wright,sa3060971,,,,,,left_only
brookswright,Brooks Wright,sa3060972,,,,,,left_only
daviswright,Davis Wright,sa3060973,,,,,,left_only
raefwright,Raef Wright,sa3060974,,,,,,left_only
samwright,Sam Wright,sa3060975,,,,,,left_only
calebwulf,Caleb Wulf,sa3060976,,,,,,left_only
brucewyche,Bruce Wyche,sa3060977,,,,,,left_only
jonwylie,Jon Wylie,sa3060978,,,,,,left_only
declanwywoda,Declan Wywoda,sa3060979,,,,,,left_only
hiroyukiyamada,Hiroyuki Yamada,sa3060980,,,,,,left_only
seanyamaguchi,Sean Yamaguchi,sa3060981,,,,,,left_only
matthewyarc,Matthew Yarc,sa3060982,,,,,,left_only
braydenyasuzawa,Brayden Yasuzawa,sa3060983,,,,,,left_only
landenyorek,Landen Yorek,sa3060985,,,,,,left_only
cadenyoung,Caden Young,sa3060986,,,,,,left_only
drueyoung,Drue Young,sa3060987,,,,,,left_only
jonyoungjr,Jon Young Jr.,sa3060989,,,,,,left_only
michaelyoung,Michael Young,sa3060990,,,,,,left_only
samyoung,Sam Young,sa3060991,,,,,,left_only
seanyoungerman,Sean Youngerman,sa3060992,,,,,,left_only
thomasyoung,Thomas Young,sa3060993,,,,,,left_only
willyoungman,Will Youngman,sa3060994,,,,,,left_only
kaiyovanovich,Kai Yovanovich,sa3060995,,,,,,left_only
spenceryu,Spencer Yu,sa3060996,,,,,,left_only
tyyukumoto,Ty Yukumoto,sa3060997,,,,,,left_only
michaelyusypchuk,Michael Yusypchuk,sa3060998,,,,,,left_only
landonzaborowski,Landon Zaborowski,sa3060999,,,,,,left_only
lucaszack,Lucas Zack,sa3061000,,,,,,left_only
treyzaffiro,Trey Zaffiro,sa3061001,,,,,,left_only
tyzahradnik,Ty Zahradnik,sa3061002,,,,,,left_only
nolanzajac,Nolan Zajac,sa3061003,,,,,,left_only
jeancarloszambrano,Jean Carlos Zambrano,sa3061004,,,,,,left_only
connorzaruba,Connor Zaruba,sa3061005,,,,,,left_only
henryzatkowski,Henry Zatkowski,sa3061006,,,,,,left_only
mattzatopek,Matt Zatopek,sa3061007,,,,,,left_only
bradleyzayac,Bradley Zayac,sa3061008,,,,,,left_only
jackzebig,Jack Zebig,sa3061009,,,,,,left_only
henryzenor,Henry Zenor,sa3061010,,,,,,left_only
blanezeplin,Blane Zeplin,sa3061011,,,,,,left_only
michaelzito,Michael Zito,sa3061012,,,,,,left_only
adinzorn,Adin Zorn,sa3061013,,,,,,left_only
dylanzucker,Dylan Zucker,sa3061014,,,,,,left_only
louiezulaica,Louie Zulaica,sa3061015,,,,,,left_only
nicabraham,Nic Abraham,sa3062550,,,,,,left_only
nathanaceves,Nathan Aceves,sa3062551,,,,,,left_only
lukeagnew,Luke Agnew,sa3062552,,,,,,left_only
andrewallen,Andrew Allen,sa3062553,,,,,,left_only
diegoalvarez,Diego Alvarez,sa3062554,,,,,,left_only
ryanaustin,Ryan Austin,sa3062555,,,,,,left_only
nickbarenz,Nick Barenz,sa3062556,,,,,,left_only
connerbarozzino,Conner Barozzino,sa3062557,,,,,,left_only
austinbeard,Austin Beard,sa3062558,,,,,,left_only
caysonbell,Cayson Bell,sa3062559,,,,,,left_only
masonblasche,Mason Blasche,sa3062560,,,,,,left_only
coreyboyette,Corey Boyette,sa3062561,,,,,,left_only
charliebozeman,Charlie Bozeman,sa3062562,,,,,,left_only
majorbrignon,Major Brignon,sa3062563,,,,,,left_only
justinbyrd,Justin Byrd,sa3062564,,,,,,left_only
trevorcaldwell,Trevor Caldwell,sa3062565,,,,,,left_only
ajcamp,AJ Camp,sa3062566,,,,,,left_only
alexcanney,Alex Canney,sa3062567,,,,,,left_only
brennencard,Brennen Card,sa3062568,,,,,,left_only
merikcarter,Merik Carter,sa3062569,,,,,,left_only
connorchicoli,Connor Chicoli,sa3062570,,,,,,left_only
joeyciancimino,Joey Ciancimino,sa3062571,,,,,,left_only
landonclampit,Landon Clampit,sa3062572,,,,,,left_only
jackclevidence,Jack Clevidence,sa3062573,,,,,,left_only
ryancole,Ryan Cole,sa3062574,,,,,,left_only
cadecollins,Cade Collins,sa3062575,,,,,,left_only
jacksonconn,Jackson Conn,sa3062576,,,,,,left_only
anthonycordero,Anthony Cordero,sa3062577,,,,,,left_only
wilmercuevas,Wilmer Cuevas,sa3062579,,,,,,left_only
calculpepper,Cal Culpepper,sa3062580,,,,,,left_only
haydencuthbertson,Hayden Cuthbertson,sa3062581,,,,,,left_only
isaaccychosz,Isaac Cychosz,sa3062582,,,,,,left_only
jakedanyluk,Jake Danyluk,sa3062583,,,,,,left_only
israeldelgado,Israel Delgado,sa3062584,,,,,,left_only
scottdoran,Scott Doran,sa3062585,,,,,,left_only
kamardove,Kamar Dove,sa3062586,,,,,,left_only
jaceduhon,Jace Duhon,sa3062587,,,,,,left_only
christiandunn,Christian Dunn,sa3062588,,,,,,left_only
andrewdusablon,Andrew Dusablon,sa3062589,,,,,,left_only
shanedux,Shane Dux,sa3062590,,,,,,left_only
brennaneager,Brennan Eager,sa3062591,,,,,,left_only
sheldonegger,Sheldon Egger,sa3062592,,,,,,left_only
kenanelarton,Kenan Elarton,sa3062593,,,,,,left_only
ziegenfarley,Ziegen Farley,sa3062594,,,,,,left_only
rowanfelsch,Rowan Felsch,sa3062595,,,,,,left_only
chrisfidanza,Chris Fidanza,sa3062596,,,,,,left_only
tannerfoerstch,Tanner Foerstch,sa3062597,,,,,,left_only
jrfordham,JR Fordham,sa3062598,,,,,,left_only
willfranklin,Will Franklin,sa3062599,,,,,,left_only
vanfroling,Van Froling,sa3062600,,,,,,left_only
nedfrutchey,Ned Frutchey,sa3062601,,,,,,left_only
thomasgalusha,Thomas Galusha,sa3062602,,,,,,left_only
evangentil,Evan Gentil,sa3062604,,,,,,left_only
blakegrimmer,Blake Grimmer,sa3062605,,,,,,left_only
justingunter,Justin Gunter,sa3062606,,,,,,left_only
blakehall,Blake Hall,sa3062607,,,,,,left_only
owenhancock,Owen Hancock,sa3062608,,,,,,left_only
dylanhansen,Dylan Hansen,sa3062609,,,,,,left_only
samhardcastle,Sam Hardcastle,sa3062610,,,,,,left_only
lukehayhow,Luke Hayhow,sa3062611,,,,,,left_only
houstonhigh,Houston High,sa3062612,,,,,,left_only
nathanhodge,Nathan Hodge,sa3062613,,,,,,left_only
jamedhubbard,Jamed Hubbard,sa3062614,,,,,,left_only
paxtonhuff,Paxton Huff,sa3062615,,,,,,left_only
colinhuspen,Colin Huspen,sa3062616,,,,,,left_only
coleiantomasi,Cole Iantomasi,sa3062617,,,,,,left_only
masonjacob,Mason Jacob,sa3062618,,,,,,left_only
calebjameson,Caleb Jameson,sa3062619,,,,,,left_only
rjjames,RJ James,sa3062620,,,,,,left_only
ashtonjohnson,Ashton Johnson,sa3062621,,,,,,left_only
carsonjohnson,Carson Johnson,sa3062622,,,,,,left_only
everetjohnson,Everet Johnson,sa3062623,,,,,,left_only
kaimikahalekai,Ka'imi Kahalekai,sa3062624,,,,,,left_only
connorkelley,Connor Kelley,sa3062625,,,,,,left_only
brendankenneally,Brendan Kenneally,sa3062626,,,,,,left_only
grantkennedy,Grant Kennedy,sa3062627,,,,,,left_only
drewkirby,Drew Kirby,sa3062628,,,,,,left_only
braydenkrenzel,Brayden Krenzel,sa3062629,,,,,,left_only
andrewkribbs,Andrew Kribbs,sa3062630,,,,,,left_only
averylaine,Avery Laine,sa3062631,,,,,,left_only
hudsonlance,Hudson Lance,sa3062632,,,,,,left_only
brandonlangley,Brandon Langley,sa3062633,,,,,,left_only
vincentlatimer,Vincent Latimer,sa3062634,,,,,,left_only
johnlobs,John Lobs,sa3062635,,,,,,left_only
nicklovarco,Nick Lovarco,sa3062636,,,,,,left_only
ajanilyons,Ajani Lyons,sa3062637,,,,,,left_only
michaelmadigan,Michael Madigan,sa3062638,,,,,,left_only
gavinmaines,Gavin Maines,sa3062639,,,,,,left_only
cammallo,Cam Mallo,sa3062640,,,,,,left_only
michaelmarroquinjr,Michael Marroquin Jr.,sa3062641,,,,,,left_only
blakemartin,Blake Martin,sa3062642,,,,,,left_only
trevianmartinez,Trevian Martinez,sa3062643,,,,,,left_only
jackmausser,Jack Mausser,sa3062644,,,,,,left_only
braydenmccollough,Brayden McCollough,sa3062646,,,,,,left_only
masonmccue,Mason McCue,sa3062647,,,,,,left_only
gusmckay,Gus McKay,sa3062648,,,,,,left_only
kennymckinley,Kenny McKinley,sa3062649,,,,,,left_only
killianmclaughlin,Killian McLaughlin,sa3062650,,,,,,left_only
ryanmealy,Ryan Mealy,sa3062651,,,,,,left_only
davidmedina,David Medina,sa3062652,,,,,,left_only
gardnermeeks,Gardner Meeks,sa3062653,,,,,,left_only
maxmiller,Max Miller,sa3062654,,,,,,left_only
presleymonteforte,Presley Monteforte,sa3062656,,,,,,left_only
reidmontgomery,Reid Montgomery,sa3062657,,,,,,left_only
sidneymoore,Sidney Moore,sa3062658,,,,,,left_only
khristophermorris,Khristopher Morris,sa3062659,,,,,,left_only
dawsonnewman,Dawson Newman,sa3062660,,,,,,left_only
jordannolley,Jordan Nolley,sa3062661,,,,,,left_only
ryleynorton,Ryley Norton,sa3062662,,,,,,left_only
carteroliff,Carter Oliff,sa3062663,,,,,,left_only
kadenpfeffer,Kaden Pfeffer,sa3062664,,,,,,left_only
hamptonphillips,Hampton Phillips,sa3062665,,,,,,left_only
alexpipes,Alex Pipes,sa3062666,,,,,,left_only
claytonpourciau,Clayton Pourciau,sa3062667,,,,,,left_only
drewramos,Drew Ramos,sa3062668,,,,,,left_only
ethanremmers,Ethan Remmers,sa3062669,,,,,,left_only
juanreyes,Juan Reyes,sa3062670,,,,,,left_only
christopherroa,Christopher Roa,sa3062671,,,,,,left_only
taitrobertson,Tait Robertson,sa3062672,,,,,,left_only
nickrobinson,Nick Robinson,sa3062673,,,,,,left_only
ethanrucker,Ethan Rucker,sa3062674,,,,,,left_only
nathanryhlick,Nathan Ryhlick,sa3062675,,,,,,left_only
mikesantoslaplaca,Mike Santos-LaPlaca,sa3062676,,,,,,left_only
phinscott,Phin Scott,sa3062677,,,,,,left_only
ryanseddon,Ryan Seddon,sa3062678,,,,,,left_only
landonsexton,Landon Sexton,sa3062679,,,,,,left_only
lukeskinner,Luke Skinner,sa3062680,,,,,,left_only
masonsmith,Mason Smith,sa3062681,,,,,,left_only
cadesonoqui,Cade Sonoqui,sa3062684,,,,,,left_only
jeremysosa,Jeremy Sosa,sa3062685,,,,,,left_only
brandonstone,Brandon Stone,sa3062686,,,,,,left_only
lucasstone,Lucas Stone,sa3062687,,,,,,left_only
zachstory,Zach Story,sa3062688,,,,,,left_only
prestontamm,Preston Tamm,sa3062689,,,,,,left_only
jacobthomas,Jacob Thomas,sa3062690,,,,,,left_only
raultorres,Raul Torres,sa3062691,,,,,,left_only
jesustovar,Jesus Tovar,sa3062692,,,,,,left_only
kaitullos,Kai Tullos,sa3062693,,,,,,left_only
koenvantklooster,Koen Vant Klooster,sa3062694,,,,,,left_only
chapmanweber,Chapman Weber,sa3062695,,,,,,left_only
reaganweiblinger,Reagan Weiblinger,sa3062696,,,,,,left_only
zachwhite,Zach White,sa3062697,,,,,,left_only
tannerwiggins,Tanner Wiggins,sa3062698,,,,,,left_only
owenwinebarger,Owen Winebarger,sa3062699,,,,,,left_only
nathanwingenroth,Nathan Wingenroth,sa3062700,,,,,,left_only
tualauwolfgramm,Tualau Wolfgramm,sa3062701,,,,,,left_only
chadyates,Chad Yates,sa3062702,,,,,,left_only
andreasalvarez,Andreas Alvarez,sa3062805,,,,,,left_only
elianderson,Eli Anderson,sa3062806,,,,,,left_only
tanneraoki,Tanner Aoki,sa3062807,,,,,,left_only
haydenbailey,Hayden Bailey,sa3062808,,,,,,left_only
drakebayles,Drake Bayles,sa3062809,,,,,,left_only
coreyberry,Corey Berry,sa3062812,,,,,,left_only
gavinbeuter,Gavin Beuter,sa3062813,,,,,,left_only
jacksonbradfield,Jackson Bradfield,sa3062814,,,,,,left_only
willbriggs,Will Briggs,sa3062815,,,,,,left_only
kendallbrookins,Kendall Brookins,sa3062816,,,,,,left_only
deanbrown,Dean Brown,sa3062817,,,,,,left_only
daneburns,Dane Burns,sa3062818,,,,,,left_only
jacksonburns,Jackson Burns,sa3062819,,,,,,left_only
chasebuscher,Chase Buscher,sa3062820,,,,,,left_only
roccocaballero,Rocco Caballero,sa3062821,,,,,,left_only
kylecalzadiaz,Kyle Calzadiaz,sa3062822,,,,,,left_only
jacobcampagna,Jacob Campagna,sa3062823,,,,,,left_only
jaycampbell,Jay Campbell,sa3062824,,,,,,left_only
brodycapps,Brody Capps,sa3062825,,,,,,left_only
treycraft,Trey Craft,sa3062826,,,,,,left_only
justencrews,Justen Crews,sa3062827,,,,,,left_only
garrettcrum,Garrett Crum,sa3062828,,,,,,left_only
logandarnell,Logan Darnell,sa3062829,,,,,,left_only
kaniousdavis,Kanious Davis,sa3062830,,,,,,left_only
jtdrake,J.T. Drake,sa3062831,,,,,,left_only
kennedydrexler,Kennedy Drexler,sa3062832,,,,,,left_only
tomearly,Tom Early,sa3062833,,,,,,left_only
alejandroespinoza,Alejandro Espinoza,sa3062834,,,,,,left_only
seananfarney,Seanan Farney,sa3062835,,,,,,left_only
robertfortenberry,Robert Fortenberry,sa3062836,,,,,,left_only
jdgarner,JD Garner,sa3062837,,,,,,left_only
zacharygaydos,Zachary Gaydos,sa3062838,,,,,,left_only
cesargonzalez,Cesar Gonzalez,sa3062839,,,,,,left_only
bradygrabowski,Brady Grabowski,sa3062840,,,,,,left_only
mikhaigrant,Mikhai Grant,sa3062841,,,,,,left_only
camerongreene,Cameron Greene,sa3062842,,,,,,left_only
tjgrines,TJ Grines,sa3062843,,,,,,left_only
gregguzikii,Greg Guzik II,sa3062844,,,,,,left_only
matthewhall,Matthew Hall,sa3062845,,,,,,left_only
maxhammond,Max Hammond,sa3062846,,,,,,left_only
cooperharrington,Cooper Harrington,sa3062847,,,,,,left_only
justinhicks,Justin Hicks,sa3062848,,,,,,left_only
rylandhowell,Ryland Howell,sa3062849,,,,,,left_only
jordanhudson,Jordan Hudson,sa3062850,,,,,,left_only
dylanhummel,Dylan Hummel,sa3062851,,,,,,left_only
joshuaibe,Joshua Ibe,sa3062852,,,,,,left_only
davidirons,David Irons,sa3062853,,,,,,left_only
johnjackson,John Jackson,sa3062854,,,,,,left_only
jimmiejohnson,Jimmie Johnson,sa3062855,,,,,,left_only
kendyljohnson,Kendyl Johnson,sa3062856,,,,,,left_only
gavynjones,Gavyn Jones,sa3062857,,,,,,left_only
jacejones,Jace Jones,sa3062858,,,,,,left_only
jonahkatsaboulas,Jonah Katsaboulas,sa3062859,,,,,,left_only
jackketchum,Jack Ketchum,sa3062860,,,,,,left_only
ishaankhambal,Ishaan Khambal,sa3062861,,,,,,left_only
brandonking,Brandon King,sa3062862,,,,,,left_only
cameronking,Cameron King,sa3062863,,,,,,left_only
tommykoch,Tommy Koch,sa3062864,,,,,,left_only
ajkostic,AJ Kostic,sa3062865,,,,,,left_only
garrettlandry,Garrett Landry,sa3062866,,,,,,left_only
justinlopez,Justin Lopez,sa3062867,,,,,,left_only
tonylopez,Tony Lopez,sa3062868,,,,,,left_only
willmarenghi,Will Marenghi,sa3062869,,,,,,left_only
brodiemcfadden,Brodie McFadden,sa3062871,,,,,,left_only
ejmcgrew,Ej Mcgrew,sa3062872,,,,,,left_only
ryanmcpherson,Ryan McPherson,sa3062873,,,,,,left_only
brantmelancon,Brant Melancon,sa3062874,,,,,,left_only
ethanmiller,Ethan Miller,sa3062875,,,,,,left_only
justinmorgan,Justin Morgan,sa3062876,,,,,,left_only
wademountz,Wade Mountz,sa3062877,,,,,,left_only
kadinmunson,Kadin Munson,sa3062878,,,,,,left_only
andersonnance,Anderson Nance,sa3062879,,,,,,left_only
antonionanez,Antonio Nanez,sa3062880,,,,,,left_only
jpnunn,JP Nunn,sa3062881,,,,,,left_only
ethanosada,Ethan Osada,sa3062882,,,,,,left_only
jcosorioagard,JC Osorio-Agard,sa3062883,,,,,,left_only
adamparzych,Adam Parzych,sa3062884,,,,,,left_only
bradypavlovsky,Brady Pavlovsky,sa3062885,,,,,,left_only
matthewperez,Matthew Perez,sa3062886,,,,,,left_only
hudsonpollard,Hudson Pollard,sa3062887,,,,,,left_only
jtpopick,JT Popick,sa3062888,,,,,,left_only
kevinreavey,Kevin Reavey,sa3062889,,,,,,left_only
maddoxriske,Maddox Riske,sa3062890,,,,,,left_only
joshrodriguez,Josh Rodriguez,sa3062891,,,,,,left_only
coltonryals,Colton Ryals,sa3062892,,,,,,left_only
sadirryan,Sadir Ryan,sa3062893,,,,,,left_only
lukesanders,Luke Sanders,sa3062894,,,,,,left_only
peterschaefer,Peter Schaefer,sa3062895,,,,,,left_only
cooperschneider,Cooper Schneider,sa3062896,,,,,,left_only
landonscruggs,Landon Scruggs,sa3062897,,,,,,left_only
joshshimmin,Josh Shimmin,sa3062898,,,,,,left_only
masonshropshire,Mason Shropshire,sa3062899,,,,,,left_only
jacobsitton,Jacob Sitton,sa3062900,,,,,,left_only
cadenslappey,Caden Slappey,sa3062901,,,,,,left_only
caydensmith,Cayden Smith,sa3062902,,,,,,left_only
danielsmith,Daniel Smith,sa3062903,,,,,,left_only
jacksonsoucie,Jackson Soucie,sa3062905,,,,,,left_only
mattspada,Matt Spada,sa3062906,,,,,,left_only
nicholasspry,Nicholas Spry,sa3062907,,,,,,left_only
brantstewart,Brant Stewart,sa3062908,,,,,,left_only
caidenstewart,Caiden Stewart,sa3062909,,,,,,left_only
matthewtarr,Matthew Tarr,sa3062910,,,,,,left_only
stephentolbert,Stephen Tolbert,sa3062911,,,,,,left_only
arderriustownsend,Arderrius Townsend,sa3062912,,,,,,left_only
joetrenerry,Joe Trenerry,sa3062913,,,,,,left_only
alexuriascalvillo,Alex Urias-Calvillo,sa3062914,,,,,,left_only
landonvandegrift,Landon Vandegrift,sa3062915,,,,,,left_only
brandonvazquez,Brandon Vazquez,sa3062916,,,,,,left_only
jacobvokal,Jacob Vokal,sa3062917,,,,,,left_only
connerware,Conner Ware,sa3062918,,,,,,left_only
chriswatson,Chris Watson,sa3062919,,,,,,left_only
kolbywatson,Kolby Watson,sa3062920,,,,,,left_only
josephwebb,Joseph Webb,sa3062921,,,,,,left_only
andrewwells,Andrew Wells,sa3062922,,,,,,left_only
ericwilliams,Eric Williams,sa3062923,,,,,,left_only
natewilliams,Nate Williams,sa3062924,,,,,,left_only
blakewolf,Blake Wolf,sa3062925,,,,,,left_only
kadewood,Kade Wood,sa3062926,,,,,,left_only
garrettworkman,Garrett Workman,sa3062927,,,,,,left_only
reeseyoung,Reese Young,sa3062928,,,,,,left_only
ryanyoung,Ryan Young,sa3062929,,,,,,left_only
dylanzentko,Dylan Zentko,sa3062930,,,,,,left_only
orlandocobarrubias,Orlando Cobarrubias,sa3062932,,,,,,left_only
pjgreen,PJ Green,sa3062933,,,,,,left_only
joshkirchhoff,Josh Kirchhoff,sa3062934,,,,,,left_only
chrispatterson,Chris Patterson,sa3062935,,,,,,left_only
bradypicarelli,Brady Picarelli,sa3062936,,,,,,left_only
timmyreeve,Timmy Reeve,sa3062937,,,,,,left_only
lucastaiano,Luca Staiano,sa3062938,,,,,,left_only
daikiasama,Daiki Asama,sa3062940,,,,,,left_only
shotahiranuma,Shota Hiranuma,sa3062943,,,,,,left_only
mizukihori,Mizuki Hori,sa3062944,,,,,,left_only
kazutomoiguchi,Kazutomo Iguchi,sa3062946,,,,,,left_only
kazunariishii,Kazunari Ishii,sa3062948,,,,,,left_only
ryoishikawa,Ryo Ishikawa,sa3062951,,,,,,left_only
keisukehonda,Keisuke Honda,sa3062954,,,,,,left_only
koyoaoyagi,Koyo Aoyagi,sa3062961,,,,,,left_only
kentofujishima,Kento Fujishima,sa3062964,,,,,,left_only
kojifukutani,Koji Fukutani,sa3062965,,,,,,left_only
seijikawagoe,Seiji Kawagoe,sa3062967,,,,,,left_only
toshiyaokada,Toshiya Okada,sa3062986,,,,,,left_only
yudaiohno,Yudai Ohno,sa3062988,,,,,,left_only
kaimataira,Kaima Taira,sa3062990,,,,,,left_only
konatakahashi,Kona Takahashi,sa3062992,,,,,,left_only
tatsuyashimizu,Tatsuya Shimizu,sa3062995,,,,,,left_only
daisukesobue,Daisuke Sobue,sa3062997,,,,,,left_only
hiroshisuzuki,Hiroshi Suzuki,sa3062998,,,,,,left_only
ichirotamura,Ichiro Tamura,sa3063000,,,,,,left_only
takumiyamamoto,Takumi Yamamoto,sa3063007,,,,,,left_only
yuyayanagi,Yuya Yanagi,sa3063008,,,,,,left_only
kaitoyoza,Kaito Yoza,sa3063010,,,,,,left_only
takumakatoh,Takuma Katoh,sa3063011,,,,,,left_only
tomoyamori,Tomoya Mori,sa3063014,,,,,,left_only
takuyakinoshita,Takuya Kinoshita,sa3063015,,,,,,left_only
ginjirosumitani,Ginjiro Sumitani,sa3063020,,,,,,left_only
hidetoasamura,Hideto Asamura,sa3063022,,,,,,left_only
sosukegenda,Sosuke Genda,sa3063023,,,,,,left_only
toshikiabe,Toshiki Abe,sa3063024,,,,,,left_only
masamiishigaki,Masami Ishigaki,sa3063031,,,,,,left_only
takeyanakamura,Takeya Nakamura,sa3063032,,,,,,left_only
manayanishikawa,Manaya Nishikawa,sa3063035,,,,,,left_only
yotakyoda,Yota Kyoda,sa3063037,,,,,,left_only
shutatonosaki,Shuta Tonosaki,sa3063038,,,,,,left_only
shuheitakahashi,Shuhei Takahashi,sa3063043,,,,,,left_only
watarutakamatsu,Wataru Takamatsu,sa3063044,,,,,,left_only
hotakayamakawa,Hotaka Yamakawa,sa3063051,,,,,,left_only
takumikuriyama,Takumi Kuriyama,sa3063060,,,,,,left_only
yoheiohshima,Yohei Ohshima,sa3063061,,,,,,left_only
aitotakeda,Aito Takeda,sa3063065,,,,,,left_only
hirotofuku,Hiroto Fuku,sa3063069,,,,,,left_only
raidelmartinez,Raidel Martinez,sa3063073,,,,,,left_only
takayukikatoh,Takayuki Katoh,sa3063076,,,,,,left_only
naokimiyanishi,Naoki Miyanishi,sa3063080,,,,,,left_only
takahironishimura,Takahiro Nishimura,sa3063082,,,,,,left_only
seishuhatake,Seishu Hatake,sa3063083,,,,,,left_only
toshihirosugiura,Toshihiro Sugiura,sa3063087,,,,,,left_only
hirotoshitakanashi,Hirotoshi Takanashi,sa3063091,,,,,,left_only
taishotamai,Taisho Tamai,sa3063095,,,,,,left_only
kotanakagawa,Kota Nakagawa,sa3063096,,,,,,left_only
eitotanaka,Eito Tanaka,sa3063097,,,,,,left_only
ryuseiohe,Ryusei Ohe,sa3063100,,,,,,left_only
kentauehara,Kenta Uehara,sa3063105,,,,,,left_only
kazutotaguchi,Kazuto Taguchi,sa3063108,,,,,,left_only
kensukekondoh,Kensuke Kondoh,sa3063115,,,,,,left_only
takuyakohri,Takuya Kohri,sa3063116,,,,,,left_only
yukinorikishida,Yukinori Kishida,sa3063123,,,,,,left_only
seijikobayashi,Seiji Kobayashi,sa3063125,,,,,,left_only
takumiohshiro,Takumi Ohshiro,sa3063126,,,,,,left_only
takayatanaka,Takaya Tanaka,sa3063127,,,,,,left_only
shingousami,Shingo Usami,sa3063128,,,,,,left_only
takumikitamura,Takumi Kitamura,sa3063129,,,,,,left_only
kotarokiyomiya,Kotaro Kiyomiya,sa3063130,,,,,,left_only
daikimasuda,Daiki Masuda,sa3063131,,,,,,left_only
gomatsumoto,Go Matsumoto,sa3063132,,,,,,left_only
hayatosakamoto,Hayato Sakamoto,sa3063135,,,,,,left_only
takuyanakashima,Takuya Nakashima,sa3063137,,,,,,left_only
shonakata,Sho Nakata,sa3063138,,,,,,left_only
akihirowakabayashi,Akihiro Wakabayashi,sa3063140,,,,,,left_only
kengoohta,Kengo Ohta,sa3063141,,,,,,left_only
yasuhiroyamamoto,Yasuhiro Yamamoto,sa3063142,,,,,,left_only
naokiyoshikawa,Naoki Yoshikawa,sa3063146,,,,,,left_only
daiyuasa,Dai Yuasa,sa3063147,,,,,,left_only
ryowatanabe,Ryo Watanabe,sa3063148,,,,,,left_only
hisayoshichono,Hisayoshi Chono,sa3063149,,,,,,left_only
shingoishikawa,Shingo Ishikawa,sa3063152,,,,,,left_only
harukinishikawa,Haruki Nishikawa,sa3063153,,,,,,left_only
hiromioka,Hiromi Oka,sa3063155,,,,,,left_only
shinnosukeshigenobu,Shinnosuke Shigenobu,sa3063157,,,,,,left_only
hayatohorioka,Hayato Horioka,sa3063163,,,,,,left_only
seiyamatsubara,Seiya Matsubara,sa3063168,,,,,,left_only
kosukebaba,Kosuke Baba,sa3063169,,,,,,left_only
masumihamachi,Masumi Hamachi,sa3063172,,,,,,left_only
yutaiwasada,Yuta Iwasada,sa3063175,,,,,,left_only
suguruiwazaki,Suguru Iwazaki,sa3063177,,,,,,left_only
hirotosaiki,Hiroto Saiki,sa3063185,,,,,,left_only
hiroyashimamoto,Hiroya Shimamoto,sa3063186,,,,,,left_only
harutotakahashi,Haruto Takahashi,sa3063188,,,,,,left_only
fumihitoharaguchi,Fumihito Haraguchi,sa3063193,,,,,,left_only
kenyanagasaka,Kenya Nagasaka,sa3063194,,,,,,left_only
seishirosakamoto,Seishiro Sakamoto,sa3063196,,,,,,left_only
ryutaroumeno,Ryutaro Umeno,sa3063197,,,,,,left_only
kentoitohara,Kento Itohara,sa3063200,,,,,,left_only
takahirokumagai,Takahiro Kumagai,sa3063201,,,,,,left_only
yusukeohyama,Yusuke Ohyama,sa3063203,,,,,,left_only
kaiueda,Kai Ueda,sa3063205,,,,,,left_only
yutaroitayama,Yutaro Itayama,sa3063211,,,,,,left_only
kairishimada,Kairi Shimada,sa3063215,,,,,,left_only
tomoyahoshi,Tomoya Hoshi,sa3063223,,,,,,left_only
masanoriishikawa,Masanori Ishikawa,sa3063224,,,,,,left_only
taichiishiyama,Taichi Ishiyama,sa3063225,,,,,,left_only
yutokanakubo,Yuto Kanakubo,sa3063226,,,,,,left_only
yasuhiroogawa,Yasuhiro Ogawa,sa3063236,,,,,,left_only
keijitakahashi,Keiji Takahashi,sa3063239,,,,,,left_only
yugoumeno,Yugo Umeno,sa3063242,,,,,,left_only
yudaikoga,Yudai Koga,sa3063248,,,,,,left_only
naokimatsumoto,Naoki Matsumoto,sa3063249,,,,,,left_only
yuheinakamura,Yuhei Nakamura,sa3063250,,,,,,left_only
taishihirooka,Taishi Hirooka,sa3063254,,,,,,left_only
shingokawabata,Shingo Kawabata,sa3063255,,,,,,left_only
takeshimiyamoto,Takeshi Miyamoto,sa3063257,,,,,,left_only
tetsutoyamada,Tetsuto Yamada,sa3063265,,,,,,left_only
yasutakashiomi,Yasutaka Shiomi,sa3063268,,,,,,left_only
makotoaduwa,Makoto Aduwa,sa3063277,,,,,,left_only
atsushiendoh,Atsushi Endoh,sa3063278,,,,,,left_only
kouyafujii,Kouya Fujii,sa3063279,,,,,,left_only
atsuyahorie,Atsuya Horie,sa3063281,,,,,,left_only
arenkuri,Aren Kuri,sa3063286,,,,,,left_only
yutanakamura,Yuta Nakamura,sa3063290,,,,,,left_only
shotanakazaki,Shota Nakazaki,sa3063292,,,,,,left_only
daichiohsera,Daichi Ohsera,sa3063295,,,,,,left_only
kouyatakahashi,Kouya Takahashi,sa3063297,,,,,,left_only
hirokitokoda,Hiroki Tokoda,sa3063300,,,,,,left_only
tsubasaaizawa,Tsubasa Aizawa,sa3063303,,,,,,left_only
yoshitakaisomura,Yoshitaka Isomura,sa3063306,,,,,,left_only
shoseinakamura,Shosei Nakamura,sa3063307,,,,,,left_only
shogosakakura,Shogo Sakakura,sa3063308,,,,,,left_only
shotadohbayashi,Shota Dohbayashi,sa3063312,,,,,,left_only
ryosukekikuchi,Ryosuke Kikuchi,sa3063313,,,,,,left_only
ryomanishikawa,Ryoma Nishikawa,sa3063318,,,,,,left_only
kosuketanaka,Kosuke Tanaka,sa3063320,,,,,,left_only
takashiuemoto,Takashi Uemoto,sa3063321,,,,,,left_only
yoshihiromaru,Yoshihiro Maru,sa3063325,,,,,,left_only
ryuheimatsuyama,Ryuhei Matsuyama,sa3063326,,,,,,left_only
takayoshinoma,Takayoshi Noma,sa3063327,,,,,,left_only
yutakuroki,Yuta Kuroki,sa3063341,,,,,,left_only
takahiromatsuba,Takahiro Matsuba,sa3063343,,,,,,left_only
yukinishi,Yuki Nishi,sa3063344,,,,,,left_only
kohkisaitoh,Kohki Saitoh,sa3063346,,,,,,left_only
keisukesawada,Keisuke Sawada,sa3063347,,,,,,left_only
daikitajima,Daiki Tajima,sa3063350,,,,,,left_only
nobuyoshiyamada,Nobuyoshi Yamada,sa3063352,,,,,,left_only
taisukeyamaoka,Taisuke Yamaoka,sa3063353,,,,,,left_only
sachiyayamasaki,Sachiya Yamasaki,sa3063354,,,,,,left_only
soichiroyamazaki,Soichiro Yamazaki,sa3063355,,,,,,left_only
toraifushimi,Torai Fushimi,sa3063358,,,,,,left_only
hikaruitoh,Hikaru Itoh,sa3063360,,,,,,left_only
kenyawakatsuki,Kenya Wakatsuki,sa3063362,,,,,,left_only
shuheifukuda,Shuhei Fukuda,sa3063365,,,,,,left_only
yumamune,Yuma Mune,sa3063369,,,,,,left_only
masahironishino,Masahiro Nishino,sa3063370,,,,,,left_only
kojiohshiro,Koji Ohshiro,sa3063371,,,,,,left_only
tatsuyayamaashi,Tatsuya Yamaashi,sa3063373,,,,,,left_only
shuntagotoh,Shunta Gotoh,sa3063374,,,,,,left_only
yutarosugimoto,Yutaro Sugimoto,sa3063379,,,,,,left_only
koheiazuma,Kohei Azuma,sa3063382,,,,,,left_only
kotafutaki,Kota Futaki,sa3063392,,,,,,left_only
yukikarakawa,Yuki Karakawa,sa3063395,,,,,,left_only
naoyamasuda,Naoya Masuda,sa3063396,,,,,,left_only
yujinishino,Yuji Nishino,sa3063401,,,,,,left_only
chihayasasaki,Chihaya Sasaki,sa3063406,,,,,,left_only
atsukitaneichi,Atsuki Taneichi,sa3063410,,,,,,left_only
hideakiwakui,Hideaki Wakui,sa3063413,,,,,,left_only
daikiyamamoto,Daiki Yamamoto,sa3063415,,,,,,left_only
tatsuhirotamura,Tatsuhiro Tamura,sa3063420,,,,,,left_only
yudaifujioka,Yudai Fujioka,sa3063422,,,,,,left_only
taigahirasawa,Taiga Hirasawa,sa3063424,,,,,,left_only
shogonakamura,Shogo Nakamura,sa3063430,,,,,,left_only
daichisuzuki,Daichi Suzuki,sa3063434,,,,,,left_only
hisanoriyasuda,Hisanori Yasuda,sa3063436,,,,,,left_only
katsuyakakunaka,Katsuya Kakunaka,sa3063438,,,,,,left_only
koshirowada,Koshiro Wada,sa3063446,,,,,,left_only
shomafujihira,Shoma Fujihira,sa3063449,,,,,,left_only
takahideikeda,Takahide Ikeda,sa3063453,,,,,,left_only
watarukarashima,Wataru Karashima,sa3063455,,,,,,left_only
takayukikishi,Takayuki Kishi,sa3063457,,,,,,left_only
ryutakonno,Ryuta Konno,sa3063459,,,,,,left_only
manabumima,Manabu Mima,sa3063460,,,,,,left_only
koheimorihara,Kohei Morihara,sa3063462,,,,,,left_only
naotonishiguchi,Naoto Nishiguchi,sa3063463,,,,,,left_only
takahironorimoto,Takahiro Norimoto,sa3063465,,,,,,left_only
fumiyaono,Fumiya Ono,sa3063466,,,,,,left_only
chiahaosung,Chia-Hao Sung,sa3063469,,,,,,left_only
yuheitakanashi,Yuhei Takanashi,sa3063470,,,,,,left_only
kengohoriuchi,Kengo Horiuchi,sa3063474,,,,,,left_only
tsuyoshiishihara,Tsuyoshi Ishihara,sa3063476,,,,,,left_only
eigoromogi,Eigoro Mogi,sa3063484,,,,,,left_only
itsukimurabayashi,Itsuki Murabayashi,sa3063485,,,,,,left_only
takerookajima,Takero Okajima,sa3063494,,,,,,left_only
louisokoye,Louis Okoye,sa3063495,,,,,,left_only
hiroakishimauchi,Hiroaki Shimauchi,sa3063497,,,,,,left_only
kazukitanaka,Kazuki Tanaka,sa3063498,,,,,,left_only
naohigashihama,Nao Higashihama,sa3063503,,,,,,left_only
shutaishikawa,Shuta Ishikawa,sa3063505,,,,,,left_only
shoiwasaki,Sho Iwasaki,sa3063506,,,,,,left_only
renkajiya,Ren Kajiya,sa3063507,,,,,,left_only
reijikozawa,Reiji Kozawa,sa3063511,,,,,,left_only
yukimatsumoto,Yuki Matsumoto,sa3063512,,,,,,left_only
livanmoinelo,Livan Moinelo,sa3063513,,,,,,left_only
yuitomori,Yuito Mori,sa3063514,,,,,,left_only
seigitanaka,Seigi Tanaka,sa3063523,,,,,,left_only
takuyakai,Takuya Kai,sa3063526,,,,,,left_only
ryuheikuki,Ryuhei Kuki,sa3063527,,,,,,left_only
ryoyakurihara,Ryoya Kurihara,sa3063528,,,,,,left_only
kentatanigawara,Kenta Tanigawara,sa3063530,,,,,,left_only
kentachatani,Kenta Chatani,sa3063532,,,,,,left_only
kentaimamiya,Kenta Imamiya,sa3063535,,,,,,left_only
hikarukawase,Hikaru Kawase,sa3063536,,,,,,left_only
taiseimakihara,Taisei Makihara,sa3063539,,,,,,left_only
shumasuda,Shu Masuda,sa3063540,,,,,,left_only
masakimimori,Masaki Mimori,sa3063542,,,,,,left_only
akiranakamura,Akira Nakamura,sa3063554,,,,,,left_only
seijiuebayashi,Seiji Uebayashi,sa3063556,,,,,,left_only
yukiyanagita,Yuki Yanagita,sa3063557,,,,,,left_only
hirokihasegawa,Hiroki Hasegawa,sa3063558,,,,,,left_only
shutoogata,Shuto Ogata,sa3063560,,,,,,left_only
koutaroohtake,Koutaro Ohtake,sa3063561,,,,,,left_only
ukyoshuto,Ukyo Shuto,sa3063563,,,,,,left_only
richardsunagawa,Richard Sunagawa,sa3063564,,,,,,left_only
katsukiazuma,Katsuki Azuma,sa3063565,,,,,,left_only
kazukimishima,Kazuki Mishima,sa3063579,,,,,,left_only
kousukesakaguchi,Kousuke Sakaguchi,sa3063582,,,,,,left_only
kentarotaira,Kentaro Taira,sa3063587,,,,,,left_only
yasuakiyamasaki,Yasuaki Yamasaki,sa3063589,,,,,,left_only
hirokiminei,Hiroki Minei,sa3063590,,,,,,left_only
yasutakatobashira,Yasutaka Tobashira,sa3063593,,,,,,left_only
yuudaiyamamoto,Yuudai Yamamoto,sa3063594,,,,,,left_only
toshiromiyazaki,Toshiro Miyazaki,sa3063601,,,,,,left_only
keitasano,Keita Sano,sa3063604,,,,,,left_only
tatsuhiroshibata,Tatsuhiro Shibata,sa3063605,,,,,,left_only
seiyahosokawa,Seiya Hosokawa,sa3063610,,,,,,left_only
kazukikamizato,Kazuki Kamizato,sa3063612,,,,,,left_only
taishikusumoto,Taishi Kusumoto,sa3063613,,,,,,left_only
masayukikuwahara,Masayuki Kuwahara,sa3063614,,,,,,left_only
tomootosaka,Tomo Otosaka,sa3063615,,,,,,left_only
taikisekine,Taiki Sekine,sa3063616,,,,,,left_only
kohnakagawa,Koh Nakagawa,sa3063617,,,,,,left_only
arielmartinez,Ariel Martinez,sa3063621,,,,,,left_only
rikumasuda,Riku Masuda,sa3063623,,,,,,left_only
shoheinumata,Shohei Numata,sa3063627,,,,,,left_only
shoseitogo,Shosei Togo,sa3063629,,,,,,left_only
kaiyokogawa,Kai Yokogawa,sa3063631,,,,,,left_only
yusukeazuma,Yusuke Azuma,sa3063632,,,,,,left_only
kyotafujiwara,Kyota Fujiwara,sa3063634,,,,,,left_only
toshiyanakamura,Toshiya Nakamura,sa3063637,,,,,,left_only
kazuyaojima,Kazuya Ojima,sa3063638,,,,,,left_only
kokiyamaguchi,Koki Yamaguchi,sa3063639,,,,,,left_only
kotaishibashi,Kota Ishibashi,sa3063640,,,,,,left_only
akiyoshikatsuno,Akiyoshi Katsuno,sa3063641,,,,,,left_only
akiraneo,Akira Neo,sa3063642,,,,,,left_only
keisukeizumi,Keisuke Izumi,sa3063646,,,,,,left_only
hiroshikaino,Hiroshi Kaino,sa3063647,,,,,,left_only
shunmizutani,Shun Mizutani,sa3063648,,,,,,left_only
daijunomura,Daiju Nomura,sa3063650,,,,,,left_only
kazukisugiyama,Kazuki Sugiyama,sa3063652,,,,,,left_only
rikuwatanabe,Riku Watanabe,sa3063653,,,,,,left_only
kojichikamoto,Koji Chikamoto,sa3063654,,,,,,left_only
seiyakinami,Seiya Kinami,sa3063657,,,,,,left_only
ryuheiobata,Ryuhei Obata,sa3063658,,,,,,left_only
yukiyasaito,Yukiya Saito,sa3063659,,,,,,left_only
atsukiyuasa,Atsuki Yuasa,sa3063660,,,,,,left_only
ryutarohatsuki,Ryutaro Hatsuki,sa3063661,,,,,,left_only
kotahayashi,Kota Hayashi,sa3063662,,,,,,left_only
kaitokozono,Kaito Kozono,sa3063663,,,,,,left_only
minoruohmori,Minoru Ohmori,sa3063664,,,,,,left_only
sotaroshimauchi,Sotaro Shimauchi,sa3063665,,,,,,left_only
takuyayasaki,Takuya Yasaki,sa3063668,,,,,,left_only
chuseimannami,Chusei Mannami,sa3063672,,,,,,left_only
tsubasanabatame,Tsubasa Nabatame,sa3063673,,,,,,left_only
yukinomura,Yuki Nomura,sa3063674,,,,,,left_only
yuatamiya,Yua Tamiya,sa3063675,,,,,,left_only
keitanakagawa,Keita Nakagawa,sa3063681,,,,,,left_only
ryoohta,Ryo Ohta,sa3063682,,,,,,left_only
ryogatomiyama,Ryoga Tomiyama,sa3063683,,,,,,left_only
yumatongu,Yuma Tongu,sa3063684,,,,,,left_only
taiseiurushihara,Taisei Urushihara,sa3063685,,,,,,left_only
shoyamakino,Shoya Makino,sa3063687,,,,,,left_only
watarumatsumoto,Wataru Matsumoto,sa3063688,,,,,,left_only
ryuseisatoh,Ryusei Satoh,sa3063691,,,,,,left_only
naotochino,Naoto Chino,sa3063692,,,,,,left_only
yutarowatanabe,Yutaro Watanabe,sa3063693,,,,,,left_only
kakeruyamanobe,Kakeru Yamanobe,sa3063694,,,,,,left_only
yukiyaitoh,Yukiya Itoh,sa3063695,,,,,,left_only
taigakamichatani,Taiga Kamichatani,sa3063696,,,,,,left_only
daitamiyagi,Daita Miyagi,sa3063698,,,,,,left_only
yuyaogoh,Yuya Ogoh,sa3063699,,,,,,left_only
shinichiohnuki,Shinichi Ohnuki,sa3063700,,,,,,left_only
hikaruohta,Hikaru Ohta,sa3063701,,,,,,left_only
sorasuzuki,Sora Suzuki,sa3063703,,,,,,left_only
ryosuketatsumi,Ryosuke Tatsumi,sa3063704,,,,,,left_only
taikihamada,Taiki Hamada,sa3063705,,,,,,left_only
yoshiakiwatanabe,Yoshiaki Watanabe,sa3063706,,,,,,left_only
koshirosakamoto,Koshiro Sakamoto,sa3063712,,,,,,left_only
noborushimizu,Noboru Shimizu,sa3063713,,,,,,left_only
kokimatsuoka,Koki Matsuoka,sa3063718,,,,,,left_only
kenshinhotta,Kenshin Hotta,sa3063719,,,,,,left_only
harutoinoue,Haruto Inoue,sa3063720,,,,,,left_only
shinnosukeyamase,Shinnosuke Yamase,sa3063721,,,,,,left_only
shotahamaya,Shota Hamaya,sa3063724,,,,,,left_only
senatsuge,Sena Tsuge,sa3063726,,,,,,left_only
junichirokishi,Junichiro Kishi,sa3063729,,,,,,left_only
yukitsumori,Yuki Tsumori,sa3063730,,,,,,left_only
takashiumino,Takashi Umino,sa3063731,,,,,,left_only
naokisatoh,Naoki Satoh,sa3063732,,,,,,left_only
tatsuruyanagimachi,Tatsuru Yanagimachi,sa3063733,,,,,,left_only
tomohisaohzeki,Tomohisa Ohzeki,sa3063734,,,,,,left_only
soichiroishizuka,Soichiro Ishizuka,sa3063735,,,,,,left_only
ryuseikawano,Ryusei Kawano,sa3063736,,,,,,left_only
kenyasuzuki,Kenya Suzuki,sa3063738,,,,,,left_only
yukiumebayashi,Yuki Umebayashi,sa3063740,,,,,,left_only
hiroyamiyagi,Hiroya Miyagi,sa3063746,,,,,,left_only
kotarokurebayashi,Kotaro Kurebayashi,sa3063750,,,,,,left_only
kazumasatoh,Kazuma Satoh,sa3063751,,,,,,left_only
taiseitsurusaki,Taisei Tsurusaki,sa3063754,,,,,,left_only
ryotatakinaka,Ryota Takinaka,sa3063755,,,,,,left_only
hirotokobukata,Hiroto Kobukata,sa3063756,,,,,,left_only
fumiyakurokawa,Fumiya Kurokawa,sa3063757,,,,,,left_only
atsukimutoh,Atsuki Mutoh,sa3063758,,,,,,left_only
rikutoyokoyama,Rikuto Yokoyama,sa3063761,,,,,,left_only
toshiyasatoh,Toshiya Satoh,sa3063762,,,,,,left_only
akitotakabe,Akito Takabe,sa3063764,,,,,,left_only
shotaueda,Shota Ueda,sa3063766,,,,,,left_only
masakioyokawa,Masaki Oyokawa,sa3063767,,,,,,left_only
koutainoue,Kouta Inoue,sa3063769,,,,,,left_only
danonodera,Dan Onodera,sa3063770,,,,,,left_only
masatomorishita,Masato Morishita,sa3063771,,,,,,left_only
shogotamamura,Shogo Tamamura,sa3063772,,,,,,left_only
tomokiishihara,Tomoki Ishihara,sa3063774,,,,,,left_only
keitomori,Keito Mori,sa3063775,,,,,,left_only
tatsuoebina,Tatsuo Ebina,sa3063777,,,,,,left_only
hiromuise,Hiromu Ise,sa3063779,,,,,,left_only
yuyasakamoto,Yuya Sakamoto,sa3063780,,,,,,left_only
junpeiazuma,Junpei Azuma,sa3063782,,,,,,left_only
yasunobuokugawa,Yasunobu Okugawa,sa3063785,,,,,,left_only
hirokiohnishi,Hiroki Ohnishi,sa3063788,,,,,,left_only
hidekinagaoka,Hideki Nagaoka,sa3063789,,,,,,left_only
ryuseitakeoka,Ryusei Takeoka,sa3063790,,,,,,left_only
yukihashimoto,Yuki Hashimoto,sa3063791,,,,,,left_only
yuyagunji,Yuya Gunji,sa3063793,,,,,,left_only
takayaishikawa,Takaya Ishikawa,sa3063794,,,,,,left_only
yukiokabayashi,Yuki Okabayashi,sa3063795,,,,,,left_only
takerusasaki,Takeru Sasaki,sa3063798,,,,,,left_only
tomoyainoue,Tomoya Inoue,sa3063800,,,,,,left_only
yoshiyasusasagawa,Yoshiyasu Sasagawa,sa3063802,,,,,,left_only
rikuogata,Riku Ogata,sa3063804,,,,,,left_only
daichiishii,Daichi Ishii,sa3063805,,,,,,left_only
masashiitoh,Masashi Itoh,sa3063806,,,,,,left_only
shokimurakami,Shoki Murakami,sa3063807,,,,,,left_only
takumunakano,Takumu Nakano,sa3063808,,,,,,left_only
yukisakaeda,Yuki Sakaeda,sa3063809,,,,,,left_only
teruakisato,Teruaki Sato,sa3063811,,,,,,left_only
nozomutakatera,Nozomu Takatera,sa3063812,,,,,,left_only
shotaabe,Shota Abe,sa3063813,,,,,,left_only
yoshihisahirano,Yoshihisa Hirano,sa3063814,,,,,,left_only
hayatenakagawa,Hayate Nakagawa,sa3063815,,,,,,left_only
shunpeitayamashita,Shunpeita Yamashita,sa3063816,,,,,,left_only
kendaigen,Kendai Gen,sa3063817,,,,,,left_only
ryotokita,Ryoto Kita,sa3063818,,,,,,left_only
kentokawase,Kento Kawase,sa3063819,,,,,,left_only
takayoshiyamamura,Takayoshi Yamamura,sa3063824,,,,,,left_only
gakutowakabayashi,Gakuto Wakabayashi,sa3063825,,,,,,left_only
taishimameda,Taishi Mameda,sa3063826,,,,,,left_only
shinyahasegawa,Shinya Hasegawa,sa3063827,,,,,,left_only
ryutaheinai,Ryuta Heinai,sa3063828,,,,,,left_only
masarufujii,Masaru Fujii,sa3063829,,,,,,left_only
takahisahayakawa,Takahisa Hayakawa,sa3063830,,,,,,left_only
seiryuuchi,Seiryu Uchi,sa3063832,,,,,,left_only
daikiirie,Daiki Irie,sa3063834,,,,,,left_only
hiromiitoh,Hiromi Itoh,sa3063835,,,,,,left_only
yusukeitoh,Yusuke Itoh,sa3063838,,,,,,left_only
ioriyamasaki,Iori Yamasaki,sa3063840,,,,,,left_only
ryoheihosokawa,Ryohei Hosokawa,sa3063841,,,,,,left_only
yutoakihiro,Yuto Akihiro,sa3063842,,,,,,left_only
raitonakayama,Raito Nakayama,sa3063843,,,,,,left_only
yumaimagawa,Yuma Imagawa,sa3063844,,,,,,left_only
ryotaisobata,Ryota Isobata,sa3063845,,,,,,left_only
natsukitoda,Natsuki Toda,sa3063847,,,,,,left_only
ryojikuribayashi,Ryoji Kuribayashi,sa3063850,,,,,,left_only
daisukemoriura,Daisuke Moriura,sa3063851,,,,,,left_only
harukiohmichi,Haruki Ohmichi,sa3063852,,,,,,left_only
masayayano,Masaya Yano,sa3063853,,,,,,left_only
shoichifutamata,Shoichi Futamata,sa3063854,,,,,,left_only
tokitokawamura,Tokito Kawamura,sa3063855,,,,,,left_only
shunsukenakamori,Shunsuke Nakamori,sa3063856,,,,,,left_only
naofumikizawa,Naofumi Kizawa,sa3063857,,,,,,left_only
taichiyamano,Taichi Yamano,sa3063858,,,,,,left_only
soumauchiyama,Souma Uchiyama,sa3063859,,,,,,left_only
taiseiirie,Taisei Irie,sa3063861,,,,,,left_only
hiyumotoyama,Hiyu Motoyama,sa3063862,,,,,,left_only
shotasuzuki,Shota Suzuki,sa3063863,,,,,,left_only
ryuseiogawa,Ryusei Ogawa,sa3063864,,,,,,left_only
hidetakanamiki,Hidetaka Namiki,sa3063865,,,,,,left_only
shotamaruyama,Shota Maruyama,sa3063869,,,,,,left_only
daitoyamamoto,Daito Yamamoto,sa3063870,,,,,,left_only
yoshihiroakahane,Yoshihiro Akahane,sa3063871,,,,,,left_only
renkondo,Ren Kondo,sa3063873,,,,,,left_only
yutamatsukihira,Yuta Matsukihira,sa3063874,,,,,,left_only
ryukutsuchida,Ryuku Tsuchida,sa3063877,,,,,,left_only
shugomaki,Shugo Maki,sa3063879,,,,,,left_only
tatsuyaishikawa,Tatsuya Ishikawa,sa3063880,,,,,,left_only
yoshinobumizukami,Yoshinobu Mizukami,sa3063882,,,,,,left_only
takumakirishiki,Takuma Kirishiki,sa3063883,,,,,,left_only
ukyomaegawa,Ukyo Maegawa,sa3063885,,,,,,left_only
hidetakaokadome,Hidetaka Okadome,sa3063886,,,,,,left_only
hiroshitoyoda,Hiroshi Toyoda,sa3063887,,,,,,left_only
yujiakahoshi,Yuji Akahoshi,sa3063888,,,,,,left_only
taiseiota,Taisei Ota,sa3063889,,,,,,left_only
yukiokada,Yuki Okada,sa3063891,,,,,,left_only
tomotakamatsui,Tomotaka Matsui,sa3063892,,,,,,left_only
satoshimiyamori,Satoshi Miyamori,sa3063893,,,,,,left_only
masayanishigaki,Masaya Nishigaki,sa3063894,,,,,,left_only
naokiarizono,Naoki Arizono,sa3063897,,,,,,left_only
renfukushima,Ren Fukushima,sa3063898,,,,,,left_only
kokikitayama,Koki Kitayama,sa3063900,,,,,,left_only
kyosukekuroyanagi,Kyosuke Kuroyanagi,sa3063901,,,,,,left_only
daigokamikawabata,Daigo Kamikawabata,sa3063902,,,,,,left_only
tatsukimizuno,Tatsuki Mizuno,sa3063904,,,,,,left_only
utasakaguchi,Uta Sakaguchi,sa3063905,,,,,,left_only
kotatatsu,Kota Tatsu,sa3063906,,,,,,left_only
isaminomura,Isami Nomura,sa3063907,,,,,,left_only
tomoyamasaki,Tomoya Masaki,sa3063908,,,,,,left_only
taiseiyanagawa,Taisei Yanagawa,sa3063909,,,,,,left_only
mizukimiura,Mizuki Miura,sa3063910,,,,,,left_only
yutokawamura,Yuto Kawamura,sa3063912,,,,,,left_only
keisukenakata,Keisuke Nakata,sa3063913,,,,,,left_only
ryuyamatsumoto,Ryuya Matsumoto,sa3063915,,,,,,left_only
shoheimori,Shohei Mori,sa3063916,,,,,,left_only
kentonakamura,Kento Nakamura,sa3063917,,,,,,left_only
shotasuekane,Shota Suekane,sa3063918,,,,,,left_only
shunsuketamura,Shunsuke Tamura,sa3063919,,,,,,left_only
kentabright,Kenta Bright,sa3063920,,,,,,left_only
taiseimiya,Taisei Miya,sa3063922,,,,,,left_only
hirototakahashi,Hiroto Takahashi,sa3063923,,,,,,left_only
kosukeukai,Kosuke Ukai,sa3063924,,,,,,left_only
renmukunoki,Ren Mukunoki,sa3063926,,,,,,left_only
kaedeyokoyama,Kaede Yokoyama,sa3063927,,,,,,left_only
shofukunaga,Sho Fukunaga,sa3063928,,,,,,left_only
tomoyanoguchi,Tomoya Noguchi,sa3063929,,,,,,left_only
harutowatanabe,Haruto Watanabe,sa3063931,,,,,,left_only
kohtarokomori,Kohtaro Komori,sa3063932,,,,,,left_only
yukihiroiwata,Yukihiro Iwata,sa3063933,,,,,,left_only
koseiohsato,Kosei Ohsato,sa3063934,,,,,,left_only
kazuyamaruyama,Kazuya Maruyama,sa3063935,,,,,,left_only
daichishibata,Daichi Shibata,sa3063936,,,,,,left_only
shinnosukehada,Shinnosuke Hada,sa3063939,,,,,,left_only
shunsukesato,Shunsuke Sato,sa3063940,,,,,,left_only
chihirosumida,Chihiro Sumida,sa3063941,,,,,,left_only
yutokoga,Yuto Koga,sa3063942,,,,,,left_only
shinyasugai,Shinya Sugai,sa3063944,,,,,,left_only
takerufuruichi,Takeru Furuichi,sa3063945,,,,,,left_only
natsuotakizawa,Natsuo Takizawa,sa3063946,,,,,,left_only
koukikajiwara,Kouki Kajiwara,sa3063947,,,,,,left_only
kentakozono,Kenta Kozono,sa3063948,,,,,,left_only
atsuyahirohata,Atsuya Hirohata,sa3063951,,,,,,left_only
akirayagi,Akira Yagi,sa3063952,,,,,,left_only
koumatsukawa,Kou Matsukawa,sa3063953,,,,,,left_only
raitoikeda,Raito Ikeda,sa3063954,,,,,,left_only
taikikikuchi,Taiki Kikuchi,sa3063955,,,,,,left_only
keitomombetsu,Keito Mombetsu,sa3063959,,,,,,left_only
rentomida,Ren Tomida,sa3063960,,,,,,left_only
shotamorishita,Shota Morishita,sa3063961,,,,,,left_only
hikarukimura,Hikaru Kimura,sa3063964,,,,,,left_only
minatoaoyama,Minato Aoyama,sa3063965,,,,,,left_only
junmaeda,Jun Maeda,sa3063966,,,,,,left_only
harumatsumoto,Haru Matsumoto,sa3063967,,,,,,left_only
ryosukekodama,Ryosuke Kodama,sa3063968,,,,,,left_only
ryosukeohtsu,Ryosuke Ohtsu,sa3063969,,,,,,left_only
takuyahiruma,Takuya Hiruma,sa3063970,,,,,,left_only
kengoyoshida,Kengo Yoshida,sa3063971,,,,,,left_only
tokumasachano,Tokumasa Chano,sa3063972,,,,,,left_only
kaitosaiki,Kaito Saiki,sa3063974,,,,,,left_only
ryuheisotani,Ryuhei Sotani,sa3063976,,,,,,left_only
ryusugisawa,Ryu Sugisawa,sa3063977,,,,,,left_only
shomakanemura,Shoma Kanemura,sa3063978,,,,,,left_only
kotayazawa,Kota Yazawa,sa3063980,,,,,,left_only
taikinarama,Taiki Narama,sa3063981,,,,,,left_only
keigokitamura,Keigo Kitamura,sa3063982,,,,,,left_only
ruitonishimura,Ruito Nishimura,sa3063983,,,,,,left_only
rensawai,Ren Sawai,sa3063984,,,,,,left_only
kojiroyoshimura,Kojiro Yoshimura,sa3063985,,,,,,left_only
maoitoh,Mao Itoh,sa3063986,,,,,,left_only
shotawatanabe,Shota Watanabe,sa3063988,,,,,,left_only
ryujikomago,Ryuji Komago,sa3063989,,,,,,left_only
koseishoji,Kosei Shoji,sa3063990,,,,,,left_only
hirokifukunaga,Hiroki Fukunaga,sa3063993,,,,,,left_only
seishuhiguchi,Seishu Higuchi,sa3063994,,,,,,left_only
shinyamatsuyama,Shinya Matsuyama,sa3063995,,,,,,left_only
kaitomuramatsu,Kaito Muramatsu,sa3063996,,,,,,left_only
reianakachi,Reia Nakachi,sa3063997,,,,,,left_only
mikiyatanaka,Mikiya Tanaka,sa3063998,,,,,,left_only
hiromasafunabasama,Hiromasa Funabasama,sa3064000,,,,,,left_only
makotokadowaki,Makoto Kadowaki,sa3064002,,,,,,left_only
shogoasano,Shogo Asano,sa3064003,,,,,,left_only
masayahagio,Masaya Hagio,sa3064004,,,,,,left_only
takumahayashi,Takuma Hayashi,sa3064007,,,,,,left_only
shionmatsuo,Shion Matsuo,sa3064008,,,,,,left_only
terukiyoshino,Teruki Yoshino,sa3064009,,,,,,left_only
ginjihasebe,Ginji Hasebe,sa3064010,,,,,,left_only
takehisamasuda,Takehisa Masuda,sa3064012,,,,,,left_only
shodaiuchida,Shodai Uchida,sa3064013,,,,,,left_only
haruyatanaka,Haruya Tanaka,sa3064014,,,,,,left_only
shukubo,Shu Kubo,sa3064015,,,,,,left_only
rikukikuchi,Riku Kikuchi,sa3064017,,,,,,left_only
shutatakano,Shuta Takano,sa3064018,,,,,,left_only
atsukitomosugi,Atsuki Tomosugi,sa3064019,,,,,,left_only
kyutoueda,Kyuto Ueda,sa3064022,,,,,,left_only
rintarotsujimoto,Rintaro Tsujimoto,sa3064024,,,,,,left_only
christianrodriguez,Christian Rodriguez,sa3064025,,,,,,left_only
goukioda,Gouki Oda,sa3064026,,,,,,left_only
yuyaishiguro,Yuya Ishiguro,sa3064027,,,,,,left_only
taichitaka,Taichi Taka,sa3064028,,,,,,left_only
kazukitakita,Kazuki Takita,sa3064029,,,,,,left_only
hayatotsunehiro,Hayato Tsunehiro,sa3064030,,,,,,left_only
keisukesato,Keisuke Sato,sa3064032,,,,,,left_only
harukihosono,Haruki Hosono,sa3064033,,,,,,left_only
yuyashinto,Yuya Shinto,sa3064034,,,,,,left_only
kazukimiyazaki,Kazuki Miyazaki,sa3064035,,,,,,left_only
yukiishihara,Yuki Ishihara,sa3064036,,,,,,left_only
kengomatsumoto,Kengo Matsumoto,sa3064037,,,,,,left_only
kyosuzuki,Kyo Suzuki,sa3064038,,,,,,left_only
ryuiito,Ryui Ito,sa3064039,,,,,,left_only
seiyahashimoto,Seiya Hashimoto,sa3064040,,,,,,left_only
seiryukotajima,Seiryu Kotajima,sa3064041,,,,,,left_only
taitotakashima,Taito Takashima,sa3064042,,,,,,left_only
seiyayokoyama,Seiya Yokoyama,sa3064043,,,,,,left_only
naokihinata,Naoki Hinata,sa3064044,,,,,,left_only
tatsukikoja,Tatsuki Koja,sa3064045,,,,,,left_only
takumamatsuda,Takuma Matsuda,sa3064046,,,,,,left_only
daisukenakashima,Daisuke Nakashima,sa3064047,,,,,,left_only
harutosakai,Haruto Sakai,sa3064048,,,,,,left_only
ryotaitogawa,Ryota Itogawa,sa3064049,,,,,,left_only
reonmurata,Reon Murata,sa3064050,,,,,,left_only
harukisugiyama,Haruki Sugiyama,sa3064052,,,,,,left_only
natsukitakeuchi,Natsuki Takeuchi,sa3064053,,,,,,left_only
taigaueda,Taiga Ueda,sa3064054,,,,,,left_only
ryutahirose,Ryuta Hirose,sa3064055,,,,,,left_only
shunsukeiwai,Shunsuke Iwai,sa3064056,,,,,,left_only
yugomaeda,Yugo Maeda,sa3064057,,,,,,left_only
ryoohyama,Ryo Ohyama,sa3064059,,,,,,left_only
kentoinoue,Kento Inoue,sa3064061,,,,,,left_only
yutaroishida,Yutaro Ishida,sa3064062,,,,,,left_only
taikiishikami,Taiki Ishikami,sa3064063,,,,,,left_only
ryotomatsumoto,Ryoto Matsumoto,sa3064064,,,,,,left_only
ryukiwatari,Ryuki Watari,sa3064065,,,,,,left_only
yutaizuguchi,Yuta Izuguchi,sa3064066,,,,,,left_only
teppeimataki,Teppei Mataki,sa3064067,,,,,,left_only
yuhinishidate,Yuhi Nishidate,sa3064068,,,,,,left_only
shunsukesasaki,Shunsuke Sasaki,sa3064069,,,,,,left_only
ajanderson,AJ Anderson,sa3064986,,,,,,left_only
anthonyandrews,Anthony Andrews,sa3064987,,,,,,left_only
jackangus,Jack Angus,sa3064988,,,,,,left_only
fosterapple,Foster Apple,sa3064989,,,,,,left_only
brandonarnold,Brandon Arnold,sa3064990,,,,,,left_only
wesleyarrington,Wesley Arrington,sa3064991,,,,,,left_only
brennenbarczai,Brennen Barczai,sa3064992,,,,,,left_only
lewisbarnumv,Lewis Barnum V,sa3064993,,,,,,left_only
cadebatchelor,Cade Batchelor,sa3064994,,,,,,left_only
jacobbazala,Jacob Bazala,sa3064995,,,,,,left_only
alexbenevento,Alex Benevento,sa3064996,,,,,,left_only
benberdine,Ben Berdine,sa3064997,,,,,,left_only
mitchellberger,Mitchell Berger,sa3064998,,,,,,left_only
charleybergsma,Charley Bergsma,sa3064999,,,,,,left_only
zachblack,Zach Black,sa3065000,,,,,,left_only
matteoblandino,Matteo Blandino,sa3065001,,,,,,left_only
diegoboardman,Diego Boardman,sa3065002,,,,,,left_only
jacobbowman,Jacob Bowman,sa3065003,,,,,,left_only
gabebrabec,Gabe Brabec,sa3065004,,,,,,left_only
jacksonbrewer,Jackson Brewer,sa3065005,,,,,,left_only
tristanbristow,Tristan Bristow,sa3065006,,,,,,left_only
eastonbrooks,Easton Brooks,sa3065007,,,,,,left_only
johnnybrucato,Johnny Brucato,sa3065008,,,,,,left_only
gavinbrummond,Gavin Brummond,sa3065009,,,,,,left_only
cjbussell,CJ Bussell,sa3065010,,,,,,left_only
christianbutera,Christian Butera,sa3065011,,,,,,left_only
wandelcampana,Wandel Campana,sa3065012,,,,,,left_only
seancannon,Sean Cannon,sa3065013,,,,,,left_only
landoncarr,Landon Carr,sa3065014,,,,,,left_only
samchristiansen,Sam Christiansen,sa3065015,,,,,,left_only
brodiecollins,Brodie Collins,sa3065016,,,,,,left_only
elijahcoston,Elijah Coston,sa3065018,,,,,,left_only
nathanaelcoupet,Nathanael Coupet,sa3065019,,,,,,left_only
bennettcox,Bennett Cox,sa3065020,,,,,,left_only
tycupp,Ty Cupp,sa3065021,,,,,,left_only
calebdaniel,Caleb Daniel,sa3065022,,,,,,left_only
willdart,Will Dart,sa3065023,,,,,,left_only
jackdauer,Jack Dauer,sa3065024,,,,,,left_only
garrettdavidson,Garrett Davidson,sa3065025,,,,,,left_only
gavindegnan,Gavin Degnan,sa3065026,,,,,,left_only
matthewdelvaux,Matthew Delvaux,sa3065027,,,,,,left_only
michaeldevenney,Michael Devenney,sa3065028,,,,,,left_only
peytondhein,Peyton Dhein,sa3065029,,,,,,left_only
landondiberadin,Landon DiBeradin,sa3065030,,,,,,left_only
stefandicorrado,Stefan Di Corrado,sa3065031,,,,,,left_only
noahditas,Noah Ditas,sa3065032,,,,,,left_only
calebduerr,Caleb Duerr,sa3065033,,,,,,left_only
ernieechevarria,Ernie Echevarria,sa3065034,,,,,,left_only
jackedmunds,Jack Edmunds,sa3065035,,,,,,left_only
hectorescobar,Hector Escobar,sa3065036,,,,,,left_only
jadenfabian,Jaden Fabian,sa3065037,,,,,,left_only
kevinferguson,Kevin Ferguson,sa3065038,,,,,,left_only
nicofrizell,Nico Frizell,sa3065039,,,,,,left_only
nickgarritano,Nick Garritano,sa3065040,,,,,,left_only
davidgibbs,David Gibbs,sa3065041,,,,,,left_only
bjgibson,BJ Gibson,sa3065042,,,,,,left_only
jacksonginther,Jackson Ginther,sa3065043,,,,,,left_only
ronanglassford,Ronan Glassford,sa3065044,,,,,,left_only
brycegluckman,Bryce Gluckman,sa3065045,,,,,,left_only
aydengonzalez,Ayden Gonzalez,sa3065046,,,,,,left_only
alexgraber,Alex Graber,sa3065047,,,,,,left_only
nolangrawe,Nolan Grawe,sa3065048,,,,,,left_only
nickgreaney,Nick Greaney,sa3065049,,,,,,left_only
landonhairston,Landon Hairston,sa3065050,,,,,,left_only
christianhamilton,Christian Hamilton,sa3065051,,,,,,left_only
nickhamilton,Nick Hamilton,sa3065052,,,,,,left_only
joeyhelms,Joey Helms,sa3065053,,,,,,left_only
carsonhepworth,Carson Hepworth,sa3065054,,,,,,left_only
houstonhirschkorn,Houston Hirschkorn,sa3065055,,,,,,left_only
evanhoeckele,Evan Hoeckele,sa3065056,,,,,,left_only
johnholley,John Holley,sa3065057,,,,,,left_only
krosshowarth,Kross Howarth,sa3065058,,,,,,left_only
ianhuang,Ian Huang,sa3065059,,,,,,left_only
bradyhudson,Brady Hudson,sa3065060,,,,,,left_only
keagenjirschele,Keagen Jirschele,sa3065061,,,,,,left_only
blaizejohnson,Blaize Johnson,sa3065062,,,,,,left_only
brodiejohnston,Brodie Johnston,sa3065063,,,,,,left_only
chrisjuchno,Chris Juchno,sa3065064,,,,,,left_only
aaronkeating,Aaron Keating,sa3065065,,,,,,left_only
samkeene,Sam Keene,sa3065066,,,,,,left_only
aidenkelly,Aiden Kelly,sa3065067,,,,,,left_only
nolankirsch,Nolan Kirsch,sa3065068,,,,,,left_only
jacksonklein,Jackson Klein,sa3065069,,,,,,left_only
chaseklingemann,Chase Klingemann,sa3065070,,,,,,left_only
tylerkneller,Tyler Kneller,sa3065071,,,,,,left_only
keeganknutson,Keegan Knutson,sa3065072,,,,,,left_only
kaydenkohlberg,Kayden Kohlberg,sa3065073,,,,,,left_only
camlagrassa,Cam LaGrassa,sa3065074,,,,,,left_only
jaydenlee,Jayden Lee,sa3065075,,,,,,left_only
sammyleis,Sammy Leis,sa3065076,,,,,,left_only
erricklewis,Errick Lewis,sa3065077,,,,,,left_only
colinlinteo,Colin Linteo,sa3065078,,,,,,left_only
quinlong,Quin Long,sa3065079,,,,,,left_only
frankylopez,Franky Lopez,sa3065080,,,,,,left_only
nathaniellopez,Nathaniel Lopez,sa3065081,,,,,,left_only
chrislozano,Chris Lozano,sa3065082,,,,,,left_only
joseluccioni,Jose Luccioni,sa3065083,,,,,,left_only
tymadison,Ty Madison,sa3065084,,,,,,left_only
charleymagoulick,Charley Magoulick,sa3065085,,,,,,left_only
thomasmaher,Thomas Maher,sa3065086,,,,,,left_only
jackmalec,Jack Malec,sa3065087,,,,,,left_only
wesleymarien,Wesley Marien,sa3065088,,,,,,left_only
dillonmarrisett,Dillon Marrisett,sa3065089,,,,,,left_only
tymartinez,Ty Martinez,sa3065090,,,,,,left_only
drewmcdowell,Drew McDowell,sa3065091,,,,,,left_only
joemcgee,Joe McGee,sa3065092,,,,,,left_only
jadenmcneely,Jaden McNeely,sa3065094,,,,,,left_only
eliotmedlock,Eliot Medlock,sa3065096,,,,,,left_only
kadinmiller,Kadin Miller,sa3065097,,,,,,left_only
loganmorris,Logan Morris,sa3065098,,,,,,left_only
daytonmurphy,Dayton Murphy,sa3065099,,,,,,left_only
jackmyers,Jack Myers,sa3065100,,,,,,left_only
ethannardacci,Ethan Nardacci,sa3065101,,,,,,left_only
daxnewman,Dax Newman,sa3065102,,,,,,left_only
aidenoconnell,Aiden OConnell,sa3065103,,,,,,left_only
jackopoien,Jack Opoien,sa3065104,,,,,,left_only
dannyorr,Danny Orr,sa3065105,,,,,,left_only
lukeparmentier,Luke Parmentier,sa3065106,,,,,,left_only
bradypatterson,Brady Patterson,sa3065107,,,,,,left_only
garrettpatterson,Garrett Patterson,sa3065108,,,,,,left_only
harrypelzman,Harry Pelzman,sa3065109,,,,,,left_only
masonpennington,Mason Pennington,sa3065110,,,,,,left_only
cadeperkins,Cade Perkins,sa3065111,,,,,,left_only
carsonphillips,Carson Phillips,sa3065112,,,,,,left_only
chandlerpowell,Chandler Powell,sa3065113,,,,,,left_only
alejandropuig,Alejandro Puig,sa3065114,,,,,,left_only
benrabatin,Ben Rabatin,sa3065115,,,,,,left_only
kaysenrainieri,Kaysen Rainieri,sa3065116,,,,,,left_only
axelriess,Axel Riess,sa3065118,,,,,,left_only
zacharyrobinson,Zachary Robinson,sa3065119,,,,,,left_only
edgarrodriguez,Edgar Rodriguez,sa3065121,,,,,,left_only
barrettronson,Barrett Ronson,sa3065122,,,,,,left_only
alexrosario,Alex Rosario,sa3065123,,,,,,left_only
colemanryan,Coleman Ryan,sa3065124,,,,,,left_only
lukassarantos,Lukas Sarantos,sa3065125,,,,,,left_only
alejandrosardinas,Alejandro Sardinas,sa3065126,,,,,,left_only
gregschmidt,Greg Schmidt,sa3065127,,,,,,left_only
cadeschneider,Cade Schneider,sa3065128,,,,,,left_only
mitchellschroeder,Mitchell Schroeder,sa3065129,,,,,,left_only
eliselga,Eli Selga,sa3065130,,,,,,left_only
walkershaw,Walker Shaw,sa3065131,,,,,,left_only
nickshenefelt,Nick Shenefelt,sa3065132,,,,,,left_only
zachsilfies,Zach Silfies,sa3065133,,,,,,left_only
michaelsimone,Michael Simone,sa3065134,,,,,,left_only
dylanskidmore,Dylan Skidmore,sa3065135,,,,,,left_only
makoasniffen,Makoa Sniffen,sa3065139,,,,,,left_only
alexsotiropoulos,Alex Sotiropoulos,sa3065140,,,,,,left_only
justinspiegel,Justin Spiegel,sa3065141,,,,,,left_only
charliestogner,Charlie Stogner,sa3065142,,,,,,left_only
kennethsugi,Kenneth Sugi,sa3065143,,,,,,left_only
patricksullivan,Patrick Sullivan,sa3065144,,,,,,left_only
joshuasurigao,Joshua Surigao,sa3065145,,,,,,left_only
ethansurowiec,Ethan Surowiec,sa3065146,,,,,,left_only
natetaylor,Nate Taylor,sa3065147,,,,,,left_only
danielthomas,Daniel Thomas,sa3065148,,,,,,left_only
quincythornton,Quincy Thornton,sa3065149,,,,,,left_only
anthonytirado,Anthony Tirado,sa3065150,,,,,,left_only
brysontrammell,Bryson Trammell,sa3065151,,,,,,left_only
joetrivisonno,Joe Trivisonno,sa3065152,,,,,,left_only
jimmyurban,Jimmy Urban,sa3065153,,,,,,left_only
jackvanoncini,Jack Vanoncini,sa3065154,,,,,,left_only
jorgievazquez,Jorgie Vazquez,sa3065155,,,,,,left_only
rancielventura,Ranciel Ventura,sa3065156,,,,,,left_only
herickvital,Herick Vital,sa3065157,,,,,,left_only
michaelvitellaro,Michael Vitellaro,sa3065158,,,,,,left_only
aidanvonzuben,Aidan Von Zuben,sa3065159,,,,,,left_only
jackwaddingham,Jack Waddingham,sa3065160,,,,,,left_only
edwagner,Ed Wagner,sa3065161,,,,,,left_only
jaydenwalker,Jayden Walker,sa3065162,,,,,,left_only
grantwerdesheim,Grant Werdesheim,sa3065163,,,,,,left_only
nicholaswerk,Nicholas Werk,sa3065164,,,,,,left_only
liamwilson,Liam Wilson,sa3065165,,,,,,left_only
zacharyzimmerman,Zachary Zimmerman,sa3065166,,,,,,left_only
colesonabel,Coleson Abel,sa3065241,,,,,,left_only
chrisaccardo,Chris Accardo,sa3065242,,,,,,left_only
lucaalagheband,Luca Alagheband,sa3065243,,,,,,left_only
johnallen,John Allen,sa3065244,,,,,,left_only
gusallred,Gus Allred,sa3065245,,,,,,left_only
rayaltmeyer,Ray Altmeyer,sa3065246,,,,,,left_only
antonioavila,Antonio Avila,sa3065247,,,,,,left_only
janavila,Jan Avila,sa3065248,,,,,,left_only
nickbaffa,Nick Baffa,sa3065249,,,,,,left_only
cadenbaker,Caden Baker,sa3065250,,,,,,left_only
lukebanister,Luke Banister,sa3065251,,,,,,left_only
nickbarber,Nick Barber,sa3065252,,,,,,left_only
masonbarela,Mason Barela,sa3065253,,,,,,left_only
owenbarger,Owen Barger,sa3065254,,,,,,left_only
jamesbeasley,James Beasley,sa3065255,,,,,,left_only
rowenbeattie,Rowen Beattie,sa3065256,,,,,,left_only
anthonybelisario,Anthony Belisario,sa3065257,,,,,,left_only
andrewbell,Andrew Bell,sa3065258,,,,,,left_only
leoberger,Leo Berger,sa3065259,,,,,,left_only
gavinblachowicz,Gavin Blachowicz,sa3065260,,,,,,left_only
braylenblomquist,Braylen Blomquist,sa3065261,,,,,,left_only
paytonboines,Payton Boines,sa3065262,,,,,,left_only
jackburke,Jack Burke,sa3065263,,,,,,left_only
landencampbell,Landen Campbell,sa3065264,,,,,,left_only
austincannon,Austin Cannon,sa3065265,,,,,,left_only
chasecartron,Chase Cartron,sa3065266,,,,,,left_only
johnnycasale,Johnny Casale,sa3065267,,,,,,left_only
cristofercespedes,Cristofer Cespedes,sa3065268,,,,,,left_only
tomascestero,Tomas Cestero,sa3065269,,,,,,left_only
ericcha,Eric Cha,sa3065270,,,,,,left_only
samchapman,Sam Chapman,sa3065271,,,,,,left_only
alexchristie,Alex Christie,sa3065272,,,,,,left_only
masonchristopher,Mason Christopher,sa3065273,,,,,,left_only
victorchristal,Victor Christal,sa3065274,,,,,,left_only
tjcoats,TJ Coats,sa3065275,,,,,,left_only
charliecollins,Charlie Collins,sa3065276,,,,,,left_only
shaneconnell,Shane Connell,sa3065277,,,,,,left_only
joeconnolly,Joe Connolly,sa3065278,,,,,,left_only
matthewcorwin,Matthew Corwin,sa3065279,,,,,,left_only
owencrowe,Owen Crowe,sa3065280,,,,,,left_only
nathancurrah,Nathan Currah,sa3065281,,,,,,left_only
colincymbalista,Colin Cymbalista,sa3065282,,,,,,left_only
lukedavenport,Luke Davenport,sa3065283,,,,,,left_only
coledecker,Cole Decker,sa3065284,,,,,,left_only
amaurydejesus,Amaury De Jesus,sa3065285,,,,,,left_only
ryandemartin,Ryan DeMartin,sa3065286,,,,,,left_only
alexdeutsch,Alex Deutsch,sa3065287,,,,,,left_only
ryandieguez,Ryan Dieguez,sa3065288,,,,,,left_only
jakedorn,Jake Dorn,sa3065289,,,,,,left_only
juliusejikecharles,Julius Ejike-Charles,sa3065290,,,,,,left_only
westonelkovitch,Weston Elkovitch,sa3065291,,,,,,left_only
austinellis,Austin Ellis,sa3065292,,,,,,left_only
alexenea,Alex Enea,sa3065293,,,,,,left_only
ianfernandez,Ian Fernandez,sa3065294,,,,,,left_only
bobbyfillerjr,Bobby Filler Jr.,sa3065295,,,,,,left_only
benfishel,Ben Fishel,sa3065296,,,,,,left_only
jackfitzgerald,Jack Fitzgerald,sa3065297,,,,,,left_only
chasefogg,Chase Fogg,sa3065298,,,,,,left_only
brycefontenot,Bryce Fontenot,sa3065299,,,,,,left_only
bradyfox,Brady Fox,sa3065300,,,,,,left_only
daytonfranke,Dayton Franke,sa3065301,,,,,,left_only
gabefraser,Gabe Fraser,sa3065302,,,,,,left_only
carsonfrench,Carson French,sa3065303,,,,,,left_only
evanfulhorst,Evan Fulhorst,sa3065304,,,,,,left_only
estebangarcia,Esteban Garcia,sa3065305,,,,,,left_only
alexgay,Alex Gay,sa3065306,,,,,,left_only
leogiannoni,Leo Giannoni,sa3065307,,,,,,left_only
colingibson,Colin Gibson,sa3065308,,,,,,left_only
gunnergilmore,Gunner Gilmore,sa3065309,,,,,,left_only
joshglaser,Josh Glaser,sa3065310,,,,,,left_only
ethanglassman,Ethan Glassman,sa3065311,,,,,,left_only
joegold,Joe Gold,sa3065312,,,,,,left_only
felixgonzalez,Felix Gonzalez,sa3065313,,,,,,left_only
patrickgraham,Patrick Graham,sa3065314,,,,,,left_only
logangrass,Logan Grass,sa3065315,,,,,,left_only
kaihanasaki,Kai Hanasaki,sa3065316,,,,,,left_only
braylenharlamert,Braylen Harlamert,sa3065317,,,,,,left_only
traceharrington,Trace Harrington,sa3065318,,,,,,left_only
vancehaskins,Vance Haskins,sa3065319,,,,,,left_only
johnhegarty,John Hegarty,sa3065320,,,,,,left_only
jarrettheilman,Jarrett Heilman,sa3065321,,,,,,left_only
raynerheinrich,Rayner Heinrich,sa3065322,,,,,,left_only
bradyheinzmann,Brady Heinzmann,sa3065323,,,,,,left_only
jackhelmholz,Jack Helmholz,sa3065324,,,,,,left_only
markhenderson,Mark Henderson,sa3065325,,,,,,left_only
kylehepburn,Kyle Hepburn,sa3065326,,,,,,left_only
andrewhill,Andrew Hill,sa3065327,,,,,,left_only
hunterhoxie,Hunter Hoxie,sa3065328,,,,,,left_only
rayhuke,Ray Huke,sa3065329,,,,,,left_only
ethanianni,Ethan Ianni,sa3065330,,,,,,left_only
jullianjarrett,Jullian Jarrett,sa3065332,,,,,,left_only
skylarjones,Skylar Jones,sa3065333,,,,,,left_only
rowankelly,Rowan Kelly,sa3065335,,,,,,left_only
jacksonkemmerer,Jackson Kemmerer,sa3065336,,,,,,left_only
malikkemp,Malik Kemp,sa3065337,,,,,,left_only
iankeusch,Ian Keusch,sa3065338,,,,,,left_only
bryantkimbrell,Bryant Kimbrell,sa3065339,,,,,,left_only
bradykoester,Brady Koester,sa3065340,,,,,,left_only
calebkoskie,Caleb Koskie,sa3065341,,,,,,left_only
anthonykrause,Anthony Krause,sa3065342,,,,,,left_only
peterkrumins,Peter Krumins,sa3065343,,,,,,left_only
michaelkuska,Michael Kuska,sa3065344,,,,,,left_only
gunnerlakins,Gunner Lakins,sa3065345,,,,,,left_only
isaaclamson,Isaac Lamson,sa3065346,,,,,,left_only
lukelandrus,Luke Landrus,sa3065347,,,,,,left_only
masonlang,Mason Lang,sa3065348,,,,,,left_only
keshawnlee,KeShawn Lee,sa3065349,,,,,,left_only
jakelenahan,Jake Lenahan,sa3065350,,,,,,left_only
domletort,Dom Letort,sa3065351,,,,,,left_only
ericlintelman,Eric Lintelman,sa3065352,,,,,,left_only
blakelobell,Blake Lobell,sa3065353,,,,,,left_only
bryceloeger,Bryce Loeger,sa3065354,,,,,,left_only
harrisonlollin,Harrison Lollin,sa3065355,,,,,,left_only
nikolombardi,Niko Lombardi,sa3065356,,,,,,left_only
tylongoria,Ty Longoria,sa3065357,,,,,,left_only
jakelyall,Jake Lyall,sa3065359,,,,,,left_only
aidanmarino,Aidan Marino,sa3065360,,,,,,left_only
jadenmason,Jaden Mason,sa3065361,,,,,,left_only
braydenmazzacano,Brayden Mazzacano,sa3065362,,,,,,left_only
brandonmcclainbanks,Brandon McClain-Banks,sa3065363,,,,,,left_only
ryanmchugh,Ryan McHugh,sa3065364,,,,,,left_only
aidenmeyer,Aiden Meyer,sa3065365,,,,,,left_only
karlmeyer,Karl Meyer,sa3065366,,,,,,left_only
lamighton,LA Mighton,sa3065367,,,,,,left_only
danmills,Dan Mills,sa3065368,,,,,,left_only
ryanmooney,Ryan Mooney,sa3065369,,,,,,left_only
casenmurphy,Casen Murphy,sa3065370,,,,,,left_only
carsonmynatt,Carson Mynatt,sa3065371,,,,,,left_only
jaysonnash,Jayson Nash,sa3065372,,,,,,left_only
micahnicholson,Micah Nicholson,sa3065373,,,,,,left_only
bennugent,Ben Nugent,sa3065374,,,,,,left_only
gavinobrien,Gavin O'Brien,sa3065375,,,,,,left_only
jackohman,Jack Ohman,sa3065376,,,,,,left_only
shutookumura,Shuto Okumura,sa3065377,,,,,,left_only
efrenortega,Efren Ortega,sa3065378,,,,,,left_only
jackotis,Jack Otis,sa3065379,,,,,,left_only
carmenpanaro,Carmen Panaro,sa3065380,,,,,,left_only
tylerpatrick,Tyler Patrick,sa3065381,,,,,,left_only
djpeterson,DJ Peterson,sa3065382,,,,,,left_only
kylepeters,Kyle Peters,sa3065383,,,,,,left_only
juliuspfau,Julius Pfau,sa3065384,,,,,,left_only
brandonphillips,Brandon Phillips,sa3065385,,,,,,left_only
mathewpigeon,Mathew Pigeon,sa3065386,,,,,,left_only
connorpittman,Connor Pittman,sa3065387,,,,,,left_only
ethanplesser,Ethan Plesser,sa3065388,,,,,,left_only
michaelpolitte,Michael Politte,sa3065389,,,,,,left_only
jakepollaro,Jake Pollaro,sa3065390,,,,,,left_only
lukepuffinbarger,Luke Puffinbarger,sa3065391,,,,,,left_only
jacksonrains,Jackson Rains,sa3065392,,,,,,left_only
diegoreillybell,Diego Reilly-Bell,sa3065393,,,,,,left_only
thomasreinholt,Thomas Reinholt,sa3065394,,,,,,left_only
trerelliford,Tre Relliford,sa3065395,,,,,,left_only
drewripepi,Drew Ripepi,sa3065396,,,,,,left_only
johannrodriguez,Johann Rodriguez,sa3065397,,,,,,left_only
lucasrodriguez,Lucas Rodriguez,sa3065398,,,,,,left_only
beauroot,Beau Root,sa3065399,,,,,,left_only
kylerossy,Kyle Rossy,sa3065400,,,,,,left_only
trentrucker,Trent Rucker,sa3065401,,,,,,left_only
anthonyruiz,Anthony Ruiz,sa3065402,,,,,,left_only
mikeyryan,Mikey Ryan,sa3065403,,,,,,left_only
jakesanko,Jake Sanko,sa3065404,,,,,,left_only
gavinsansone,Gavin Sansone,sa3065405,,,,,,left_only
jamesschaffer,James Schaffer,sa3065406,,,,,,left_only
ryanschwartz,Ryan Schwartz,sa3065407,,,,,,left_only
nicksemon,Nick Semon,sa3065408,,,,,,left_only
ashtonseymore,Ashton Seymore,sa3065409,,,,,,left_only
bradynshaw,Bradyn Shaw,sa3065410,,,,,,left_only
owensiegert,Owen Siegert,sa3065411,,,,,,left_only
mattsimay,Matt Simay,sa3065412,,,,,,left_only
jasonskeen,Jason Skeen,sa3065413,,,,,,left_only
owenslater,Owen Slater,sa3065414,,,,,,left_only
alexslotter,Alex Slotter,sa3065415,,,,,,left_only
jacobslusarski,Jacob Slusarski,sa3065416,,,,,,left_only
jakesmith,Jake Smith,sa3065417,,,,,,left_only
reidsnider,Reid Snider,sa3065418,,,,,,left_only
gavinsoares,Gavin Soares,sa3065419,,,,,,left_only
deanspoto,Dean Spoto,sa3065420,,,,,,left_only
kristiansprawling,Kristian Sprawling,sa3065421,,,,,,left_only
kylestephens,Kyle Stephens,sa3065422,,,,,,left_only
alexstrickland,Alex Strickland,sa3065423,,,,,,left_only
carsonswaim,Carson Swaim,sa3065424,,,,,,left_only
jacksweeney,Jack Sweeney,sa3065425,,,,,,left_only
kaidentakahashitrader,Kaiden Takahashi-Trader,sa3065426,,,,,,left_only
treytelfer,Trey Telfer,sa3065427,,,,,,left_only
anthonytemesvary,Anthony Temesvary,sa3065428,,,,,,left_only
grantteschendorf,Grant Teschendorf,sa3065429,,,,,,left_only
aidanthaxton,Aidan Thaxton,sa3065430,,,,,,left_only
braytonthomas,Brayton Thomas,sa3065431,,,,,,left_only
masontompkins,Mason Tompkins,sa3065433,,,,,,left_only
antoniotorres,Antonio Torres,sa3065434,,,,,,left_only
cadetownsend,Cade Townsend,sa3065435,,,,,,left_only
adamtroch,Adam Troch,sa3065436,,,,,,left_only
luketrout,Luke Trout,sa3065437,,,,,,left_only
tytruett,Ty Truett,sa3065438,,,,,,left_only
mikeyurbaniak,Mikey Urbaniak,sa3065439,,,,,,left_only
christianvelez,Christian Velez,sa3065440,,,,,,left_only
tatevogler,Tate Vogler,sa3065442,,,,,,left_only
rileyweatherwax,Riley Weatherwax,sa3065443,,,,,,left_only
mateowells,Mateo Wells,sa3065444,,,,,,left_only
treywells,Trey Wells,sa3065445,,,,,,left_only
cooperwesslund,Cooper Wesslund,sa3065446,,,,,,left_only
davinwhitaker,Davin Whitaker,sa3065447,,,,,,left_only
owenwilson,Owen Wilson,sa3065448,,,,,,left_only
devinwolff,Devin Wolff,sa3065449,,,,,,left_only
tylerwright,Tyler Wright,sa3065450,,,,,,left_only
brendanyagesh,Brendan Yagesh,sa3065451,,,,,,left_only
loganyi,Logan Yi,sa3065452,,,,,,left_only
daveyorke,Dave Yorke,sa3065453,,,,,,left_only
beckettzavorek,Beckett Zavorek,sa3065454,,,,,,left_only
josephzorc,Joseph Zorc,sa3065455,,,,,,left_only
nileadcock,Nile Adcock,sa3065497,,,,,,left_only
chandleranderson,Chandler Anderson,sa3065498,,,,,,left_only
ryanbailey,Ryan Bailey,sa3065499,,,,,,left_only
jadenbarfield,Jaden Barfield,sa3065500,,,,,,left_only
carterbarth,Carter Barth,sa3065501,,,,,,left_only
danielbass,Daniel Bass,sa3065502,,,,,,left_only
kylebatt,Kyle Batt,sa3065503,,,,,,left_only
gabebeschloss,Gabe Beschloss,sa3065504,,,,,,left_only
nickbiddle,Nick Biddle,sa3065505,,,,,,left_only
hudsonbrown,Hudson Brown,sa3065506,,,,,,left_only
matthewbrown,Matthew Brown,sa3065507,,,,,,left_only
thomasburke,Thomas Burke,sa3065508,,,,,,left_only
treycallaway,Trey Callaway,sa3065509,,,,,,left_only
carloscarmona,Carlos Carmona,sa3065510,,,,,,left_only
johncarroll,John Carroll,sa3065511,,,,,,left_only
brendoncarter,Brendon Carter,sa3065512,,,,,,left_only
liamchamberlain,Liam Chamberlain,sa3065513,,,,,,left_only
gunnercollins,Gunner Collins,sa3065514,,,,,,left_only
alexconover,Alex Conover,sa3065515,,,,,,left_only
carsoncormier,Carson Cormier,sa3065516,,,,,,left_only
kellycrumpton,Kelly Crumpton,sa3065517,,,,,,left_only
kevincruz,Kevin Cruz,sa3065518,,,,,,left_only
michaeldaniel,Michael Daniel,sa3065519,,,,,,left_only
connordarling,Connor Darling,sa3065520,,,,,,left_only
ashtondavis,Ashton Davis,sa3065521,,,,,,left_only
jadendavis,Jaden Davis,sa3065523,,,,,,left_only
henrydigiorgio,Henry DiGiorgio,sa3065524,,,,,,left_only
ryandillon,Ryan Dillon,sa3065525,,,,,,left_only
sergiodroz,Sergio Droz,sa3065526,,,,,,left_only
taylorechols,Taylor Echols,sa3065528,,,,,,left_only
nickespinola,Nick Espinola,sa3065529,,,,,,left_only
casoneubanks,Cason Eubanks,sa3065530,,,,,,left_only
bodenfernsler,Boden Fernsler,sa3065531,,,,,,left_only
aidenfishnick,Aiden Fishnick,sa3065532,,,,,,left_only
lukefithian,Luke Fithian,sa3065533,,,,,,left_only
carsonfoster,Carson Foster,sa3065534,,,,,,left_only
colefreeman,Cole Freeman,sa3065535,,,,,,left_only
markgajowski,Mark Gajowski,sa3065536,,,,,,left_only
cameronguise,Cameron Guise,sa3065538,,,,,,left_only
calebhadley,Caleb Hadley,sa3065539,,,,,,left_only
blakehager,Blake Hager,sa3065540,,,,,,left_only
sebastianhaggard,Sebastian Haggard,sa3065541,,,,,,left_only
rowanhaynes,Rowan Haynes,sa3065542,,,,,,left_only
reidhoward,Reid Howard,sa3065543,,,,,,left_only
dylanhowell,Dylan Howell,sa3065544,,,,,,left_only
alexhwang,Alex Hwang,sa3065545,,,,,,left_only
braydenhy,Brayden Hy,sa3065546,,,,,,left_only
davidjeon,David Jeon,sa3065547,,,,,,left_only
ryanjones,Ryan Jones,sa3065549,,,,,,left_only
graysonking,Grayson King,sa3065550,,,,,,left_only
liamkinneen,Liam Kinneen,sa3065551,,,,,,left_only
kyleklaricschell,Kyle Klaric-Schell,sa3065552,,,,,,left_only
dylankrause,Dylan Krause,sa3065553,,,,,,left_only
nolankutney,Nolan Kutney,sa3065554,,,,,,left_only
jakelankie,Jake Lankie,sa3065555,,,,,,left_only
bradylesiak,Brady Lesiak,sa3065556,,,,,,left_only
jordylopez,Jordy Lopez,sa3065557,,,,,,left_only
jonnylowe,Jonny Lowe,sa3065558,,,,,,left_only
asherlucas,Asher Lucas,sa3065559,,,,,,left_only
princemairena,Prince Mairena,sa3065560,,,,,,left_only
adenmalpass,Aden Malpass,sa3065561,,,,,,left_only
wademann,Wade Mann,sa3065562,,,,,,left_only
geoffmarlow,Geoff Marlow,sa3065563,,,,,,left_only
drewmcconnell,Drew McConnell,sa3065564,,,,,,left_only
kadenmccoy,Kaden McCoy,sa3065565,,,,,,left_only
jakemcghee,Jake Mcghee,sa3065566,,,,,,left_only
liammcilroy,Liam McIlroy,sa3065567,,,,,,left_only
johnmckillop,John McKillop,sa3065568,,,,,,left_only
solomonmckinney,Solomon McKinney,sa3065569,,,,,,left_only
michaelmeckna,Michael Meckna,sa3065570,,,,,,left_only
drewmedley,Drew Medley,sa3065571,,,,,,left_only
christianmello,Christian Mello,sa3065572,,,,,,left_only
hayesmelville,Hayes Melville,sa3065573,,,,,,left_only
adammerritt,Adam Merritt,sa3065574,,,,,,left_only
connormohan,Connor Mohan,sa3065576,,,,,,left_only
nathanmonceaux,Nathan Monceaux,sa3065577,,,,,,left_only
jjmoran,JJ Moran,sa3065578,,,,,,left_only
mathewmurtagh,Mathew Murtagh,sa3065579,,,,,,left_only
zachneville,Zach Neville,sa3065580,,,,,,left_only
treynewmann,Trey Newmann,sa3065581,,,,,,left_only
kennynoe,Kenny Noe,sa3065582,,,,,,left_only
eastononeal,Easton ONeal,sa3065583,,,,,,left_only
dannyonorato,Danny Onorato,sa3065584,,,,,,left_only
joshoutlaw,Josh Outlaw,sa3065585,,,,,,left_only
aydinpalmer,Aydin Palmer,sa3065586,,,,,,left_only
frankpapeo,Frank Papeo,sa3065587,,,,,,left_only
cooperparks,Cooper Parks,sa3065588,,,,,,left_only
connorpawlowski,Connor Pawlowski,sa3065589,,,,,,left_only
sebastianpaz,Sebastian Paz,sa3065590,,,,,,left_only
austynpeak,Austyn Peak,sa3065591,,,,,,left_only
tylerphenow,Tyler Phenow,sa3065592,,,,,,left_only
drewphillips,Drew Phillips,sa3065593,,,,,,left_only
calebpica,Caleb Pica,sa3065594,,,,,,left_only
tristanpotts,Tristan Potts,sa3065595,,,,,,left_only
jaxonpridgen,Jaxon Pridgen,sa3065596,,,,,,left_only
kinnickpusteoska,Kinnick Pusteoska,sa3065597,,,,,,left_only
jackquigley,Jack Quigley,sa3065598,,,,,,left_only
carsonraether,Carson Raether,sa3065599,,,,,,left_only
lukeridley,Luke Ridley,sa3065600,,,,,,left_only
jamesrivera,James Rivera,sa3065601,,,,,,left_only
clayrobbins,Clay Robbins,sa3065602,,,,,,left_only
jackruditzky,Jack Ruditzky,sa3065603,,,,,,left_only
brennanrumpf,Brennan Rumpf,sa3065604,,,,,,left_only
jakobrussell,Jakob Russell,sa3065605,,,,,,left_only
johnryder,John Ryder,sa3065606,,,,,,left_only
jacksaker,Jack Saker,sa3065607,,,,,,left_only
carversalazar,Carver Salazar,sa3065608,,,,,,left_only
jayslater,Jay Slater,sa3065609,,,,,,left_only
willslater,Will Slater,sa3065610,,,,,,left_only
drewsliwkowski,Drew Sliwkowski,sa3065611,,,,,,left_only
majorspence,Major Spence,sa3065612,,,,,,left_only
ericsun,Eric Sun,sa3065613,,,,,,left_only
garrettthiele,Garrett Thiele,sa3065614,,,,,,left_only
bradythompson,Brady Thompson,sa3065615,,,,,,left_only
tytomlinson,Ty Tomlinson,sa3065616,,,,,,left_only
bodievail,Bodie Vail,sa3065617,,,,,,left_only
coltonvercoe,Colton Vercoe,sa3065618,,,,,,left_only
georgeviebrock,George Viebrock,sa3065619,,,,,,left_only
jakevitale,Jake Vitale,sa3065620,,,,,,left_only
joshwakefield,Josh Wakefield,sa3065621,,,,,,left_only
liamwatt,Liam Watt,sa3065622,,,,,,left_only
georgewelch,George Welch,sa3065623,,,,,,left_only
connorwilson,Connor Wilson,sa3065624,,,,,,left_only
benwinslow,Ben Winslow,sa3065625,,,,,,left_only
willwoodward,Will Woodward,sa3065626,,,,,,left_only
hazenwright,Hazen Wright,sa3065627,,,,,,left_only
bryanyang,Bryan Yang,sa3065628,,,,,,left_only
bryantyoak,Bryant Yoak,sa3065629,,,,,,left_only
johnyouens,John Youens,sa3065630,,,,,,left_only
kadenyoumans,Kaden Youmans,sa3065631,,,,,,left_only
nickalonso,Nick Alonso,sa3065752,,,,,,left_only
danielduley,Daniel Duley,sa3065753,,,,,,left_only
nickfazio,Nick Fazio,sa3065754,,,,,,left_only
davidhagen,David Hagen,sa3065755,,,,,,left_only
dylanjackson,Dylan Jackson,sa3065756,,,,,,left_only
mackimel,Mac Kimel,sa3065757,,,,,,left_only
thorpemusci,Thorpe Musci,sa3065758,,,,,,left_only
drewnorris,Drew Norris,sa3065759,,,,,,left_only
zechsamayoa,Zech Samayoa,sa3065760,,,,,,left_only
gabeschneider,Gabe Schneider,sa3065761,,,,,,left_only
mjseo,MJ Seo,sa3065762,,,,,,left_only
micahsummar,Micah Summar,sa3065763,,,,,,left_only
rogervergara,Roger Vergara,sa3065764,,,,,,left_only
lukewright,Luke Wright,sa3065765,,,,,,left_only
jaisenabner,Jaisen Abner,sa3065770,,,,,,left_only
brendanasher,Brendan Asher,sa3065771,,,,,,left_only
nolanbarry,Nolan Barry,sa3065772,,,,,,left_only
zachbates,Zach Bates,sa3065773,,,,,,left_only
brendonbennett,Brendon Bennett,sa3065774,,,,,,left_only
masonbeno,Mason Beno,sa3065775,,,,,,left_only
nicobermeo,Nico Bermeo,sa3065776,,,,,,left_only
johnbeverley,John Beverley,sa3065777,,,,,,left_only
xavierbradley,Xavier Bradley,sa3065778,,,,,,left_only
dominicbrassesco,Dominic Brassesco,sa3065779,,,,,,left_only
cadebrown,Cade Brown,sa3065780,,,,,,left_only
gregorycaban,Gregory Caban,sa3065781,,,,,,left_only
anthonyclavet,Anthony Clavet,sa3065782,,,,,,left_only
bryceclavon,Bryce Clavon,sa3065783,,,,,,left_only
diegocorrales,Diego Corrales,sa3065784,,,,,,left_only
chancecox,Chance Cox,sa3065785,,,,,,left_only
eastondean,Easton Dean,sa3065786,,,,,,left_only
lukedickerson,Luke Dickerson,sa3065787,,,,,,left_only
antoniodoganiero,Antonio Doganiero,sa3065788,,,,,,left_only
paytondoyle,Payton Doyle,sa3065789,,,,,,left_only
steeleeaves,Steele Eaves,sa3065790,,,,,,left_only
gradyfaris,Grady Faris,sa3065791,,,,,,left_only
jasonflores,Jason Flores,sa3065792,,,,,,left_only
jaredgalang,Jared Galang,sa3065793,,,,,,left_only
everettgarber,Everett Garber,sa3065794,,,,,,left_only
andrewgarnett,Andrew Garnett,sa3065795,,,,,,left_only
mattgoldenbaum,Matt Goldenbaum,sa3065796,,,,,,left_only
schleygordy,Schley Gordy,sa3065797,,,,,,left_only
brennengrams,Brennen Grams,sa3065798,,,,,,left_only
cadegreer,Cade Greer,sa3065799,,,,,,left_only
kingsleyguthrie,Kingsley Guthrie,sa3065800,,,,,,left_only
rjhamilton,RJ Hamilton,sa3065801,,,,,,left_only
calebhammond,Caleb Hammond,sa3065802,,,,,,left_only
kevinhammond,Kevin Hammond,sa3065803,,,,,,left_only
nateharris,Nate Harris,sa3065804,,,,,,left_only
jaredherzog,Jared Herzog,sa3065805,,,,,,left_only
michaelheyman,Michael Heyman,sa3065806,,,,,,left_only
holdenhirschkorn,Holden Hirschkorn,sa3065807,,,,,,left_only
tristanhunter,Tristan Hunter,sa3065808,,,,,,left_only
bradyhutchins,Brady Hutchins,sa3065809,,,,,,left_only
justiniglesias,Justin Iglesias,sa3065810,,,,,,left_only
mattirvine,Matt Irvine,sa3065811,,,,,,left_only
danieljackson,Daniel Jackson,sa3065812,,,,,,left_only
solomonjames,Solomon James,sa3065813,,,,,,left_only
gabejones,Gabe Jones,sa3065814,,,,,,left_only
aidankarns,Aidan Karns,sa3065815,,,,,,left_only
kierankehoe,Kieran Kehoe,sa3065816,,,,,,left_only
jackkirchner,Jack Kirchner,sa3065817,,,,,,left_only
tegankuhns,Tegan Kuhns,sa3065818,,,,,,left_only
austinlaughlin,Austin Laughlin,sa3065819,,,,,,left_only
braydenlawrence,Brayden Lawrence,sa3065820,,,,,,left_only
johnnielopez,Johnnie Lopez,sa3065821,,,,,,left_only
jarrettmaresco,Jarrett Maresco,sa3065822,,,,,,left_only
reecemarley,Reece Marley,sa3065823,,,,,,left_only
landonmartin,Landon Martin,sa3065824,,,,,,left_only
cadenmccoy,Caden McCoy,sa3065825,,,,,,left_only
noahmcmahon,Noah McMahon,sa3065826,,,,,,left_only
dominicmonaco,Dominic Monaco,sa3065827,,,,,,left_only
wyattmummert,Wyatt Mummert,sa3065828,,,,,,left_only
frankienardo,Frankie Nardo,sa3065829,,,,,,left_only
reeseoakley,Reese Oakley,sa3065830,,,,,,left_only
haydenodell,Hayden ODell,sa3065831,,,,,,left_only
adenodonnell,Aden ODonnell,sa3065832,,,,,,left_only
raymondolivas,Raymond Olivas,sa3065833,,,,,,left_only
xavieroneal,Xavier Oneal,sa3065834,,,,,,left_only
jacobpannell,Jacob Pannell,sa3065835,,,,,,left_only
erikparker,Erik Parker,sa3065836,,,,,,left_only
nolanpeel,Nolan Peel,sa3065837,,,,,,left_only
taylorpenn,Taylor Penn,sa3065838,,,,,,left_only
gavinperry,Gavin Perry,sa3065839,,,,,,left_only
emmittphinney,Emmitt Phinney,sa3065840,,,,,,left_only
grantrichars,Grant Richars,sa3065841,,,,,,left_only
arisrivera,Aris Rivera,sa3065842,,,,,,left_only
xavierrivera,Xavier Rivera,sa3065843,,,,,,left_only
rileyroarty,Riley Roarty,sa3065844,,,,,,left_only
jamierobertson,Jamie Robertson,sa3065845,,,,,,left_only
andrewrondini,Andrew Rondini,sa3065846,,,,,,left_only
jtschnoor,JT Schnoor,sa3065847,,,,,,left_only
estebansepulveda,Esteban Sepulveda,sa3065848,,,,,,left_only
aidensims,Aiden Sims,sa3065849,,,,,,left_only
tommyskelding,Tommy Skelding,sa3065850,,,,,,left_only
charliesmith,Charlie Smith,sa3065851,,,,,,left_only
elistephens,Eli Stephens,sa3065852,,,,,,left_only
tylertimmerman,Tyler Timmerman,sa3065853,,,,,,left_only
carsontimmons,Carson Timmons,sa3065854,,,,,,left_only
adonysvelez,Adonys Velez,sa3065855,,,,,,left_only
maxwhitesell,Max Whitesell,sa3065856,,,,,,left_only
jackwills,Jack Wills,sa3065857,,,,,,left_only
maxwinders,Max Winders,sa3065858,,,,,,left_only
jakeyeager,Jake Yeager,sa3065859,,,,,,left_only
lucasalaniz,Lucas Alaniz,sa3065897,,,,,,left_only
kobeallen,Kobe Allen,sa3065898,,,,,,left_only
josephbarbarino,Joseph Barbarino,sa3065900,,,,,,left_only
calebbeals,Caleb Beals,sa3065901,,,,,,left_only
kylebeaty,Kyle Beaty,sa3065902,,,,,,left_only
mccallbiemiller,McCall Biemiller,sa3065903,,,,,,left_only
bradyblum,Brady Blum,sa3065904,,,,,,left_only
grantborden,Grant Borden,sa3065905,,,,,,left_only
jordanbright,Jordan Bright,sa3065906,,,,,,left_only
bradybrown,Brady Brown,sa3065907,,,,,,left_only
sethchristmas,Seth Christmas,sa3065909,,,,,,left_only
coopercollins,Cooper Collins,sa3065910,,,,,,left_only
brodyconnors,Brody Connors,sa3065911,,,,,,left_only
marcodavila,Marco Davila,sa3065912,,,,,,left_only
camdendiamond,Camden Diamond,sa3065914,,,,,,left_only
michaeldudolski,Michael Dudolski,sa3065915,,,,,,left_only
laneduff,Lane Duff,sa3065916,,,,,,left_only
gunnarduncan,Gunnar Duncan,sa3065917,,,,,,left_only
ethaneberle,Ethan Eberle,sa3065918,,,,,,left_only
wesestes,Wes Estes,sa3065919,,,,,,left_only
davidfalloon,David Falloon,sa3065920,,,,,,left_only
austinfisher,Austin Fisher,sa3065921,,,,,,left_only
thomasfowler,Thomas Fowler,sa3065922,,,,,,left_only
calebgallant,Caleb Gallant,sa3065923,,,,,,left_only
jjglasscock,JJ Glasscock,sa3065924,,,,,,left_only
gagegriggs,Gage Griggs,sa3065925,,,,,,left_only
logangrubb,Logan Grubb,sa3065926,,,,,,left_only
perryhargett,Perry Hargett,sa3065927,,,,,,left_only
leightonharris,Leighton Harris,sa3065928,,,,,,left_only
jjhollis,JJ Hollis,sa3065929,,,,,,left_only
tyholman,Ty Holman,sa3065930,,,,,,left_only
elihoyt,Eli Hoyt,sa3065931,,,,,,left_only
benjaminhudson,Benjamin Hudson,sa3065932,,,,,,left_only
nikojanssens,Niko Janssens,sa3065933,,,,,,left_only
parkerjones,Parker Jones,sa3065934,,,,,,left_only
keatonkangas,Keaton Kangas,sa3065935,,,,,,left_only
jacksonkossow,Jackson Kossow,sa3065936,,,,,,left_only
magnuskrieger,Magnus Krieger,sa3065937,,,,,,left_only
andrewlenski,Andrew Lenski,sa3065938,,,,,,left_only
isaaclucas,Isaac Lucas,sa3065939,,,,,,left_only
willmccullough,Will McCullough,sa3065940,,,,,,left_only
adammckelvey,Adam McKelvey,sa3065941,,,,,,left_only
mattoxmeeks,Mattox Meeks,sa3065942,,,,,,left_only
kjmoon,KJ Moon,sa3065943,,,,,,left_only
ianmoore,Ian Moore,sa3065944,,,,,,left_only
aidenmurphy,Aiden Murphy,sa3065945,,,,,,left_only
zachmurphy,Zach Murphy,sa3065946,,,,,,left_only
cadenorton,Cade Norton,sa3065947,,,,,,left_only
evimaelquiles,Evimael Quiles,sa3065948,,,,,,left_only
nigelrobinson,Nigel Robinson,sa3065949,,,,,,left_only
jonathanrodriguez,Jonathan Rodriguez,sa3065950,,,,,,left_only
lukaszrondeau,Lukasz Rondeau,sa3065951,,,,,,left_only
cadesadler,Cade Sadler,sa3065952,,,,,,left_only
beausampson,Beau Sampson,sa3065953,,,,,,left_only
connorshouse,Connor Shouse,sa3065954,,,,,,left_only
zaelynsmith,Zaelyn Smith,sa3065955,,,,,,left_only
zakspurrier,Zak Spurrier,sa3065956,,,,,,left_only
alexstanyek,Alex Stanyek,sa3065957,,,,,,left_only
fordthompson,Ford Thompson,sa3065958,,,,,,left_only
jacksonthorne,Jackson Thorne,sa3065959,,,,,,left_only
mavericktorres,Maverick Torres,sa3065960,,,,,,left_only
landonvictorian,Landon Victorian,sa3065961,,,,,,left_only
jamesvlastaris,James Vlastaris,sa3065962,,,,,,left_only
simonyochum,Simon Yochum,sa3065963,,,,,,left_only
jaronbleeker,Jaron Bleeker,sa3066027,,,,,,left_only
derekcerda,Derek Cerda,sa3066029,,,,,,left_only
tylerguerin,Tyler Guerin,sa3066030,,,,,,left_only
karstensweum,Karsten Sweum,sa3066031,,,,,,left_only
andrewbasel,Andrew Basel,sa3066035,,,,,,left_only
drewbellis,Drew Bellis,sa3066036,,,,,,left_only
christianbermudez,Christian Bermudez,sa3066037,,,,,,left_only
joshberzonski,Josh Berzonski,sa3066038,,,,,,left_only
owenbirchard,Owen Birchard,sa3066039,,,,,,left_only
sawyerblack,Sawyer Black,sa3066040,,,,,,left_only
beaubrand,Beau Brand,sa3066041,,,,,,left_only
ethanbuckley,Ethan Buckley,sa3066042,,,,,,left_only
angelcano,Angel Cano,sa3066043,,,,,,left_only
damiancastorena,Damian Castorena,sa3066044,,,,,,left_only
colechamberlain,Cole Chamberlain,sa3066045,,,,,,left_only
joechrapliwy,Joe Chrapliwy,sa3066046,,,,,,left_only
petercrespo,Peter Crespo,sa3066047,,,,,,left_only
kodydalen,Kody Dalen,sa3066048,,,,,,left_only
charliedieruf,Charlie Dieruf,sa3066049,,,,,,left_only
samdinitz,Sam Dinitz,sa3066050,,,,,,left_only
drewdowns,Drew Downs,sa3066051,,,,,,left_only
mattfalk,Matt Falk,sa3066052,,,,,,left_only
kadefinazzo,Kade Finazzo,sa3066053,,,,,,left_only
madduxfleck,Maddux Fleck,sa3066054,,,,,,left_only
renegalvan,Rene Galvan,sa3066055,,,,,,left_only
javingauthier,Javin Gauthier,sa3066056,,,,,,left_only
tuckergenovesi,Tucker Genovesi,sa3066057,,,,,,left_only
ryangilbert,Ryan Gilbert,sa3066058,,,,,,left_only
markanthonyglickman,MarkAnthony Glickman,sa3066059,,,,,,left_only
collingoda,Collin Goda,sa3066060,,,,,,left_only
jackgrunkemeyer,Jack Grunkemeyer,sa3066061,,,,,,left_only
jacksonhaker,Jackson Haker,sa3066062,,,,,,left_only
kalehammer,Kale Hammer,sa3066063,,,,,,left_only
aidenharris,Aiden Harris,sa3066064,,,,,,left_only
bryanhatch,Bryan Hatch,sa3066065,,,,,,left_only
peterherrick,Peter Herrick,sa3066066,,,,,,left_only
jakehowlett,Jake Howlett,sa3066067,,,,,,left_only
rjjohnston,RJ Johnston,sa3066068,,,,,,left_only
evankay,Evan Kay,sa3066069,,,,,,left_only
cadenkickhaefer,Caden Kickhaefer,sa3066070,,,,,,left_only
austinkillingsworth,Austin Killingsworth,sa3066071,,,,,,left_only
kadenkimble,Kaden Kimble,sa3066072,,,,,,left_only
kodyking,Kody King,sa3066073,,,,,,left_only
aidanlombardi,Aidan Lombardi,sa3066074,,,,,,left_only
parkermccoy,Parker McCoy,sa3066075,,,,,,left_only
leomcenulty,Leo Mcenulty,sa3066076,,,,,,left_only
mikemcginley,Mike McGinley,sa3066077,,,,,,left_only
lucasmcnellis,Lucas McNellis,sa3066078,,,,,,left_only
salmineo,Sal Mineo,sa3066079,,,,,,left_only
garrettmoody,Garrett Moody,sa3066080,,,,,,left_only
brendanmurphy,Brendan Murphy,sa3066081,,,,,,left_only
deucemusial,Deuce Musial,sa3066082,,,,,,left_only
theonagy,Theo Nagy,sa3066083,,,,,,left_only
nikoolson,Niko Olson,sa3066084,,,,,,left_only
danielortiz,Daniel Ortiz,sa3066085,,,,,,left_only
typangborn,Ty Pangborn,sa3066086,,,,,,left_only
chrispetersen,Chris Petersen,sa3066087,,,,,,left_only
jamespeterson,James Peterson,sa3066088,,,,,,left_only
gabepitts,Gabe Pitts,sa3066089,,,,,,left_only
connorscanlan,Connor Scanlan,sa3066091,,,,,,left_only
anthonyscheppler,Anthony Scheppler,sa3066092,,,,,,left_only
treysejnoha,Trey Sejnoha,sa3066093,,,,,,left_only
maddixsimpson,Maddix Simpson,sa3066094,,,,,,left_only
tylersirchia,Tyler Sirchia,sa3066095,,,,,,left_only
natesnakenborg,Nate Snakenborg,sa3066096,,,,,,left_only
cannonstafford,Cannon Stafford,sa3066097,,,,,,left_only
kadenstarr,Kaden Starr,sa3066098,,,,,,left_only
khamareethomas,Khamaree Thomas,sa3066099,,,,,,left_only
brantleyupshaw,Brantley Upshaw,sa3066100,,,,,,left_only
jakevrlak,Jake Vrlak,sa3066101,,,,,,left_only
connorwaiting,Connor Waiting,sa3066102,,,,,,left_only
sawyerwickstrom,Sawyer Wickstrom,sa3066103,,,,,,left_only
nickzampieron,Nick Zampieron,sa3066104,,,,,,left_only
benzink,Ben Zink,sa3066105,,,,,,left_only
michaelaceto,Michael Aceto,sa3066162,,,,,,left_only
ethanadams,Ethan Adams,sa3066163,,,,,,left_only
loganaddison,Logan Addison,sa3066164,,,,,,left_only
noahalbano,Noah Albano,sa3066165,,,,,,left_only
cadenangelo,Caden Angelo,sa3066166,,,,,,left_only
jonasaponick,Jonas Aponick,sa3066167,,,,,,left_only
drewbeardjr,Drew Beard Jr.,sa3066168,,,,,,left_only
nikhilbeasley,Nikhil Beasley,sa3066169,,,,,,left_only
vincentborghese,Vincent Borghese,sa3066170,,,,,,left_only
connorbradley,Connor Bradley,sa3066171,,,,,,left_only
tannerbradley,Tanner Bradley,sa3066172,,,,,,left_only
justinbremner,Justin Bremner,sa3066173,,,,,,left_only
marshallbrown,Marshall Brown,sa3066174,,,,,,left_only
jacobburnham,Jacob Burnham,sa3066175,,,,,,left_only
louisbussard,Louis Bussard,sa3066176,,,,,,left_only
braydencali,Brayden Cali,sa3066177,,,,,,left_only
jimmychadwell,Jimmy Chadwell,sa3066178,,,,,,left_only
andrewcheripka,Andrew Cheripka,sa3066179,,,,,,left_only
zaccolletti,Zac Colletti,sa3066180,,,,,,left_only
sethcooper,Seth Cooper,sa3066181,,,,,,left_only
maxdalessandro,Max DAlessandro,sa3066182,,,,,,left_only
gilldolan,Gill Dolan,sa3066183,,,,,,left_only
trevordosenbach,Trevor Dosenbach,sa3066184,,,,,,left_only
blakeencarnacion,Blake Encarnacion,sa3066185,,,,,,left_only
samerickson,Sam Erickson,sa3066186,,,,,,left_only
jordenespinoza,Jorden Espinoza,sa3066187,,,,,,left_only
isaacevaniew,Isaac Evaniew,sa3066188,,,,,,left_only
bradleyferrell,Bradley Ferrell,sa3066189,,,,,,left_only
stevenfreer,Steven Freer,sa3066190,,,,,,left_only
marcofuentes,Marco Fuentes,sa3066191,,,,,,left_only
dominicgabardi,Dominic Gabardi,sa3066192,,,,,,left_only
maxwellgitlin,Maxwell Gitlin,sa3066193,,,,,,left_only
mattygo,Matty Go,sa3066194,,,,,,left_only
kadegoeke,Kade Goeke,sa3066195,,,,,,left_only
virgilheath,Virgil Heath,sa3066196,,,,,,left_only
reecehemmerling,Reece Hemmerling,sa3066197,,,,,,left_only
hughhill,Hugh Hill,sa3066198,,,,,,left_only
adamhorvath,Adam Horvath,sa3066199,,,,,,left_only
chonejames,Chone James,sa3066201,,,,,,left_only
bradyjoyner,Brady Joyner,sa3066203,,,,,,left_only
charliejury,Charlie Jury,sa3066204,,,,,,left_only
zachjustice,Zach Justice,sa3066205,,,,,,left_only
louiskaleb,Louis Kaleb,sa3066206,,,,,,left_only
brendenkatz,Brenden Katz,sa3066207,,,,,,left_only
jacksonkircher,Jackson Kircher,sa3066208,,,,,,left_only
erikkvidahl,Erik Kvidahl,sa3066209,,,,,,left_only
colinlarson,Colin Larson,sa3066210,,,,,,left_only
jakelefrancois,Jake LeFrancois,sa3066211,,,,,,left_only
paytonmanca,Payton Manca,sa3066212,,,,,,left_only
anthonymancini,Anthony Mancini,sa3066213,,,,,,left_only
seanmartinez,Sean Martinez,sa3066214,,,,,,left_only
alexmason,Alex Mason,sa3066215,,,,,,left_only
patrickmazur,Patrick Mazur,sa3066216,,,,,,left_only
reecemccarthy,Reece McCarthy,sa3066217,,,,,,left_only
johnmcdonald,John McDonald,sa3066218,,,,,,left_only
lucasmorici,Lucas Morici,sa3066219,,,,,,left_only
eamonnmulhern,Eamonn Mulhern,sa3066220,,,,,,left_only
nickmurphy,Nick Murphy,sa3066221,,,,,,left_only
jarretnielsen,Jarret Nielsen,sa3066222,,,,,,left_only
ehiokojie,Ehi Okojie,sa3066223,,,,,,left_only
robertomalley,Robert OMalley,sa3066224,,,,,,left_only
brockpare,Brock Pare,sa3066225,,,,,,left_only
zachporter,Zach Porter,sa3066226,,,,,,left_only
colinrichter,Colin Richter,sa3066227,,,,,,left_only
jaceroossien,Jace Roossien,sa3066228,,,,,,left_only
owenross,Owen Ross,sa3066229,,,,,,left_only
drewrothschild,Drew Rothschild,sa3066230,,,,,,left_only
kevinschnupp,Kevin Schnupp,sa3066231,,,,,,left_only
jakeschweitzer,Jake Schweitzer,sa3066232,,,,,,left_only
evanscott,Evan Scott,sa3066233,,,,,,left_only
kalescruggs,Kale Scruggs,sa3066234,,,,,,left_only
brodieshaw,Brodie Shaw,sa3066235,,,,,,left_only
jacobsilva,Jacob Silva,sa3066236,,,,,,left_only
devlinsmalanskas,Devlin Smalanskas,sa3066237,,,,,,left_only
bradysmall,Brady Small,sa3066238,,,,,,left_only
aidansowers,Aidan Sowers,sa3066239,,,,,,left_only
kevinsteelman,Kevin Steelman,sa3066240,,,,,,left_only
jaquaestewart,Jaquae Stewart,sa3066241,,,,,,left_only
samstockman,Sam Stockman,sa3066242,,,,,,left_only
owentahnk,Owen Tahnk,sa3066243,,,,,,left_only
maxtreonze,Max Treonze,sa3066244,,,,,,left_only
briantrujillo,Brian Trujillo,sa3066245,,,,,,left_only
owenturner,Owen Turner,sa3066246,,,,,,left_only
jackvest,Jack Vest,sa3066248,,,,,,left_only
grantwagner,Grant Wagner,sa3066249,,,,,,left_only
calebwilliams,Caleb Williams,sa3066250,,,,,,left_only
paulwitkop,Paul Witkop,sa3066251,,,,,,left_only
jaywrona,Jay Wrona,sa3066252,,,,,,left_only
owenarias,Owen Arias,sa3066290,,,,,,left_only
jakearnold,Jake Arnold,sa3066291,,,,,,left_only
taylorbednar,Taylor Bednar,sa3066292,,,,,,left_only
carterbentley,Carter Bentley,sa3066293,,,,,,left_only
vancebonior,Vance Bonior,sa3066294,,,,,,left_only
nathanbowes,Nathan Bowes,sa3066295,,,,,,left_only
vincentbraga,Vincent Braga,sa3066296,,,,,,left_only
madduxbrooks,Maddux Brooks,sa3066297,,,,,,left_only
griffinbrown,Griffin Brown,sa3066298,,,,,,left_only
cadencline,Caden Cline,sa3066299,,,,,,left_only
blakeconrad,Blake Conrad,sa3066300,,,,,,left_only
jeremiahcrain,Jeremiah Crain,sa3066301,,,,,,left_only
brandincrawford,Brandin Crawford,sa3066302,,,,,,left_only
jdcrisp,JD Crisp,sa3066303,,,,,,left_only
aidancrochier,Aidan Crochier,sa3066304,,,,,,left_only
jackcropper,Jack Cropper,sa3066305,,,,,,left_only
sebastiandavid,Sebastian David,sa3066306,,,,,,left_only
sebastiandavila,Sebastian Davila,sa3066307,,,,,,left_only
tonydichiara,Tony DiChiara,sa3066308,,,,,,left_only
marcodigirolamo,Marco Digirolamo,sa3066309,,,,,,left_only
alexdreyfus,Alex Dreyfus,sa3066310,,,,,,left_only
alexespaillat,Alex Espaillat,sa3066311,,,,,,left_only
cadenfahy,Caden Fahy,sa3066312,,,,,,left_only
rossfowler,Ross Fowler,sa3066313,,,,,,left_only
zanefrese,Zane Frese,sa3066314,,,,,,left_only
colegebben,Cole Gebben,sa3066315,,,,,,left_only
greysongegg,Greyson Gegg,sa3066316,,,,,,left_only
cohengomez,Cohen Gomez,sa3066317,,,,,,left_only
braylengonzalez,Braylen Gonzalez,sa3066318,,,,,,left_only
amirgray,Amir Gray,sa3066319,,,,,,left_only
tysongreenwood,Tyson Greenwood,sa3066320,,,,,,left_only
ethanhamrick,Ethan Hamrick,sa3066321,,,,,,left_only
tylerholmes,Tyler Holmes,sa3066322,,,,,,left_only
lanekloha,Lane Kloha,sa3066323,,,,,,left_only
austinklug,Austin Klug,sa3066324,,,,,,left_only
jakemaddox,Jake Maddox,sa3066325,,,,,,left_only
kevinmannell,Kevin Mannell,sa3066326,,,,,,left_only
vincentmariella,Vincent Mariella,sa3066327,,,,,,left_only
nathanmarshall,Nathan Marshall,sa3066328,,,,,,left_only
cademartin,Cade Martin,sa3066329,,,,,,left_only
matteomendoza,Matteo Mendoza,sa3066330,,,,,,left_only
shanemiller,Shane Miller,sa3066331,,,,,,left_only
gabenutter,Gabe Nutter,sa3066332,,,,,,left_only
brandononeill,Brandon ONeill,sa3066333,,,,,,left_only
shawnphillips,Shawn Phillips,sa3066334,,,,,,left_only
brandonrice,Brandon Rice,sa3066335,,,,,,left_only
danrice,Dan Rice,sa3066336,,,,,,left_only
xavierrios,Xavier Rios,sa3066337,,,,,,left_only
mikeyrodriguez,Mikey Rodriguez,sa3066338,,,,,,left_only
andrewrogovic,Andrew Rogovic,sa3066339,,,,,,left_only
frederickromano,Frederick Romano,sa3066340,,,,,,left_only
nolanroycraft,Nolan Roycraft,sa3066341,,,,,,left_only
brentsmith,Brent Smith,sa3066342,,,,,,left_only
briansmith,Brian Smith,sa3066343,,,,,,left_only
calesteinbaugh,Cale Steinbaugh,sa3066345,,,,,,left_only
lakentignor,Laken Tignor,sa3066346,,,,,,left_only
davidvergeldedios,David Vergel de Dios,sa3066347,,,,,,left_only
loganvoelz,Logan Voelz,sa3066348,,,,,,left_only
callumyoung,Callum Young,sa3066349,,,,,,left_only
fernybarreda,Ferny Barreda,sa3066353,,,,,,left_only
ajkolb,AJ Kolb,sa3066354,,,,,,left_only
henryortiz,Henry Ortiz,sa3066355,,,,,,left_only
calroyer,Cal Royer,sa3066356,,,,,,left_only
coltonsneddon,Colton Sneddon,sa3066357,,,,,,left_only
kcanchors,KC Anchors,sa3066363,,,,,,left_only
tylerandrews,Tyler Andrews,sa3066364,,,,,,left_only
maxarlich,Max Arlich,sa3066365,,,,,,left_only
prestonbarr,Preston Barr,sa3066366,,,,,,left_only
chrisbedford,Chris Bedford,sa3066367,,,,,,left_only
parkerbleck,Parker Bleck,sa3066368,,,,,,left_only
loganbrock,Logan Brock,sa3066369,,,,,,left_only
lukebryant,Luke Bryant,sa3066370,,,,,,left_only
austincampbell,Austin Campbell,sa3066371,,,,,,left_only
trippcapers,Tripp Capers,sa3066372,,,,,,left_only
seanclifford,Sean Clifford,sa3066373,,,,,,left_only
caydencollins,Cayden Collins,sa3066374,,,,,,left_only
alexcromwell,Alex Cromwell,sa3066375,,,,,,left_only
bencushnie,Ben Cushnie,sa3066376,,,,,,left_only
braydendaulton,Brayden Daulton,sa3066377,,,,,,left_only
jonathandobis,Jonathan Dobis,sa3066378,,,,,,left_only
matthewdobson,Matthew Dobson,sa3066379,,,,,,left_only
joeyesposito,Joey Esposito,sa3066380,,,,,,left_only
jamesfahan,James Fahan,sa3066381,,,,,,left_only
shogarcia,Sho Garcia,sa3066382,,,,,,left_only
williamgreenway,William Greenway,sa3066383,,,,,,left_only
brianharbour,Brian Harbour,sa3066384,,,,,,left_only
rexhenderson,Rex Henderson,sa3066385,,,,,,left_only
chrislevonas,Chris Levonas,sa3066386,,,,,,left_only
maximomartinez,Maximo Martinez,sa3066387,,,,,,left_only
anthonymascuilli,Anthony Mascuilli,sa3066388,,,,,,left_only
davidmysza,David Mysza,sa3066390,,,,,,left_only
gregnascimento,Greg Nascimento,sa3066391,,,,,,left_only
brycenavarre,Bryce Navarre,sa3066392,,,,,,left_only
jamesredick,James Redick,sa3066393,,,,,,left_only
carsonrenner,Carson Renner,sa3066394,,,,,,left_only
lucasriley,Lucas Riley,sa3066395,,,,,,left_only
julianrobertson,Julian Robertson,sa3066396,,,,,,left_only
jonathanrosario,Jonathan Rosario,sa3066397,,,,,,left_only
blainerowland,Blaine Rowland,sa3066398,,,,,,left_only
willrussotti,Will Russotti,sa3066399,,,,,,left_only
lukeryerse,Luke Ryerse,sa3066400,,,,,,left_only
leosimpson,Leo Simpson,sa3066401,,,,,,left_only
brentsims,Brent Sims,sa3066402,,,,,,left_only
cjsturiale,CJ Sturiale,sa3066403,,,,,,left_only
landontate,Landon Tate,sa3066404,,,,,,left_only
benthomason,Ben Thomason,sa3066405,,,,,,left_only
matttsiaras,Matt Tsiaras,sa3066406,,,,,,left_only
reiduccello,Reid Uccello,sa3066407,,,,,,left_only
adamurban,Adam Urban,sa3066408,,,,,,left_only
vincentvenverloh,Vincent Venverloh,sa3066409,,,,,,left_only
natewhysong,Nate Whysong,sa3066410,,,,,,left_only
austinackel,Austin Ackel,sa3066426,,,,,,left_only
jacobambriz,Jacob Ambriz,sa3066427,,,,,,left_only
woodybrennan,Woody Brennan,sa3066428,,,,,,left_only
brendancowen,Brendan Cowen,sa3066429,,,,,,left_only
cadedrohan,Cade Drohan,sa3066430,,,,,,left_only
landonfontenot,Landon Fontenot,sa3066431,,,,,,left_only
krishgandhi,Krish Gandhi,sa3066432,,,,,,left_only
prestonheben,Preston Heben,sa3066433,,,,,,left_only
ethanhenry,Ethan Henry,sa3066434,,,,,,left_only
davidhoggii,David Hogg II,sa3066435,,,,,,left_only
hazenlancaster,Hazen Lancaster,sa3066437,,,,,,left_only
natelangbehn,Nate Langbehn,sa3066438,,,,,,left_only
tylong,Ty Long,sa3066439,,,,,,left_only
gavinlyons,Gavin Lyons,sa3066440,,,,,,left_only
jackmorrissey,Jack Morrissey,sa3066441,,,,,,left_only
trevornickerson,Trevor Nickerson,sa3066442,,,,,,left_only
cjpatterson,CJ Patterson,sa3066443,,,,,,left_only
masonpoppen,Mason Poppen,sa3066444,,,,,,left_only
hidekiprather,Hideki Prather,sa3066445,,,,,,left_only
taylorrabe,Taylor Rabe,sa3066446,,,,,,left_only
garrettshupe,Garrett Shupe,sa3066447,,,,,,left_only
samstevens,Sam Stevens,sa3066448,,,,,,left_only
rykerwaite,Ryker Waite,sa3066449,,,,,,left_only
henrywolfe,Henry Wolfe,sa3066450,,,,,,left_only
rohanagarwal,Rohan Agarwal,sa3066461,,,,,,left_only
erickalmonte,Erick Almonte,sa3066464,,,,,,left_only
liambarrett,Liam Barrett,sa3066465,,,,,,left_only
samboardwine,Sam Boardwine,sa3066466,,,,,,left_only
jackbyrne,Jack Byrne,sa3066467,,,,,,left_only
walkercalvo,Walker Calvo,sa3066468,,,,,,left_only
aidancarey,Aidan Carey,sa3066469,,,,,,left_only
owencoil,Owen Coil,sa3066470,,,,,,left_only
lukecostello,Luke Costello,sa3066471,,,,,,left_only
tylerdebrocky,Tyler DeBrocky,sa3066472,,,,,,left_only
jaxondiamond,Jaxon Diamond,sa3066473,,,,,,left_only
coleeaton,Cole Eaton,sa3066474,,,,,,left_only
ethanedinger,Ethan Edinger,sa3066475,,,,,,left_only
cjellis,CJ Ellis,sa3066476,,,,,,left_only
zacharyfetchel,Zachary Fetchel,sa3066477,,,,,,left_only
aidangray,Aidan Gray,sa3066478,,,,,,left_only
eliharpalani,Eli Harpalani,sa3066479,,,,,,left_only
drewharris,Drew Harris,sa3066480,,,,,,left_only
masonhebert,Mason Hebert,sa3066481,,,,,,left_only
ryanhench,Ryan Hench,sa3066482,,,,,,left_only
oisinlee,Oisin Lee,sa3066483,,,,,,left_only
braydenmay,Brayden May,sa3066484,,,,,,left_only
kymcgary,Ky McGary,sa3066485,,,,,,left_only
jackmeissner,Jack Meissner,sa3066486,,,,,,left_only
jackmessina,Jack Messina,sa3066487,,,,,,left_only
connorosier,Connor Osier,sa3066488,,,,,,left_only
masonroell,Mason Roell,sa3066489,,,,,,left_only
joshshropshire,Josh Shropshire,sa3066490,,,,,,left_only
lawsontea,Lawson Tea,sa3066491,,,,,,left_only
chardytierney,Chardy Tierney,sa3066492,,,,,,left_only
kianvorster,Kian Vorster,sa3066493,,,,,,left_only
dylanweber,Dylan Weber,sa3066494,,,,,,left_only
brettwilliams,Brett Williams,sa3066495,,,,,,left_only
kyledernedde,Kyle Dernedde,sa3066528,,,,,,left_only
loganbaisley,Logan Baisley,sa3066530,,,,,,left_only
sambennett,Sam Bennett,sa3066531,,,,,,left_only
tylerbrashear,Tyler Brashear,sa3066532,,,,,,left_only
stetsoncallaway,Stetson Callaway,sa3066533,,,,,,left_only
colecarbone,Cole Carbone,sa3066534,,,,,,left_only
ethancatneyforbes,Ethan Catney-Forbes,sa3066535,,,,,,left_only
kadencloward,Kaden Cloward,sa3066536,,,,,,left_only
paulcontreras,Paul Contreras,sa3066537,,,,,,left_only
robbiedemetree,Robbie Demetree,sa3066538,,,,,,left_only
marcusdowning,Marcus Downing,sa3066539,,,,,,left_only
williamenright,William Enright,sa3066540,,,,,,left_only
maddoxfloyd,Maddox Floyd,sa3066541,,,,,,left_only
connorfosnow,Connor Fosnow,sa3066542,,,,,,left_only
cruzgarcia,Cruz Garcia,sa3066543,,,,,,left_only
michaelgransonjr,Michael Granson Jr.,sa3066544,,,,,,left_only
ethanguerra,Ethan Guerra,sa3066545,,,,,,left_only
michaelirby,Michael Irby,sa3066546,,,,,,left_only
kannonkleine,Kannon Kleine,sa3066547,,,,,,left_only
chrisklug,Chris Klug,sa3066548,,,,,,left_only
kieferparsons,Kiefer Parsons,sa3066549,,,,,,left_only
scottradinsky,Scott Radinsky,sa3066550,,,,,,left_only
jacerainey,Jace Rainey,sa3066551,,,,,,left_only
andrewshank,Andrew Shank,sa3066552,,,,,,left_only
nickspaner,Nick Spaner,sa3066553,,,,,,left_only
cullenstone,Cullen Stone,sa3066554,,,,,,left_only
dukestone,Duke Stone,sa3066555,,,,,,left_only
grantstratton,Grant Stratton,sa3066556,,,,,,left_only
peytonvaught,Peyton Vaught,sa3066557,,,,,,left_only
elijahalexander,Elijah Alexander,sa3066561,,,,,,left_only
jeremiahatwell,Jeremiah Atwell,sa3066562,,,,,,left_only
tristanaugedahl,Tristan Augedahl,sa3066563,,,,,,left_only
josephbekios,Joseph Bekios,sa3066564,,,,,,left_only
braydenbergman,Brayden Bergman,sa3066565,,,,,,left_only
gavinderr,Gavin Derr,sa3066566,,,,,,left_only
jackfanning,Jack Fanning,sa3066567,,,,,,left_only
kashferris,Kash Ferris,sa3066568,,,,,,left_only
emersonfleck,Emerson Fleck,sa3066569,,,,,,left_only
gavinglasgow,Gavin Glasgow,sa3066570,,,,,,left_only
aidangrab,Aidan Grab,sa3066571,,,,,,left_only
weshickey,Wes Hickey,sa3066572,,,,,,left_only
nicholasjacksonjr,Nicholas Jackson Jr.,sa3066573,,,,,,left_only
evankoehler,Evan Koehler,sa3066574,,,,,,left_only
cadeoleary,Cade O'Leary,sa3066576,,,,,,left_only
mattosteen,Matt Osteen,sa3066577,,,,,,left_only
anthonypardo,Anthony Pardo,sa3066578,,,,,,left_only
kolbypascarelli,Kolby Pascarelli,sa3066579,,,,,,left_only
alexprimeau,Alex Primeau,sa3066580,,,,,,left_only
samsandy,Sam Sandy,sa3066581,,,,,,left_only
tobyschriefer,Toby Schriefer,sa3066582,,,,,,left_only
dylanshaffer,Dylan Shaffer,sa3066583,,,,,,left_only
bradyalexander,Brady Alexander,sa3066598,,,,,,left_only
jaydenbarroqueiro,Jayden Barroqueiro,sa3066599,,,,,,left_only
loganbingham,Logan Bingham,sa3066600,,,,,,left_only
kolebradley,Kole Bradley,sa3066601,,,,,,left_only
treybrooks,Trey Brooks,sa3066602,,,,,,left_only
johncalabrese,John Calabrese,sa3066603,,,,,,left_only
blakecarter,Blake Carter,sa3066604,,,,,,left_only
griffincatto,Griffin Catto,sa3066605,,,,,,left_only
jimmycerha,Jimmy Cerha,sa3066606,,,,,,left_only
nikochriston,Niko Christon,sa3066607,,,,,,left_only
connorcox,Connor Cox,sa3066608,,,,,,left_only
ericcross,Eric Cross,sa3066609,,,,,,left_only
tuckerdelisle,Tucker DeLisle,sa3066610,,,,,,left_only
antoniodominici,Antonio Dominici,sa3066611,,,,,,left_only
matthewdriver,Matthew Driver,sa3066612,,,,,,left_only
brettellingson,Brett Ellingson,sa3066613,,,,,,left_only
graedonfinarelli,Graedon Finarelli,sa3066614,,,,,,left_only
natefletcher,Nate Fletcher,sa3066615,,,,,,left_only
macfloyd,Mac Floyd,sa3066616,,,,,,left_only
nathanaelfrederking,Nathanael Frederking,sa3066617,,,,,,left_only
brodiefreker,Brodie Freker,sa3066618,,,,,,left_only
austingamell,Austin Gamell,sa3066619,,,,,,left_only
noahgoodshield,Noah Goodshield,sa3066620,,,,,,left_only
andrewgrove,Andrew Grove,sa3066621,,,,,,left_only
hunterhanes,Hunter Hanes,sa3066622,,,,,,left_only
jaxonhaynes,Jaxon Haynes,sa3066623,,,,,,left_only
alexanderkasbarian,Alexander Kasbarian,sa3066624,,,,,,left_only
bobbykleckner,Bobby Kleckner,sa3066625,,,,,,left_only
ethanlapointe,Ethan LaPointe,sa3066626,,,,,,left_only
willlawrence,Will Lawrence,sa3066627,,,,,,left_only
derekmaceda,Derek Maceda,sa3066628,,,,,,left_only
bradymarshall,Brady Marshall,sa3066629,,,,,,left_only
masonmccarroll,Mason McCarroll,sa3066630,,,,,,left_only
benmcdougal,Ben McDougal,sa3066631,,,,,,left_only
lukemcgrath,Luke McGrath,sa3066632,,,,,,left_only
ianmiahlopoulos,Ian Miahlopoulos,sa3066633,,,,,,left_only
connormondey,Connor Mondey,sa3066634,,,,,,left_only
nathanmurphy,Nathan Murphy,sa3066635,,,,,,left_only
trevornikolis,Trevor Nikolis,sa3066636,,,,,,left_only
lukeoblen,Luke Oblen,sa3066637,,,,,,left_only
jackolson,Jack Olson,sa3066638,,,,,,left_only
tysonpereria,Tyson Pereria,sa3066639,,,,,,left_only
michaelpowell,Michael Powell,sa3066640,,,,,,left_only
adhamsahebzadah,Adham Sahebzadah,sa3066641,,,,,,left_only
edwinsanchezjr,Edwin Sanchez Jr,sa3066642,,,,,,left_only
angelsantiagocruz,Angel Santiago-Cruz,sa3066643,,,,,,left_only
nicholassantivanez,Nicholas Santivanez,sa3066644,,,,,,left_only
colinscherer,Colin Scherer,sa3066645,,,,,,left_only
ryanscialabba,Ryan Scialabba,sa3066646,,,,,,left_only
mattspeicher,Matt Speicher,sa3066647,,,,,,left_only
frankspiritoiv,Frank Spirito IV,sa3066648,,,,,,left_only
deronswanson,Deron Swanson,sa3066649,,,,,,left_only
jacksonugo,Jackson Ugo,sa3066650,,,,,,left_only
jamesumbarger,James Umbarger,sa3066651,,,,,,left_only
mckaywhitaker,McKay Whitaker,sa3066652,,,,,,left_only
loganwirt,Logan Wirt,sa3066653,,,,,,left_only
coleyeager,Cole Yeager,sa3066654,,,,,,left_only
jackzang,Jack Zang,sa3066655,,,,,,left_only
jihoonmok,Ji Hoon Mok,sa3066662,,,,,,left_only
alexainsworth,Alex Ainsworth,sa3066668,,,,,,left_only
loganborboa,Logan Borboa,sa3066669,,,,,,left_only
manningburgess,Manning Burgess,sa3066670,,,,,,left_only
zachcarlson,Zach Carlson,sa3066671,,,,,,left_only
jaxsoncroom,Jaxson Croom,sa3066672,,,,,,left_only
fredydiaz,Fredy Diaz,sa3066673,,,,,,left_only
tripdovale,Trip Dovale,sa3066674,,,,,,left_only
aaronengland,Aaron England,sa3066675,,,,,,left_only
charliefelmlee,Charlie Felmlee,sa3066676,,,,,,left_only
sethfontenot,Seth Fontenot,sa3066677,,,,,,left_only
mattgarcia,Matt Garcia,sa3066678,,,,,,left_only
darwingregg,Darwin Gregg,sa3066679,,,,,,left_only
matthamilton,Matt Hamilton,sa3066680,,,,,,left_only
justinhiggins,Justin Higgins,sa3066681,,,,,,left_only
xavierhirsch,Xavier Hirsch,sa3066682,,,,,,left_only
dantejackson,Dante Jackson,sa3066683,,,,,,left_only
kobejulks,Kobe Julks,sa3066684,,,,,,left_only
tylerkane,Tyler Kane,sa3066685,,,,,,left_only
dereklebron,Derek Lebron,sa3066687,,,,,,left_only
isaiahlicorish,Isaiah Licorish,sa3066688,,,,,,left_only
mattlongo,Matt Longo,sa3066689,,,,,,left_only
markloubier,Mark Loubier,sa3066690,,,,,,left_only
spencernicely,Spencer Nicely,sa3066691,,,,,,left_only
ryanporche,Ryan Porche,sa3066692,,,,,,left_only
ryanreyerson,Ryan Reyerson,sa3066693,,,,,,left_only
seanwilliams,Sean Williams,sa3066695,,,,,,left_only
brycecampbell,Bryce Campbell,sa3066700,,,,,,left_only
victorcartagena,Victor Cartagena,sa3066701,,,,,,left_only
mattcruz,Matt Cruz,sa3066702,,,,,,left_only
brendanealy,Brendan Ealy,sa3066703,,,,,,left_only
gatesgerhart,Gates Gerhart,sa3066704,,,,,,left_only
matthewgraziose,Matthew Graziose,sa3066705,,,,,,left_only
chancehall,Chance Hall,sa3066706,,,,,,left_only
julianirizarry,Julian Irizarry,sa3066707,,,,,,left_only
spencermacinnis,Spencer MacInnis,sa3066708,,,,,,left_only
jacemaynard,Jace Maynard,sa3066709,,,,,,left_only
benmoser,Ben Moser,sa3066710,,,,,,left_only
mickyscheetz,Micky Scheetz,sa3066712,,,,,,left_only
scubasmolinski,Scuba Smolinski,sa3066713,,,,,,left_only
noahterzo,Noah Terzo,sa3066714,,,,,,left_only
calebvacchiano,Caleb Vacchiano,sa3066715,,,,,,left_only
benwaliczek,Ben Waliczek,sa3066716,,,,,,left_only
aidanbardi,Aidan Bardi,sa3066732,,,,,,left_only
graysonbonanno,Grayson Bonanno,sa3066733,,,,,,left_only
juliancazares,Julian Cazares,sa3066734,,,,,,left_only
nolangirard,Nolan Girard,sa3066735,,,,,,left_only
maxhotze,Max Hotze,sa3066736,,,,,,left_only
pjhughes,PJ Hughes,sa3066737,,,,,,left_only
andrewlombana,Andrew Lombana,sa3066738,,,,,,left_only
weslyerly,Wes Lyerly,sa3066739,,,,,,left_only
dylanmurphy,Dylan Murphy,sa3066741,,,,,,left_only
ethanprice,Ethan Price,sa3066742,,,,,,left_only
cadenschrader,Caden Schrader,sa3066743,,,,,,left_only
carsontimothy,Carson Timothy,sa3066745,,,,,,left_only
spencerwatson,Spencer Watson,sa3066746,,,,,,left_only
willwhite,Will White,sa3066747,,,,,,left_only
aidanespinoza,Aidan Espinoza,sa3066764,,,,,,left_only
xavierfarnum,Xavier Farnum,sa3066765,,,,,,left_only
colejenkins,Cole Jenkins,sa3066766,,,,,,left_only
seanmcgurk,Sean McGurk,sa3066767,,,,,,left_only
jackmcmullan,Jack McMullan,sa3066768,,,,,,left_only
espnsimpson,Espn Simpson,sa3066769,,,,,,left_only
coopertarantino,Cooper Tarantino,sa3066770,,,,,,left_only
bryantviskovich,Bryant Viskovich,sa3066771,,,,,,left_only
haydenjunggoldberg,Hayden Jung-Goldberg,sa3066782,,,,,,left_only
cadenbates,Caden Bates,sa3066783,,,,,,left_only
charlesbatista,Charles Batista,sa3066784,,,,,,left_only
finnchapman,Finn Chapman,sa3066785,,,,,,left_only
jackdonlin,Jack Donlin,sa3066786,,,,,,left_only
adamgaldoni,Adam Galdoni,sa3066787,,,,,,left_only
nomargarcia,Nomar Garcia,sa3066788,,,,,,left_only
blakegedrich,Blake Gedrich,sa3066789,,,,,,left_only
camgravelle,Cam Gravelle,sa3066790,,,,,,left_only
kehlerhamilton,Kehler Hamilton,sa3066791,,,,,,left_only
nicharris,Nic Harris,sa3066792,,,,,,left_only
cooperking,Cooper King,sa3066793,,,,,,left_only
kadenkiser,Kaden Kiser,sa3066794,,,,,,left_only
brycelane,Bryce Lane,sa3066795,,,,,,left_only
bryanmatuschat,Bryan Matuschat,sa3066796,,,,,,left_only
kevinmaurer,Kevin Maurer,sa3066797,,,,,,left_only
evanmenzel,Evan Menzel,sa3066798,,,,,,left_only
wesmoore,Wes Moore,sa3066799,,,,,,left_only
emmanuelperez,Emmanuel Perez,sa3066800,,,,,,left_only
kylepettigrew,Kyle Pettigrew,sa3066801,,,,,,left_only
andrewphillips,Andrew Phillips,sa3066802,,,,,,left_only
masonphillips,Mason Phillips,sa3066803,,,,,,left_only
julioramos,Julio Ramos,sa3066804,,,,,,left_only
coreyrichardson,Corey Richardson,sa3066805,,,,,,left_only
antoniotjsocarras,Antonio TJ Socarras,sa3066806,,,,,,left_only
rextedder,Rex Tedder,sa3066807,,,,,,left_only
brysonthacker,Bryson Thacker,sa3066808,,,,,,left_only
gabrieltirado,Gabriel Tirado,sa3066809,,,,,,left_only
samametrano,Sam Ametrano,sa3066814,,,,,,left_only
johncalloway,John Calloway,sa3066815,,,,,,left_only
angelcruz,Angel Cruz,sa3066816,,,,,,left_only
connormccabe,Connor McCabe,sa3066817,,,,,,left_only
lukeriggs,Luke Riggs,sa3066818,,,,,,left_only
brandonrobinson,Brandon Robinson,sa3066819,,,,,,left_only
prestonwatkins,Preston Watkins,sa3066820,,,,,,left_only
haydencrites,Hayden Crites,sa3066824,,,,,,left_only
braylonbrooks,Braylon Brooks,sa3066826,,,,,,left_only
lukeburden,Luke Burden,sa3066827,,,,,,left_only
bretclements,Bret Clements,sa3066828,,,,,,left_only
drewduckhorn,Drew Duckhorn,sa3066829,,,,,,left_only
masonhughes,Mason Hughes,sa3066830,,,,,,left_only
jadenknight,Jaden Knight,sa3066831,,,,,,left_only
carverpleasant,Carver Pleasant,sa3066832,,,,,,left_only
dylanrorech,Dylan Rorech,sa3066833,,,,,,left_only
tjstottlemyre,TJ Stottlemyre,sa3066834,,,,,,left_only
jeongbinmoon,Jeong Bin Moon,sa3066841,,,,,,left_only
chaseclatur,Chase Clatur,sa3066843,,,,,,left_only
isaacherrera,Isaac Herrera,sa3066844,,,,,,left_only
carsonmontsdeoca,Carson Montsdeoca,sa3066845,,,,,,left_only
jobeolson,Jobe Olson,sa3066846,,,,,,left_only
felixong,Felix Ong,sa3066847,,,,,,left_only
canonpierce,Canon Pierce,sa3066848,,,,,,left_only
augustrichie,August Richie,sa3066849,,,,,,left_only
anthonysarro,Anthony Sarro,sa3066850,,,,,,left_only
lukesidwell,Luke Sidwell,sa3066851,,,,,,left_only
austinsteeves,Austin Steeves,sa3066852,,,,,,left_only
michaelyeager,Michael Yeager,sa3066853,,,,,,left_only
nickbiasi,Nick Biasi,sa3066862,,,,,,left_only
ianbrown,Ian Brown,sa3066863,,,,,,left_only
brycegaines,Bryce Gaines,sa3066864,,,,,,left_only
gunnergeile,Gunner Geile,sa3066865,,,,,,left_only
nickjackson,Nick Jackson,sa3066866,,,,,,left_only
jaylenmerchant,Jaylen Merchant,sa3066867,,,,,,left_only
collinmowry,Collin Mowry,sa3066868,,,,,,left_only
ethanvansice,Ethan Van Sice,sa3066869,,,,,,left_only
jakewrubleski,Jake Wrubleski,sa3066870,,,,,,left_only
hyukbingwon,Hyuk Bin Gwon,sa3066877,,,,,,left_only
dongukyeo,Dong Uk Yeo,sa3066878,,,,,,left_only
taehyunjeon,Tae Hyun Jeon,sa3066879,,,,,,left_only
chanseungbae,Chan Seung Bae,sa3066880,,,,,,left_only
jaehyunpark,Jae Hyun Park,sa3066881,,,,,,left_only
woojoojeong,Woo Joo Jeong,sa3066884,,,,,,left_only
joonseoeo,Joon Seo Eo,sa3066885,,,,,,left_only
michaelbilo,Michael Bilo,sa3066886,,,,,,left_only
braxtonbrogan,Braxton Brogan,sa3066887,,,,,,left_only
frankiecaietta,Frankie Caietta,sa3066888,,,,,,left_only
codycallahan,Cody Callahan,sa3066889,,,,,,left_only
abechancellor,Abe Chancellor,sa3066890,,,,,,left_only
williecornejofarmer,Willie Cornejo-Farmer,sa3066891,,,,,,left_only
keegandemmer,Keegan Demmer,sa3066892,,,,,,left_only
justinhanson,Justin Hanson,sa3066893,,,,,,left_only
eastonhawk,Easton Hawk,sa3066894,,,,,,left_only
nathanhiscox,Nathan Hiscox,sa3066895,,,,,,left_only
colinmilligan,Colin Milligan,sa3066897,,,,,,left_only
saxonroberts,Saxon Roberts,sa3066899,,,,,,left_only
walddyrodriguez,Walddy Rodriguez,sa3066900,,,,,,left_only
matthewscottii,Matthew Scott II,sa3066901,,,,,,left_only
henryslaby,Henry Slaby,sa3066902,,,,,,left_only
jonahwilliams,Jonah Williams,sa3066903,,,,,,left_only
hyunwoojung,Hyun Woo Jung,sa3066917,,,,,,left_only
mingyugwon,Min Gyu Gwon,sa3066918,,,,,,left_only
talanbell,Talan Bell,sa3066920,,,,,,left_only
ryanbrader,Ryan Brader,sa3066922,,,,,,left_only
landanbrowning,Landan Browning,sa3066923,,,,,,left_only
natedavila,Nate Davila,sa3066924,,,,,,left_only
cooperdevall,Cooper Devall,sa3066925,,,,,,left_only
harrisonkliethermes,Harrison Kliethermes,sa3066926,,,,,,left_only
willorberson,Will Orberson,sa3066927,,,,,,left_only
davidsorg,David Sorg,sa3066928,,,,,,left_only
ianstandlee,Ian Standlee,sa3066929,,,,,,left_only
zachwinter,Zach Winter,sa3066930,,,,,,left_only
hyunyoon,Hyun Yoon,sa3066935,,,,,,left_only
perynbland,Peryn Bland,sa3066936,,,,,,left_only
noahgalvan,Noah Galvan,sa3066937,,,,,,left_only
alexlacoste,Alex LaCoste,sa3066938,,,,,,left_only
juliosolier,Julio Solier,sa3066939,,,,,,left_only
wilfredtorressantiago,Wilfred Torres-Santiago,sa3066940,,,,,,left_only
shunsukeurata,Shunsuke Urata,sa3066943,,,,,,left_only
seiyawatanabe,Seiya Watanabe,sa3066944,,,,,,left_only
mishonishikawa,Misho Nishikawa,sa3066945,,,,,,left_only
masahiroehara,Masahiro Ehara,sa3066946,,,,,,left_only
ruimuneyama,Rui Muneyama,sa3066947,,,,,,left_only
yusukemugitani,Yusuke Mugitani,sa3066948,,,,,,left_only
yutaishii,Yuta Ishii,sa3066949,,,,,,left_only
shunokamoto,Shun Okamoto,sa3066950,,,,,,left_only
youngwookim,Young Woo Kim,sa3066958,,,,,,left_only
hyunjongyang,Hyun Jong Yang,sa3066959,,,,,,left_only
taiseikudo,Taisei Kudo,sa3066961,,,,,,left_only
kotashoji,Kota Shoji,sa3066962,,,,,,left_only
bjbrown,BJ Brown,sa3066964,,,,,,left_only
cohenharris,Cohen Harris,sa3066965,,,,,,left_only
jaydenshin,Jayden Shin,sa3066966,,,,,,left_only
masayakuroda,Masaya Kuroda,sa3066967,,,,,,left_only
yutokimura,Yuto Kimura,sa3066968,,,,,,left_only
takatoihara,Takato Ihara,sa3066969,,,,,,left_only
anthonyquigley,Anthony Quigley,sa3066970,,,,,,left_only
josebludau,Jose Bludau,sa3066971,,,,,,left_only
jacksonbrasseux,Jackson Brasseux,sa3066972,,,,,,left_only
daltonbrown,Dalton Brown,sa3066973,,,,,,left_only
chriscancel,Chris Cancel,sa3066974,,,,,,left_only
andrewclelland,Andrew Clelland,sa3066975,,,,,,left_only
ethanespiricueta,Ethan Espiricueta,sa3066976,,,,,,left_only
bradgrindlinger,Brad Grindlinger,sa3066977,,,,,,left_only
caydenhessemyer,Cayden Hessemyer,sa3066978,,,,,,left_only
jetthope,Jett Hope,sa3066979,,,,,,left_only
braydenhuebner,Brayden Huebner,sa3066980,,,,,,left_only
lukejacobson,Luke Jacobson,sa3066981,,,,,,left_only
jordanjones,Jordan Jones,sa3066982,,,,,,left_only
iankaiser,Ian Kaiser,sa3066983,,,,,,left_only
simonlandry,Simon Landry,sa3066984,,,,,,left_only
connorlehman,Connor Lehman,sa3066985,,,,,,left_only
cadenlockwood,Caden Lockwood,sa3066986,,,,,,left_only
mikelucarelli,Mike Lucarelli,sa3066987,,,,,,left_only
jordenolivera,Jorden Olivera,sa3066988,,,,,,left_only
olindopezzone,Olindo Pezzone,sa3066989,,,,,,left_only
codysmith,Cody Smith,sa3066990,,,,,,left_only
nathantobin,Nathan Tobin,sa3066991,,,,,,left_only
jaredwhite,Jared White,sa3066992,,,,,,left_only
kentaroshinogi,Kentaro Shinogi,sa3067002,,,,,,left_only
jacksonbanuelos,Jackson Banuelos,sa3067003,,,,,,left_only
lucasdixon,Lucas Dixon,sa3067004,,,,,,left_only
peytonfirgens,Peyton Firgens,sa3067005,,,,,,left_only
seanharris,Sean Harris,sa3067006,,,,,,left_only
jaxonkehoe,Jaxon Kehoe,sa3067007,,,,,,left_only
tomaslopez,Tomas Lopez,sa3067008,,,,,,left_only
austinmatranga,Austin Matranga,sa3067009,,,,,,left_only
christianrasmussen,Christian Rasmussen,sa3067010,,,,,,left_only
jshawnunger,JShawn Unger,sa3067011,,,,,,left_only
aidenwhite,Aiden White,sa3067012,,,,,,left_only
harutoyamada,Haruto Yamada,sa3067018,,,,,,left_only
mingyuhong,Min Gyu Hong,sa3067019,,,,,,left_only
jaeyeoppark,Jae Yeop Park,sa3067020,,,,,,left_only
ryuseiterachi,Ryusei Terachi,sa3067022,,,,,,left_only
colereynolds,Cole Reynolds,sa3067031,,,,,,left_only
gusmagill,Gus Magill,sa3067055,,,,,,left_only
trevorraade,Trevor Raade,sa3067056,,,,,,left_only
tavianramos,Tavian Ramos,sa3067057,,,,,,left_only
jonathansendziak,Jonathan Sendziak,sa3067058,,,,,,left_only
austinwalsh,Austin Walsh,sa3067059,,,,,,left_only
ryomayamanaka,Ryoma Yamanaka,sa3067061,,,,,,left_only
braxtonlewis,Braxton Lewis,sa3067077,,,,,,left_only
rjthomae,RJ Thomae,sa3067078,,,,,,left_only
yoosinseo,Yoo Sin Seo,sa3067080,,,,,,left_only
lucienwechsberg,Lucien Wechsberg,sa3067096,,,,,,left_only
sehyunpark,Se Hyun Park,sa3067097,,,,,,left_only
austinjones,Austin Jones,sa3067098,,,,,,left_only
dannyrollins,Danny Rollins,sa3067099,,,,,,left_only
jjdevito,JJ DeVito,sa3067108,,,,,,left_only
markgialluisi,Mark Gialluisi,sa3067109,,,,,,left_only
stunnergonzalez,Stunner Gonzalez,sa3067110,,,,,,left_only
masonhutsell,Mason Hutsell,sa3067111,,,,,,left_only
catokleinman,Cato Kleinman,sa3067112,,,,,,left_only
aaronkniffin,Aaron Kniffin,sa3067113,,,,,,left_only
drewmcgowan,Drew McGowan,sa3067114,,,,,,left_only
grantoriger,Grant Origer,sa3067115,,,,,,left_only
parkerpatterson,Parker Patterson,sa3067116,,,,,,left_only
jackpitts,Jack Pitts,sa3067117,,,,,,left_only
carterpoole,Carter Poole,sa3067118,,,,,,left_only
garrettsinfield,Garrett Sinfield,sa3067119,,,,,,left_only
seansousa,Sean Sousa,sa3067120,,,,,,left_only
loganstelling,Logan Stelling,sa3067121,,,,,,left_only
kadenstone,Kaden Stone,sa3067122,,,,,,left_only
carteralexander,Carter Alexander,sa3067137,,,,,,left_only
jonathandecker,Jonathan Decker,sa3067138,,,,,,left_only
tylerkim,Tyler Kim,sa3067139,,,,,,left_only
cartermottice,Carter Mottice,sa3067140,,,,,,left_only
mattreyes,Matt Reyes,sa3067141,,,,,,left_only
michaelcaldon,Michael Caldon,sa3067147,,,,,,left_only
robertnatale,Robert Natale,sa3067151,,,,,,left_only
seojunkim,Seo Jun Kim,sa3067152,,,,,,left_only
charlesradley,Charles Radley,sa3067154,,,,,,left_only
keitayamamoto,Keita Yamamoto,sa3067155,,,,,,left_only
ajherrera,AJ Herrera,sa3067157,,,,,,left_only
leesowers,Lee Sowers,sa3067158,,,,,,left_only
dongjunkim,Dong Jun Kim,sa3067160,,,,,,left_only
junsoonpark,Jun Soon Park,sa3067161,,,,,,left_only
jasperadelman,Jasper Adelman,sa3067163,,,,,,left_only
joeygiordano,Joey Giordano,sa3067164,,,,,,left_only
willsiwinski,Will Siwinski,sa3067166,,,,,,left_only
yuaramaki,Yu Aramaki,sa3067167,,,,,,left_only
shuyamagata,Shu Yamagata,sa3067168,,,,,,left_only
jaxonappelman,Jaxon Appelman,sa3067173,,,,,,left_only
reeveboyd,Reeve Boyd,sa3067174,,,,,,left_only
lukecampbell,Luke Campbell,sa3067175,,,,,,left_only
gioconte,Gio Conte,sa3067176,,,,,,left_only
johncosta,John Costa,sa3067177,,,,,,left_only
drewcox,Drew Cox,sa3067178,,,,,,left_only
jamesellis,James Ellis,sa3067179,,,,,,left_only
dylanfatovich,Dylan Fatovich,sa3067180,,,,,,left_only
tylerfoster,Tyler Foster,sa3067181,,,,,,left_only
jacobhines,Jacob Hines,sa3067182,,,,,,left_only
johnmccready,John McCready,sa3067183,,,,,,left_only
ethanmchugh,Ethan McHugh,sa3067184,,,,,,left_only
bradyruizweiss,Brady Ruiz-Weiss,sa3067185,,,,,,left_only
tatesmith,Tate Smith,sa3067186,,,,,,left_only
brentwalls,Brent Walls,sa3067188,,,,,,left_only
josephwaters,Joseph Waters,sa3067189,,,,,,left_only
soohoham,Soo Ho Ham,sa3067204,,,,,,left_only
misakisasahara,Misaki Sasahara,sa3067205,,,,,,left_only
raikukatayama,Raiku Katayama,sa3067206,,,,,,left_only
jaehoonsim,Jae Hoon Sim,sa3067211,,,,,,left_only
elijahclayton,Elijah Clayton,sa3067212,,,,,,left_only
willhummel,Will Hummel,sa3067213,,,,,,left_only
colerogers,Cole Rogers,sa3067214,,,,,,left_only
marcolopez,Marco Lopez,sa3067216,,,,,,left_only
averyschwartz,Avery Schwartz,sa3067217,,,,,,left_only
jacksonblakely,Jackson Blakely,sa3067219,,,,,,left_only
colbychambers,Colby Chambers,sa3067220,,,,,,left_only
mickeymcclaskey,Mickey McClaskey,sa3067221,,,,,,left_only
lukeolsen,Luke Olsen,sa3067222,,,,,,left_only
jacesouza,Jace Souza,sa3067223,,,,,,left_only
kalenapplefield,Kalen Applefield,sa3067226,,,,,,left_only
rockwelllybbert,Rockwell Lybbert,sa3067227,,,,,,left_only
vincewaterman,Vince Waterman,sa3067228,,,,,,left_only
samfalace,Sam Falace,sa3067233,,,,,,left_only
loganfranks,Logan Franks,sa3067234,,,,,,left_only
lukekovach,Luke Kovach,sa3067235,,,,,,left_only
duncanmarsten,Duncan Marsten,sa3067236,,,,,,left_only
micahsmith,Micah Smith,sa3067238,,,,,,left_only
dylanthompson,Dylan Thompson,sa3067239,,,,,,left_only
yulyelee,Yul Ye Lee,sa3067247,,,,,,left_only
ryuseigonda,Ryusei Gonda,sa3067248,,,,,,left_only
rueiyanggulin,Ruei-Yang Gu Lin,sa3067249,,,,,,left_only
cadencornett,Caden Cornett,sa3067252,,,,,,left_only
noahlafine,Noah LaFine,sa3067253,,,,,,left_only
nicotellache,Nico Tellache,sa3067257,,,,,,left_only
dariusadkins,Darius Adkins,sa3067263,,,,,,left_only
bennewton,Ben Newton,sa3067265,,,,,,left_only
chrisdanko,Chris Danko,sa3067267,,,,,,left_only
landonkuntzleman,Landon Kuntzleman,sa3067269,,,,,,left_only
michaelpastrana,Michael Pastrana,sa3067270,,,,,,left_only
caseyeuper,Casey Euper,sa3067271,,,,,,left_only
marcerioallen,Marcerio Allen,sa3067276,,,,,,left_only
willdugan,Will Dugan,sa3067277,,,,,,left_only
matthubbard,Matt Hubbard,sa3067278,,,,,,left_only
aidenschenk,Aiden Schenk,sa3067279,,,,,,left_only
hayatonakagawa,Hayato Nakagawa,sa3067283,,,,,,left_only
jackmathey,Jack Mathey,sa3067286,,,,,,left_only
peterdaseking,Peter Daseking,sa3067287,,,,,,left_only
atsushikatsumata,Atsushi Katsumata,sa3067289,,,,,,left_only
yutasaitoh,Yuta Saitoh,sa3067291,,,,,,left_only
russfilter,Russ Filter,sa3067295,,,,,,left_only
cadenfredericks,Caden Fredericks,sa3067296,,,,,,left_only
parkermassey,Parker Massey,sa3067297,,,,,,left_only
junhyeoklee,Jun Hyeok Lee,sa3067302,,,,,,left_only
yungjunson,Yung Jun Son,sa3067303,,,,,,left_only
himchanson,Him Chan Son,sa3067304,,,,,,left_only
junwoolee,Jun Woo Lee,sa3067305,,,,,,left_only
louisperona,Louis Perona,sa3067372,,,,,,left_only
nokwonkim,Nok Won Kim,sa3067373,,,,,,left_only
minseongjeong,Min Seong Jeong,sa3067374,,,,,,left_only
coenwynne,Coen Wynne,sa3067375,,,,,,left_only
haewonjung,Hae Won Jung,sa3067377,,,,,,left_only
yudaishoji,Yudai Shoji,sa3067378,,,,,,left_only
harutonakagomi,Haruto Nakagomi,sa3067379,,,,,,left_only
yumetokanemaru,Yumeto Kanemaru,sa3067380,,,,,,left_only
daysoncroes,Dayson Croes,sa3067396,,,,,,left_only
kihopark,Ki Ho Park,sa3067412,,,,,,left_only
joshsanders,Josh Sanders,sa3067414,,,,,,left_only
hunterfriedberg,Hunter Friedberg,sa3067428,,,,,,left_only
montellhiguma,Montell Higuma,sa3067429,,,,,,left_only
yutatematsu,Yu Tatematsu,sa3067430,,,,,,left_only
seunghyeonlee,Seung Hyeon Lee,sa3067435,,,,,,left_only
otohayasaka,Oto Hayasaka,sa3067469,,,,,,left_only
ryuseimiyazaki,Ryusei Miyazaki,sa3067470,,,,,,left_only
daeinhong,Dae In Hong,sa3067476,,,,,,left_only
andrewdutton,Andrew Dutton,sa3067480,,,,,,left_only
colefrye,Cole Frye,sa3067481,,,,,,left_only
jaehunyang,Jae Hun Yang,sa3067487,,,,,,left_only
narukiteranishi,Naruki Teranishi,sa3067490,,,,,,left_only
cooperwinchester,Cooper Winchester,sa3067493,,,,,,left_only
gwanwoopark,Gwan Woo Park,sa3067494,,,,,,left_only
jaydenalvarez,Jayden Alvarez,sa3067498,,,,,,left_only
josepachecoperez,Jose Pacheco Perez,sa3067499,,,,,,left_only
jaewonkim,Jae Won Kim,sa3067501,,,,,,left_only
hyunchangjeong,Hyun Chang Jeong,sa3067502,,,,,,left_only
shonosukehama,Shonosuke Hama,sa3067504,,,,,,left_only
taisasaki,Tai Sasaki,sa3067512,,,,,,left_only
yeongtaksung,Yeong Tak Sung,sa3067516,,,,,,left_only
minseokchoi,Min Seok Choi,sa3067517,,,,,,left_only
jeonghunpark,Jeong Hun Park,sa3067520,,,,,,left_only
yileisun,Yi-Lei Sun,sa3067521,,,,,,left_only
dylantate,Dylan Tate,sa3067523,,,,,,left_only
patrickdanforth,Patrick Danforth,sa3067527,,,,,,left_only
minjaelee,Min Jae Lee,sa3067528,,,,,,left_only
jongwunkim,Jong Wun Kim,sa3067532,,,,,,left_only
shunsukeiwasaki,Shunsuke Iwasaki,sa3067533,,,,,,left_only
junsangkim,Jun Sang Kim,sa3067537,,,,,,left_only
jinmuklim,Jin Muk Lim,sa3067538,,,,,,left_only
ritokinoshita,Rito Kinoshita,sa3067546,,,,,,left_only
jeonghokim,Jeong Ho Kim,sa3067550,,,,,,left_only
ituaikhine,Itua Ikhine,sa3067551,,,,,,left_only
jonghyeokwon,Jong Hyeok Won,sa3067553,,,,,,left_only
kazuoohno,Kazuo Ohno,sa3067554,,,,,,left_only
shunsukeshimokawa,Shunsuke Shimokawa,sa3067555,,,,,,left_only
loganmercado,Logan Mercado,sa3067558,,,,,,left_only
seonwoolee,Seon Woo Lee,sa3068069,,,,,,left_only
taekyeonglee,Tae Kyeong Lee,sa3068070,,,,,,left_only
wonbinhong,Won-bin Hong,sa3068071,,,,,,left_only
seunghyunhan,Seung Hyun Han,sa3068457,,,,,,left_only
taeyunkim,Tae Yun Kim,sa3068585,,,,,,left_only
seiyaohuchi,Seiya Ohuchi,sa3068586,,,,,,left_only
seojinoh,Seo Jin Oh,sa3068665,,,,,,left_only
ryuseiyamada,Ryusei Yamada,sa3068666,,,,,,left_only
keishitsuda,Keishi Tsuda,sa3068677,,,,,,left_only
tsuyoshishiiba,Tsuyoshi Shiiba,sa3068678,,,,,,left_only
ruimitsuka,Rui Mitsuka,sa3068726,,,,,,left_only
seungwanko,Seung Wan Ko,sa3068734,,,,,,left_only
yamatosuzuki,Yamato Suzuki,sa3068735,,,,,,left_only
brysonvansickle,Bryson Van Sickle,sa3068737,,,,,,left_only
seyoungchung,Se Young Chung,sa3068739,,,,,,left_only
hominlee,Ho Min Lee,sa3068740,,,,,,left_only
chanhyung,Chan Hyung ,sa3068748,,,,,,left_only
masakiiwata,Masaki Iwata,sa3068759,,,,,,left_only
toyakawaguchi,Toya Kawaguchi,sa3068763,,,,,,left_only
koshirohiroike,Koshiro Hiroike,sa3068764,,,,,,left_only
yutonakamura,Yuto Nakamura,sa3068774,,,,,,left_only
taehyeongkim,Tae Hyeong Kim,sa3068782,,,,,,left_only
ryunosukesato,Ryunosuke Sato,sa3068827,,,,,,left_only
dohhyunlee,Doh Hyun Lee,sa3068850,,,,,,left_only
minseokkim,Min Seok Kim,sa3068875,,,,,,left_only
naokiwakamatsu,Naoki Wakamatsu,sa3068876,,,,,,left_only
harutotanaka,Haruto Tanaka,sa3068891,,,,,,left_only
hanjungkim,Han Jung Kim,sa3068899,,,,,,left_only
youngjaelee,Young Jae Lee,sa3068900,,,,,,left_only
yutanakamigawa,Yuta Nakamigawa,sa3068902,,,,,,left_only
marekchlup,Marek Chlup,sa3068925,,,,,,left_only
rikimaichijo,Rikima Ichijo,sa3068934,,,,,,left_only
daikihayakawa,Daiki Hayakawa,sa3068938,,,,,,left_only
kaiseitoumatsu,Kaisei Toumatsu,sa3068950,,,,,,left_only
reoshibata,Reo Shibata,sa3068999,,,,,,left_only
taiyosato,Taiyo Sato,sa3069000,,,,,,left_only
yutoyoshikawa,Yuto Yoshikawa,sa3069026,,,,,,left_only
shunyamorita,Shunya Morita,sa3069027,,,,,,left_only
seungwonyum,Seung Won Yum,sa3069036,,,,,,left_only
geunwoolim,Geun Woo Lim,sa3069060,,,,,,left_only
seitamaekawa,Seita Maekawa,sa3069063,,,,,,left_only
hayatomiyazaki,Hayato Miyazaki,sa3069064,,,,,,left_only
taigatsuji,Taiga Tsuji,sa3069065,,,,,,left_only
aidentaurek,Aiden Taurek,sa3069071,,,,,,left_only
tatsuyahashimoto,Tatsuya Hashimoto,sa3069076,,,,,,left_only
mercedescc, Mercedes c.c.,sa3069091,,,,,,left_only
seiyayoshida,Seiya Yoshida,sa3069096,,,,,,left_only
kaitoiriyama,Kaito Iriyama,sa3069111,,,,,,left_only
taehoyun,Tae Ho Yun,sa3069127,,,,,,left_only
katsutoshitai,Katsutoshi Tai,sa3069128,,,,,,left_only
shunsukemiyahara,Shunsuke Miyahara,sa3069129,,,,,,left_only
yutakeda,Yu Takeda,sa3069130,,,,,,left_only
hinaseitsubo,Hinase Itsubo,sa3069141,,,,,,left_only
donghyunkim,Dong Hyun Kim,sa3069157,,,,,,left_only
jeongyeopkim,Jeong Yeop Kim,sa3069158,,,,,,left_only
geonwoopark,Geon Woo Park,sa3069177,,,,,,left_only
sungwonlee,Sung Won Lee,sa3069186,,,,,,left_only
shunahori,Shuna Hori,sa3069197,,,,,,left_only
michaelhilker,Michael Hilker,sa3069198,,,,,,left_only
joescarborough,Joe Scarborough,sa3069200,,,,,,left_only
hibikishinohara,Hibiki Shinohara,sa3069205,,,,,,left_only
seungjuncha,Seung Jun Cha,sa3069206,,,,,,left_only
hibkikato,Hibki Kato,sa3069209,,,,,,left_only
yuseiishizuka,Yusei Ishizuka,sa3069210,,,,,,left_only
hyunjaechun,Hyun Jae Chun,sa3069211,,,,,,left_only
hidetoshiibaragi,Hidetoshi Ibaragi,sa3069212,,,,,,left_only
kanatoshimizu,Kanato Shimizu,sa3069213,,,,,,left_only
sungjaekim,Sung Jae Kim,sa3069215,,,,,,left_only
heonpark,Heon Park,sa3069216,,,,,,left_only
shuntamori,Shunta Mori,sa3069218,,,,,,left_only
harunkikuchi,Harun Kikuchi,sa3069219,,,,,,left_only
yuudaifurukawa,Yuudai Furukawa,sa3069221,,,,,,left_only
yukihayashi,Yuki Hayashi,sa3069222,,,,,,left_only
hirotosaito,Hiroto Saito,sa3069223,,,,,,left_only
soshiyoshino,Soshi Yoshino,sa3069225,,,,,,left_only
tsubasayoshinoh,Tsubasa Yoshinoh,sa3069226,,,,,,left_only
konosukefukuda,Konosuke Fukuda,sa3069228,,,,,,left_only
yutarofujita,Yutaro Fujita,sa3069229,,,,,,left_only
manatotanai,Manato Tanai,sa3069230,,,,,,left_only
takumisakamoto,Takumi Sakamoto,sa3069231,,,,,,left_only
shokusaka,Sho Kusaka,sa3069232,,,,,,left_only
rikutakeda,Riku Takeda,sa3069233,,,,,,left_only
pohsiangyang,Po-Hsiang Yang,sa3069235,,,,,,left_only
yutowatanabe,Yuto Watanabe,sa3069236,,,,,,left_only
jihwanshin,Ji Hwan Shin,sa3069238,,,,,,left_only
harusakai,Haru Sakai,sa3069239,,,,,,left_only
reoyamaguchi,Reo Yamaguchi,sa3069240,,,,,,left_only
jaehoonha,Jae-Hoon Ha,sa502535,,,,,,left_only
jaeyunkim,Jae Yun Kim,sa503670,,,,,,left_only
endrysbriceno,Endrys Briceno,sa505062,,,,,,left_only
melrojasjr,Mel Rojas Jr.,sa548194,,,,,,left_only
seongikim,Seon Gi Kim,sa549629,,,,,,left_only
joseadames,Jose Adames,sa597194,,,,,,left_only
dongyubkim,Dong-Yub Kim,sa598813,,,,,,left_only
erickleal,Erick Leal,sa657825,,,,,,left_only
luiscastro,Luis Castro,sa736954,,,,,,left_only
rileyunroe,Riley Unroe,sa737614,,,,,,left_only
ramonhernandez,Ramon Hernandez,sa828281,,,,,,left_only
jefryyan,Jefry Yan,sa828460,,,,,,left_only
jakegatewood,Jake Gatewood,sa828685,,,,,,left_only
treysupak,Trey Supak,sa828707,,,,,,left_only
sammcwilliams,Sam McWilliams,sa829124,,,,,,left_only
rudymartin,Rudy Martin,sa829374,,,,,,left_only
andrewbechtold,Andrew Bechtold,sa829787,,,,,,left_only
brysonbrigman,Bryson Brigman,sa829857,,,,,,left_only
hoyoungson,Ho-young Son,sa830429,,,,,,left_only
carlosguzman,Carlos Guzman,sa871477,,,,,,left_only
leandrocedeno,Leandro Cedeno,sa873307,,,,,,left_only
garrettdavila,Garrett Davila,sa875052,,,,,,left_only
bryantorres,Bryan Torres,sa885119,,,,,,left_only
nickdunn,Nick Dunn,sa915613,,,,,,left_only
johandominguez,Johan Dominguez,sa916727,,,,,,left_only
jesusbastidas,Jesus Bastidas,sa916969,,,,,,left_only
ismaelmunguia,Ismael Munguia,sa917132,,,,,,left_only
haroldchirino,Harold Chirino,sa917637,,,,,,left_only
oddaniermosqueda,Oddanier Mosqueda,sa917882,,,,,,left_only
kevingowdy,Kevin Gowdy,sa917928,,,,,,left_only
curtistaylor,Curtis Taylor,sa917970,,,,,,left_only
wilkelhernandez,Wilkel Hernandez,sa918026,,,,,,left_only
eliwilson,Eli Wilson,sa918961,,,,,,left_only
raulbrito,Raul Brito,sa928287,,,,,,left_only
kwangminkwon,Kwang-Min Kwon,sa943356,,,,,,left_only
raulalcantara1,Raul Alcantara,sa3005696,,,,,,left_only
taehoonkim1,Tae-hoon Kim,sa3012501,,,,,,left_only
minsukim1,Min-su Kim,sa3012647,,,,,,left_only
wonseoklee1,Won-seok Lee,sa3013066,,,,,,left_only
seongminkim1,Seong Min Kim,sa3014379,,,,,,left_only
seunghyunlee1,Seung Hyun Lee,sa3015066,,,,,,left_only
joseramos1,Jose Ramos,sa3016541,,,,,,left_only
jacobwebb1,Jacob Webb,sa3017547,,,,,,left_only
ryanjohnson1,Ryan Johnson,sa3022569,,,,,,left_only
mingyukim1,Min Gyu Kim,sa3025297,,,,,,left_only
nickallen1,Nick Allen,sa3025925,,,,,,left_only
calebanderson1,Caleb Anderson,sa3026034,,,,,,left_only
iananderson1,Ian Anderson,sa3026044,,,,,,left_only
trentbaker1,Trent Baker,sa3026452,,,,,,left_only
elibrown1,Eli Brown,sa3027821,,,,,,left_only
jakebrown1,Jake Brown,sa3027843,,,,,,left_only
jackclark1,Jack Clark,sa3028984,,,,,,left_only
tylercox1,Tyler Cox,sa3029502,,,,,,left_only
ryandavis1,Ryan Davis,sa3029937,,,,,,left_only
carterfink1,Carter Fink,sa3031341,,,,,,left_only
calebfreeman1,Caleb Freeman,sa3031681,,,,,,left_only
brandongomez1,Brandon Gomez,sa3032383,,,,,,left_only
anthonygonzalez1,Anthony Gonzalez,sa3032403,,,,,,left_only
masongreen1,Mason Green,sa3032671,,,,,,left_only
justinhackett1,Justin Hackett,sa3032932,,,,,,left_only
trevorhansen1,Trevor Hansen,sa3033171,,,,,,left_only
kylehayes1,Kyle Hayes,sa3033452,,,,,,left_only
samhentges1,Sam Hentges,sa3033651,,,,,,left_only
tylerhoward1,Tyler Howard,sa3034173,,,,,,left_only
lukejackson1,Luke Jackson,sa3034507,,,,,,left_only
dylanjohnson1,Dylan Johnson,sa3034741,,,,,,left_only
jaredjohnson1,Jared Johnson,sa3034763,,,,,,left_only
tyjohnson1,Ty Johnson,sa3034822,,,,,,left_only
ajjones1,AJ Jones,sa3034836,,,,,,left_only
andrewjones1,Andrew Jones,sa3034840,,,,,,left_only
connorkaiser1,Connor Kaiser,sa3035029,,,,,,left_only
carsonkelly1,Carson Kelly,sa3035205,,,,,,left_only
dylanking1,Dylan King,sa3035399,,,,,,left_only
justinking1,Justin King,sa3035407,,,,,,left_only
justinlee1,Justin Lee,sa3036161,,,,,,left_only
ryanlee1,Ryan Lee,sa3036166,,,,,,left_only
haydenlewis1,Hayden Lewis,sa3036300,,,,,,left_only
jacklittle1,Jack Little,sa3036398,,,,,,left_only
jacklopez1,Jack Lopez,sa3036541,,,,,,left_only
ryanmartinez1,Ryan Martinez,sa3037206,,,,,,left_only
jacksonmayo1,Jackson Mayo,sa3037392,,,,,,left_only
jacobmcgovern1,Jacob McGovern,sa3037606,,,,,,left_only
gavinmiller1,Gavin Miller,sa3038051,,,,,,left_only
ryanmiller1,Ryan Miller,sa3038087,,,,,,left_only
shanemurphy1,Shane Murphy,sa3038594,,,,,,left_only
tyleroneill1,Tyler O'Neill,sa3039169,,,,,,left_only
carlospena1,Carlos Pena,sa3039685,,,,,,left_only
andresperez1,Andres Perez,sa3039703,,,,,,left_only
ryanpeterson1,Ryan Peterson,sa3039799,,,,,,left_only
dylanrogers1,Dylan Rogers,sa3041047,,,,,,left_only
aidansmith1,Aidan Smith,sa3042471,,,,,,left_only
austinsmith1,Austin Smith,sa3042481,,,,,,left_only
bensmith1,Ben Smith,sa3042487,,,,,,left_only
christiansmith1,Christian Smith,sa3042513,,,,,,left_only
drewsmith1,Drew Smith,sa3042539,,,,,,left_only
dylansmith1,Dylan Smith,sa3042540,,,,,,left_only
evansmith1,Evan Smith,sa3042550,,,,,,left_only
jacksmith1,Jack Smith,sa3042575,,,,,,left_only
noahsmith1,Noah Smith,sa3042617,,,,,,left_only
tylersmith1,Tyler Smith,sa3042653,,,,,,left_only
jacobtobias1,Jacob Tobias,sa3043871,,,,,,left_only
josetorres1,Jose Torres,sa3043965,,,,,,left_only
ethanwalker1,Ethan Walker,sa3044667,,,,,,left_only
colbywallace1,Colby Wallace,sa3044699,,,,,,left_only
chriswalsh1,Chris Walsh,sa3044725,,,,,,left_only
michaelwalsh1,Michael Walsh,sa3044732,,,,,,left_only
ryanward1,Ryan Ward,sa3044789,,,,,,left_only
benweber1,Ben Weber,sa3044918,,,,,,left_only
tommywhite1,Tommy White,sa3045135,,,,,,left_only
nickwilliams1,Nick Williams,sa3045340,,,,,,left_only
jacobwilson1,Jacob Wilson,sa3045404,,,,,,left_only
mattbarnes1,Matt Barnes,sa3058553,,,,,,left_only
garrettbaumann1,Garrett Baumann,sa3058582,,,,,,left_only
hunterbell1,Hunter Bell,sa3058605,,,,,,left_only
jakebennett1,Jake Bennett,sa3058621,,,,,,left_only
carterboyd1,Carter Boyd,sa3058702,,,,,,left_only
tybrooks1,Ty Brooks,sa3058734,,,,,,left_only
dylanbrown1,Dylan Brown,sa3058745,,,,,,left_only
brendanburke1,Brendan Burke,sa3058774,,,,,,left_only
ethandavis1,Ethan Davis,sa3059000,,,,,,left_only
chrisdiaz1,Chris Diaz,sa3059050,,,,,,left_only
josefernandez1,Jose Fernandez,sa3059176,,,,,,left_only
kylegibson1,Kyle Gibson,sa3059294,,,,,,left_only
jackhamilton1,Jack Hamilton,sa3059399,,,,,,left_only
cameronhill1,Cameron Hill,sa3059496,,,,,,left_only
jeffhoffman1,Jeff Hoffman,sa3059506,,,,,,left_only
andrewjohnson1,Andrew Johnson,sa3059601,,,,,,left_only
brycejohnson1,Bryce Johnson,sa3059603,,,,,,left_only
nolanjohnson1,Nolan Johnson,sa3059615,,,,,,left_only
charliejones1,Charlie Jones,sa3059619,,,,,,left_only
eastonjones1,Easton Jones,sa3059620,,,,,,left_only
ryanking1,Ryan King,sa3059685,,,,,,left_only
pedroleon1,Pedro Leon,sa3059796,,,,,,left_only
kylelewis1,Kyle Lewis,sa3059807,,,,,,left_only
ryanlynch1,Ryan Lynch,sa3059876,,,,,,left_only
mattmaloney1,Matt Maloney,sa3059903,,,,,,left_only
jakemeyers1,Jake Meyers,sa3060024,,,,,,left_only
jacobmiller1,Jacob Miller,sa3060042,,,,,,left_only
noahmiller1,Noah Miller,sa3060045,,,,,,left_only
sammiller1,Sam Miller,sa3060047,,,,,,left_only
jacobmoore1,Jacob Moore,sa3060076,,,,,,left_only
drewnelson1,Drew Nelson,sa3060131,,,,,,left_only
jackoconnor1,Jack OConnor,sa3060172,,,,,,left_only
danielperez1,Daniel Perez,sa3060240,,,,,,left_only
jakeporter1,Jake Porter,sa3060291,,,,,,left_only
jakerobinson1,Jake Robinson,sa3060390,,,,,,left_only
adrianrodriguez1,Adrian Rodriguez,sa3060398,,,,,,left_only
alexrodriguez1,Alex Rodriguez,sa3060399,,,,,,left_only
elijahrodriguez1,Elijah Rodriguez,sa3060404,,,,,,left_only
freddyrodriguez1,Freddy Rodriguez,sa3060405,,,,,,left_only
nateross1,Nate Ross,sa3060430,,,,,,left_only
edwinsanchez1,Edwin Sanchez,sa3060471,,,,,,left_only
colesmith1,Cole Smith,sa3060603,,,,,,left_only
jacksonsmith1,Jackson Smith,sa3060615,,,,,,left_only
kadensmith1,Kaden Smith,sa3060619,,,,,,left_only
lukesmith1,Luke Smith,sa3060620,,,,,,left_only
ethanthomas1,Ethan Thomas,sa3060737,,,,,,left_only
jacksonthomas1,Jackson Thomas,sa3060738,,,,,,left_only
zackthompson1,Zack Thompson,sa3060750,,,,,,left_only
andrewwalters1,Andrew Walters,sa3060864,,,,,,left_only
carterwhite1,Carter White,sa3060910,,,,,,left_only
cjwillis1,CJ Willis,sa3060925,,,,,,left_only
cooperwilliams1,Cooper Williams,sa3060926,,,,,,left_only
blakewilson1,Blake Wilson,sa3060938,,,,,,left_only
peytonwilson1,Peyton Wilson,sa3060942,,,,,,left_only
justinmayes1,Justin Mayes,sa3062645,,,,,,left_only
owenmiller1,Owen Miller,sa3062655,,,,,,left_only
parkersmith1,Parker Smith,sa3062682,,,,,,left_only
joshbell1,Josh Bell,sa3062811,,,,,,left_only
jakemccoy1,Jake McCoy,sa3062870,,,,,,left_only
ryanmclaughlin1,Ryan Mclaughlin,sa3065093,,,,,,left_only
adonismedina1,Adonis Medina,sa3065095,,,,,,left_only
christianrodriguez1,Christian Rodriguez,sa3065120,,,,,,left_only
caseysmith1,Casey Smith,sa3065136,,,,,,left_only
gavinsmith1,Gavin Smith,sa3065137,,,,,,left_only
johnsmith1,John Smith,sa3065138,,,,,,left_only
tylerjones1,Tyler Jones,sa3065334,,,,,,left_only
jaydenlopez1,Jayden Lopez,sa3065358,,,,,,left_only
ryanthompson1,Ryan Thompson,sa3065432,,,,,,left_only
mikevillani1,Mike Villani,sa3065441,,,,,,left_only
chasedavis1,Chase Davis,sa3065522,,,,,,left_only
jackanderson1,Jack Anderson,sa3065899,,,,,,left_only
ryanbrown1,Ryan Brown,sa3065908,,,,,,left_only
tydavis1,Ty Davis,sa3065913,,,,,,left_only
maxburt1,Max Burt,sa3066028,,,,,,left_only
koyoaoyagi1,Koyo Aoyagi,sa3066034,,,,,,left_only
willrobbins1,Will Robbins,sa3066090,,,,,,left_only
lukejohnson1,Luke Johnson,sa3066202,,,,,,left_only
joshvaughn1,Josh Vaughn,sa3066247,,,,,,left_only
coopersmith1,Cooper Smith,sa3066344,,,,,,left_only
bradymiller1,Brady Miller,sa3066389,,,,,,left_only
cooperjohnson1,Cooper Johnson,sa3066436,,,,,,left_only
tommymartin1,Tommy Martin,sa3066575,,,,,,left_only
davisrivers1,Davis Rivers,sa3066711,,,,,,left_only
isaacwilliams1,Isaac Williams,sa3066748,,,,,,left_only
coopermoore1,Cooper Moore,sa3066898,,,,,,left_only
jasonblanchard1,Jason Blanchard,sa3066921,,,,,,left_only
brycejones1,Bryce Jones,sa3067054,,,,,,left_only
liamgolden1,Liam Golden,sa3067268,,,,,,left_only
chasenelson1,Chase Nelson,sa3067298,,,,,,left_only
tomootosaka1,Tomo Otosaka,sa3067492,,,,,,left_only
siwonpark1,Si Won Park,sa3068851,,,,,,left_only
michaelfowler1,Michael Fowler,sa3069077,,,,,,left_only
coltoncosper1,Colton Cosper,sa3069106,,,,,,left_only
taehyunkim1,Tae Hyun Kim,sa3069119,,,,,,left_only
kunwoopark1,Kun Woo Park,sa3069207,,,,,,left_only
seungminlee1,Seung Min Lee,sa3069234,,,,,,left_only
edwindiaz1,Edwin Diaz,sa738152,,,,,,left_only
gavincollins1,Gavin Collins,sa857219,,,,,,left_only
jakebrown2,Jake Brown,sa3027844,,,,,,left_only
ryandavis2,Ryan Davis,sa3029938,,,,,,left_only
carsonkelly2,Carson Kelly,sa3035206,,,,,,left_only
dylanrogers2,Dylan Rogers,sa3041048,,,,,,left_only
dylansmith2,Dylan Smith,sa3042541,,,,,,left_only
willsmith2,Will Smith,sa3042655,,,,,,left_only
jackclark2,Jack Clark,sa3058877,,,,,,left_only
bensmith2,Ben Smith,sa3060600,,,,,,left_only
christiansmith2,Christian Smith,sa3060602,,,,,,left_only
tylersmith2,Tyler Smith,sa3060626,,,,,,left_only
hunterbell2,Hunter Bell,sa3062810,,,,,,left_only
jacksonsmith2,Jackson Smith,sa3062904,,,,,,left_only
ryanjohnson2,Ryan Johnson,sa3065548,,,,,,left_only
brycejohnson2,Bryce Johnson,sa3066896,,,,,,left_only
ethanwalker2,Ethan Walker,sa3067187,,,,,,left_only
taehoonkim2,Tae Hoon Kim,sa3067488,,,,,,left_only
willsmith3,Will Smith,sa3042657,,,,,,left_only
dylansmith3,Dylan Smith,sa3060607,,,,,,left_only
tylersmith3,Tyler Smith,sa3062683,,,,,,left_only
