tj_id,c,1b,2b,ss,3b,of,util,sp,rp
shoheiohtani,False,False,False,False,False,False,True,True,False
aaronjudge,False,False,False,False,False,True,True,False,False
juansoto,False,False,False,False,False,True,True,False,False
paulskenes,False,False,False,False,False,False,False,True,False
joseramirez,False,False,False,False,True,False,True,False,False
tarikskubal,False,False,False,False,False,False,False,True,False
garrettcrochet,False,False,False,False,False,False,False,True,False
bobbywittjr,False,False,False,True,False,False,True,False,False
kyletucker,False,False,False,False,False,True,True,False,False
calraleigh,True,False,False,False,False,False,True,False,False
corbincarroll,False,False,False,False,False,True,True,False,False
yoshinobuyamamoto,False,False,False,False,False,False,False,True,False
logangilbert,False,False,False,False,False,False,False,True,False
kyleschwarber,False,False,False,False,False,False,True,False,False
loganwebb,False,False,False,False,False,False,False,True,False
bryanwoo,False,False,False,False,False,False,False,True,False
maxfried,False,False,False,False,False,False,False,True,False
fernandotatisjr,False,False,False,False,False,True,True,False,False
juliorodriguez,False,False,False,False,False,True,True,False,False
juniorcaminero,False,False,False,False,True,False,True,False,False
freddyperalta,False,False,False,False,False,False,False,True,False
hunterbrown,False,False,False,False,False,False,False,True,False
ketelmarte,False,False,True,False,False,False,True,False,False
cristophersanchez,False,False,False,False,False,False,False,True,False
franciscolindor,False,False,False,True,False,False,True,False,False
chrissale,False,False,False,False,False,False,False,True,False
mannymachado,False,False,False,False,True,False,True,False,False
ronaldacunajr,False,False,False,False,False,True,True,False,False
yordanalvarez,False,False,False,False,False,True,True,False,False
gunnarhenderson,False,False,False,True,False,False,True,False,False
alexbregman,False,False,False,False,True,False,True,False,False
huntergreene,False,False,False,False,False,False,False,True,False
vladimirguerrerojr,False,True,False,False,False,False,True,False,False
masonmiller,False,False,False,False,False,False,False,False,True
dylancease,False,False,False,False,False,False,False,True,False
edwindiaz,False,False,False,False,False,False,False,False,True
brentrooker,False,False,False,False,False,True,True,False,False
joeryan,False,False,False,False,False,False,False,True,False
frambervaldez,False,False,False,False,False,False,False,True,False
williamcontreras,True,False,False,False,False,False,True,False,False
andresmunoz,False,False,False,False,False,False,False,False,True
nickpivetta,False,False,False,False,False,False,False,True,False
nicohoerner,False,False,True,False,False,False,True,False,False
codybellinger,False,False,False,False,False,True,True,False,False
cadesmith,False,False,False,False,False,False,False,False,True
coleragans,False,False,False,False,False,False,False,True,False
jacksonchourio,False,False,False,False,False,True,True,False,False
georgekirby,False,False,False,False,False,False,False,True,False
mookiebetts,False,False,False,True,False,False,True,False,False
joshhader,False,False,False,False,False,False,False,False,True
jarrenduran,False,False,False,False,False,True,True,False,False
blakesnell,False,False,False,False,False,False,False,True,False
jhoanduran,False,False,False,False,False,False,False,False,True
kevingausman,False,False,False,False,False,False,False,True,False
jacksonmerrill,False,False,False,False,False,True,True,False,False
devinwilliams,False,False,False,False,False,False,False,False,True
austinriley,False,False,False,False,True,False,True,False,False
jacobdegrom,False,False,False,False,False,False,False,True,False
ellydelacruz,False,False,False,True,False,False,True,False,False
sonnygray,False,False,False,False,False,False,False,True,False
josealtuve,False,False,True,False,False,True,True,False,False
zackwheeler,False,False,False,False,False,False,False,True,False
aroldischapman,False,False,False,False,False,False,False,False,True
georgespringer,False,False,False,False,False,True,True,False,False
spencerschwellenbach,False,False,False,False,False,False,False,True,False
mattolson,False,True,False,False,False,False,True,False,False
jazzchisholmjr,False,False,True,False,True,False,True,False,False
benrice,True,True,False,False,False,False,True,False,False
davidbednar,False,False,False,False,False,False,False,False,True
petecrowarmstrong,False,False,False,False,False,True,True,False,False
raiseliglesias,False,False,False,False,False,False,False,False,True
jesusluzardo,False,False,False,False,False,False,False,True,False
stevenkwan,False,False,False,False,False,True,True,False,False
wyattlangford,False,False,False,False,False,True,True,False,False
seiyasuzuki,False,False,False,False,False,True,True,False,False
geraldoperdomo,False,False,False,True,False,False,True,False,False
nathaneovaldi,False,False,False,False,False,False,False,True,False
petealonso,False,True,False,False,False,False,True,False,False
trevormegill,False,False,False,False,False,False,False,False,True
ryanpepiot,False,False,False,False,False,False,False,True,False
nickkurtz,False,True,False,False,False,False,True,False,False
brandonnimmo,False,False,False,False,False,True,True,False,False
carlosestevez,False,False,False,False,False,False,False,False,True
shealangeliers,True,False,False,False,False,False,True,False,False
kylebradish,False,False,False,False,False,False,False,True,False
treaturner,False,False,False,True,False,False,True,False,False
jameswood,False,False,False,False,False,True,True,False,False
jeffhoffman,False,False,False,False,False,False,False,False,True
spencerstrider,False,False,False,False,False,False,False,True,False
randyarozarena,False,False,False,False,False,True,True,False,False
brandonwoodruff,False,False,False,False,False,False,False,True,False
ozziealbies,False,False,True,False,False,False,True,False,False
willsmith1,True,False,False,False,False,False,True,False,False
bryceharper,False,True,False,False,False,False,True,False,False
christianyelich,False,False,False,False,False,False,True,False,False
luiscastillo,False,False,False,False,False,False,False,True,False
petefairbanks,False,False,False,False,False,False,False,False,True
drakebaldwin,True,False,False,False,False,False,True,False,False
tylerglasnow,False,False,False,False,False,False,False,True,False
taylorward,False,False,False,False,False,True,True,False,False
kenleyjansen,False,False,False,False,False,False,False,False,True
rafaeldevers,False,True,False,False,False,False,True,False,False
rileygreene,False,False,False,False,False,True,True,False,False
freddiefreeman,False,True,False,False,False,False,True,False,False
briceturang,False,False,True,False,False,False,True,False,False
ryanhelsley,False,False,False,False,False,False,False,False,True
ianhapp,False,False,False,False,False,True,True,False,False
gleybertorres,False,False,True,False,False,False,True,False,False
romananthony,False,False,False,False,False,True,True,False,False
bobichette,False,False,False,True,False,False,True,False,False
pablolopez,False,False,False,False,False,False,False,True,False
maikelgarcia,False,False,False,False,True,False,True,False,False
emiliopagan,False,False,False,False,False,False,False,False,True
mattchapman,False,False,False,False,True,False,True,False,False
joshnaylor,False,True,False,False,False,False,True,False,False
danielpalencia,False,False,False,False,False,False,False,False,True
juricksonprofar,False,False,False,False,False,True,True,False,False
vinniepasquantino,False,True,False,False,False,False,True,False,False
adleyrutschman,True,False,False,False,False,False,True,False,False
salvadorperez,True,True,False,False,False,False,True,False,False
euryperez,False,False,False,False,False,False,False,True,False
tannerbibee,False,False,False,False,False,False,False,True,False
eugeniosuarez,False,False,False,False,True,False,True,False,False
teoscarhernandez,False,False,False,False,False,True,True,False,False
yainerdiaz,True,False,False,False,False,False,True,False,False
griffinjax,False,False,False,False,False,False,False,False,True
marcussemien,False,False,True,False,False,False,True,False,False
andypages,False,False,False,False,False,True,True,False,False
robertsuarez,False,False,False,False,False,False,False,False,True
isaacparedes,False,False,False,False,True,False,True,False,False
shotaimanaga,False,False,False,False,False,False,False,True,False
jacksonholliday,False,False,True,False,False,False,True,False,False
gavinwilliams,False,False,False,False,False,False,False,True,False
coreyseager,False,False,False,True,False,False,True,False,False
bryanabreu,False,False,False,False,False,False,False,False,True
abneruribe,False,False,False,False,False,False,False,False,True
michaelking,False,False,False,False,False,False,False,True,False
byronbuxton,False,False,False,False,False,True,True,False,False
agustinramirez,True,False,False,False,False,False,True,False,False
ryanwalker,False,False,False,False,False,False,False,False,True
jacobmisiorowski,False,False,False,False,False,False,False,True,False
willyadames,False,False,False,True,False,False,True,False,False
brysonstott,False,False,True,False,False,False,True,False,False
jordanwestburg,False,False,False,False,True,False,True,False,False
willvest,False,False,False,False,False,False,False,False,True
yandydiaz,False,True,False,False,False,False,True,False,False
emmetsheehan,False,False,False,False,False,False,False,True,False
bryanreynolds,False,False,False,False,False,True,True,False,False
nicklodolo,False,False,False,False,False,False,False,True,False
edwinuceta,False,False,False,False,False,False,False,False,True
michaelharrisii,False,False,False,False,False,True,True,False,False
zacgallen,False,False,False,False,False,False,False,True,False
christianwalker,False,True,False,False,False,False,True,False,False
oneilcruz,False,False,False,False,False,True,True,False,False
calebdurbin,False,False,False,False,True,False,True,False,False
chaseburns,False,False,False,False,False,False,False,True,False
brendandonovan,False,False,True,False,False,False,True,False,False
camschlittler,False,False,False,False,False,False,False,True,False
jeremypena,False,False,False,True,False,False,True,False,False
rangersuarez,False,False,False,False,False,False,False,True,False
joadell,False,False,False,False,False,True,True,False,False
jackflaherty,False,False,False,False,False,False,False,True,False
huntergoodman,True,False,False,False,False,False,True,False,False
shanebieber,False,False,False,False,False,False,False,True,False
salfrelick,False,False,False,False,False,True,True,False,False
granttaylor,False,False,False,False,False,False,False,False,True
jacobwilson,False,False,False,True,False,False,True,False,False
mackenziegore,False,False,False,False,False,False,False,True,False
matthewboyd,False,False,False,False,False,False,False,True,False
robbieray,False,False,False,False,False,False,False,True,False
andrewabbott,False,False,False,False,False,False,False,True,False
jeremiahestrada,False,False,False,False,False,False,False,False,True
alecbohm,False,False,False,False,True,False,True,False,False
cjabrams,False,False,False,True,False,False,True,False,False
tatsuyaimai,False,False,False,False,False,False,False,True,False
luisgarciajr,False,False,True,False,False,False,True,False,False
lukekeaschall,False,False,True,False,False,False,True,False,False
tannerscott,False,False,False,False,False,False,False,False,True
dennissantana,False,False,False,False,False,False,False,False,True
sandyalcantara,False,False,False,False,False,False,False,True,False
nolanmclean,False,False,False,False,False,False,False,True,False
mattbrash,False,False,False,False,False,False,False,False,True
roycelewis,False,False,False,False,True,False,True,False,False
aaronnola,False,False,False,False,False,False,False,True,False
brandonlowe,False,False,True,False,False,False,True,False,False
drewrasmussen,False,False,False,False,False,False,False,True,False
chandlersimpson,False,False,False,False,False,True,True,False,False
maxmuncy,False,False,False,False,True,False,True,False,False
trevorrogers,False,False,False,False,False,False,False,True,False
merrillkelly,False,False,False,False,False,False,False,True,False
ceddannerafaela,False,False,True,False,False,True,True,False,False
shanemcclanahan,False,False,False,False,False,False,False,True,False
junghoolee,False,False,False,False,False,True,True,False,False
garrettwhitlock,False,False,False,False,False,False,False,False,True
shanebaz,False,False,False,False,False,False,False,True,False
xavieredwards,False,False,True,True,False,False,True,False,False
treyyesavage,False,False,False,False,False,False,False,True,False
zachneto,False,False,False,True,False,False,True,False,False
jordanleasure,False,False,False,False,False,False,False,False,True
dansbyswanson,False,False,False,True,False,False,True,False,False
jakobmarsee,False,False,False,False,False,True,True,False,False
mattshaw,False,False,False,False,True,False,True,False,False
lukeweaver,False,False,False,False,False,False,False,False,True
andrewkittredge,False,False,False,False,False,False,False,False,True
troymelton,False,False,False,False,False,False,False,False,True
krisbubic,False,False,False,False,False,False,False,True,False
alejandrokirk,True,False,False,False,False,False,True,False,False
kerrycarpenter,False,False,False,False,False,True,True,False,False
kylefinnegan,False,False,False,False,False,False,False,False,True
noahcameron,False,False,False,False,False,False,False,True,False
philmaton,False,False,False,False,False,False,False,False,True
marcellozuna,False,False,False,False,False,False,True,False,False
mattstrahm,False,False,False,False,False,False,False,False,True
cadehorton,False,False,False,False,False,False,False,True,False
miguelvargas,False,True,False,False,True,False,True,False,False
edwardcabrera,False,False,False,False,False,False,False,True,False
camilodoval,False,False,False,False,False,False,False,False,True
jorgepolanco,False,False,True,False,False,False,True,False,False
daultonvarsho,False,False,False,False,False,True,True,False,False
noelvimarte,False,False,False,False,True,True,True,False,False
adrianmorejon,False,False,False,False,False,False,False,False,True
bubbachandler,False,False,False,False,False,False,False,True,False
stevenmatz,False,False,False,False,False,False,False,False,True
daylenlile,False,False,False,False,False,True,True,False,False
wilyerabreu,False,False,False,False,False,True,True,False,False
heliotramos,False,False,False,False,False,True,True,False,False
joseferrer,False,False,False,False,False,False,False,False,True
connellyearly,False,False,False,False,False,False,False,True,False
bradkeller,False,False,False,False,False,False,False,False,True
josesoriano,False,False,False,False,False,False,False,True,False
lawrencebutler,False,False,False,False,False,True,True,False,False
jakecronenworth,False,False,True,False,False,False,True,False,False
carlosrodon,False,False,False,False,False,False,False,True,False
jojoromero,False,False,False,False,False,False,False,False,True
spencertorkelson,False,True,False,False,False,False,True,False,False
garrettcleavinger,False,False,False,False,False,False,False,False,True
nolanarenado,False,False,False,False,True,False,True,False,False
trevorstory,False,False,False,True,False,False,True,False,False
kylestowers,False,False,False,False,False,True,True,False,False
tommyedman,False,False,True,False,False,True,True,False,False
robertgarcia,False,False,False,False,False,False,False,False,True
tjfriedl,False,False,False,False,False,True,True,False,False
mitchkeller,False,False,False,False,False,False,False,True,False
huntergaddis,False,False,False,False,False,False,False,False,True
robertstephenson,False,False,False,False,False,False,False,False,True
alexvesia,False,False,False,False,False,False,False,False,True
baileyober,False,False,False,False,False,False,False,True,False
luisrobertjr,False,False,False,False,False,True,True,False,False
tonysantillan,False,False,False,False,False,False,False,False,True
adolisgarcia,False,False,False,False,False,True,True,False,False
calvinfaucher,False,False,False,False,False,False,False,False,True
brycemiller,False,False,False,False,False,False,False,True,False
rileyobrien,False,False,False,False,False,False,False,False,True
miketrout,False,False,False,False,False,True,True,False,False
ernieclement,False,False,True,True,True,False,True,False,False
bradysinger,False,False,False,False,False,False,False,True,False
xanderbogaerts,False,False,False,True,False,False,True,False,False
trentgrisham,False,False,False,False,False,True,True,False,False
shawnarmstrong,False,False,False,False,False,False,False,False,True
alecburleson,False,True,False,False,False,True,True,False,False
jassondominguez,False,False,False,False,False,True,True,False,False
colesands,False,False,False,False,False,False,False,False,True
kirbyyates,False,False,False,False,False,False,False,False,True
yuseikikuchi,False,False,False,False,False,False,False,True,False
coltkeith,False,False,True,False,True,False,True,False,False
cedricmullins,False,False,False,False,False,True,True,False,False
aaronashby,False,False,False,False,False,False,False,False,True
dylancrews,False,False,False,False,False,True,True,False,False
kodaisenga,False,False,False,False,False,False,False,True,False
yimigarcia,False,False,False,False,False,False,False,False,True
joemusgrove,False,False,False,False,False,False,False,True,False
gerritcole,False,False,False,False,False,False,False,True,False
anthonysantander,False,False,False,False,False,True,True,False,False
seranthonydominguez,False,False,False,False,False,False,False,False,True
ivanherrera,False,False,False,False,False,False,True,False,False
carloscorrea,False,False,False,True,True,False,True,False,False
jacoblatz,False,False,False,False,False,False,False,True,True
mattmclain,False,False,True,False,False,False,True,False,False
rynenelson,False,False,False,False,False,False,False,True,True
josealvarado,False,False,False,False,False,False,False,False,True
brentondoyle,False,False,False,False,False,True,True,False,False
dylanlee,False,False,False,False,False,False,False,False,True
gabrielmoreno,True,False,False,False,False,False,True,False,False
caseymize,False,False,False,False,False,False,False,True,False
kyleleahy,False,False,False,False,False,False,False,False,True
ottolopez,False,False,True,True,False,False,True,False,False
jeffmcneil,False,False,True,False,False,True,True,False,False
jackleiter,False,False,False,False,False,False,False,True,False
tylerrogers,False,False,False,False,False,False,False,False,True
michaelbusch,False,True,False,False,False,False,True,False,False
tylerholton,False,False,False,False,False,False,False,True,True
andrewbenintendi,False,False,False,False,False,True,True,False,False
codyponce,False,False,False,False,False,False,False,True,False
gabespeier,False,False,False,False,False,False,False,False,True
luisarraez,False,True,False,False,False,False,True,False,False
reeseolson,False,False,False,False,False,False,False,True,False
ramonlaureano,False,False,False,False,False,True,True,False,False
chrisbassitt,False,False,False,False,False,False,False,True,False
justinsterner,False,False,False,False,False,False,False,False,True
brayanbello,False,False,False,False,False,False,False,True,False
ezequieltovar,False,False,False,True,False,False,True,False,False
markvientos,False,False,False,False,True,False,True,False,False
mattsvanson,False,False,False,False,False,False,False,False,True
seanmanaea,False,False,False,False,False,False,False,True,False
loganhenderson,False,False,False,False,False,False,False,True,False
larsnootbaar,False,False,False,False,False,True,True,False,False
clayholmes,False,False,False,False,False,False,False,True,False
jonathanindia,False,False,True,False,True,True,True,False,False
victorvodnik,False,False,False,False,False,False,False,False,True
jesussanchez,False,False,False,False,False,True,True,False,False
sethlugo,False,False,False,False,False,False,False,True,False
nickcastellanos,False,False,False,False,False,True,True,False,False
benbrown,False,False,False,False,False,False,False,True,True
addisonbarger,False,False,False,False,True,True,True,False,False
connornorby,False,False,False,False,True,False,True,False,False
davidpeterson,False,False,False,False,False,False,False,True,False
samuelbasallo,True,False,False,False,False,False,True,False,False
kevinginkel,False,False,False,False,False,False,False,False,True
tylersoderstrom,False,True,False,False,False,True,True,False,False
louisvarland,False,False,False,False,False,False,False,False,True
michaelwacha,False,False,False,False,False,False,False,True,False
lucaserceg,False,False,False,False,False,False,False,False,True
jackperkins,False,False,False,False,False,False,False,False,True
mickeymoniak,False,False,False,False,False,True,True,False,False
benjoyce,False,False,False,False,False,False,False,False,True
nolanschanuel,False,True,False,False,False,False,True,False,False
shelbymiller,False,False,False,False,False,False,False,False,True
jpcrawford,False,False,False,True,False,False,True,False,False
willicastro,False,False,True,False,True,True,True,False,False
fernandocruz,False,False,False,False,False,False,False,False,True
kyleteel,True,False,False,False,False,False,True,False,False
andrewsaalfrank,False,False,False,False,False,False,False,False,True
shanesmith,False,False,False,False,False,False,False,True,False
kazumaokamoto,False,False,False,False,True,False,True,False,False
rokisasaki,False,False,False,False,False,False,False,True,False
claytonbeeter,False,False,False,False,False,False,False,False,True
hoganharris,False,False,False,False,False,False,False,False,True
mattwallner,False,False,False,False,False,True,True,False,False
sethhalvorsen,False,False,False,False,False,False,False,False,True
jasonadam,False,False,False,False,False,False,False,False,True
masynwinn,False,False,False,True,False,False,True,False,False
graysonrodriguez,False,False,False,False,False,False,False,True,False
ryanohearn,False,True,False,False,False,True,True,False,False
coltoncowser,False,False,False,False,False,True,True,False,False
eriksabrowski,False,False,False,False,False,False,False,False,True
giancarlostanton,False,False,False,False,False,True,True,False,False
gregorysoto,False,False,False,False,False,False,False,False,True
jamesontaillon,False,False,False,False,False,False,False,True,False
austinwells,True,False,False,False,False,False,True,False,False
colsonmontgomery,False,False,False,True,False,False,True,False,False
orionkerkering,False,False,False,False,False,False,False,False,True
josebutto,False,False,False,False,False,False,False,False,True
joshlowe,False,False,False,False,False,True,True,False,False
braxtonashcraft,False,False,False,False,False,False,False,True,True
keeganakin,False,False,False,False,False,False,False,False,True
calebthielbar,False,False,False,False,False,False,False,False,True
zachmckinstry,False,False,False,True,True,True,True,False,False
quinnpriester,False,False,False,False,False,False,False,True,False
chasemeidroth,False,False,True,True,False,False,True,False,False
jackdreyer,False,False,False,False,False,False,False,True,True
andresgimenez,False,False,True,False,False,False,True,False,False
justintopa,False,False,False,False,False,False,False,False,True
spencersteer,False,True,False,False,False,False,True,False,False
gavinsheets,False,False,False,False,False,True,True,False,False
joeycantillo,False,False,False,False,False,False,False,True,True
markleiterjr,False,False,False,False,False,False,False,False,True
jaccaglianone,False,False,False,False,False,True,True,False,False
josecaballero,False,False,True,True,True,True,True,False,False
isaacmattson,False,False,False,False,False,False,False,False,True
ericlauer,False,False,False,False,False,False,False,True,True
jeffreysprings,False,False,False,False,False,False,False,True,False
munetakamurakami,False,False,False,False,True,False,True,False,False
jaredkoenig,False,False,False,False,False,False,False,False,True
brandonpfaadt,False,False,False,False,False,False,False,True,False
tylerfreeman,False,False,False,False,False,True,True,False,False
lenynsosa,False,True,True,False,False,False,True,False,False
caseyschmitt,False,False,True,False,True,False,True,False,False
tylerkinley,False,False,False,False,False,False,False,False,True
andrewpainter,False,False,False,False,False,False,False,True,False
jtrealmuto,True,False,False,False,False,False,True,False,False
brettbaty,False,False,True,False,True,False,True,False,False
ianseymour,False,False,False,False,False,False,False,True,True
kylemanzardo,False,True,False,False,False,False,True,False,False
joejimenez,False,False,False,False,False,False,False,False,True
jorgesoler,False,False,False,False,False,True,True,False,False
brookslee,False,False,True,True,True,False,True,False,False
lucasgiolito,False,False,False,False,False,False,False,True,False
zacklittell,False,False,False,False,False,False,False,True,False
bryanking,False,False,False,False,False,False,False,False,True
trevorlarnach,False,False,False,False,False,True,True,False,False
brandonmarsh,False,False,False,False,False,True,True,False,False
jonahtong,False,False,False,False,False,False,False,True,False
luisrengifo,False,False,True,False,True,False,True,False,False
harrisonbader,False,False,False,False,False,True,True,False,False
willsoncontreras,False,True,False,False,False,False,True,False,False
bryanbaker,False,False,False,False,False,False,False,False,True
ajblubaugh,False,False,False,False,False,False,False,False,True
johnschreiber,False,False,False,False,False,False,False,False,True
elvisalvarado,False,False,False,False,False,False,False,False,True
mikeyastrzemski,False,False,False,False,False,True,True,False,False
joshjung,False,False,False,False,True,False,True,False,False
jonathanaranda,False,True,False,False,False,False,True,False,False
jimmyherget,False,False,False,False,False,False,False,False,True
willwarren,False,False,False,False,False,False,False,True,False
ryanjeffers,True,False,False,False,False,False,True,False,False
anthonybender,False,False,False,False,False,False,False,False,True
evancarter,False,False,False,False,False,True,True,False,False
ryanmcmahon,False,False,False,False,True,False,True,False,False
brooksraley,False,False,False,False,False,False,False,False,True
dylanbeavers,False,False,False,False,False,True,True,False,False
hunterharvey,False,False,False,False,False,False,False,False,True
justinsteele,False,False,False,False,False,False,False,True,False
marcelomayer,False,False,False,False,True,False,True,False,False
parkermessick,False,False,False,False,False,False,False,True,False
ajminter,False,False,False,False,False,False,False,False,True
drewpomeranz,False,False,False,False,False,False,False,False,True
austinhays,False,False,False,False,False,True,True,False,False
jordanromano,False,False,False,False,False,False,False,False,True
eduardbazardo,False,False,False,False,False,False,False,False,True
carmenmlodzinski,False,False,False,False,False,False,False,True,True
mikeburrows,False,False,False,False,False,False,False,True,False
brendonlittle,False,False,False,False,False,False,False,False,True
deankremer,False,False,False,False,False,False,False,True,False
spencerhorwitz,False,True,False,False,False,False,True,False,False
joeyortiz,False,False,False,True,False,False,True,False,False
franciscoalvarez,True,False,False,False,False,False,True,False,False
chrismartin,False,False,False,False,False,False,False,False,True
simeonwoodsrichardson,False,False,False,False,False,False,False,True,False
stevenokert,False,False,False,False,False,False,False,False,True
andrewnardi,False,False,False,False,False,False,False,False,True
tyleroneill,False,False,False,False,False,True,True,False,False
mattfesta,False,False,False,False,False,False,False,False,True
parkermeadows,False,False,False,False,False,True,True,False,False
braydonfisher,False,False,False,False,False,False,False,False,True
carsonkelly,True,False,False,False,False,False,True,False,False
miguelandujar,False,False,False,False,True,True,True,False,False
chadpatrick,False,False,False,False,False,False,False,True,False
joseberrios,False,False,False,False,False,False,False,True,False
connorphillips,False,False,False,False,False,False,False,False,True
zacheflin,False,False,False,False,False,False,False,True,False
ryanthompson,False,False,False,False,False,False,False,False,True
wenceelperez,False,False,False,False,False,True,True,False,False
ryanweathers,False,False,False,False,False,False,False,True,False
justinslaten,False,False,False,False,False,False,False,False,True
kebryanhayes,False,False,False,False,True,False,True,False,False
blaketreinen,False,False,False,False,False,False,False,False,True
jordanbeck,False,False,False,False,False,True,True,False,False
kodyfunderburk,False,False,False,False,False,False,False,False,True
kuttercrawford,False,False,False,False,False,False,False,True,False
andrewvaughn,False,True,False,False,False,False,True,False,False
alexisdiaz,False,False,False,False,False,False,False,False,True
dustinmay,False,False,False,False,False,False,False,True,False
gregweissert,False,False,False,False,False,False,False,False,True
isaaccollins,False,False,False,False,False,True,True,False,False
paytontolle,False,False,False,False,False,False,False,True,False
piercejohnson,False,False,False,False,False,False,False,False,True
erikmiller,False,False,False,False,False,False,False,False,True
seannewcomb,False,False,False,False,False,False,False,True,True
justinwrobleski,False,False,False,False,False,False,False,False,True
masonmontgomery,False,False,False,False,False,False,False,False,True
ryanzeferjahn,False,False,False,False,False,False,False,False,True
haseongkim,False,False,False,True,False,False,True,False,False
jordanlawlar,False,False,False,False,True,False,True,False,False
dominiccanzone,False,False,False,False,False,True,True,False,False
porterhodge,False,False,False,False,False,False,False,False,True
tylermahle,False,False,False,False,False,False,False,True,False
luisgil,False,False,False,False,False,False,False,True,False
nolangorman,False,False,True,False,True,False,True,False,False
yarielrodriguez,False,False,False,False,False,False,False,False,True
jakemeyers,False,False,False,False,False,True,True,False,False
grahamashcraft,False,False,False,False,False,False,False,False,True
davidrobertson,False,False,False,False,False,False,False,False,True
michaelmcgreevy,False,False,False,False,False,False,False,True,False
tylerstephenson,True,False,False,False,False,False,True,False,False
camsmith,False,False,False,False,False,True,True,False,False
bradyhouse,False,False,False,False,True,False,True,False,False
coleyoung,False,False,True,False,False,False,True,False,False
yenniercano,False,False,False,False,False,False,False,False,True
kylekarros,False,False,False,False,True,False,True,False,False
luisseverino,False,False,False,False,False,False,False,True,False
christianmoore,False,False,True,False,False,False,True,False,False
masatakayoshida,False,False,False,False,False,False,True,False,False
anthonyvolpe,False,False,False,True,False,False,True,False,False
jacoblopez,False,False,False,False,False,False,False,True,False
ryanyarbrough,False,False,False,False,False,False,False,True,True
victorscottii,False,False,False,False,False,True,True,False,False
keibertruiz,True,False,False,False,False,False,True,False,False
colinrea,False,False,False,False,False,False,False,True,False
maxmuncy1,False,False,True,False,True,False,True,False,False
zebbymatthews,False,False,False,False,False,False,False,True,False
reiddetmers,False,False,False,False,False,False,False,False,True
hobymilner,False,False,False,False,False,False,False,False,True
bennettsousa,False,False,False,False,False,False,False,False,True
tommynance,False,False,False,False,False,False,False,False,True
amedrosario,False,False,True,False,True,False,True,False,False
victorrobles,False,False,False,False,False,True,True,False,False
reynaldolopez,False,False,False,False,False,False,False,True,False
pjpoulin,False,False,False,False,False,False,False,False,True
tyleralexander,False,False,False,False,False,False,False,True,True
haydenbirdsong,False,False,False,False,False,False,False,True,True
jakemangum,False,False,False,False,False,True,True,False,False
nickmears,False,False,False,False,False,False,False,False,True
nickmartinez,False,False,False,False,False,False,False,True,True
nickgonzales,False,False,True,False,False,False,True,False,False
bencasparius,False,False,False,False,False,False,False,False,True
edgarquero,True,False,False,False,False,False,True,False,False
angelzerpa,False,False,False,False,False,False,False,False,True
michaelkopech,False,False,False,False,False,False,False,False,True
lourdesgurrieljr,False,False,False,False,False,True,True,False,False
kristiancampbell,False,False,True,False,False,False,True,False,False
justinlawrence,False,False,False,False,False,False,False,False,True
carterjensen,True,False,False,False,False,False,True,False,False
tobiasmyers,False,False,False,False,False,False,False,True,True
salstewart,False,True,False,False,True,False,True,False,False
mauriciodubon,False,False,True,True,True,True,True,False,False
jakeburger,False,True,False,False,False,False,True,False,False
adbertalzolay,False,False,False,False,False,False,False,False,True
edgardohenriquez,False,False,False,False,False,False,False,False,True
calebferguson,False,False,False,False,False,False,False,False,True
dannycoulombe,False,False,False,False,False,False,False,False,True
nathanlukes,False,False,False,False,False,True,True,False,False
timherrin,False,False,False,False,False,False,False,False,True
colehenry,False,False,False,False,False,False,False,False,True
konnorgriffin,False,False,False,True,False,False,True,False,False
sungmunsong,False,False,False,False,True,False,True,False,False
riverryan,False,False,False,False,False,False,False,True,False
chasedelauter,False,False,False,False,False,True,True,False,False
branthurter,False,False,False,False,False,False,False,False,True
maxkepler,False,False,False,False,False,True,True,False,False
tajbradley,False,False,False,False,False,False,False,True,False
loganohoppe,True,False,False,False,False,False,True,False,False
aaronbummer,False,False,False,False,False,False,False,False,True
yoendrysgomez,False,False,False,False,False,False,False,True,True
jakobjunis,False,False,False,False,False,False,False,False,True
johanoviedo,False,False,False,False,False,False,False,True,False
joshbell,False,True,False,False,False,False,True,False,False
juanmejia,False,False,False,False,False,False,False,False,True
yoanmoncada,False,False,False,False,True,False,True,False,False
tommykahnle,False,False,False,False,False,False,False,False,True
tristoncasas,False,True,False,False,False,False,True,False,False
tannerbanks,False,False,False,False,False,False,False,False,True
michaelsoroka,False,False,False,False,False,False,False,True,False
bonaylor,True,False,False,False,False,False,True,False,False
justinwilson,False,False,False,False,False,False,False,False,True
jordanwalker,False,False,False,False,False,True,True,False,False
huascarbrazoban,False,False,False,False,False,False,False,False,True
joelpeguero,False,False,False,False,False,False,False,False,True
michaelkelly,False,False,False,False,False,False,False,False,True
lanethomas,False,False,False,False,False,True,True,False,False
davidmorgan,False,False,False,False,False,False,False,False,True
tylerwells,False,False,False,False,False,False,False,True,False
mikevasil,False,False,False,False,False,False,False,False,True
kadestrowd,False,False,False,False,False,False,False,False,True
justincrawford,False,False,False,False,False,True,True,False,False
braxtongarrett,False,False,False,False,False,False,False,True,False
dlhall,False,False,False,False,False,False,False,False,True
cadecavalli,False,False,False,False,False,False,False,True,False
brayanrocchio,False,False,True,True,False,False,True,False,False
ryanweiss,False,False,False,False,False,False,False,False,True
gavinlux,False,False,False,False,False,True,True,False,False
cristianjavier,False,False,False,False,False,False,False,True,False
paulsewald,False,False,False,False,False,False,False,False,True
michaelmassey,False,False,True,False,False,False,True,False,False
brockburke,False,False,False,False,False,False,False,False,True
luismatos,False,False,False,False,False,True,True,False,False
brandoneisert,False,False,False,False,False,False,False,False,True
landenroupp,False,False,False,False,False,False,False,True,False
colewinn,False,False,False,False,False,False,False,False,True
ianhamilton,False,False,False,False,False,False,False,False,True
colinselby,False,False,False,False,False,False,False,False,True
robbysnelling,False,False,False,False,False,False,False,True,False
scottbarlow,False,False,False,False,False,False,False,False,True
anthonybanda,False,False,False,False,False,False,False,False,True
sladececconi,False,False,False,False,False,False,False,True,False
masonenglert,False,False,False,False,False,False,False,False,True
ryanfernandez,False,False,False,False,False,False,False,False,True
cadegibson,False,False,False,False,False,False,False,False,True
austinmartin,False,False,False,False,False,True,True,False,False
maxmeyer,False,False,False,False,False,False,False,True,False
joelpayamps,False,False,False,False,False,False,False,False,True
evansisk,False,False,False,False,False,False,False,False,True
grahampauley,False,False,False,False,True,False,True,False,False
colesulser,False,False,False,False,False,False,False,False,True
grantanderson,False,False,False,False,False,False,False,False,True
thomaswhite,False,False,False,False,False,False,False,True,False
jjbleday,False,False,False,False,False,True,True,False,False
dillondingler,True,False,False,False,False,False,True,False,False
taylorrogers,False,False,False,False,False,False,False,False,True
jaredjones,False,False,False,False,False,False,False,True,False
carsonbenge,False,False,False,False,False,True,True,False,False
blazealexander,False,False,False,False,True,False,True,False,False
mattgage,False,False,False,False,False,False,False,False,True
seanmurphy,True,False,False,False,False,False,True,False,False
davisschneider,False,False,True,False,False,True,True,False,False
chasesilseth,False,False,False,False,False,False,False,False,True
tylerphillips,False,False,False,False,False,False,False,False,True
matthewliberatore,False,False,False,False,False,False,False,True,False
alekthomas,False,False,False,False,False,True,True,False,False
wandyperalta,False,False,False,False,False,False,False,False,True
ronnymauricio,False,False,False,False,True,False,True,False,False
spencerbivens,False,False,False,False,False,False,False,False,True
jacobwebb,False,False,False,False,False,False,False,False,True
carlosnarvaez,True,False,False,False,False,False,True,False,False
jakebird,False,False,False,False,False,False,False,False,True
cadepovich,False,False,False,False,False,False,False,True,False
wikelmangonzalez,False,False,False,False,False,False,False,False,True
ryanbrasier,False,False,False,False,False,False,False,False,True
hunterbigge,False,False,False,False,False,False,False,False,True
corbinburnes,False,False,False,False,False,False,False,True,False
heribertohernandez,False,False,False,False,False,True,True,False,False
daniellynchiv,False,False,False,False,False,False,False,False,True
dreyjameson,False,False,False,False,False,False,False,False,True
brentsuter,False,False,False,False,False,False,False,False,True
tylerferguson,False,False,False,False,False,False,False,False,True
javiersanoja,False,False,True,False,True,True,True,False,True
sawyergipsonlong,False,False,False,False,False,False,False,True,False
alexlange,False,False,False,False,False,False,False,False,True
dannyjansen,True,False,False,False,False,False,True,False,False
rhettlowder,False,False,False,False,False,False,False,True,False
andrewchafin,False,False,False,False,False,False,False,False,True
luisgarcia,False,False,False,False,False,False,False,False,True
victorcaratini,True,False,False,False,False,False,True,False,False
dietrichenns,False,False,False,False,False,False,False,False,True
grantholmes,False,False,False,False,False,False,False,True,False
kylehart,False,False,False,False,False,False,False,True,True
ottokemp,False,True,False,False,True,False,True,False,False
joeywentz,False,False,False,False,False,False,False,True,True
kevinmcgonigle,False,False,False,True,False,False,True,False,False
kodyclemens,False,True,True,False,False,False,True,False,False
hurstonwaldrep,False,False,False,False,False,False,False,True,False
brooksbaldwin,False,False,False,False,False,True,True,False,False
luiscurvelo,False,False,False,False,False,False,False,False,True
yukimatsui,False,False,False,False,False,False,False,False,True
carlosvargas,False,False,False,False,False,False,False,False,True
justinverlander,False,False,False,False,False,False,False,True,False
freddyfermin,True,False,False,False,False,False,True,False,False
jasonfoley,False,False,False,False,False,False,False,False,True
enyeldelossantos,False,False,False,False,False,False,False,False,True
ericorze,False,False,False,False,False,False,False,False,True
owencaissie,False,False,False,False,False,True,True,False,False
adaelamador,False,False,True,False,False,False,True,False,False
fostergriffin,False,False,False,False,False,False,False,True,False
jordanwicks,False,False,False,False,False,False,False,False,True
daurimoreta,False,False,False,False,False,False,False,False,True
jadenhill,False,False,False,False,False,False,False,False,True
juanmorillo,False,False,False,False,False,False,False,False,True
seanburke,False,False,False,False,False,False,False,True,False
bryceeldridge,False,False,False,False,False,False,True,False,False
jakemccarthy,False,False,False,False,False,True,True,False,False
timhill,False,False,False,False,False,False,False,False,True
rynestanek,False,False,False,False,False,False,False,False,True
robertgasser,False,False,False,False,False,False,False,True,False
ricogarcia,False,False,False,False,False,False,False,False,True
spencerarrighetti,False,False,False,False,False,False,False,True,False
denzelclarke,False,False,False,False,False,True,True,False,False
piersonohl,False,False,False,False,False,False,False,False,True
luismorales,False,False,False,False,False,False,False,True,False
lakebachar,False,False,False,False,False,False,False,False,True
joshsmith,False,True,False,True,True,False,True,False,False
paulblackburn,False,False,False,False,False,False,False,False,True
kalebort,False,False,False,False,False,False,False,False,True
jaredtriolo,False,True,False,True,True,False,True,False,False
joseleclerc,False,False,False,False,False,False,False,False,True
patrickbailey,True,False,False,False,False,False,True,False,False
konnorpilkington,False,False,False,False,False,False,False,False,True
davidfesta,False,False,False,False,False,False,False,True,False
christophermorel,False,False,False,False,False,True,True,False,False
jeremiahjackson,False,False,False,False,True,True,True,False,False
jalenbeeks,False,False,False,False,False,False,False,False,True
osvaldobido,False,False,False,False,False,False,False,True,True
codybradford,False,False,False,False,False,False,False,True,False
liamhicks,True,True,False,False,False,False,True,False,False
jonathanbowlan,False,False,False,False,False,False,False,False,True
samhentges,False,False,False,False,False,False,False,False,True
kyleharrison,False,False,False,False,False,False,False,True,False
tylergilbert,False,False,False,False,False,False,False,True,True
jpsears,False,False,False,False,False,False,False,True,False
jacobmelton,False,False,False,False,False,True,True,False,False
stevencruz,False,False,False,False,False,False,False,False,True
nathaniellowe,False,True,False,False,False,False,True,False,False
alexfreeland,False,False,True,False,True,False,True,False,False
jacksonrutledge,False,False,False,False,False,False,False,False,True
hyeseongkim,False,False,True,False,False,False,True,False,False
jhostynxongarcia,False,False,False,False,False,True,True,False,False
maxlazar,False,False,False,False,False,False,False,False,True
carsonwilliams,False,False,False,True,False,False,True,False,False
masonfluharty,False,False,False,False,False,False,False,False,True
jocpederson,False,False,False,False,False,False,True,False,False
maxscherzer,False,False,False,False,False,False,False,True,False
zachcole,False,False,False,False,False,True,True,False,False
josesuarez,False,False,False,False,False,False,False,True,True
chadgreen,False,False,False,False,False,False,False,False,True
oswaldperaza,False,False,False,False,True,False,True,False,False
coopercriswell,False,False,False,False,False,False,False,True,True
evanphillips,False,False,False,False,False,False,False,False,True
michaelconforto,False,False,False,False,False,True,True,False,False
jtginn,False,False,False,False,False,False,False,True,False
adrianhouser,False,False,False,False,False,False,False,True,False
brenanhanifee,False,False,False,False,False,False,False,False,True
richiepalacios,False,False,True,False,False,True,True,False,False
zackkelly,False,False,False,False,False,False,False,False,True
julianfernandez,False,False,False,False,False,False,False,False,True
zacharymaxwell,False,False,False,False,False,False,False,False,True
jonahheim,True,False,False,False,False,False,True,False,False
kevinkelly,False,False,False,False,False,False,False,False,True
rhyshoskins,False,True,False,False,False,False,True,False,False
taylorclarke,False,False,False,False,False,False,False,False,True
tommypham,False,False,False,False,False,True,True,False,False
mickabel,False,False,False,False,False,False,False,True,False
luinderavila,False,False,False,False,False,False,False,False,True
angelmartinez,False,False,True,False,False,True,True,False,False
ramonurias,False,False,True,False,True,False,True,False,False
lukejackson,False,False,False,False,False,False,False,False,True
caseylegumina,False,False,False,False,False,False,False,False,True
brusdargraterol,False,False,False,False,False,False,False,False,True
eduardorodriguez,False,False,False,False,False,False,False,True,False
kylenicolas,False,False,False,False,False,False,False,False,True
ryanpressly,False,False,False,False,False,False,False,False,True
zackgelof,False,False,True,False,False,False,True,False,False
natepearson,False,False,False,False,False,False,False,False,True
carsonwhisenhunt,False,False,False,False,False,False,False,True,False
griffinconine,False,False,False,False,False,True,True,False,False
gregorysantos,False,False,False,False,False,False,False,False,True
bradybasso,False,False,False,False,False,False,False,False,True
josecastillo,False,False,False,False,False,False,False,False,True
rafaelmontero,False,False,False,False,False,False,False,False,True
nicksandlin,False,False,False,False,False,False,False,False,True
ryanborucki,False,False,False,False,False,False,False,False,True
dominichamel,False,False,False,False,False,False,False,True,True
oswaldocabrera,False,False,False,False,True,False,True,False,False
hunterbarco,False,False,False,False,False,False,False,True,False
josefermin1,False,False,False,False,False,False,False,False,True
vaughngrissom,False,False,True,True,False,False,True,False,False
yohanramirez,False,False,False,False,False,False,False,False,True
chrismurphy,False,False,False,False,False,False,False,False,True
miguelamaya,True,False,False,False,False,False,True,False,False
bradgleyrodriguez,False,False,False,False,False,False,False,False,True
kyleisbel,False,False,False,False,False,True,True,False,False
bryanhudson,False,False,False,False,False,False,False,False,True
brandonsproat,False,False,False,False,False,False,False,True,False
zacveen,False,False,False,False,False,True,True,False,False
jacobyoung,False,False,False,False,False,True,True,False,False
brentheadrick,False,False,False,False,False,False,False,False,True
joshsborz,False,False,False,False,False,False,False,False,True
christianscott,False,False,False,False,False,False,False,True,False
beaubrieske,False,False,False,False,False,False,False,False,True
thairoestrada,False,False,True,False,False,False,True,False,False
benwilliamson,False,False,False,False,True,False,True,False,False
trevormcdonald,False,False,False,False,False,False,False,True,False
stevenwilson,False,False,False,False,False,False,False,False,True
brennanbernardino,False,False,False,False,False,False,False,False,True
keatonwinn,False,False,False,False,False,False,False,False,True
jordanhicks,False,False,False,False,False,False,False,True,True
michelotanez,False,False,False,False,False,False,False,False,True
drewsmith,False,False,False,False,False,False,False,False,True
tristanbeck,False,False,False,False,False,False,False,False,True
emilianoteodo,False,False,False,False,False,False,False,False,True
paulgoldschmidt,False,True,False,False,False,False,True,False,False
danielschneemann,False,False,True,False,True,True,True,False,False
daltonrushing,True,False,False,False,False,False,True,False,False
kumarrocker,False,False,False,False,False,False,False,True,False
jamesmcarthur,False,False,False,False,False,False,False,False,True
felixbautista,False,False,False,False,False,False,False,False,True
tysonneighbors,False,False,False,False,False,False,False,False,True
roberthasselliii,False,False,False,False,False,True,True,False,False
patricksandoval,False,False,False,False,False,False,False,True,False
pavinsmith,False,True,False,False,False,False,True,False,False
daysbelhernandez,False,False,False,False,False,False,False,False,True
joeboyle,False,False,False,False,False,False,False,True,False
jtbrubaker,False,False,False,False,False,False,False,False,True
mattvierling,False,False,False,False,False,True,True,False,False
garrettmitchell,False,False,False,False,False,True,True,False,False
drewanderson,False,False,False,False,False,False,False,True,False
trentthornton,False,False,False,False,False,False,False,False,True
moisesballesteros,False,False,False,False,False,False,True,False,False
prelanderberroa,False,False,False,False,False,False,False,False,True
thomassaggese,False,False,True,True,False,False,True,False,False
edmundososa,False,False,True,False,True,False,True,False,False
elmercruzrodriguez,False,False,False,False,False,False,False,True,False
travisadams,False,False,False,False,False,False,False,False,True
codiheuer,False,False,False,False,False,False,False,False,True
georgevalera,False,False,False,False,False,True,True,False,False
pauldejong,False,False,False,False,True,False,True,False,False
adamfrazier,False,False,True,False,False,True,True,False,False
shawndubin,False,False,False,False,False,False,False,False,True
colinholderman,False,False,False,False,False,False,False,False,True
sammoll,False,False,False,False,False,False,False,False,True
jacksonwolf,False,False,False,False,False,False,False,True,False
gordongraceffo,False,False,False,False,False,False,False,False,True
javierbaez,False,False,False,True,True,True,True,False,False
yerrydelossantos,False,False,False,False,False,False,False,False,True
aaroncivale,False,False,False,False,False,False,False,True,False
chaseshugart,False,False,False,False,False,False,False,False,True
codylaweryson,False,False,False,False,False,False,False,False,True
jorgealcala,False,False,False,False,False,False,False,False,True
dylandodd,False,False,False,False,False,False,False,False,True
dylanmoore,False,False,True,True,False,True,True,False,False
kylebackhus,False,False,False,False,False,False,False,False,True
zachagnos,False,False,False,False,False,False,False,False,True
johnrooney,False,False,False,False,False,False,False,False,True
connorbrogdon,False,False,False,False,False,False,False,False,True
davidfry,False,False,False,False,False,False,True,False,False
harryford,True,False,False,False,False,False,True,False,False
andrewalvarez,False,False,False,False,False,False,False,True,False
ryanmountcastle,False,True,False,False,False,False,True,False,False
valentebellozo,False,False,False,False,False,False,False,True,True
luismey,False,False,False,False,False,False,False,False,True
jakefraley,False,False,False,False,False,True,True,False,False
ronmarinaccio,False,False,False,False,False,False,False,False,True
richardfitts,False,False,False,False,False,False,False,True,False
timmayza,False,False,False,False,False,False,False,False,True
lukelittle,False,False,False,False,False,False,False,False,True
jonathanloaisiga,False,False,False,False,False,False,False,False,True
joshsimpson,False,False,False,False,False,False,False,False,True
drewgilbert,False,False,False,False,False,True,True,False,False
maximoacosta,False,False,True,True,True,False,True,False,False
alekmanoah,False,False,False,False,False,False,False,True,False
ryangusto,False,False,False,False,False,False,False,True,True
brockstewart,False,False,False,False,False,False,False,False,True
richardlovelady,False,False,False,False,False,False,False,False,True
loganallen1,False,False,False,False,False,False,False,True,False
chrisroycroft,False,False,False,False,False,False,False,False,True
yaramilhiraldo,False,False,False,False,False,False,False,False,True
pedropages,True,False,False,False,False,False,True,False,False
nickmadrigal,False,False,False,False,True,False,True,False,False
travisbazzana,False,False,True,False,False,False,True,False,False
jonathanpintaro,False,False,False,False,False,False,False,True,True
joshwinckowski,False,False,False,False,False,False,False,False,True
davismartin,False,False,False,False,False,False,False,True,False
romygonzalez,False,True,True,False,False,False,True,False,False
jovanimoran,False,False,False,False,False,False,False,True,True
loutrivino,False,False,False,False,False,False,False,False,True
nickyorke,False,True,True,False,False,False,True,False,False
kaiweiteng,False,False,False,False,False,False,False,True,False
craigkimbrel,False,False,False,False,False,False,False,False,True
reiversanmartin,False,False,False,False,False,False,False,False,True
kylekeller,False,False,False,False,False,False,False,False,True
philipabner,False,False,False,False,False,False,False,False,True
walkerjenkins,False,False,False,False,False,True,True,False,False
jjwetherholt,False,False,True,True,False,False,True,False,False
nachoalvarezjr,False,False,False,False,True,False,True,False,False
sethjohnson,False,False,False,False,False,False,False,False,True
kylehigashioka,True,False,False,False,False,False,True,False,False
haydenharris,False,False,False,False,False,False,False,False,True
lazaroestrada,False,False,False,False,False,False,False,True,True
bricematthews,False,False,True,False,False,False,True,False,False
elimorgan,False,False,False,False,False,False,False,False,True
justinmartinez,False,False,False,False,False,False,False,False,True
ryanbergert,False,False,False,False,False,False,False,True,False
keeganthompson,False,False,False,False,False,False,False,True,True
ethanroberts,False,False,False,False,False,False,False,False,True
michaeltonkin,False,False,False,False,False,False,False,False,True
ajpuk,False,False,False,False,False,False,False,False,True
colbythomas,False,False,False,False,False,True,True,False,False
albertsuarez,False,False,False,False,False,False,False,False,True
randydobnak,False,False,False,False,False,False,False,True,True
dylansmith,False,False,False,False,False,False,False,False,True
jorgelopez,False,False,False,False,False,False,False,False,True
bobbymiller,False,False,False,False,False,False,False,True,True
robzastryzny,False,False,False,False,False,False,False,False,True
lucassims,False,False,False,False,False,False,False,False,True
bradlord,False,False,False,False,False,False,False,True,True
jonnydeluca,False,False,False,False,False,True,True,False,False
brianvanbelle,False,False,False,False,False,False,False,True,True
craigyoho,False,False,False,False,False,False,False,False,True
joeybart,True,False,False,False,False,False,True,False,False
cambooser,False,False,False,False,False,False,False,False,True
alexcall,False,False,False,False,False,True,True,False,False
jaydenmurray,False,False,False,False,False,False,False,False,True
brysewilson,False,False,False,False,False,False,False,True,True
tyronetaylor,False,False,False,False,False,True,True,False,False
blakewalston,False,False,False,False,False,False,False,True,False
nickraquet,False,False,False,False,False,False,False,False,True
genesiscabrera,False,False,False,False,False,False,False,False,True
brandyngarcia,False,False,False,False,False,False,False,False,True
esteuryruiz,False,False,False,False,False,True,True,False,False
johnking,False,False,False,False,False,False,False,False,True
josequintana,False,False,False,False,False,False,False,True,False
austinwarren,False,False,False,False,False,False,False,False,True
bryanhoeing,False,False,False,False,False,False,False,False,True
anthonykay,False,False,False,False,False,False,False,True,False
miketauchman,False,False,False,False,False,True,True,False,False
cobymayo,False,True,False,False,False,False,True,False,False
juanburgos,False,False,False,False,False,False,False,False,True
carsonragsdale,False,False,False,False,False,False,False,True,True
pedroavila,False,False,False,False,False,False,False,False,True
andrewwalters,False,False,False,False,False,False,False,False,True
johncurtiss,False,False,False,False,False,False,False,False,True
andregranillo,False,False,False,False,False,False,False,False,True
michaelgrove,False,False,False,False,False,False,False,False,True
marcoraya,False,False,False,False,False,False,False,True,True
miguelcastro,False,False,False,False,False,False,False,False,True
grantholman,False,False,False,False,False,False,False,False,True
danemyers,False,False,False,False,False,True,True,False,False
mikeclevinger,False,False,False,False,False,False,False,False,True
willbenson,False,False,False,False,False,True,True,False,False
taylorwalls,False,False,False,True,False,False,True,False,False
rickytiedemann,False,False,False,False,False,False,False,True,False
jacksonkowar,False,False,False,False,False,False,False,False,True
willwagner,False,False,False,False,True,False,True,False,False
carsonfulmer,False,False,False,False,False,False,False,False,True
andrewhoffmann,False,False,False,False,False,False,False,False,True
ryanburr,False,False,False,False,False,False,False,False,True
nickfortes,True,False,False,False,False,False,True,False,False
patrickmonteverde,False,False,False,False,False,False,False,True,True
samlong,False,False,False,False,False,False,False,False,True
justinhagenman,False,False,False,False,False,False,False,False,True
calebboushley,False,False,False,False,False,False,False,False,True
yosverzulueta,False,False,False,False,False,False,False,False,True
drewthorpe,False,False,False,False,False,False,False,True,False
saurynlao,False,False,False,False,False,False,False,False,True
zachpop,False,False,False,False,False,False,False,False,True
baileyhorn,False,False,False,False,False,False,False,False,True
quinnmathews,False,False,False,False,False,False,False,True,False
chaycemcdermott,False,False,False,False,False,False,False,True,True
roansycontreras,False,False,False,False,False,False,False,True,True
rodderymunoz,False,False,False,False,False,False,False,False,True
bowdenfrancis,False,False,False,False,False,False,False,True,False
ryanwaldschmidt,False,False,False,False,False,True,True,False,False
griffincanning,False,False,False,False,False,False,False,True,False
elvispeguero,False,False,False,False,False,False,False,False,True
nasimnunez,False,False,True,True,False,False,True,False,False
djherz,False,False,False,False,False,False,False,True,False
nolanhoffman,False,False,False,False,False,False,False,False,True
hunterstrickland,False,False,False,False,False,False,False,False,True
miguelrojas,False,False,True,True,True,False,True,False,False
alejandroosuna,False,False,False,False,False,True,True,False,False
robinsonortiz,False,False,False,False,False,False,False,False,True
kylehurt,False,False,False,False,False,False,False,False,True
colinpoche,False,False,False,False,False,False,False,False,True
sambachman,False,False,False,False,False,False,False,False,True
michaellorenzen,False,False,False,False,False,False,False,True,False
joeross,False,False,False,False,False,False,False,False,True
tyadcock,False,False,False,False,False,False,False,False,True
michaelpetersen,False,False,False,False,False,False,False,False,True
joeylucchesi,False,False,False,False,False,False,False,False,True
rjpetit,False,False,False,False,False,False,False,False,True
willklein,False,False,False,False,False,False,False,False,True
jansonjunk,False,False,False,False,False,False,False,True,False
alanroden,False,False,False,False,False,True,True,False,False
alekjacob,False,False,False,False,False,False,False,False,True
zakkent,False,False,False,False,False,False,False,False,True
ryanjohnson,False,False,False,False,False,False,False,False,True
chaselee,False,False,False,False,False,False,False,False,True
eduarnielnunez,False,False,False,False,False,False,False,False,True
tyfrance,False,True,False,False,False,False,True,False,False
javierassad,False,False,False,False,False,False,False,True,False
carsonseymour,False,False,False,False,False,False,False,False,True
spencerjones,False,False,False,False,False,True,True,False,False
scottalexander,False,False,False,False,False,False,False,False,True
gusvarland,False,False,False,False,False,False,False,False,True
jayviensandridge,False,False,False,False,False,False,False,False,True
mitchspence,False,False,False,False,False,False,False,True,True
justinbruihl,False,False,False,False,False,False,False,False,True
tomoyukisugano,False,False,False,False,False,False,False,True,False
kolbyallard,False,False,False,False,False,False,False,False,True
jacejung,False,False,False,False,True,False,True,False,False
alejandrocarrillo,False,False,False,False,False,False,False,False,True
henrydavis,True,False,False,False,False,False,True,False,False
lancemccullersjr,False,False,False,False,False,False,False,True,False
joeygerber,False,False,False,False,False,False,False,True,True
tinkhence,False,False,False,False,False,False,False,True,False
kevinherget,False,False,False,False,False,False,False,False,True
hunterdobbins,False,False,False,False,False,False,False,True,False
taylersaucedo,False,False,False,False,False,False,False,False,True
joshuabaez,False,False,False,False,False,True,True,False,False
orlandoribalta,False,False,False,False,False,False,False,False,True
paulgervase,False,False,False,False,False,False,False,False,True
luisangelacuna,False,False,True,False,False,False,True,False,False
clarkeschmidt,False,False,False,False,False,False,False,True,False
thomashatch,False,False,False,False,False,False,False,False,True
yanquielfernandez,False,False,False,False,False,True,True,False,False
grantwolfram,False,False,False,False,False,False,False,False,True
jakecousins,False,False,False,False,False,False,False,False,True
liamhendriks,False,False,False,False,False,False,False,False,True
robrefsnyder,False,False,False,False,False,True,True,False,False
andyibanez,False,False,False,False,True,False,True,False,False
joseespada,False,False,False,False,False,False,False,False,True
ryanbliss,False,False,True,False,False,False,True,False,False
joemack,True,False,False,False,False,False,True,False,False
danielrobert,False,False,False,False,False,False,False,False,True
hunterstratton,False,False,False,False,False,False,False,False,True
alanrangel,False,False,False,False,False,False,False,True,False
iangibaut,False,False,False,False,False,False,False,False,True
eastonmcgee,False,False,False,False,False,False,False,False,True
daisonacosta,False,False,False,False,False,False,False,False,True
kendallgraveman,False,False,False,False,False,False,False,False,True
rowdytellez,False,True,False,False,False,False,True,False,False
chrispaddack,False,False,False,False,False,False,False,True,False
joshrojas,False,False,True,False,True,False,True,False,False
luisperalta,False,False,False,False,False,False,False,False,True
tjmcfarland,False,False,False,False,False,False,False,False,True
kervincastro,False,False,False,False,False,False,False,False,True
jakeirvin,False,False,False,False,False,False,False,True,False
gavinhollowell,False,False,False,False,False,False,False,False,True
eversonpereira,False,False,False,False,False,True,True,False,False
chrisflexen,False,False,False,False,False,False,False,False,True
collinsnider,False,False,False,False,False,False,False,False,True
colewilcox,False,False,False,False,False,False,False,False,True
seanguenther,False,False,False,False,False,False,False,False,True
manuelrodriguez,False,False,False,False,False,False,False,False,True
santiagoespinal,False,False,False,False,True,False,True,False,False
austinlove,False,False,False,False,False,False,False,False,True
drewsommers,False,False,False,False,False,False,False,False,True
luisgarcia2,False,False,False,False,False,False,False,True,False
yilberdiaz,False,False,False,False,False,False,False,True,True
jackneely,False,False,False,False,False,False,False,False,True
luisperales,False,False,False,False,False,False,False,True,False
davidhamilton,False,False,True,False,False,False,True,False,False
dillontate,False,False,False,False,False,False,False,False,True
enoliparedes,False,False,False,False,False,False,False,False,True
paxtonschultz,False,False,False,False,False,False,False,False,True
hunterfeduccia,True,False,False,False,False,False,True,False,False
kevinalcantara,False,False,False,False,False,True,True,False,False
danaltavilla,False,False,False,False,False,False,False,False,True
rolddymunoz,False,False,False,False,False,False,False,False,True
jameskarinchak,False,False,False,False,False,False,False,False,True
andrepallante,False,False,False,False,False,False,False,True,False
gavinstone,False,False,False,False,False,False,False,True,False
gabrielarias,False,False,True,True,False,False,True,False,False
carloshernandez,False,False,False,False,False,False,False,False,True
jonberti,False,False,False,False,True,False,True,False,False
dereklaw,False,False,False,False,False,False,False,False,True
joseiglesias,False,False,True,True,True,False,True,False,False
garrettacton,False,False,False,False,False,False,False,False,True
dannyyoung,False,False,False,False,False,False,False,False,True
blakeperkins,False,False,False,False,False,True,True,False,False
nickburdi,False,False,False,False,False,False,False,False,True
giourshela,False,False,False,False,True,False,True,False,False
johnbrebbia,False,False,False,False,False,False,False,False,True
josecorniell,False,False,False,False,False,False,False,True,False
codyfreeman,False,False,True,False,False,True,True,False,False
alexfaedo,False,False,False,False,False,False,False,False,True
troytaylor,False,False,False,False,False,False,False,False,True
martinperez,False,False,False,False,False,False,False,True,False
georgesoriano,False,False,False,False,False,False,False,False,True
jakeeder,False,False,False,False,False,False,False,False,True
domingogonzalez,False,False,False,False,False,False,False,False,True
coltongordon,False,False,False,False,False,False,False,True,False
jeimercandelario,False,True,False,False,True,False,True,False,False
dylanross,False,False,False,False,False,False,False,False,True
bryceelder,False,False,False,False,False,False,False,True,False
coltemerson,False,False,False,True,False,False,True,False,False
angelchivilli,False,False,False,False,False,False,False,False,True
ericcerantola,False,False,False,False,False,False,False,False,True
sammyperalta,False,False,False,False,False,False,False,True,True
benbowden,False,False,False,False,False,False,False,False,True
taylorrashi,False,False,False,False,False,False,False,False,True
colemancrow,False,False,False,False,False,False,False,True,False
josetena,False,False,False,False,True,False,True,False,False
dugandarnell,False,False,False,False,False,False,False,False,True
leorivas,False,False,True,False,False,False,True,False,False
jairoiriarte,False,False,False,False,False,False,False,True,True
maxschuemann,False,False,True,True,True,False,True,False,False
jacobreimer,False,False,False,False,True,False,True,False,False
leodytaveras,False,False,False,False,False,True,True,False,False
alexcobb,False,False,False,False,False,False,False,True,False
andrylara,False,False,False,False,False,False,False,False,True
joerock,False,False,False,False,False,False,False,True,True
masonthompson,False,False,False,False,False,False,False,False,True
nathanchurch,False,False,False,False,False,True,True,False,False
carlossantana,False,True,False,False,False,False,True,False,False
scottmcgough,False,False,False,False,False,False,False,False,True
jacklittle,False,False,False,False,False,False,False,False,True
scottblewett,False,False,False,False,False,False,False,False,True
rafaelmarchan,True,False,False,False,False,False,True,False,False
jhonybrito,False,False,False,False,False,False,False,False,True
stephenkolek,False,False,False,False,False,False,False,True,False
randalgrichuk,False,False,False,False,False,True,True,False,False
natelavender,False,False,False,False,False,False,False,False,True
isiahkinerfalefa,False,False,False,True,True,False,True,False,False
landonknack,False,False,False,False,False,False,False,True,False
connorwong,True,False,False,False,False,False,True,False,False
danedunning,False,False,False,False,False,False,False,False,True
tannerrainey,False,False,False,False,False,False,False,False,True
brandonwaddell,False,False,False,False,False,False,False,False,True
joshwalker,False,False,False,False,False,False,False,False,True
tylerfitzgerald,False,False,True,False,False,False,True,False,False
francoaleman,False,False,False,False,False,False,False,False,True
kylefarmer,False,False,True,False,False,False,True,False,False
joejacques,False,False,False,False,False,False,False,False,True
anthonymisiewicz,False,False,False,False,False,False,False,False,True
jeffcriswell,False,False,False,False,False,False,False,False,True
nickloftin,False,False,False,False,False,True,True,False,False
tannermcdougal,False,False,False,False,False,False,False,True,False
tyleranderson,False,False,False,False,False,False,False,True,False
josetrevino,True,False,False,False,False,False,True,False,False
nickanderson,False,False,False,False,False,False,False,False,True
ryanloutos,False,False,False,False,False,False,False,False,True
camsanders,False,False,False,False,False,False,False,False,True
maxclark,False,False,False,False,False,True,True,False,False
joelasorsa,False,False,False,False,False,False,False,False,True
brettharris,False,False,False,False,True,False,True,False,False
anthonymaldonado,False,False,False,False,False,False,False,False,True
mattkrook,False,False,False,False,False,False,False,False,True
peytonalford,False,False,False,False,False,False,False,False,True
austingomber,False,False,False,False,False,False,False,True,False
seanreynolds,False,False,False,False,False,False,False,False,True
maxanderson,False,False,True,False,True,False,True,False,False
christianencarnacionstrand,False,True,False,False,True,False,True,False,False
scotteffross,False,False,False,False,False,False,False,False,True
emmanuelrodriguez,False,False,False,False,False,True,True,False,False
shinnosukeogasawara,False,False,False,False,False,False,False,False,True
treygibson,False,False,False,False,False,False,False,True,False
michaeldarrellhicks,False,False,False,False,False,False,False,False,True
nolanjones,False,False,False,False,False,True,True,False,False
eduardosalazar,False,False,False,False,False,False,False,False,True
christianmontesdeoca,False,False,False,False,False,False,False,False,True
maxkranick,False,False,False,False,False,False,False,False,True
jefersonquero,True,False,False,False,False,False,True,False,False
jacksuwinski,False,False,False,False,False,True,True,False,False
kylenelson,False,False,False,False,False,False,False,False,True
jrritchie,False,False,False,False,False,False,False,True,False
freddytarnok,False,False,False,False,False,False,False,True,True
nateeaton,False,False,False,False,True,True,True,False,False
austincox,False,False,False,False,False,False,False,False,True
jimmycrooks,True,False,False,False,False,False,True,False,False
bladetidwell,False,False,False,False,False,False,False,True,False
lyonrichardson,False,False,False,False,False,False,False,False,True
jakewoodford,False,False,False,False,False,False,False,False,True
zachbrzykcy,False,False,False,False,False,False,False,False,True
tylermattison,False,False,False,False,False,False,False,False,True
marcchurch,False,False,False,False,False,False,False,False,True
carloscortes,False,False,False,False,False,True,True,False,False
sambenschoter,False,False,False,False,False,False,False,True,True
isaiahcampbell,False,False,False,False,False,False,False,False,True
alexhoppe,False,False,False,False,False,False,False,False,True
bryanramos,False,False,False,False,True,False,True,False,False
lucasgilbreath,False,False,False,False,False,False,False,False,True
tylerzuber,False,False,False,False,False,False,False,False,True
christianroa,False,False,False,False,False,False,False,False,True
omarcruz,False,False,False,False,False,False,False,True,True
milesmikolas,False,False,False,False,False,False,False,True,False
elvinrodriguez,False,False,False,False,False,False,False,False,True
austinpope,False,False,False,False,False,False,False,False,True
dylancarlson,False,False,False,False,False,True,True,False,False
ryanrolison,False,False,False,False,False,False,False,False,True
anthonyveneziano,False,False,False,False,False,False,False,False,True
ildemarovargas,False,True,True,False,False,False,True,False,False
mitchgarver,True,False,False,False,False,False,True,False,False
cjkayfus,False,True,False,False,False,True,True,False,False
connorthomas,False,False,False,False,False,False,False,False,True
josefermin,False,False,True,False,False,False,True,False,False
beauburrows,False,False,False,False,False,False,False,False,True
jaredshuster,False,False,False,False,False,False,False,False,True
brycejarvis,False,False,False,False,False,False,False,False,True
alexverdugo,False,False,False,False,False,True,True,False,False
anthonyseigler,False,False,False,False,True,False,True,False,False
haoyulee,False,False,True,False,True,False,True,False,False
loganvanwey,False,False,False,False,False,False,False,False,True
luistorrens,True,False,False,False,False,False,True,False,False
michaelmercado,False,False,False,False,False,False,False,False,True
nickfrasso,False,False,False,False,False,False,False,True,True
nelsonrada,False,False,False,False,False,True,True,False,False
ronnyhenriquez,False,False,False,False,False,False,False,False,True
michaelarias,False,False,False,False,False,False,False,False,True
tonygonsolin,False,False,False,False,False,False,False,True,False
christiankoss,False,False,True,False,False,False,True,False,False
anthonymolina,False,False,False,False,False,False,False,False,True
seanhjelle,False,False,False,False,False,False,False,False,True
braxtonfulford,True,False,False,False,False,False,True,False,False
walkerbuehler,False,False,False,False,False,False,False,True,False
ryanritter,False,False,True,True,False,False,True,False,False
jerarencarnacion,False,False,False,False,False,True,True,False,False
andrewmccutchen,False,False,False,False,False,False,True,False,False
jaxonwiggins,False,False,False,False,False,False,False,True,False
adamottavino,False,False,False,False,False,False,False,False,True
jesustinoco,False,False,False,False,False,False,False,False,True
trevorrichards,False,False,False,False,False,False,False,False,True
kevinnewman,False,False,False,False,True,False,True,False,False
erikswanson,False,False,False,False,False,False,False,False,True
hectorneris,False,False,False,False,False,False,False,False,True
cadendana,False,False,False,False,False,False,False,True,False
joemantiply,False,False,False,False,False,False,False,False,True
cionelperez,False,False,False,False,False,False,False,False,True
taylerscott,False,False,False,False,False,False,False,False,True
aidanmiller,False,False,False,True,False,False,True,False,False
troyjohnston,False,True,False,False,False,True,True,False,False
brandonyoung,False,False,False,False,False,False,False,True,False
djlemahieu,False,False,True,False,False,False,True,False,False
jamesoutman,False,False,False,False,False,True,True,False,False
christianvazquez,True,False,False,False,False,False,True,False,False
patrickcorbin,False,False,False,False,False,False,False,True,False
dednielnunez,False,False,False,False,False,False,False,False,True
kylefreeland,False,False,False,False,False,False,False,True,False
julianmerryweather,False,False,False,False,False,False,False,False,True
leojimenez,False,False,True,False,False,False,True,False,False
jakebauers,False,True,False,False,False,True,True,False,False
chasmccormick,False,False,False,False,False,True,True,False,False
jessechavez,False,False,False,False,False,False,False,False,True
adriandelcastillo,False,False,False,False,False,False,True,False,False
randyvasquez,False,False,False,False,False,False,False,True,False
travisdarnaud,True,False,False,False,False,False,True,False,False
ryanfitzgerald,False,False,True,True,False,False,True,False,False
declancronin,False,False,False,False,False,False,False,False,True
vidalbrujan,False,False,False,False,True,False,True,False,False
haydenwesneski,False,False,False,False,False,False,False,True,False
daviddavalillo,False,False,False,False,False,False,False,True,False
johnrave,False,False,False,False,False,True,True,False,False
milesmastrobuoni,False,False,False,False,True,False,True,False,False
jamesmccann,True,False,False,False,False,False,True,False,False
joseurquidy,False,False,False,False,False,False,False,True,False
chrisstratton,False,False,False,False,False,False,False,False,True
bryceteodosio,False,False,False,False,False,True,True,False,False
nickylopez,False,False,False,False,True,False,True,False,False
joseruiz,False,False,False,False,False,False,False,False,True
garysanchez,True,False,False,False,False,False,True,False,False
connorprielipp,False,False,False,False,False,False,False,True,False
tylertolbert,False,False,False,False,False,True,True,False,False
tannermurray,False,False,True,True,True,False,True,False,False
treylipscomb,False,False,True,False,True,True,True,False,False
yohelpozo,True,False,False,False,False,False,True,False,False
jahmaijones,False,False,False,False,False,True,True,False,False
jasonalexander,False,False,False,False,False,False,False,True,False
jcescarra,True,False,False,False,False,False,True,False,False
darrenmccaughan,False,False,False,False,False,False,False,True,True
anthonydesclafani,False,False,False,False,False,False,False,False,True
lukeraley,False,True,False,False,False,True,True,False,False
zachdezenzo,False,False,False,False,False,True,True,False,False
ezequielduran,False,True,False,True,False,False,True,False,False
brendanrodgers,False,False,True,False,False,False,True,False,False
mylesstraw,False,False,False,False,False,True,True,False,False
samhaggerty,False,False,False,False,False,True,True,False,False
markcanha,False,False,False,False,False,True,True,False,False
brandonwilliamson,False,False,False,False,False,False,False,True,False
tirsoornelas,False,False,False,False,False,True,True,False,False
eliasdiaz,True,False,False,False,False,False,True,False,False
justinfoscue,False,True,True,False,False,False,True,False,False
enriquebradfieldjr,False,False,False,False,False,True,True,False,False
carlosrodriguez,False,False,False,False,False,False,False,True,False
starlingmarte,False,False,False,False,False,False,True,False,False
gagejump,False,False,False,False,False,False,False,True,False
koreylee,True,False,False,False,False,False,True,False,False
darellhernaiz,False,False,True,True,True,False,True,False,False
tannergordon,False,False,False,False,False,False,False,True,False
jonatanclase,False,False,False,False,False,True,True,False,False
brodyhopkins,False,False,False,False,False,False,False,True,False
wilmerflores,False,True,False,False,False,False,True,False,False
mitchbratt,False,False,False,False,False,False,False,True,False
kylewright,False,False,False,False,False,False,False,True,False
cesarprieto,False,False,True,True,True,False,True,False,False
jakerogers,True,False,False,False,False,False,True,False,False
hestonkjerstad,False,False,False,False,False,True,True,False,False
johnathanrodriguez,False,False,False,False,False,True,True,False,False
juanbrito,False,False,True,False,False,False,True,False,False
kyrenparis,False,False,True,False,False,True,True,False,False
tylerheineman,True,False,False,False,False,False,True,False,False
anthonyrendon,False,False,False,False,True,False,True,False,False
jorbitvivas,False,False,True,False,True,False,True,False,False
josiahgray,False,False,False,False,False,False,False,True,False
charliemorton,False,False,False,False,False,False,False,True,False
joeyestes,False,False,False,False,False,False,False,True,False
jacksonjobe,False,False,False,False,False,False,False,True,False
sebastianwalcott,False,False,False,True,False,False,True,False,False
jonahbride,False,False,False,False,True,False,True,False,False
tylercallihan,False,False,True,False,False,True,True,False,False
timtawa,False,True,True,False,False,True,True,False,False
christaylor,False,False,False,False,False,True,True,False,False
calquantrill,False,False,False,False,False,False,False,True,False
reesemcguire,True,False,False,False,False,False,True,False,False
austinslater,False,False,False,False,False,True,True,False,False
josuebriceno,True,True,False,False,False,False,True,False,False
chasedollander,False,False,False,False,False,False,False,True,False
vimaelmachin,False,True,True,False,True,False,True,False,False
jhonathandiaz,False,False,False,False,False,False,False,True,False
jettwilliams,False,False,True,True,False,True,True,False,False
samadtaylor,False,False,True,False,False,True,True,False,False
andrewmorris,False,False,False,False,False,False,False,True,False
alikawilliams,False,False,True,True,True,False,True,False,False
joeyloperfido,False,False,False,False,False,True,True,False,False
jongray,False,False,False,False,False,False,False,False,True
austinwynns,True,False,False,False,False,False,True,False,False
garrettstubbs,True,False,False,False,False,False,True,False,False
josemiranda,False,False,False,False,True,False,True,False,False
shaywhitcomb,False,False,True,False,True,False,True,False,False
oliverdunn,False,False,False,False,True,False,True,False,False
georgeklassen,False,False,False,False,False,False,False,True,False
luiscampusano,False,False,False,False,False,False,True,False,False
eliwhite,False,False,False,False,False,True,True,False,False
michaelhelman,False,False,False,False,False,True,True,False,False
luisurias,False,False,True,False,False,False,True,False,False
didierfuentes,False,False,False,False,False,False,False,True,False
luisvazquez,False,False,False,True,True,False,True,False,False
jesusrodriguez,True,False,False,False,True,False,True,False,False
daironblanco,False,False,False,False,False,True,True,False,False
ryanfeltner,False,False,False,False,False,False,False,True,False
camdevanney,False,False,False,False,True,False,True,False,False
blainecrim,False,True,False,False,False,False,True,False,False
derekhill,False,False,False,False,False,True,True,False,False
tristangray,False,False,True,True,False,False,True,False,False
alexjackson,True,False,False,False,False,False,True,False,False
ericwagaman,False,True,False,False,False,True,True,False,False
erickfedde,False,False,False,False,False,False,False,True,True
jordanmontgomery,False,False,False,False,False,False,False,True,False
loganevans,False,False,False,False,False,False,False,True,False
manuelmargot,False,False,False,False,False,True,True,False,False
alecmarsh,False,False,False,False,False,False,False,True,False
cesarsalazar,True,False,False,False,False,False,True,False,False
emersonhancock,False,False,False,False,False,False,False,True,False
brettwisely,False,False,True,False,False,False,True,False,False
charliecondon,False,True,False,False,False,False,True,False,False
vinnycapra,False,False,False,True,True,False,True,False,False
cooperingle,True,False,False,False,False,False,True,False,False
johanrojas,False,False,False,False,False,True,True,False,False
andruwmonasterio,False,False,False,True,False,False,True,False,False
orelvismartinez,False,False,True,False,False,False,True,False,False
wademiley,False,False,False,False,False,False,False,True,False
gabrielhughes,False,False,False,False,False,False,False,True,False
jonathancannon,False,False,False,False,False,False,False,True,False
rileyadams,True,False,False,False,False,False,True,False,False
josedeleon,False,False,False,False,False,False,False,True,True
brockwilken,False,False,False,False,True,False,True,False,False
brycejohnson,False,False,False,False,False,True,True,False,False
mitchellparker,False,False,False,False,False,False,False,True,False
masonblack,False,False,False,False,False,False,False,True,False
gustavocampero,False,False,False,False,False,True,True,False,False
matthewlugo,False,False,False,False,False,True,True,False,False
tommytroy,False,False,True,False,False,True,True,False,False
tommurphy,True,False,False,False,False,False,True,False,False
hagensmith,False,False,False,False,False,False,False,True,False
mjmelendez,False,False,False,False,False,True,True,False,False
jpfrance,False,False,False,False,False,False,False,True,False
krisbryant,False,False,False,False,False,False,True,False,False
andrewknizner,True,False,False,False,False,False,True,False,False
justynhenrymalloy,False,False,False,False,False,True,True,False,False
mickeygasper,True,False,False,False,False,False,True,False,False
jorgebarrosa,False,False,False,False,False,True,True,False,False
timanderson,False,False,True,True,False,False,True,False,False
keidermontero,False,False,False,False,False,False,False,True,True
jedixsonpaez,False,False,False,False,False,False,False,True,False
jorgemateo,False,False,False,True,False,True,True,False,False
connorseabold,False,False,False,False,False,False,False,True,True
caydenwallace,False,False,False,False,True,False,True,False,False
ryanvilade,False,False,False,False,False,True,True,False,False
willbrennan,False,False,False,False,False,True,True,False,False
tannerhouck,False,False,False,False,False,False,False,True,False
lukemaile,True,False,False,False,False,False,True,False,False
ronnysimon,False,False,True,False,False,True,True,False,False
jhonkensynoel,False,False,False,False,False,True,True,False,False
nickallen,False,False,False,True,False,False,True,False,False
cristianmena,False,False,False,False,False,False,False,True,False
jarredkelenic,False,False,False,False,False,True,True,False,False
emmanuelrivera,False,False,False,False,True,False,True,False,False
rhylanthomas,False,False,False,False,False,True,True,False,False
jarlinsusana,False,False,False,False,False,False,False,True,False
winstonsantos,False,False,False,False,False,False,False,True,False
ronelblanco,False,False,False,False,False,False,False,True,False
joseurena,False,False,False,False,False,False,False,True,True
michaelarroyo,False,False,True,False,False,False,True,False,False
mccadebrown,False,False,False,False,False,False,False,True,False
dominicsmith,False,True,False,False,False,False,True,False,False
westonwilson,False,False,False,False,False,True,True,False,False
marcusstroman,False,False,False,False,False,False,False,True,False
juniorperez,False,False,False,False,False,True,True,False,False
germanmarquez,False,False,False,False,False,False,False,True,False
victormesajr,False,False,False,False,False,True,True,False,False
victormederos,False,False,False,False,False,False,False,True,False
brandonlockridge,False,False,False,False,False,True,True,False,False
mattwaldron,False,False,False,False,False,False,False,True,False
scottkingery,False,False,True,False,False,True,True,False,False
nestorcortes,False,False,False,False,False,False,False,True,False
orlandoarcia,False,False,True,True,True,False,True,False,False
robertstock,False,False,False,False,False,False,False,True,False
rafaellantigua,False,False,True,False,True,False,True,False,False
luismedina,False,False,False,False,False,False,False,True,False
austinbarnes,True,False,False,False,False,False,True,False,False
akilbaddoo,False,False,False,False,False,True,True,False,False
marcoluciano,False,False,False,False,False,True,True,False,False
danielespino,False,False,False,False,False,False,False,True,False
tristonmckenzie,False,False,False,False,False,False,False,True,True
lucasbraun,False,False,False,False,False,False,False,True,False
brycenmautz,False,False,False,False,False,False,False,True,False
chasepetty,False,False,False,False,False,False,False,True,False
tristanpeters,False,False,False,False,False,True,True,False,False
enriquehernandez,False,True,False,False,True,True,True,False,False
eastonlucas,False,False,False,False,False,False,False,True,False
gunnarhoglund,False,False,False,False,False,False,False,True,False
hectorrodriguez,False,False,False,False,False,True,True,False,False
danielsusac,True,False,False,False,False,False,True,False,False
kohldrake,False,False,False,False,False,False,False,True,False
samaldegheri,False,False,False,False,False,False,False,True,False
blascastano,False,False,False,False,False,False,False,True,False
kameronmisner,False,False,False,False,False,True,True,False,False
curtismead,False,True,False,False,True,False,True,False,False
tymadden,False,False,False,False,False,False,False,True,False
taylortrammell,False,False,False,False,False,True,True,False,False
thomasharrington,False,False,False,False,False,False,False,True,False
taijuanwalker,False,False,False,False,False,False,False,True,True
jacobstallings,True,False,False,False,False,False,True,False,False
cooperkinney,False,False,True,False,True,False,True,False,False
griffmcgarry,False,False,False,False,False,False,False,True,False
benkudrna,False,False,False,False,False,False,False,True,False
jihwanbae,False,False,False,False,False,True,True,False,False
benhess,False,False,False,False,False,False,False,True,False
angelbastardo,False,False,False,False,False,False,False,False,True
adammacko,False,False,False,False,False,False,False,True,True
austinhedges,True,False,False,False,False,False,True,False,False
nicksenzel,False,False,False,False,True,True,True,False,False
baileyfalter,False,False,False,False,False,False,False,True,False
carloslagrange,False,False,False,False,False,False,False,True,False
kaelenculpepper,False,False,False,True,False,False,True,False,False
drewmillas,True,False,False,False,False,False,True,False,False
gabrielrinconesjr,False,False,False,False,False,True,True,False,False
dougnikhazy,False,False,False,False,False,False,False,True,False
masonbarnett,False,False,False,False,False,False,False,True,False
joeywiemer,False,False,False,False,False,True,True,False,False
benlively,False,False,False,False,False,False,False,True,False
bradenmontgomery,False,False,False,False,False,True,True,False,False
robinsonpina,False,False,False,False,False,False,False,True,False
jamestriantos,False,False,True,False,False,True,True,False,False
blakedunn,False,False,False,False,False,True,True,False,False
benrortvedt,True,False,False,False,False,False,True,False,False
carsonspiers,False,False,False,False,False,False,False,True,False
spencerturnbull,False,False,False,False,False,False,False,True,False
mitchfarris,False,False,False,False,False,False,False,True,False
jorgealfaro,True,False,False,False,False,False,True,False,False
braydentaylor,False,False,True,False,True,False,True,False,False
jhonnypereda,True,False,False,False,False,False,True,False,False
jurrangelocijntje,False,False,False,False,False,False,False,True,False
jasondelay,True,False,False,False,False,False,True,False,False
treysweeney,False,False,False,True,False,False,True,False,False
chadwicktromp,True,False,False,False,False,False,True,False,False
josebarrero,False,False,True,False,False,True,True,False,False
williemaciver,True,False,False,False,False,False,True,False,False
lucatresh,True,False,False,False,False,False,True,False,False
maverickhandley,True,False,False,False,False,False,True,False,False
sebastianrivero,True,False,False,False,False,False,True,False,False
warmingbernabel,False,True,False,False,False,False,True,False,False
buddykennedy,False,False,False,False,True,False,True,False,False
drewromo,True,False,False,False,False,False,True,False,False
denzerguzman,False,False,False,True,False,False,True,False,False
haydensenger,True,False,False,False,False,False,True,False,False
ajsmithshawver,False,False,False,False,False,False,False,True,False
gabrielgonzalez,False,False,False,False,False,True,True,False,False
tomasnido,True,False,False,False,False,False,True,False,False
justindean,False,False,False,False,False,True,True,False,False
brettsullivan,True,False,False,False,False,False,True,False,False
edouardjulien,False,True,True,False,False,False,True,False,False
garretthampson,False,False,False,False,False,True,True,False,False
recehinds,False,False,False,False,False,True,True,False,False
briannavarreto,True,False,False,False,False,False,True,False,False
willwilson,False,False,True,False,True,False,True,False,False
brandonvalenzuela,True,False,False,False,False,False,True,False,False
yonielcuret,False,False,False,False,False,False,False,True,False
rodolfoduran,True,False,False,False,False,False,True,False,False
domnunez,True,False,False,False,False,False,True,False,False
jessewinker,False,False,False,False,False,False,True,False,False
henrybolte,False,False,False,False,False,True,True,False,False
chuckierobinson,True,False,False,False,False,False,True,False,False
aramisgarcia,True,False,False,False,False,False,True,False,False
grantmccray,False,False,False,False,False,True,True,False,False
blakehunt,True,False,False,False,False,False,True,False,False
sandyleon,True,False,False,False,False,False,True,False,False
gageworkman,False,False,False,True,True,False,True,False,False
willbanfield,True,False,False,False,False,False,True,False,False
ethanpecko,False,False,False,False,False,False,False,True,False
peteyhalpin,False,False,False,False,False,True,True,False,False
wademeckler,False,False,False,False,False,True,True,False,False
joseherrera,True,False,False,False,False,False,True,False,False
domingorobles,False,False,False,False,False,False,False,True,True
ryankreidler,False,False,False,False,False,True,True,False,False
tylerlocklear,False,True,False,False,False,False,True,False,False
michaelsiani,False,False,False,False,False,True,True,False,False
ryancusick,False,False,False,False,False,False,False,True,True
dashawnkeirseyjr,False,False,False,False,False,True,True,False,False
nicknastrini,False,False,False,False,False,False,False,True,True
carledwardsjr,False,False,False,False,False,False,False,True,True
andreschaparro,False,True,False,False,False,False,True,False,False
stewardberroa,False,False,False,False,False,True,True,False,False
willdion,False,False,False,False,False,False,False,True,True
zachthompson,False,False,False,False,False,False,False,True,True
leonardobernal,True,False,False,False,False,False,True,False,False
jackwinkler,False,False,True,False,False,False,True,False,False
sterlinthompson,False,False,False,False,False,True,True,False,False
dustinsaenz,False,False,False,False,False,False,False,True,True
jddavis,False,True,False,False,True,False,True,False,False
kahlilwatson,False,False,False,False,False,True,True,False,False
trevorwilliams,False,False,False,False,False,False,False,True,False
ryanspikes,False,False,False,False,True,True,True,False,False
alexandercanario,False,False,False,False,False,True,True,False,False
connorkaiser,False,False,True,False,False,False,True,False,False
julianaguiar,False,False,False,False,False,False,False,True,False
josesiri,False,False,False,False,False,True,True,False,False
jackkochanowicz,False,False,False,False,False,False,False,True,False
endyrodriguez,True,True,False,False,False,False,True,False,False
pedroleon,False,False,False,False,False,True,True,False,False
kempalderman,False,False,False,False,False,True,True,False,False
josefranco,False,False,False,False,False,False,False,True,False
stuartfairchild,False,False,False,False,False,True,True,False,False
antoniosenzatela,False,False,False,False,False,False,False,True,False
tylerwade,False,False,False,False,False,True,True,False,False
claydungan,False,False,True,True,False,True,True,False,False
nabilcrismatt,False,False,False,False,False,False,False,True,False
jasonheyward,False,False,False,False,False,True,True,False,False
hunterrenfroe,False,False,False,False,False,True,True,False,False
zackristofak,False,False,False,False,False,False,False,False,True
mattmanning,False,False,False,False,False,False,False,True,True
mattkoperniak,False,False,False,False,False,True,True,False,False
adammazur,False,False,False,False,False,False,False,True,False
kendryrojas,False,False,False,False,False,False,False,True,False
carsonpalmquist,False,False,False,False,False,False,False,True,False
drewwaters,False,False,False,False,False,True,True,False,False
masonmccoy,False,False,False,True,False,False,True,False,False
dominicfletcher,False,False,False,False,False,True,True,False,False
coreyjulks,False,False,False,False,False,True,True,False,False
richardmatic,False,False,False,False,True,False,True,False,False
maxferguson,False,False,True,False,False,True,True,False,False
jessescholtens,False,False,False,False,False,False,False,True,False
wilberdotel,False,False,False,False,False,False,False,True,False
braidenward,False,False,False,False,False,True,True,False,False
rjschreck,False,False,False,False,False,True,True,False,False
kenwaldichuk,False,False,False,False,False,False,False,True,False
donovanwalton,False,False,True,True,False,False,True,False,False
travisjankowski,False,False,False,False,False,True,True,False,False
sethbrown,False,False,False,False,False,True,True,False,False
zachpenrod,False,False,False,False,False,False,False,True,True
justinturner,False,True,False,False,False,False,True,False,False
rileythompson,False,False,False,False,False,False,False,False,True
spencerhoward,False,False,False,False,False,False,False,False,True
zachlogue,False,False,False,False,False,False,False,False,True
andrejackson,False,False,False,False,False,False,False,False,True
jonathonlong,False,True,False,False,False,False,True,False,False
willrobertson,False,False,False,False,False,True,True,False,False
oscargonzalez,False,False,False,False,False,True,True,False,False
zackthompson,False,False,False,False,False,False,False,True,False
andrewfischer,False,False,False,False,True,False,True,False,False
danieljohnson,False,False,False,False,False,True,True,False,False
tsungchecheng,False,False,False,True,True,False,True,False,False
dustinharris,False,False,False,False,False,True,True,False,False
lamontewadejr,False,True,False,False,False,True,True,False,False
colinhouck,False,False,False,True,True,False,True,False,False
kybush,False,False,False,False,False,False,False,True,False
eddysleonard,False,False,True,False,True,True,True,False,False
mikeyromero,False,False,True,True,True,False,True,False,False
yolmersanchez,False,False,True,True,False,False,True,False,False
jaredserna,False,False,True,True,False,False,True,False,False
joshmaciejewski,False,False,False,False,False,False,False,True,True
yohendrickpinango,False,False,False,False,False,True,True,False,False
euribielangeles,False,False,True,True,True,False,True,False,False
christianfranklin,False,False,False,False,False,True,True,False,False
billymckinney,False,False,False,False,False,True,True,False,False
vladimirgutierrez,False,False,False,False,False,False,False,False,True
joserodriguez,False,False,False,False,False,False,False,False,True
jeancabrera,False,False,False,False,False,False,False,True,False
cocomontes,False,False,True,False,True,True,True,False,False
termarrjohnson,False,False,True,False,False,False,True,False,False
kenedycorona,False,False,False,False,False,True,True,False,False
filippodituri,False,False,True,True,True,False,True,False,False
terrinvavra,False,False,True,False,True,False,True,False,False
austingauthier,False,False,True,False,False,False,True,False,False
henrybaez,False,False,False,False,False,False,False,True,False
carsonmccusker,False,False,False,False,False,True,True,False,False
carloscarrasco,False,False,False,False,False,False,False,True,False
cristianpache,False,False,False,False,False,True,True,False,False
kristianrobinson,False,False,False,False,False,True,True,False,False
ryanclifford,False,True,False,False,False,True,True,False,False
lazaromontes,False,False,False,False,False,True,True,False,False
jaggerhaynes,False,False,False,False,False,False,False,True,False
hendrymendez,False,False,False,False,False,True,True,False,False
semrobberse,False,False,False,False,False,False,False,True,False
cooperbowman,False,False,True,False,False,True,True,False,False
bradleyblalock,False,False,False,False,False,False,False,True,False
jaredyoung,False,False,False,False,False,False,True,False,False
michaelstefanic,False,False,True,False,False,False,True,False,False
cademarlowe,False,False,False,False,False,True,True,False,False
connorjoe,False,False,False,False,False,True,True,False,False
jakebloss,False,False,False,False,False,False,False,True,False
owenmiller,False,False,True,False,False,False,True,False,False
owenwhite,False,False,False,False,False,False,False,True,False
javiervaz,False,False,True,False,False,True,True,False,False
joshuapalacios,False,False,False,False,False,True,True,False,False
ryanwebb,False,False,False,False,False,False,False,True,False
brewerhicklen,False,False,False,False,False,True,True,False,False
dukeellis,False,False,False,False,False,True,True,False,False
eddierosario,False,False,False,False,False,True,True,False,False
codymorissette,False,False,True,False,False,False,True,False,False
fraserellard,False,False,False,False,False,False,False,False,True
michaelfulmer,False,False,False,False,False,False,False,False,True
josequijada,False,False,False,False,False,False,False,False,True
jordanweems,False,False,False,False,False,False,False,False,True
tomcosgrove,False,False,False,False,False,False,False,False,True
josemarte,False,False,False,False,False,False,False,False,True
woosukgo,False,False,False,False,False,False,False,False,True
jbbukauskas,False,False,False,False,False,False,False,False,True
rickyvanasco,False,False,False,False,False,False,False,False,True
jeffbrigham,False,False,False,False,False,False,False,False,True
angelperdomo,False,False,False,False,False,False,False,False,True
yerryrodriguez,False,False,False,False,False,False,False,False,True
mattthaiss,True,False,False,False,False,False,True,False,False
ethansalas,True,False,False,False,False,False,True,False,False
henrywilliams,False,False,False,False,False,False,False,True,False
nathanwiles,False,False,False,False,False,False,False,True,False
tommyhenry,False,False,False,False,False,False,False,True,False
caseykelly,False,False,False,False,False,False,False,True,False
noahschultz,False,False,False,False,False,False,False,True,False
liamdoyle,False,False,False,False,False,False,False,True,False
kadeanderson,False,False,False,False,False,False,False,True,False
travissykora,False,False,False,False,False,False,False,True,False
tylerbremner,False,False,False,False,False,False,False,True,False
claytonkershaw,False,False,False,False,False,False,False,True,False
yudarvish,False,False,False,False,False,False,False,True,False
andrewheaney,False,False,False,False,False,False,False,True,False
frankiemontas,False,False,False,False,False,False,False,True,False
kentamaeda,False,False,False,False,False,False,False,True,False
kylegibson,False,False,False,False,False,False,False,True,False
xzavioncurry,False,False,False,False,False,False,False,True,True
iananderson,False,False,False,False,False,False,False,True,False
allanwinans,False,False,False,False,False,False,False,True,False
kylehendricks,False,False,False,False,False,False,False,True,False
evanmckendry,False,False,False,False,False,False,False,True,True
henrylalane,False,False,False,False,False,False,False,True,False
garrettstallings,False,False,False,False,False,False,False,True,True
shaunanderson,False,False,False,False,False,False,False,True,True
brucezimmermann,False,False,False,False,False,False,False,True,False
michaelplassmeyer,False,False,False,False,False,False,False,True,True
caseylawrence,False,False,False,False,False,False,False,True,False
moiseschace,False,False,False,False,False,False,False,True,False
connorgillispie,False,False,False,False,False,False,False,True,False
adamkloffenstein,False,False,False,False,False,False,False,True,False
stevenzobac,False,False,False,False,False,False,False,True,False
brandonwalter,False,False,False,False,False,False,False,True,False
tylormegill,False,False,False,False,False,False,False,True,False
cooperhjerpe,False,False,False,False,False,False,False,True,False
chasehampton,False,False,False,False,False,False,False,True,False
nickmaton,False,False,False,False,False,False,True,False,False
josecuas,False,False,False,False,False,False,False,False,True
nicenright,False,False,False,False,False,False,False,False,True
brookskriske,False,False,False,False,False,False,False,False,True
ryanjensen,False,False,False,False,False,False,False,False,True
benheller,False,False,False,False,False,False,False,False,True
jonathanheasley,False,False,False,False,False,False,False,False,True
noahdavis,False,False,False,False,False,False,False,False,True
mattsauer,False,False,False,False,False,False,False,False,True
luisortiz,False,False,False,False,False,False,False,False,True
raykerr,False,False,False,False,False,False,False,False,True
forrestwhitley,False,False,False,False,False,False,False,False,True
chrisdevenski,False,False,False,False,False,False,False,False,True
erasmoramirez,False,False,False,False,False,False,False,False,True
corbinmartin,False,False,False,False,False,False,False,False,True
tejayantone,False,False,False,False,False,False,False,False,True
guillozuniga,False,False,False,False,False,False,False,False,True
randyrodriguez,False,False,False,False,False,False,False,False,True
evanjustice,False,False,False,False,False,False,False,False,True
geoffhartlieb,False,False,False,False,False,False,False,False,True
johnmcmillon,False,False,False,False,False,False,False,False,True
peterlambert,False,False,False,False,False,False,False,False,True
wandersuero,False,False,False,False,False,False,False,False,True
eibersoncastellano,False,False,False,False,False,False,False,False,True
brettdegeus,False,False,False,False,False,False,False,False,True
misaeltamarez,False,False,False,False,False,False,False,False,True
devinsweet,False,False,False,False,False,False,False,False,True
jpfeyereisen,False,False,False,False,False,False,False,False,True
jordanlyles,False,False,False,False,False,False,False,False,True
buckfarmer,False,False,False,False,False,False,False,False,True
tysonmiller,False,False,False,False,False,False,False,False,True
mikebaumann,False,False,False,False,False,False,False,False,True
austinvoth,False,False,False,False,False,False,False,False,True
justinanderson,False,False,False,False,False,False,False,False,True
philbickford,False,False,False,False,False,False,False,False,True
giovannygallegos,False,False,False,False,False,False,False,False,True
kylemuller,False,False,False,False,False,False,False,False,True
jtchargois,False,False,False,False,False,False,False,False,True
hanscrouse,False,False,False,False,False,False,False,False,True
joshwinder,False,False,False,False,False,False,False,False,True
peterstrzelecki,False,False,False,False,False,False,False,False,True
amirgarrett,False,False,False,False,False,False,False,False,True
dylanfloro,False,False,False,False,False,False,False,False,True
migueldiaz,False,False,False,False,False,False,False,False,True
austinadams,False,False,False,False,False,False,False,False,True
joshfleming,False,False,False,False,False,False,False,False,True
wilmerflores1,False,False,False,False,False,False,False,False,True
mitchwhite,False,False,False,False,False,False,False,False,True
seanreidfoley,False,False,False,False,False,False,False,False,True
albertabreu,False,False,False,False,False,False,False,False,True
chadkuhl,False,False,False,False,False,False,False,False,True
brenthoneywell,False,False,False,False,False,False,False,False,True
koltoningram,False,False,False,False,False,False,False,False,True
dylancoleman,False,False,False,False,False,False,False,False,True
mattcronin,False,False,False,False,False,False,False,False,True
treywingenter,False,False,False,False,False,False,False,False,True
vinnynittoli,False,False,False,False,False,False,False,False,True
ryderryan,False,False,False,False,False,False,False,False,True
naoyukiuwasawa,False,False,False,False,False,False,False,False,True
rileypint,False,False,False,False,False,False,False,False,True
tylerjay,False,False,False,False,False,False,False,False,True
coltenbrewer,False,False,False,False,False,False,False,False,True
chasenshreve,False,False,False,False,False,False,False,False,True
danyjimenez,False,False,False,False,False,False,False,False,True
joshstaumont,False,False,False,False,False,False,False,False,True
jacksonstephens,False,False,False,False,False,False,False,False,True
thyagovieira,False,False,False,False,False,False,False,False,True
yuniormarte,False,False,False,False,False,False,False,False,True
wesparsons,False,False,False,False,False,False,False,False,True
victorgonzalez,False,False,False,False,False,False,False,False,True
nicholaspadilla,False,False,False,False,False,False,False,False,True
alexyoung,False,False,False,False,False,False,False,False,True
kentemanuel,False,False,False,False,False,False,False,False,True
kirbysnead,False,False,False,False,False,False,False,False,True
danielduarte,False,False,False,False,False,False,False,False,True
kevinkopps,False,False,False,False,False,False,False,False,True
connoroverton,False,False,False,False,False,False,False,False,True
tylerduffey,False,False,False,False,False,False,False,False,True
brendanwhite,False,False,False,False,False,False,False,False,True
pennmurfee,False,False,False,False,False,False,False,False,True
burchsmith,False,False,False,False,False,False,False,False,True
antoinekelly,False,False,False,False,False,False,False,False,True
gersonmoreno,False,False,False,False,False,False,False,False,True
joebarlow,False,False,False,False,False,False,False,False,True
laneramsey,False,False,False,False,False,False,False,False,True
emmanuelramirez,False,False,False,False,False,False,False,False,True
mattcarasiti,False,False,False,False,False,False,False,False,True
joelkuhnel,False,False,False,False,False,False,False,False,True
sethmartinez,False,False,False,False,False,False,False,False,True
tylermatzek,False,False,False,False,False,False,False,False,True
tylerbeede,False,False,False,False,False,False,False,False,True
brandonhughes,False,False,False,False,False,False,False,False,True
dominicleone,False,False,False,False,False,False,False,False,True
hobieharris,False,False,False,False,False,False,False,False,True
granthartwig,False,False,False,False,False,False,False,False,True
stephennogosek,False,False,False,False,False,False,False,True,True
bryanmata,False,False,False,False,False,False,False,False,True
claytonandrews,False,False,False,False,False,False,False,False,True
luarbertarias,False,False,False,False,False,False,False,False,True
justingarza,False,False,False,False,False,False,False,False,True
yencyalmonte,False,False,False,False,False,False,False,False,True
ricardopinto,False,False,False,False,False,False,False,False,True
walterpennington,False,False,False,False,False,False,False,False,True
jacobbosiokovic,False,False,False,False,False,False,False,False,True
tannerburns,False,False,False,False,False,False,False,False,True
nickmikolajchak,False,False,False,False,False,False,False,False,True
mattbarnes,False,False,False,False,False,False,False,False,True
huascarynoa,False,False,False,False,False,False,False,False,True
skylarhales,False,False,False,False,False,False,False,False,True
mattbowman,False,False,False,False,False,False,False,False,True
brandonbielak,False,False,False,False,False,False,False,False,True
calebkilian,False,False,False,False,False,False,False,False,True
austindavis,False,False,False,False,False,False,False,False,True
nickrobertson,False,False,False,False,False,False,False,False,True
oliverortega,False,False,False,False,False,False,False,False,True
raymondburgos,False,False,False,False,False,False,False,False,True
joelyrodriguez,False,False,False,False,False,False,False,False,True
alexspeas,False,False,False,False,False,False,False,False,True
anthonygose,False,False,False,False,False,False,False,False,True
jesusliranzo,False,False,False,False,False,False,False,False,True
shintarofujinami,False,False,False,False,False,False,False,False,True
andrewwantz,False,False,False,False,False,False,False,False,True
evanreifert,False,False,False,False,False,False,False,False,True
jacobwaguespack,False,False,False,False,False,False,False,False,True
adamcimber,False,False,False,False,False,False,False,False,True
francispena,False,False,False,False,False,False,False,False,True
codybolton,False,False,False,False,False,False,False,False,True
nickavila,False,False,False,False,False,False,False,False,True
gerardoreyes,False,False,False,False,False,False,False,False,True
willbednar,False,False,False,False,False,False,False,False,True
jacobbarnes,False,False,False,False,False,False,False,False,True
andersonpilar,False,False,False,False,False,False,False,False,True
joanadon,False,False,False,False,False,False,False,False,True
zachjackson,False,False,False,False,False,False,False,False,True
juniorfernandez,False,False,False,False,False,False,False,False,True
ericpardinho,False,False,False,False,False,False,False,False,True
elieserhernandez,False,False,False,False,False,False,False,False,True
luisfrias,False,False,False,False,False,False,False,False,True
diegocastillo,False,False,False,False,False,False,False,False,True
luiscontreras,False,False,False,False,False,False,False,False,True
amoswillingham,False,False,False,False,False,False,False,False,True
andresmachado,False,False,False,False,False,False,False,False,True
parkerdunshee,False,False,False,False,False,False,False,False,True
jonathanhernandez,False,False,False,False,False,False,False,False,True
nickvespi,False,False,False,False,False,False,False,False,True
michaelflynn,False,False,False,False,False,False,False,False,True
erickmejia,False,False,False,False,False,False,False,False,True
helcrisolivarez,False,False,False,False,False,False,False,False,True
jacobwallace,False,False,False,False,False,False,False,False,True
denyireyes,False,False,False,False,False,False,False,False,True
brendancellucci,False,False,False,False,False,False,False,False,True
mattfoster,False,False,False,False,False,False,False,False,True
noahmurdock,False,False,False,False,False,False,False,False,True
nickhernandez,False,False,False,False,False,False,False,False,True
codypoteet,False,False,False,False,False,False,False,False,True
mattkoch,False,False,False,False,False,False,False,False,True
angelfelipe,False,False,False,False,False,False,False,False,True
nicknelson,False,False,False,False,False,False,False,False,True
toukitoussaint,False,False,False,False,False,False,False,False,True
ryanmiller,False,False,False,False,False,False,False,False,True
alanbusenitz,False,False,False,False,False,False,False,False,True
roybersalinas,False,False,False,False,False,False,False,False,True
loganallen,False,False,False,False,False,False,False,False,True
garrettmcdaniels,False,False,False,False,False,False,False,False,True
parkermushinski,False,False,False,False,False,False,False,False,True
emmanuelclase,False,False,False,False,False,False,False,False,True
reedgarrett,False,False,False,False,False,False,False,False,True
tylerowens,False,False,False,False,False,False,False,False,True
calebfreeman,False,False,False,False,False,False,False,False,True
beckway,False,False,False,False,False,False,False,False,True
darwinzonhernandez,False,False,False,False,False,False,False,False,True
raygaither,False,False,False,False,False,False,False,False,True
michaelgomez,False,False,False,False,False,False,False,False,True
blaircalvo,False,False,False,False,False,False,False,False,True
reissknehr,False,False,False,False,False,False,False,False,True
aneuryszabala,False,False,False,False,False,False,False,False,True
jorgejuan,False,False,False,False,False,False,False,False,True
reggiecrawford,False,False,False,False,False,False,False,False,True
jamesmeeker,False,False,False,False,False,False,False,False,True
shoheitomioka,False,False,False,False,False,False,False,False,True
evankravetz,False,False,False,False,False,False,False,False,True
austinkitchen,False,False,False,False,False,False,False,False,True
tylerbaum,False,False,False,False,False,False,False,False,True
jessehahn,False,False,False,False,False,False,False,False,True
stevieemanuels,False,False,False,False,False,False,False,False,True
bradyfeigl,False,False,False,False,False,False,False,False,True
tannerdodson,False,False,False,False,False,False,False,False,True
andrewmoore,False,False,False,False,False,False,False,False,True
albertobaldonado,False,False,False,False,False,False,False,False,True
gerardocarrillo,False,False,False,False,False,False,False,False,True
sandygaston,False,False,False,False,False,False,False,False,True
tannerkohlhepp,False,False,False,False,False,False,False,False,True
reinerlopez,False,False,False,False,False,False,False,False,True
natewebb,False,False,False,False,False,False,False,False,True
luispena,False,False,False,False,False,False,False,False,True
josepaulino,False,False,False,False,False,False,False,False,True
luisperdomo,False,False,False,False,False,False,False,False,True
jorgerodriguez,False,False,False,False,False,False,False,False,True
carlosduran,False,False,False,False,False,False,False,False,True
janeromiller,False,False,False,False,False,False,False,False,True
dylanlesko,False,False,False,False,False,False,False,False,True
raimongomez,False,False,False,False,False,False,False,False,True
rhettkouba,False,False,False,False,False,False,False,False,True
brannelifranco,False,False,False,False,False,False,False,False,True
alexanderalberto,False,False,False,False,False,False,False,False,True
drewsmyly,False,False,False,False,False,False,False,False,True
willsmith,False,False,False,False,False,False,False,False,True
joekelly,False,False,False,False,False,False,False,False,True
jakediekman,False,False,False,False,False,False,False,False,True
bryanshaw,False,False,False,False,False,False,False,False,True
josecisnero,False,False,False,False,False,False,False,False,True
danielhudson,False,False,False,False,False,False,False,False,True
jayjackson,False,False,False,False,False,False,False,False,True
austinpruitt,False,False,False,False,False,False,False,False,True
wilkingrodriguez,False,False,False,False,False,False,False,False,True
mattmoore,False,False,False,False,False,False,False,False,True
nickramirez,False,False,False,False,False,False,False,False,True
chaseanderson,False,False,False,False,False,False,False,False,True
mattandriese,False,False,False,False,False,False,False,False,True
tayronguerrero,False,False,False,False,False,False,False,False,True
thayronliranzo,True,False,False,False,False,False,True,False,False
blakesabol,True,False,False,False,False,False,True,False,False
erichaase,True,False,False,False,False,False,True,False,False
samhuff,True,False,False,False,False,False,True,False,False
logandriscoll,True,False,False,False,False,False,True,False,False
carlosperez,True,False,False,False,False,False,True,False,False
diegocartaya,True,False,False,False,False,False,True,False,False
omarnarvaez,True,False,False,False,False,False,True,False,False
loganporter,True,False,False,False,False,False,True,False,False
bryanlavastida,True,False,False,False,False,False,True,False,False
alisanchez,True,False,False,False,False,False,True,False,False
jaircamargo,True,False,False,False,False,False,True,False,False
austinnola,True,False,False,False,False,False,True,False,False
martinmaldonado,True,False,False,False,False,False,True,False,False
robbrantly,True,False,False,False,False,False,True,False,False
abrahangutierrez,True,False,False,False,False,False,True,False,False
chadwallach,True,False,False,False,False,False,True,False,False
tuckerbarnhart,True,False,False,False,False,False,True,False,False
brianserven,True,False,False,False,False,False,True,False,False
blakemitchell,True,False,False,False,False,False,True,False,False
kevinparada,True,False,False,False,False,False,True,False,False
andyyerzy,True,False,False,False,False,False,True,False,False
ericyang,True,False,False,False,False,False,True,False,False
ikeirish,True,True,False,False,False,True,True,False,False
yasmanigrandal,True,False,False,False,False,False,True,False,False
yangomes,True,False,False,False,False,False,True,False,False
sebyzavala,True,False,False,False,False,False,True,False,False
curtcasali,True,False,False,False,False,False,True,False,False
pabloaliendo,True,True,False,False,False,False,True,False,False
chrisokey,True,False,False,False,False,False,True,False,False
calebknight,True,False,False,False,False,False,True,False,False
christianbethancourt,True,False,False,False,False,False,True,False,False
kylemccann,True,False,False,False,False,False,True,False,False
andrewknapp,True,False,False,False,False,False,True,False,False
franciscomejia,True,False,False,False,False,False,True,False,False
jaksonreetz,True,False,False,False,False,False,True,False,False
renepinto,True,False,False,False,False,False,True,False,False
antoniogomez,True,False,False,False,False,False,True,False,False
miguelpalma,True,False,False,False,False,False,True,False,False
enriquejimenez,True,True,False,False,False,False,True,False,False
alfredoduno,True,False,False,False,False,False,True,False,False
daiversongutierrez,True,False,False,False,False,False,True,False,False
malcolmmoore,True,False,False,False,False,False,True,False,False
grantkoch,True,False,False,False,False,False,True,False,False
carloslinarez,True,False,False,False,False,False,True,False,False
yovannyrodriguez,True,False,False,False,False,False,True,False,False
franklinrojas,True,False,False,False,False,False,True,False,False
yohendrysanchez,True,False,False,False,False,False,True,False,False
davidbanuelos,True,False,False,False,False,False,True,False,False
wadestauss,True,False,False,False,False,False,True,False,False
walkerjanek,True,False,False,False,False,False,True,False,False
caleblomavita,True,False,False,False,False,False,True,False,False
davidrodriguez,True,False,False,False,False,False,True,False,False
carlosmartinez,True,False,False,False,False,False,True,False,False
eduardotait,True,False,False,False,False,False,True,False,False
rainielrodriguez,True,False,False,False,False,False,True,False,False
cadenbodine,True,False,False,False,False,False,True,False,False
lukestevenson,True,False,False,False,False,False,True,False,False
ronaldohernandez,True,False,False,False,False,False,True,False,False
mylesnaylor,False,False,False,False,True,False,True,False,False
brandonwinokur,False,False,False,True,True,True,True,False,False
gabrielrodriguez,False,False,False,False,True,False,True,False,False
malcomnunez,False,True,False,False,True,False,True,False,False
luisverdugo,False,True,False,False,True,False,True,False,False
yuniorseverino,False,False,False,False,True,False,True,False,False
luisdelossantos,False,False,False,False,True,False,True,False,False
armandoalvarez,False,False,False,False,True,False,True,False,False
charlesleblanc,False,True,False,False,True,False,True,False,False
graekessinger,False,False,False,False,True,False,True,False,False
miguelsano,False,False,False,False,True,False,True,False,False
dannymendick,False,False,False,False,True,False,True,False,False
coletucker,False,False,False,False,True,False,True,False,False
davidbote,False,False,False,False,True,False,True,False,False
davidfletcher,False,False,True,False,True,False,True,False,False
ehireadrianza,False,False,False,False,True,False,True,False,False
diegocastillo1,False,False,False,True,True,False,True,False,False
jacklopez,False,False,False,True,True,False,True,False,False
mikebrosseau,False,False,False,False,True,False,True,False,False
haroldcastro,False,False,False,True,True,False,True,False,False
austinshenton,False,True,False,False,True,False,True,False,False
jamesnelson,False,False,False,False,True,False,True,False,False
maikelfranco,False,False,False,False,True,False,True,False,False
alexmcfarlane,False,False,False,False,False,False,False,True,True
dariusvines,False,False,False,False,False,False,False,True,False
tylerblack,False,True,False,False,False,True,True,False,False
nicksogard,False,True,True,False,True,False,True,False,False
tyleraustin,False,False,False,False,False,True,True,False,False
deyvisondelossantos,False,True,False,False,True,False,True,False,False
davisdaniel,False,False,False,False,False,False,False,True,True
shanepanzini,False,False,False,False,False,False,False,True,True
alejandrohidalgo,False,False,False,False,False,False,False,True,False
druehackenberg,False,False,False,False,False,False,False,True,False
tommymace,False,False,False,False,False,False,False,True,True
michaelmorales,False,False,False,False,False,False,False,True,False
brockselvidge,False,False,False,False,False,False,False,True,False
peterheubeck,False,False,False,False,False,False,False,True,False
alexsantosii,False,False,False,False,False,False,False,True,False
anthonysolometo,False,False,False,False,False,False,False,True,False
masonalbright,False,False,False,False,False,False,False,True,False
victorlizarraga,False,False,False,False,False,False,False,True,False
asalacy,False,False,False,False,False,False,False,True,False
brendanbeck,False,False,False,False,False,False,False,True,False
jacobsteinmetz,False,False,False,False,False,False,False,True,False
owenmurphy,False,False,False,False,False,False,False,True,False
brandonbarriera,False,False,False,False,False,False,False,True,False
christianmcgowan,False,False,False,False,False,False,False,True,False
dylanfile,False,False,False,False,False,False,False,True,False
coleirvin,False,False,False,False,False,False,False,True,False
bryansammons,False,False,False,False,False,False,False,True,False
domingogerman,False,False,False,False,False,False,False,True,False
humbertocastellanos,False,False,False,False,False,False,False,True,False
tjsikkema,False,False,False,False,False,False,False,True,True
joshrogers,False,False,False,False,False,False,False,True,False
jackoloughlin,False,False,False,False,False,False,False,True,True
sixtosanchez,False,False,False,False,False,False,False,True,False
daultonjefferies,False,False,False,False,False,False,False,True,False
thaddeusward,False,False,False,False,False,False,False,True,True
logangillaspie,False,False,False,False,False,False,False,True,True
kyletyler,False,False,False,False,False,False,False,True,True
hyunilchoi,False,False,False,False,False,False,False,True,True
yormangomez,False,False,False,False,False,False,False,True,False
rossstripling,False,False,False,False,False,False,False,True,False
lancelynn,False,False,False,False,False,False,False,True,False
brandonbirdsell,False,False,False,False,False,False,False,True,False
richhill,False,False,False,False,False,False,False,True,False
gersongarabito,False,False,False,False,False,False,False,True,False
kylebrnovich,False,False,False,False,False,False,False,True,False
tyblach,False,False,False,False,False,False,False,True,False
jimmyendersby,False,False,False,False,False,False,False,True,False
tuckerdavidson,False,False,False,False,False,False,False,True,False
aaronbrooks,False,False,False,False,False,False,False,True,False
deivigarcia,False,False,False,False,False,False,False,True,False
davidbuchanan,False,False,False,False,False,False,False,True,False
dakotahudson,False,False,False,False,False,False,False,True,False
jamespaxton,False,False,False,False,False,False,False,True,False
johnmeans,False,False,False,False,False,False,False,True,False
julioteheran,False,False,False,False,False,False,False,True,False
johnnycueto,False,False,False,False,False,False,False,True,False
alexwood,False,False,False,False,False,False,False,True,False
luisfcastillo,False,False,False,False,False,False,False,True,False
yonnychirinos,False,False,False,False,False,False,False,True,False
dallaskeuchel,False,False,False,False,False,False,False,True,False
braylondoughty,False,False,False,False,False,False,False,True,False
marcogonzales,False,False,False,False,False,False,False,True,False
hyunjinryu,False,False,False,False,False,False,False,True,False
paoloespino,False,False,False,False,False,False,False,True,False
aaronwilkerson,False,False,False,False,False,False,False,True,False
miguelyajure,False,False,False,False,False,False,False,True,False
kennyrosenberg,False,False,False,False,False,False,False,True,False
adamoller,False,False,False,False,False,False,False,True,False
zachplesac,False,False,False,False,False,False,False,True,False
mattthompson,False,False,False,False,False,False,False,True,False
jonathanbermudez,False,False,False,False,False,False,False,True,False
blairhenley,False,False,False,False,False,False,False,True,False
brandonleibrandt,False,False,False,False,False,False,False,True,False
humbertomejia,False,False,False,False,False,False,False,True,False
andersonespinoza,False,False,False,False,False,False,False,True,False
lachlanwells,False,False,False,False,False,False,False,True,False
dinelsonlamet,False,False,False,False,False,False,False,True,False
justinarmbruester,False,False,False,False,False,False,False,True,False
tyfloyd,False,False,False,False,False,False,False,True,False
joshknoth,False,False,False,False,False,False,False,True,False
jetermartinez,False,False,False,False,False,False,False,True,False
noblemeyer,False,False,False,False,False,False,False,True,False
charleesoto,False,False,False,False,False,False,False,True,False
isaaccoffey,False,False,False,False,False,False,False,True,False
chandlerchamplain,False,False,False,False,False,False,False,True,False
humbertocruz,False,False,False,False,False,False,False,True,False
jacksonferris,False,False,False,False,False,False,False,True,False
camcaminiti,False,False,False,False,False,False,False,True,False
kashmayfield,False,False,False,False,False,False,False,True,False
levisterling,False,False,False,False,False,False,False,True,False
brodybrecht,False,False,False,False,False,False,False,True,False
hyunseokjang,False,False,False,False,False,False,False,True,False
botakahashi,False,False,False,False,False,False,False,True,False
arieljurado,False,False,False,False,False,False,False,True,False
ryansloan,False,False,False,False,False,False,False,True,False
kruzschoolcraft,False,False,False,False,False,False,False,True,False
gagewood,False,False,False,False,False,False,False,True,False
zachroot,False,False,False,False,False,False,False,True,False
jamiearnold,False,False,False,False,False,False,False,True,False
rileyquick,False,False,False,False,False,False,False,True,False
patrickforbes,False,False,False,False,False,False,False,True,False
marcusphillips,False,False,False,False,False,False,False,True,False
kysonwitherspoon,False,False,False,False,False,False,False,True,False
luisortiz1,False,False,False,False,False,False,False,True,False
yordannymonegro,False,False,False,False,False,False,False,True,False
miguelmendez,False,False,False,False,False,False,False,True,False
khalstephen,False,False,False,False,False,False,False,True,False
karsonmilbrandt,False,False,False,False,False,False,False,True,False
enmanuelvaldez,False,True,False,False,False,False,True,False,False
tremorgan,False,True,False,False,False,False,True,False,False
billycook,False,True,False,False,False,True,True,False,False
luisguillorme,False,False,True,False,True,False,True,False,False
yoeilincespedes,False,False,True,False,False,False,True,False,False
mitchvoit,False,False,True,False,False,False,True,False,False
angelguzman,False,False,True,False,False,False,True,False,False
kyledebarge,False,False,True,True,False,False,True,False,False
aroonescobar,False,False,True,False,False,False,True,False,False
jacobgonzalez,False,False,True,True,False,False,True,False,False
jacobberry,False,False,True,False,True,True,True,False,False
gregjones,False,False,True,False,False,True,True,False,False
michaeltoglia,False,True,False,False,False,False,True,False,False
yiddicappe,False,False,True,False,False,False,True,False,False
kevinmade,False,False,True,True,False,False,True,False,False
felixmorrobel,False,False,True,True,False,False,True,False,False
jddix,False,False,True,False,False,False,True,False,False
christiancairo,False,False,True,False,True,True,True,False,False
jordandiaz,False,False,True,False,False,False,True,False,False
josedevers,False,False,True,False,False,False,True,False,False
juliocarreras,False,False,True,False,True,False,True,False,False
joeywendle,False,False,True,False,False,False,True,False,False
mattduffy,False,False,True,False,False,False,True,False,False
jamiewestbrook,False,False,True,False,True,False,True,False,False
whitmerrifield,False,False,True,False,False,False,True,False,False
darrenbaker,False,False,True,False,False,True,True,False,False
nickgordon,False,False,True,False,False,False,True,False,False
tonykemp,False,False,True,False,False,False,True,False,False
zachremillard,False,False,True,False,False,False,True,False,False
nikogoodrum,False,False,True,True,False,False,True,False,False
victoracosta,False,False,True,False,False,False,True,False,False
luisguerrero,False,False,True,False,False,False,True,False,False
timelko,False,True,False,False,False,False,True,False,False
donovansolano,False,True,False,False,False,False,True,False,False
abrahamtoro,False,True,False,False,False,False,True,False,False
nikokavadas,False,True,False,False,False,False,True,False,False
yuligurriel,False,False,False,False,False,False,True,False,False
ralphyvelazquez,False,True,False,False,False,False,True,False,False
leodevries,False,False,False,True,False,False,True,False,False
paytoneeles,False,False,True,True,False,True,True,False,False
aaronschunk,False,False,True,True,False,False,True,False,False
lioverpeguero,False,True,False,True,False,False,True,False,False
lukewilliams,False,False,False,True,False,False,True,False,False
cameroncauley,False,False,True,True,False,True,True,False,False
bradenshewmake,False,False,False,True,False,False,True,False,False
richiemartin,False,False,False,True,True,False,True,False,False
daviswendzel,False,False,False,True,False,False,True,False,False
jesusmade,False,False,False,True,False,False,True,False,False
bobseymour,False,True,False,False,False,False,True,False,False
carterkieboom,False,True,False,False,False,False,True,False,False
mattmervis,False,True,False,False,False,False,True,False,False
yohandymorales,False,True,False,False,True,False,True,False,False
joeymeneses,False,True,False,False,False,False,True,False,False
ryannoda,False,True,False,False,False,True,True,False,False
logandavidson,False,True,False,False,False,False,True,False,False
damianopalmegiani,False,True,False,False,True,False,True,False,False
davidvillar,False,True,False,False,False,False,True,False,False
blazejordan,False,True,False,False,True,False,True,False,False
alexbinelas,False,True,False,False,False,False,True,False,False
victorbericoto,False,True,False,False,False,True,True,False,False
jonsingleton,False,True,False,False,False,False,True,False,False
bobbydalbec,False,True,False,True,False,False,True,False,False
ivanmelendez,False,True,False,False,False,False,True,False,False
aaronsabato,False,True,False,False,False,False,True,False,False
wesclarke,False,True,False,False,False,False,True,False,False
kestonhiura,False,True,False,False,False,False,True,False,False
blakeburke,False,True,False,False,False,False,True,False,False
tristinenglish,False,True,False,False,False,False,True,False,False
camcollier,False,True,False,False,True,False,True,False,False
nicksolak,False,True,True,False,False,False,True,False,False
nathanhickey,False,True,False,False,False,False,True,False,False
josesalas,False,True,True,False,False,False,True,False,False
eduardoherrera,False,True,False,False,False,False,True,False,False
matthewbatten,False,True,False,False,True,False,True,False,False
briananderson,False,True,False,False,False,False,True,False,False
tylernevin,False,True,False,False,False,False,True,False,False
micahpries,False,True,False,False,False,False,True,False,False
andrelipcius,False,True,True,False,False,False,True,False,False
davidhensley,False,True,False,False,False,False,True,False,False
joseabreu,False,True,False,False,False,False,True,False,False
anthonyrizzo,False,True,False,False,False,False,True,False,False
blighmadris,False,True,False,False,False,False,True,False,False
treymancini,False,True,False,False,False,False,True,False,False
joeygallo,False,True,False,False,False,False,True,False,False
patrickwisdom,False,True,False,False,False,False,True,False,False
jasonvosler,False,True,False,False,False,False,True,False,False
jaredwalsh,False,True,False,False,False,False,True,False,False
brandondrury,False,True,False,False,False,False,True,False,False
juanyepez,False,True,False,False,False,False,True,False,False
elehurismontero,False,True,False,False,False,False,True,False,False
lewindiaz,False,True,False,False,False,False,True,False,False
garrettcooper,False,True,False,False,False,False,True,False,False
nickpratto,False,True,False,False,False,False,True,False,False
edwinrios,False,True,False,False,False,False,True,False,False
mikeford,False,True,False,False,False,False,True,False,False
milantolentino,False,False,True,True,True,False,True,False,False
kevinsmith,False,False,False,True,False,False,True,False,False
osleivisbasabe,False,False,True,True,True,False,True,False,False
levijordan,False,False,False,True,True,False,True,False,False
chadstevens,False,False,True,True,True,False,True,False,False
jeremyrodriguez,False,False,True,True,True,False,True,False,False
joendryvargas,False,False,False,True,True,False,True,False,False
yolfrancastillo,False,False,False,True,True,False,True,False,False
emiliosanchez,False,False,False,True,True,False,True,False,False
calebbonemer,False,False,False,True,True,False,True,False,False
robertocampos,False,False,False,False,False,True,True,False,False
bryandelacruz,False,False,False,False,False,True,True,False,False
jaisonchourio,False,False,False,False,False,True,True,False,False
samhilliard,False,False,False,False,False,True,True,False,False
eduardoquintero,False,False,False,False,False,True,True,False,False
cavanbiggio,False,False,False,False,False,True,True,False,False
kevinpillar,False,False,False,False,False,True,True,False,False
hudsonhaskin,False,False,False,False,False,True,True,False,False
carlosjorge,False,False,False,False,False,True,True,False,False
dazcameron,False,False,False,False,False,True,True,False,False
aaronzavala,False,False,False,False,False,True,True,False,False
seanbouchard,False,False,False,False,False,True,True,False,False
michaelataylor,False,False,False,False,False,True,True,False,False
josuedepaula,False,False,False,False,False,True,True,False,False
ivanjohnson,False,False,False,False,False,True,True,False,False
joseazocar,False,False,False,False,False,True,True,False,False
samuelzavala,False,False,False,False,False,True,True,False,False
tylermcdonough,False,False,False,True,False,True,True,False,False
eduardogarcia,False,False,False,True,False,True,True,False,False
dernichevaldez,False,False,False,True,False,True,True,False,False
mattgorski,False,True,False,False,False,True,True,False,False
charlieblackmon,False,False,False,False,False,True,True,False,False
robbiegrossman,False,False,False,False,False,True,True,False,False
sandrofabian,False,False,False,False,False,True,True,False,False
connercapel,False,False,False,False,False,True,True,False,False
treycabbage,False,False,False,False,False,True,True,False,False
djstewart,False,False,False,False,False,True,True,False,False
forrestwall,False,False,False,False,False,True,True,False,False
adamduvall,False,False,False,False,False,True,True,False,False
alexkirilloff,False,False,False,False,False,True,True,False,False
jakecave,False,False,False,False,False,True,True,False,False
kevinkiermaier,False,False,False,False,False,True,True,False,False
davidperalta,False,False,False,False,False,True,True,False,False
stonegarrett,False,False,False,False,False,True,True,False,False
jpmartinez,False,False,False,False,False,True,True,False,False
bubbathompson,False,False,False,False,False,True,True,False,False
mitchhaniger,False,False,False,False,False,True,True,False,False
daviddahl,False,False,False,False,False,True,True,False,False
ryanmckenna,False,False,False,False,False,True,True,False,False
aaronhicks,False,False,False,False,False,True,True,False,False
avisailgarcia,False,False,False,False,False,True,True,False,False
elierhernandez,False,False,False,False,False,True,True,False,False
moisesgomez,False,False,False,False,False,True,True,False,False
mattfraizer,False,False,False,False,False,True,True,False,False
carlosdelacruz,False,False,False,False,False,True,True,False,False
dasanbrown,False,False,False,False,False,True,True,False,False
franmilreyes,False,False,False,False,False,True,True,False,False
ethanwilson,False,False,False,False,False,True,True,False,False
sammysiani,False,False,False,False,False,True,True,False,False
oscarcolas,False,False,False,False,False,True,True,False,False
dalvyrosario,False,False,False,False,False,True,True,False,False
franchycordero,False,False,False,False,False,True,True,False,False
zachdeloach,False,False,False,False,False,True,True,False,False
yonathanperlaza,False,False,False,False,False,True,True,False,False
miguelbleis,False,False,False,False,False,True,True,False,False
calstevenson,False,False,False,False,False,True,True,False,False
jimmyherron,False,False,False,False,False,True,True,False,False
estevanflorial,False,False,False,False,False,True,True,False,False
quincyhamilton,False,False,False,False,False,True,True,False,False
edwardolivares,False,False,False,False,False,True,True,False,False
tylergentry,False,False,False,False,False,True,True,False,False
colecarrigg,False,False,False,False,False,True,True,False,False
cooperhummel,False,False,False,False,False,True,True,False,False
bengamel,False,False,False,False,False,True,True,False,False
bennymontgomery,False,False,False,False,False,True,True,False,False
rafaelortega,False,False,False,False,False,True,True,False,False
justicebigbie,False,False,False,False,False,True,True,False,False
colinbarber,False,False,False,False,False,True,True,False,False
judfabian,False,False,False,False,False,True,True,False,False
chasedavis,False,False,False,False,False,True,True,False,False
reedtrimble,False,False,False,False,False,True,True,False,False
eddyalvarez,False,False,False,False,False,True,True,False,False
rafaelmorel,False,False,False,False,False,True,True,False,False
anthonygarcia,False,False,False,False,False,True,True,False,False
brockjones,False,False,False,False,False,True,True,False,False
eloyjimenez,False,False,False,False,False,True,True,False,False
jacobhurtubise,False,False,False,False,False,True,True,False,False
jordynadams,False,False,False,False,False,True,True,False,False
gregallen,False,False,False,False,False,True,True,False,False
drewavans,False,False,False,False,False,True,True,False,False
nelsonvelazquez,False,False,False,False,False,True,True,False,False
yopheryrodriguez,False,False,False,False,False,True,True,False,False
pabloreyes,False,False,False,False,False,True,True,False,False
esmilvalencia,False,False,False,False,False,True,True,False,False
gianzapata,False,False,False,False,False,True,True,False,False
adolfosanchez,False,False,False,False,False,True,True,False,False
luisgonzalez,False,False,False,False,False,True,True,False,False
paulinosantana,False,False,False,False,False,True,True,False,False
adrielradney,False,False,False,False,False,True,True,False,False
robertarias,False,False,False,False,False,True,True,False,False
druwjones,False,False,False,False,False,True,True,False,False
victorhurtado,False,False,False,False,False,True,True,False,False
elijahgreen,False,False,False,False,False,True,True,False,False
leonardopineda,False,False,False,False,False,True,True,False,False
cristhianvaquero,False,False,False,False,False,True,True,False,False
yassermercedes,False,False,False,False,False,True,True,False,False
alexanderramirez,False,False,False,False,False,True,True,False,False
edwardlantigua,False,False,False,False,False,True,True,False,False
justinboyd,False,False,False,False,False,True,True,False,False
eduardobeltre,False,False,False,False,False,True,True,False,False
chrisroller,False,False,False,False,False,True,True,False,False
raynerarias,False,False,False,False,False,True,True,False,False
jamestibbsiii,False,False,False,False,False,True,True,False,False
luiscova,False,False,False,False,False,True,True,False,False
franciscovilorio,False,False,False,False,False,True,True,False,False
robertcalaz,False,False,False,False,False,True,True,False,False
stivenmartinez,False,False,False,False,False,True,True,False,False
andresarias,False,False,False,False,False,True,True,False,False
jonnyfarmelo,False,False,False,False,False,True,True,False,False
aidansmith,False,False,False,False,False,True,True,False,False
kendallgeorge,False,False,False,False,False,True,True,False,False
pjmorlando,False,False,False,False,False,True,True,False,False
luisguanipa,False,False,False,False,False,True,True,False,False
braylonpayne,False,False,False,False,False,True,True,False,False
brailerguerrero,False,False,False,False,False,True,True,False,False
theogillen,False,False,False,False,False,True,True,False,False
dillonhead,False,False,False,False,False,True,True,False,False
arnaldolantigua,False,False,False,False,False,True,True,False,False
vancehoneycutt,False,False,False,False,False,True,True,False,False
travisblankenhorn,False,False,False,False,False,True,True,False,False
dantenori,False,False,False,False,False,True,True,False,False
brandomayea,False,False,False,False,False,True,True,False,False
sladecaldwell,False,False,False,False,False,True,True,False,False
zyhirhope,False,False,False,False,False,True,True,False,False
mikesirota,False,False,False,False,False,True,True,False,False
ethanconrad,False,False,False,False,False,True,True,False,False
camcannarella,False,False,False,False,False,True,True,False,False
brendansummerhill,False,False,False,False,False,True,True,False,False
jacelaviolette,False,False,False,False,False,True,True,False,False
charlesdavalan,False,False,False,False,False,True,True,False,False
edwardflorentino,False,False,False,False,False,True,True,False,False
nategeorge,False,False,False,False,False,True,True,False,False
nickmartini,False,False,False,False,False,True,True,False,False
taipeete,False,False,False,False,False,True,True,False,False
andrewsalas,False,False,False,False,False,True,True,False,False
calconley,False,False,True,True,False,False,True,False,False
yonnyhernandez,False,False,True,True,False,False,True,False,False
jacepeterson,False,False,False,True,False,False,True,False,False
livansoto,False,False,True,True,False,False,True,False,False
yordysvaldes,False,False,True,True,False,False,True,False,False
lukewaddell,False,False,True,True,False,False,True,False,False
fernandocruz1,False,False,True,True,False,False,True,False,False
griffoferrall,False,False,True,True,False,False,True,False,False
tatesouthisene,False,False,True,True,False,False,True,False,False
gavinkilen,False,False,True,True,False,False,True,False,False
jonathanornelas,False,False,False,True,False,False,True,False,False
nickahmed,False,False,False,True,False,False,True,False,False
cristianhernandez,False,False,False,True,False,False,True,False,False
aeversonarteaga,False,False,False,True,False,False,True,False,False
angelgenao,False,False,False,True,False,False,True,False,False
jacobamaya,False,False,False,True,False,False,True,False,False
freddyzamora,False,False,False,True,False,False,True,False,False
alantrejo,False,False,False,True,False,False,True,False,False
wanderfranco,False,False,False,True,False,False,True,False,False
edwinarroyo,False,False,False,True,False,False,True,False,False
zackshort,False,False,False,True,False,False,True,False,False
georgelombardjr,False,False,False,True,False,False,True,False,False
jacksoncluff,False,False,False,True,False,False,True,False,False
rodolfocastro,False,False,False,True,False,False,True,False,False
eguyrosario,False,False,False,True,False,False,True,False,False
aledmysdiaz,False,False,False,True,False,False,True,False,False
brandoncrawford,False,False,False,True,False,False,True,False,False
drewswift,False,False,False,True,False,False,True,False,False
luisgarcia1,False,False,False,True,False,False,True,False,False
edhoward,False,False,False,True,False,False,True,False,False
roderickarias,False,False,False,True,False,False,True,False,False
welbynfrancisca,False,False,False,True,False,False,True,False,False
cooperpratt,False,False,False,True,False,False,True,False,False
starlyncaba,False,False,False,True,False,False,True,False,False
felnincelesten,False,False,False,True,False,False,True,False,False
arjunnimmala,False,False,False,True,False,False,True,False,False
adriansantana,False,False,False,True,False,False,True,False,False
sergioalcantara,False,False,False,True,False,False,True,False,False
daiberdelossantos,False,False,False,True,False,False,True,False,False
jorgequintana,False,False,False,True,False,False,True,False,False
emilmorales,False,False,False,True,False,False,True,False,False
joseperdomo,False,False,False,True,False,False,True,False,False
yandelricardo,False,False,False,True,False,False,True,False,False
ashlyandujar,False,False,False,True,False,False,True,False,False
angelfeliz,False,False,False,True,False,False,True,False,False
jhonnylevel,False,False,False,True,False,False,True,False,False
edgarmontero,False,False,False,True,False,False,True,False,False
joswalugo,False,False,False,True,False,False,True,False,False
seaverking,False,False,False,True,False,False,True,False,False
brycerainer,False,False,False,True,False,False,True,False,False
kellonlindsey,False,False,False,True,False,False,True,False,False
wehiwaaloy,False,False,False,True,False,False,True,False,False
franklinarias,False,False,False,True,False,False,True,False,False
kaysoncunningham,False,False,False,True,False,False,True,False,False
billycarlson,False,False,False,True,False,False,True,False,False
daxkilby,False,False,False,True,False,False,True,False,False
ethanholliday,False,False,False,True,False,False,True,False,False
gavinfien,False,False,False,False,False,False,True,False,False
josuardejesusgonzalez,False,False,False,True,False,False,True,False,False
eliwillits,False,False,False,True,False,False,True,False,False
aivaarquette,False,False,False,True,False,False,True,False,False
marekhouston,False,False,False,True,False,False,True,False,False
mattcarpenter,False,False,False,False,False,False,True,False,False
jdmartinez,False,False,False,False,False,False,True,False,False
danielvogelbach,False,False,False,False,False,False,True,False,False
williecalhoun,False,False,False,False,False,False,True,False,False
haroldramirez,False,False,False,False,False,False,True,False,False
jacksonmiller,False,False,False,False,False,False,True,False,False
xavierisaac,False,False,False,False,False,False,True,False,False
trentonbrooks,False,False,False,False,False,False,True,False,False
lukenbaker,False,False,False,False,False,False,True,False,False
jackgurevitch,False,True,False,False,False,False,True,False,False
haroldrivas,False,False,False,False,False,True,True,False,False
doriansoto,False,False,False,True,False,False,True,False,False
carsondemartini,False,False,False,True,True,False,True,False,False
alimbersanta,False,False,False,False,False,False,False,False,True
natepayne,False,False,False,False,False,False,False,True,False
gerelmimaldonado,False,False,False,False,False,False,False,True,False
joseolivares,False,False,False,False,False,False,False,True,False
ivanluciano,True,False,False,False,False,False,True,False,False
devinsaltiban,False,False,False,False,False,True,True,False,False
ixanhenderson,False,False,False,False,False,False,False,True,False
tjrumfield,False,False,False,False,True,False,True,False,False
nestorgerman,False,False,False,False,False,False,False,True,False
leviwells,False,False,False,False,False,False,False,True,False
ryanwideman,False,False,False,False,False,True,True,False,False
jancelvillarroel,True,False,False,False,False,True,True,False,False
austincharles,False,False,False,True,True,False,True,False,False
ronnycruz,False,False,False,True,False,False,True,False,False
adamserwinowski,False,False,False,False,False,False,False,True,False
tannerthach,False,True,False,False,False,False,True,False,False
georgewolkow,False,False,False,False,False,True,True,False,False
jakecook,False,False,False,False,False,True,True,False,False
nickdumesnil,False,False,False,False,False,True,True,False,False
brycemayer,False,False,False,False,False,False,False,True,False
