,tjid,fgId,espnId,NameASCII,fp_atc,fp_alt,alt-atc,fp_avg,fp_e,atc-e
0,shoheiohtani,19755,39832,Shohei Ohtani,1019.9965199999999,1083.17852,63.18200000000013,1051.58752,457.0,562.9965199999999
1,aaronjudge,15640,33192,Aaron Judge,687.78222,695.5330580000001,7.750838000000044,691.657639,776.0,-88.21777999999995
2,juansoto,20123,36969,Juan Soto,664.6596769999999,648.990736,-15.668940999999904,656.8252064999999,721.0,-56.340323000000126
3,tarikskubal,22267,42409,Tarik Skubal,600.87369,658.5,57.62630999999999,629.686845,671.0,-70.12630999999999
4,bobbywittjr,25764,42403,Bobby Witt Jr.,617.4611400000001,638.9069199999999,21.445779999999786,628.18403,672.0,-54.538859999999886
5,corbincarroll,25878,42404,Corbin Carroll,609.9329,603.41797,-6.514930000000049,606.675435,643.0,-33.06709999999998
6,paulskenes,33677,4719507,Paul Skenes,559.327035,625.5,66.17296499999998,592.4135175,615.0,-55.67296499999998
7,joseramirez,13510,32801,Jose Ramirez,596.0797200000001,582.62679,-13.452930000000038,589.353255,647.0,-50.920279999999934
8,kyleschwarber,16478,33712,Kyle Schwarber,588.4025300000001,586.6355080000001,-1.7670219999999972,587.5190190000001,652.0,-63.59746999999993
9,garrettcrochet,27463,4297835,Garrett Crochet,549.30331,612.5,63.19668999999999,580.901655,642.5,-93.19668999999999
10,ronaldacunajr,18401,36185,Ronald Acuna Jr.,575.8637600000001,582.79905,6.935289999999895,579.331405,603.0,-27.13623999999993
11,fernandotatisjr,19709,35983,Fernando Tatis Jr.,572.35662,579.0365400000001,6.679920000000038,575.69658,595.0,-22.64337999999998
12,vladimirguerrerojr,19611,35002,Vladimir Guerrero Jr.,566.852096,583.1779300000001,16.3258340000001,575.015013,576.0,-9.14790400000004
13,edwindiaz,14710,35394,Edwin Diaz,585.738,557.0,-28.738000000000056,571.369,587.0,-1.2619999999999436
14,kyletucker,18345,34967,Kyle Tucker,579.0163600000001,562.41743,-16.59893000000011,570.716895,589.0,-9.983639999999923
15,juliorodriguez,23697,41044,Julio Rodriguez,572.91777,567.6832499999999,-5.234520000000089,570.30051,604.0,-31.08222999999998
16,gunnarhenderson,26289,42507,Gunnar Henderson,570.8386399999999,550.67084,-20.167799999999943,560.75474,589.0,-18.16136000000006
17,ellydelacruz,26668,4917694,Elly De La Cruz,568.33852,546.53846,-21.80006000000003,557.43849,630.0,-61.66147999999998
18,franciscolindor,12916,32129,Francisco Lindor,559.7333,543.1243700000001,-16.608929999999873,551.428835,624.0,-64.26670000000001
19,calraleigh,21534,41292,Cal Raleigh,548.795885,541.0896829999999,-7.706202000000076,544.942784,627.0,-78.204115
20,bryanwoo,30279,4629089,Bryan Woo,515.39571,573.5,58.10428999999999,544.447855,500.5,14.895710000000008
21,brentrooker,19627,40926,Brent Rooker,540.33007,548.0947180000001,7.764648000000079,544.212394,562.0,-21.669930000000022
22,petealonso,19251,37498,Pete Alonso,536.8976399999999,539.5797,2.6820600000000923,538.23867,568.0,-31.10236000000009
23,masonmiller,31757,4730225,Mason Miller,539.1141,535.0,-4.114100000000008,537.05705,608.5,-69.38589999999999
24,juniorcaminero,28163,4905921,Junior Caminero,540.9116919999999,531.5449209999999,-9.366770999999972,536.2283064999999,554.0,-13.088308000000097
25,cristophersanchez,20778,42359,Cristopher Sanchez,495.43877,576.0,80.56123000000002,535.719385,568.5,-73.06123000000002
26,loganwebb,17995,41216,Logan Webb,517.46431,553.0,35.535690000000045,535.2321549999999,545.0,-27.535690000000045
27,ketelmarte,13613,32512,Ketel Marte,529.53017,538.1147500000001,8.584580000000074,533.8224600000001,522.0,7.530169999999998
28,rafaeldevers,17350,33859,Rafael Devers,533.73881,531.437495,-2.3013149999999314,532.5881525,559.0,-25.261190000000056
29,bryceharper,11579,30951,Bryce Harper,519.45474,522.73881,3.2840699999999288,521.096775,522.0,-2.5452599999999848
30,cadesmith,27867,4987924,Cade Smith,530.862655,510.0,-20.862655000000018,520.4313275,632.0,-101.13734499999998
31,jacksonchourio,28806,4917869,Jackson Chourio,526.0016300000001,514.38502,-11.616610000000037,520.1933250000001,555.0,-28.99836999999991
32,zachneto,31347,4666100,Zach Neto,521.64425,516.83155,-4.8127000000000635,519.2379000000001,534.0,-12.355749999999944
33,nickkurtz,35110,4966637,Nick Kurtz,529.67467,505.1191,-24.55556999999999,517.396885,608.0,-78.32533000000001
34,huntergreene,22182,39635,Hunter Greene,467.14223000000004,566.5,99.35776999999996,516.821115,459.0,8.14223000000004
35,jhoanduran,21029,41109,Jhoan Duran,536.7059700000001,496.5,-40.20597000000009,516.602985,562.5,-25.794029999999907
36,wyattlangford,33333,4719324,Wyatt Langford,516.3533900000001,513.97532,-2.3780700000000934,515.1643550000001,514.0,2.353390000000104
37,jameswood,29518,4918256,James Wood,517.55817,511.55602999999996,-6.002140000000054,514.5571,566.0,-48.44182999999998
38,mattolson,14344,32767,Matt Olson,528.7325639999999,497.725208,-31.007355999999902,513.228886,595.0,-66.26743600000009
39,joshhader,14212,32760,Josh Hader,514.34754,503.5,-10.84753999999998,508.92377,568.0,-53.65246000000002
40,jazzchisholmjr,20454,41433,Jazz Chisholm Jr.,514.32935,502.60111,-11.728239999999971,508.46523,526.0,-11.670650000000023
41,willyadames,15986,33675,Willy Adames,504.20880999999997,512.5903,8.381489999999985,508.39955499999996,521.0,-16.79119000000003
42,randyarozarena,19290,36488,Randy Arozarena,502.23645999999997,512.32463,10.088169999999991,507.28054499999996,568.0,-65.76354000000003
43,petecrowarmstrong,27769,4717833,Pete Crow-Armstrong,509.93766999999997,502.16706999999997,-7.770600000000002,506.05237,554.0,-44.06233000000003
44,treaturner,16252,33710,Trea Turner,510.37319,500.88048000000003,-9.492709999999988,505.626835,540.0,-29.626809999999978
45,dylancease,18525,34943,Dylan Cease,476.550975,533.0,56.449025000000006,504.7754875,467.0,9.550974999999994
46,hunterbrown,25880,4717803,Hunter Brown,493.47174500000006,515.5,22.028254999999945,504.4858725,511.5,-18.028254999999945
47,devinwilliams,15816,33224,Devin Williams,502.23380999999995,506.5,4.266190000000051,504.366905,484.5,17.73380999999995
48,davidbednar,19569,38303,David Bednar,499.841705,508.5,8.65829500000001,504.1708525,562.0,-62.15829500000001
49,yordanalvarez,19556,36018,Yordan Alvarez,488.01482,513.52484,25.510020000000054,500.76983,521.0,-32.985180000000014
50,freddiefreeman,5361,30193,Freddie Freeman,504.32186,491.56872599999997,-12.753134000000045,497.945293,519.0,-14.678139999999985
51,mookiebetts,13611,33039,Mookie Betts,507.75676,486.90779000000003,-20.84896999999995,497.332275,517.0,-9.243240000000014
52,maxfried,13743,32685,Max Fried,488.68827,505.5,16.81173000000001,497.094135,522.5,-33.81173000000001
53,andresmunoz,20373,40939,Andres Munoz,521.68145,468.0,-53.68145000000004,494.840725,556.5,-34.81854999999996
54,jesusluzardo,19959,39667,Jesus Luzardo,473.179155,514.0,40.82084500000002,493.5895775,532.0,-58.82084500000002
55,seiyasuzuki,30116,4142424,Seiya Suzuki,487.17650999999995,499.80478,12.628270000000043,493.490645,510.0,-22.82349000000005
56,mannymachado,11493,31097,Manny Machado,492.4223820000001,490.87632063,-1.546061370000075,491.64935131500005,551.0,-58.577617999999916
57,aroldischapman,10233,30442,Aroldis Chapman,487.19074,496.0,8.809259999999995,491.59537,544.0,-56.809259999999995
58,austinriley,18360,34982,Austin Riley,481.21508,495.27965000000006,14.06457000000006,488.24736500000006,487.0,-5.78492
59,rileygreene,25976,42179,Riley Greene,495.27461000000005,479.09736,-16.177250000000072,487.185985,512.0,-16.725389999999948
60,frambervaldez,17295,36581,Framber Valdez,479.81233999999995,494.5,14.68766000000005,487.15617,525.5,-45.68766000000005
61,taylorward,17548,34923,Taylor Ward,485.18029,488.85389,3.673599999999965,487.01709,507.0,-21.819709999999986
62,chrissale,10603,30948,Chris Sale,459.70275000000004,513.5,53.79724999999996,486.601375,470.0,-10.297249999999963
63,maikelgarcia,22715,4905884,Maikel Garcia,486.17699000000005,482.63644000000005,-3.540549999999996,484.4067150000001,478.0,8.176990000000046
64,nickpivetta,15454,36071,Nick Pivetta,463.148595,505.0,41.851405,484.0742975,460.0,3.1485950000000003
65,jarrenduran,24617,41610,Jarren Duran,479.78291,487.88222,8.099310000000003,483.83256500000005,570.0,-90.21708999999998
66,logangilbert,22250,41221,Logan Gilbert,462.843755,504.5,41.65624500000001,483.6718775,541.0,-78.15624500000001
67,mattchapman,16505,33857,Matt Chapman,475.97204,490.69159999999994,14.719559999999944,483.33182,456.0,19.972039999999993
68,briceturang,22186,41179,Brice Turang,487.58132,470.60091,-16.980410000000006,479.091115,535.0,-47.418679999999995
69,ianhapp,17919,34945,Ian Happ,479.15307,477.73489,-1.4181800000000067,478.44398,520.0,-40.846929999999986
70,geraldoperdomo,22799,41355,Geraldo Perdomo,493.91916,456.01183000000003,-37.907329999999945,474.96549500000003,523.0,-29.080840000000023
71,joeryan,21390,42450,Joe Ryan,467.82429,481.5,13.675709999999981,474.662145,473.5,-5.675709999999981
72,jacksonmerrill,29490,4872691,Jackson Merrill,471.58483,473.58833,2.003499999999974,472.58658,459.0,12.58483000000001
73,romananthony,31812,5080767,Roman Anthony,473.95275000000004,470.50469000000004,-3.448059999999998,472.22872000000007,546.0,-72.04724999999996
74,georgekirby,25436,42406,George Kirby,446.00172,498.0,51.99828000000002,472.00086,468.5,-22.498280000000022
75,sonnygray,12768,32082,Sonny Gray,457.86710999999997,485.0,27.13289000000003,471.43355499999996,479.0,-21.13289000000003
76,dansbyswanson,18314,34895,Dansby Swanson,469.55699,472.79884,3.2418499999999995,471.177915,490.0,-20.443010000000015
77,vinniepasquantino,27676,4109109,Vinnie Pasquantino,477.01146,462.910076,-14.101383999999996,469.96076800000003,547.0,-69.98854
78,coleragans,21846,41054,Cole Ragans,438.536955,501.0,62.46304500000002,469.7684775,435.0,3.5369549999999776
79,alexbregman,17678,34886,Alex Bregman,471.9522400000001,466.649885,-5.302355000000091,469.30106250000006,490.0,-18.047759999999926
80,jeremypena,21636,41273,Jeremy Pena,469.76461000000006,468.24080000000004,-1.5238100000000259,469.00270500000005,489.0,-19.23538999999994
81,yandydiaz,16578,33481,Yandy Diaz,456.97046199999994,478.12673600000005,21.15627400000011,467.54859899999997,466.0,-9.02953800000006
82,danielpalencia,27914,4875225,Daniel Palencia,443.54888500000004,491.5,47.95111499999996,467.5244425,405.5,38.04888500000004
83,eugeniosuarez,12552,32367,Eugenio Suarez,464.83098799999993,467.40719,2.5762020000000803,466.119089,562.0,-97.16901200000007
84,georgespringer,12856,32078,George Springer,461.60122000000007,469.99487999999997,8.393659999999898,465.79805,506.0,-44.39877999999993
85,williamcontreras,20503,39895,William Contreras,464.822932,463.81138000000004,-1.0115519999999378,464.317156,514.0,-49.17706800000002
86,brandonnimmo,12927,32159,Brandon Nimmo,463.53209000000004,464.32412,0.7920299999999543,463.928105,525.0,-61.46790999999996
87,jacobdegrom,10954,32796,Jacob deGrom,433.124645,494.0,60.87535500000001,463.5623225,453.0,-19.875355000000013
88,freddyperalta,18679,39825,Freddy Peralta,465.23043,461.5,-3.7304300000000126,463.36521500000003,501.5,-36.26956999999999
89,codybellinger,15998,33912,Cody Bellinger,474.64572,448.84318,-25.802539999999965,461.74445000000003,498.0,-23.354280000000017
90,carlosestevez,14542,34861,Carlos Estevez,473.99587,447.5,-26.495870000000025,460.747935,517.5,-43.504129999999975
91,christianyelich,11477,31283,Christian Yelich,464.53450000000004,456.76941000000005,-7.7650899999999865,460.65195500000004,543.0,-78.46549999999996
92,joshnaylor,18839,35066,Josh Naylor,479.870999,441.38895700000006,-38.48204199999992,460.62997800000005,516.0,-36.12900100000002
93,kevingausman,14107,32667,Kevin Gausman,460.839255,460.0,-0.8392549999999801,460.4196275,501.0,-40.16074500000002
94,byronbuxton,14161,32655,Byron Buxton,463.51905,457.3061900000001,-6.212859999999921,460.41262000000006,490.0,-26.480950000000007
95,trevorstory,12564,32150,Trevor Story,457.16801,459.79436000000004,2.626350000000059,458.481185,467.0,-9.831990000000019
96,cjabrams,25768,42402,CJ Abrams,465.39495999999997,449.2702699999999,-16.124690000000044,457.3326149999999,505.0,-39.60504000000003
97,yoshinobuyamamoto,33825,4872587,Yoshinobu Yamamoto,467.87213999999994,445.0,-22.872139999999945,456.43607,516.5,-48.627860000000055
98,ezequieltovar,24064,4905919,Ezequiel Tovar,451.65413,459.39889,7.744759999999985,455.52651000000003,448.0,3.654130000000009
99,gleybertorres,16997,33804,Gleyber Torres,455.837083,453.66823600000004,-2.168846999999971,454.75265950000005,449.0,6.837083000000007
100,spencertorkelson,27465,4424286,Spencer Torkelson,456.00525500000003,450.59740500000004,-5.407849999999996,453.30133,521.0,-64.99474499999997
101,bryanreynolds,19326,38980,Bryan Reynolds,452.40491,452.82478000000003,0.4198700000000599,452.614845,485.0,-32.59509000000003
102,joadell,20220,40854,Jo Adell,448.27875,456.54052,8.261770000000013,452.409635,471.0,-22.721249999999998
103,huntergoodman,29715,4416591,Hunter Goodman,450.35271,452.54692,2.194209999999998,451.449815,464.0,-13.647289999999998
104,michaelbusch,26319,42415,Michael Busch,462.84703999999994,439.23286,-23.61417999999992,451.03995,506.0,-43.152960000000064
105,oneilcruz,21711,39712,Oneil Cruz,441.10005,460.48021000000006,19.380160000000046,450.79013000000003,482.0,-40.89994999999999
106,luiscastillo,15689,35124,Luis Castillo,437.76785500000005,462.5,24.732144999999946,450.1339275,478.0,-40.232144999999946
107,coreyseager,13624,32691,Corey Seager,444.17390199999994,455.689095,11.515193000000068,449.9314985,479.0,-34.82609800000006
108,tannerbibee,30134,4345278,Tanner Bibee,437.45500999999996,462.0,24.54499000000004,449.72750499999995,452.5,-15.044990000000041
109,bobichette,19612,38904,Bo Bichette,452.16796,444.5105,-7.657460000000015,448.33923,468.0,-15.832040000000006
110,ryanpepiot,26221,4208281,Ryan Pepiot,423.779805,471.5,47.72019499999999,447.6399025,447.0,-23.22019499999999
111,heliotramos,22515,39642,Heliot Ramos,435.54663,459.39574999999996,23.84911999999997,447.47119,488.0,-52.45337000000001
112,tylersoderstrom,27467,4686066,Tyler Soderstrom,446.27302999999995,446.58562000000006,0.31259000000011383,446.429325,499.0,-52.72697000000005
113,ryanhelsley,18138,39909,Ryan Helsley,468.540415,423.0,-45.540414999999996,445.77020749999997,432.5,36.040414999999996
114,josealtuve,5417,31662,Jose Altuve,450.937892,439.78356399999996,-11.154328000000021,445.360728,479.0,-28.062108000000023
115,jordanwestburg,27815,4298641,Jordan Westburg,444.78464999999994,445.58598,0.801330000000064,445.18531499999995,426.0,18.784649999999942
116,michaelking,19853,40429,Michael King,419.26892,471.0,51.73108000000002,445.13446,384.5,34.76891999999998
117,munetakamurakami,sa3063258,4872595,Munetaka Murakami,429.99745900000005,458.135336,28.137876999999946,444.0663975,415.0,14.997459000000049
118,benrice,29576,5016968,Ben Rice,444.51450000000006,441.65484,-2.8596600000000763,443.08467,476.0,-31.485499999999945
119,teoscarhernandez,13066,33377,Teoscar Hernandez,436.49805000000003,447.0941000000001,10.596050000000048,441.7960750000001,480.0,-43.501949999999965
120,kylestowers,26151,42796,Kyle Stowers,450.83306,432.55726999999996,-18.27579000000003,441.695165,446.0,4.833059999999989
121,andypages,24816,42468,Andy Pages,440.76882,442.5572699999999,1.788449999999898,441.66304499999995,470.0,-29.231179999999995
122,raiseliglesias,17130,33618,Raisel Iglesias,456.29694,425.5,-30.796940000000006,440.89847,501.0,-44.703059999999994
123,brentondoyle,25479,42462,Brenton Doyle,429.28729999999996,452.12194,22.834640000000036,440.70462,413.0,16.28729999999996
124,zacgallen,19291,39910,Zac Gallen,408.36905,469.0,60.630949999999984,438.684525,475.0,-66.63094999999998
125,juricksonprofar,10815,31117,Jurickson Profar,439.91387,437.32555999999994,-2.5883100000000354,438.6197149999999,506.0,-66.08613000000003
126,jeffhoffman,17432,33841,Jeff Hoffman,446.46586,428.5,-17.96586000000002,437.48293,409.0,37.46586000000002
127,shealangeliers,25816,42598,Shea Langeliers,433.81636000000003,437.44954,3.6331799999999816,435.63295000000005,441.0,-7.1836399999999685
128,nathaneovaldi,9132,31174,Nathan Eovaldi,410.32784000000004,460.5,50.17215999999996,435.41392,422.5,-12.172159999999963
129,lawrencebutler,22542,4917919,Lawrence Butler,433.38824,435.50979,2.1215500000000134,434.44901500000003,492.0,-58.611760000000004
130,spencerstrider,27498,4307825,Spencer Strider,426.1197599999999,440.5,14.380240000000072,433.30987999999996,461.0,-34.88024000000007
131,gavinwilliams,30122,4345076,Gavin Williams,406.502115,459.0,52.497885,432.7510575,427.5,-20.997884999999997
132,emiliopagan,14771,33403,Emilio Pagan,425.0298200000001,440.0,14.970179999999914,432.51491000000004,505.5,-80.47017999999991
133,robbieray,11486,32175,Robbie Ray,413.99342,450.0,36.006579999999985,431.99671,431.5,-17.506579999999985
134,mackenziegore,22201,39636,MacKenzie Gore,413.92521000000005,449.5,35.57478999999995,431.71260500000005,458.5,-44.57478999999995
135,salvadorperez,7304,31127,Salvador Perez,424.61517299999997,438.576098,13.960925000000032,431.59563549999996,450.0,-25.38482700000003
136,drewrasmussen,25385,42584,Drew Rasmussen,393.51063,469.5,75.98937000000001,431.505315,431.5,-37.98937000000001
137,jackflaherty,17479,33837,Jack Flaherty,413.73378,447.5,33.766219999999976,430.61689,433.5,-19.766219999999976
138,petefairbanks,17998,42180,Pete Fairbanks,432.51704500000005,428.0,-4.517045000000053,430.2585225,455.5,-22.982954999999947
139,michaelharrisii,25931,42470,Michael Harris II,431.6416,427.75816000000003,-3.8834399999999505,429.69988,488.0,-56.35840000000002
140,christianwalker,13419,32758,Christian Walker,427.66612999999995,431.00680900000003,3.3406790000000797,429.3364695,499.0,-71.33387000000005
141,jakobmarsee,31370,4866735,Jakob Marsee,441.99268,415.60624,-26.386439999999993,428.79946,516.0,-74.00731999999999
142,aaronnola,16149,33709,Aaron Nola,405.18582,450.5,45.31418000000002,427.84290999999996,384.5,20.68581999999998
143,spencerschwellenbach,31846,4424862,Spencer Schwellenbach,419.502835,436.0,16.497164999999995,427.7514175,447.5,-27.997164999999995
144,brysonstott,26294,42417,Bryson Stott,425.64955,427.66464,2.0150900000000433,426.657095,437.0,-11.350450000000023
145,stevenkwan,24610,41996,Steven Kwan,444.86633000000006,408.34257,-36.52376000000004,426.60445000000004,479.0,-34.13366999999994
146,merrillkelly,11156,32968,Merrill Kelly,425.63433999999995,426.5,0.8656600000000481,426.06717,434.5,-8.865660000000048
147,josesoriano,22100,40973,Jose Soriano,404.84518,447.0,42.15481999999997,425.92259,411.5,-6.654819999999972
148,blakesnell,13543,33748,Blake Snell,401.61895499999997,450.0,48.38104500000003,425.80947749999996,469.5,-67.88104500000003
149,willsoncontreras,11609,32532,Willson Contreras,423.64801,425.0668099999999,1.4187999999999192,424.35740999999996,469.0,-45.35199
150,daultonvarsho,19918,40963,Daulton Varsho,425.62083000000007,421.86654,-3.7542900000000827,423.743685,392.0,33.62083000000007
151,pablolopez,17085,39671,Pablo Lopez,401.87170000000003,443.0,41.12829999999997,422.43585,458.5,-56.62829999999997
152,miguelvargas,20178,42453,Miguel Vargas,414.61659,429.76461,15.148020000000031,422.1906,419.0,-4.383410000000026
153,sandyalcantara,18684,35241,Sandy Alcantara,397.51733999999993,446.5,48.98266000000007,422.00866999999994,414.0,-16.482660000000067
154,jonathanaranda,21837,40810,Jonathan Aranda,421.257618,420.316306,-0.9413119999999822,420.786962,425.0,-3.7423820000000205
155,ryanwalker,20423,5000950,Ryan Walker,408.25315,432.0,23.746849999999995,420.126575,369.5,38.753150000000005
156,alecburleson,27615,4345070,Alec Burleson,420.87764000000004,418.89102099999997,-1.9866190000000756,419.88433050000003,430.0,-9.122359999999958
157,yuseikikuchi,20633,41415,Yusei Kikuchi,395.42217000000005,442.0,46.57782999999995,418.711085,417.5,-22.07782999999995
158,nicohoerner,21479,41219,Nico Hoerner,423.01777999999996,413.45268,-9.565099999999973,418.23523,475.0,-51.98222000000004
159,marcussemien,12533,32146,Marcus Semien,418.62104,417.77590999999995,-0.8451300000000401,418.198475,396.0,22.621039999999994
160,ozziealbies,16556,33783,Ozzie Albies,422.21279000000004,412.45752999999996,-9.755260000000078,417.33516,452.0,-29.78720999999996
161,miketrout,10155,30836,Mike Trout,411.7334900000001,417.15111999999993,5.4176299999998605,414.44230500000003,424.0,-12.266509999999926
162,luisrobertjr,20043,39631,Luis Robert Jr.,413.38732500000003,411.15789000000007,-2.2294349999999667,412.27260750000005,414.0,-0.6126749999999674
163,adolisgarcia,19287,35537,Adolis Garcia,416.249891,407.181556,-9.06833499999999,411.71572349999997,429.0,-12.750109000000009
164,willsmith1,19197,38309,Will Smith,399.18571000000003,423.55273000000005,24.367020000000025,411.36922000000004,394.0,5.185710000000029
165,xanderbogaerts,12161,31606,Xander Bogaerts,405.78947,416.89876,11.109289999999987,411.344115,433.0,-27.210530000000006
166,jacksonholliday,31781,5080633,Jackson Holliday,410.33178,410.92683,0.5950500000000147,410.629305,477.0,-66.66822000000002
167,matthewboyd,15440,34401,Matthew Boyd,395.67112,424.5,28.828880000000026,410.08556,408.0,-12.328880000000026
168,euryperez,27768,4917854,Eury Perez,387.884455,431.5,43.615545,409.6922275,354.0,33.884455
169,rangersuarez,17277,39817,Ranger Suarez,416.83584,402.5,-14.335840000000019,409.66792,429.0,-12.164159999999981
170,kylemanzardo,29794,4917927,Kyle Manzardo,413.2317299999999,405.04574099999996,-8.18598899999995,409.13873549999994,422.0,-8.768270000000086
171,dennissantana,17878,39801,Dennis Santana,394.036945,424.0,29.963054999999997,409.01847250000003,292.5,101.536945
172,trentgrisham,18564,34995,Trent Grisham,404.40592999999996,413.43,9.024070000000052,408.917965,384.0,20.405929999999955
173,bradysinger,25377,41172,Brady Singer,399.12388999999996,418.0,18.87611000000004,408.561945,404.5,-5.37611000000004
174,shanebaz,22264,39639,Shane Baz,385.7290600000001,430.5,44.77093999999988,408.11453000000006,405.0,-19.270939999999882
175,ivanherrera,20599,41889,Ivan Herrera,409.45648700000004,406.55487500000004,-2.901612,408.00568100000004,420.0,-10.543512999999962
176,mitchkeller,17594,33722,Mitch Keller,391.7973999999999,422.5,30.702600000000075,407.14869999999996,415.5,-23.702600000000075
177,brandonpfaadt,27782,4721302,Brandon Pfaadt,396.02526,418.0,21.974739999999997,407.01263,393.5,2.525260000000003
178,lukekeaschall,33321,4977664,Luke Keaschall,413.66931,399.55380999999994,-14.115500000000054,406.61155999999994,455.0,-41.330690000000004
179,brandonlowe,18882,39961,Brandon Lowe,411.96258,398.81515,-13.147429999999986,405.388865,440.0,-28.037419999999997
180,ceddannerafaela,24262,4987382,Ceddanne Rafaela,406.59966000000003,402.69402,-3.9056400000000053,404.64684,450.0,-43.40033999999997
181,abneruribe,25327,4917865,Abner Uribe,358.917685,447.5,88.582315,403.2088425,299.0,59.917685000000006
182,carlosrodon,16137,33696,Carlos Rodon,391.88327999999996,414.0,22.116720000000043,402.94164,374.5,17.383279999999957
183,anthonysantander,14551,36084,Anthony Santander,405.280261,400.104397,-5.17586399999999,402.692329,443.0,-37.719739000000004
184,kylebradish,24586,4311625,Kyle Bradish,374.727165,430.5,55.772834999999986,402.6135825,411.0,-36.272834999999986
185,wilyerabreu,23772,4990055,Wilyer Abreu,404.79411000000005,400.42491,-4.369200000000035,402.60951,416.0,-11.205889999999954
186,dylancrews,33541,4719511,Dylan Crews,406.83373,398.14124,-8.69249000000002,402.487485,402.0,4.833730000000003
187,masynwinn,27479,4683365,Masyn Winn,410.09429000000006,393.28314,-16.811150000000055,401.688715,407.0,3.0942900000000577
188,brandonwoodruff,16162,37515,Brandon Woodruff,394.77315000000004,407.5,12.726849999999956,401.136575,430.0,-35.226849999999956
189,mattmclain,29695,4422899,Matt McLain,397.91076,402.4866,4.575840000000028,400.19867999999997,422.0,-24.089240000000018
190,adleyrutschman,26288,42178,Adley Rutschman,395.15392199999997,401.472672,6.318750000000023,398.313297,403.0,-7.846078000000034
191,ottolopez,19608,41917,Otto Lopez,390.62739999999997,401.76283,11.135430000000042,396.195115,423.0,-32.372600000000034
192,andrewabbott,29911,4414528,Andrew Abbott,392.455055,399.5,7.044944999999984,395.9775275,427.0,-34.544944999999984
193,quinnpriester,25977,42449,Quinn Priester,375.46991499999996,415.5,40.03008500000004,395.48495749999995,308.5,66.96991499999996
194,coltoncowser,29591,4416990,Colton Cowser,395.39173999999997,393.40397600000006,-1.9877639999999133,394.39785800000004,444.0,-48.60826000000003
195,davidpeterson,20302,40921,David Peterson,375.42064500000004,409.5,34.079354999999964,392.4603225,379.5,-4.079354999999964
196,jakeburger,22275,39882,Jake Burger,387.21907,396.911091,9.692021000000011,392.0650805,414.0,-26.780930000000012
197,jordanbeck,31431,4619460,Jordan Beck,385.05676,398.69631,13.639549999999986,391.876535,426.0,-40.94324
198,nicklodolo,26378,42433,Nick Lodolo,372.6053,410.0,37.3947,391.30264999999997,410.5,-37.8947
199,nolanmclean,33703,4433874,Nolan McLean,394.81313,387.0,-7.813130000000001,390.906565,379.0,15.813130000000001
200,xavieredwards,22266,41326,Xavier Edwards,400.11489000000006,381.31792,-18.796970000000044,390.716405,427.0,-26.88510999999994
201,nolanschanuel,33189,4739755,Nolan Schanuel,404.25046,376.8342,-27.416259999999966,390.54233,378.0,26.250459999999975
202,kazumaokamoto,sa3063134,5134636,Kazuma Okamoto,384.01157800000004,394.640248,10.628669999999943,389.325913,429.0,-44.98842199999996
203,jakecronenworth,18036,36364,Jake Cronenworth,385.7633900000001,392.49355,6.730159999999955,389.12847000000005,382.0,3.763390000000072
204,ramonlaureano,17128,35142,Ramon Laureano,390.00797000000006,386.50572,-3.5022500000000605,388.256845,400.0,-9.992029999999943
205,alecbohm,21618,41169,Alec Bohm,391.84567999999996,382.871969,-8.97371099999998,387.35882449999997,366.0,25.84567999999996
206,trevorrogers,22286,39640,Trevor Rogers,373.08207,401.5,28.417930000000013,387.29103499999997,425.5,-52.41793000000001
207,mickeymoniak,19956,36181,Mickey Moniak,386.02536000000003,387.57627,1.5509099999999876,386.80081500000006,343.0,43.025360000000035
208,jacobwilson,33266,4719300,Jacob Wilson,399.77297999999996,370.52113999999995,-29.251840000000016,385.14705999999995,414.0,-14.227020000000039
209,noelvimarte,26517,41307,Noelvi Marte,383.75822,385.6202,1.8619800000000168,384.68921,437.0,-53.241780000000006
210,joshbell,13145,32517,Josh Bell,381.108578,388.21369400000003,7.1051160000000095,384.66113600000006,389.0,-7.891421999999977
211,emmetsheehan,29839,4417806,Emmet Sheehan,374.79255,394.0,19.207449999999994,384.396275,350.0,24.792550000000006
212,larsnootbaar,21454,4448736,Lars Nootbaar,376.29483999999997,391.80509,15.510250000000042,384.049965,374.0,2.294839999999965
213,jackleiter,30146,4622181,Jack Leiter,377.18881999999996,390.5,13.311180000000036,383.84441,385.5,-8.311180000000036
214,rynenelson,26253,4916269,Ryne Nelson,360.3297600000001,405.5,45.17023999999992,382.91488000000004,330.5,29.82976000000008
215,daylenlile,29995,4917889,Daylen Lile,392.68216,373.05942000000005,-19.622739999999965,382.87079000000006,432.0,-39.31783999999999
216,jacobmisiorowski,31623,5080761,Jacob Misiorowski,375.89874,389.0,13.101260000000025,382.44937,386.0,-10.101260000000025
217,tjfriedl,19522,36020,TJ Friedl,393.85276,370.97081000000003,-22.88194999999996,382.411785,459.0,-65.14724000000001
218,tylerglasnow,14374,33190,Tyler Glasnow,362.51984999999996,400.5,37.98015000000004,381.50992499999995,363.5,-0.9801500000000374
219,luisseverino,15890,33263,Luis Severino,364.50840000000005,396.0,31.49159999999995,380.2542,357.0,7.5084000000000515
220,junghoolee,33824,5134621,Jung Hoo Lee,382.17925,378.16281,-4.0164400000000455,380.17103,408.0,-25.820749999999975
221,colsonmontgomery,29712,4872685,Colson Montgomery,381.21473999999995,378.02146999999997,-3.193269999999984,379.61810499999996,373.0,8.21473999999995
222,jorgepolanco,13152,32525,Jorge Polanco,385.693394,373.11223,-12.581164000000001,379.40281200000004,404.0,-18.306605999999988
223,andrewvaughn,26197,42394,Andrew Vaughn,369.45695100000006,389.081716,19.62476499999991,379.2693335,416.0,-46.54304899999994
224,kenleyjansen,3096,29630,Kenley Jansen,389.28718,367.5,-21.787179999999978,378.39359,400.5,-11.212820000000022
225,calebdurbin,29646,5007615,Caleb Durbin,389.25741999999997,367.49106,-21.766359999999963,378.37424,442.0,-52.74258000000003
226,jpcrawford,15491,33210,J.P. Crawford,382.65973299999996,372.18656,-10.473172999999974,377.4231465,442.0,-59.34026700000004
227,carloscorrea,14162,32653,Carlos Correa,382.772519,369.38277,-13.389748999999995,376.0776445,384.0,-1.2274810000000116
228,nolanarenado,9777,31261,Nolan Arenado,376.78763000000004,373.41346300000004,-3.374167,375.10054650000006,357.0,19.787630000000036
229,shanesmith,31687,5201814,Shane Smith,369.949705,379.0,9.050295000000006,374.4748525,385.5,-15.550295000000006
230,luisarraez,18568,39572,Luis Arraez,385.83736,362.85112000000004,-22.986239999999952,374.34424,426.0,-40.16264000000001
231,kerrycarpenter,25961,42714,Kerry Carpenter,375.4610799999999,372.95894,-2.5021399999999403,374.21000999999995,407.0,-31.538920000000076
232,brendandonovan,24679,41773,Brendan Donovan,371.088712,376.77577,5.687058000000036,373.932241,377.0,-5.911288000000013
233,shotaimanaga,33829,5134630,Shota Imanaga,382.69276,365.0,-17.69276000000002,373.84638,389.5,-6.807239999999979
234,joemusgrove,12970,34848,Joe Musgrove,337.840945,409.0,71.15905500000002,373.42047249999996,358.5,-20.659055000000023
235,treyyesavage,35456,4949041,Trey Yesavage,346.73457999999994,399.5,52.76542000000006,373.11728999999997,313.5,33.23457999999994
236,chaseburns,35333,4927516,Chase Burns,362.14963,383.5,21.350369999999998,372.824815,402.5,-40.35037
237,edwardcabrera,21690,40944,Edward Cabrera,345.01359500000007,400.5,55.486404999999934,372.75679750000006,395.5,-50.486404999999934
238,willicastro,17338,34230,Willi Castro,370.52896,372.11224000000004,1.5832800000000589,371.3206,330.0,40.528959999999984
239,yainerdiaz,23003,4781491,Yainer Diaz,374.26857,367.348037,-6.9205330000000345,370.80830349999997,412.0,-37.73142999999999
240,caseymize,20492,41167,Casey Mize,353.40736,387.0,33.59264000000002,370.20367999999996,365.5,-12.092640000000017
241,chrisbassitt,12304,33148,Chris Bassitt,355.471225,383.5,28.028774999999996,369.4856125,403.0,-47.528774999999996
242,drakebaldwin,31539,4810190,Drake Baldwin,386.08215099999995,352.177649,-33.90450199999998,369.12989999999996,412.0,-25.917849000000047
243,luisgarciajr,20391,40459,Luis Garcia Jr.,371.42677,366.15925,-5.26751999999999,368.79301,406.0,-34.573230000000024
244,seranthonydominguez,19249,37793,Seranthony Dominguez,371.859425,364.0,-7.8594249999999874,367.9297125,319.0,52.85942499999999
245,jeffreysprings,17677,35397,Jeffrey Springs,373.153745,361.5,-11.653745000000015,367.32687250000004,372.5,0.6537450000000149
246,reiddetmers,27468,4326697,Reid Detmers,336.2269339999999,398.0,61.773066000000085,367.11346699999996,318.0,18.226933999999915
247,mattwallner,26466,42427,Matt Wallner,374.22246,359.960211,-14.262248999999997,367.0913355,366.0,8.222460000000012
248,agustinramirez,26546,5132014,Agustin Ramirez,373.08718999999996,360.662206,-12.424983999999938,366.87469799999997,455.0,-81.91281000000004
249,andresgimenez,19950,37729,Andres Gimenez,371.86897,361.23216,-10.636809999999969,366.550565,376.0,-4.13103000000001
250,salstewart,31505,5080771,Sal Stewart,365.09838799999994,360.529108,-4.569279999999935,362.813748,360.0,5.098387999999943
251,roycelewis,20437,40635,Royce Lewis,371.894312,353.540595,-18.353717000000017,362.71745350000003,336.0,35.89431200000001
252,codyponce,17920,34999,Cody Ponce,332.08919,393.0,60.910810000000026,362.54459499999996,356.5,-24.410810000000026
253,maxmuncy,13301,33303,Max Muncy,363.82652,360.56838999999997,-3.258130000000051,362.197455,366.0,-2.1734799999999836
254,jeffmcneil,15362,33900,Jeff McNeil,366.39558999999997,357.5134599999999,-8.882130000000075,361.95452499999993,333.0,33.39558999999997
255,ryanohearn,16442,35183,Ryan O'Hearn,363.81384,358.97538,-4.838460000000055,361.39461,410.0,-46.18615999999997
256,zackwheeler,10310,31267,Zack Wheeler,347.535245,375.0,27.464755000000025,361.2676225,369.5,-21.964755000000025
257,michaelwacha,14078,32640,Michael Wacha,370.58261,351.0,-19.58260999999999,360.79130499999997,412.5,-41.91739000000001
258,tatsuyaimai,sa3062955,5330833,Tatsuya Imai,347.5724949999999,374.0,26.42750500000011,360.78624749999994,358.5,-10.92750500000011
259,salfrelick,29622,4417795,Sal Frelick,373.22366999999997,347.07278,-26.150889999999947,360.148225,428.0,-54.77633000000003
260,brycemiller,29837,4654313,Bryce Miller,344.360105,369.0,24.639895000000024,356.6800525,338.0,6.360104999999976
261,clayholmes,13649,32827,Clay Holmes,354.8429300000001,355.5,0.6570699999999192,355.171465,385.5,-30.65706999999992
262,jamesontaillon,11674,31258,Jameson Taillon,355.72393,354.5,-1.2239299999999957,355.111965,301.0,54.723929999999996
263,ernieclement,20352,41287,Ernie Clement,359.20489,349.49814,-9.70675,354.35151499999995,360.0,-0.7951100000000224
264,brayanbello,23920,4720856,Brayan Bello,358.71516500000007,349.5,-9.21516500000007,354.10758250000003,387.5,-28.78483499999993
265,jonathanindia,21523,41171,Jonathan India,345.78522,362.02451,16.23929000000004,353.904865,393.0,-47.21478000000002
266,bubbachandler,29868,4683325,Bubba Chandler,335.381244,368.5,33.11875600000002,351.94062199999996,354.0,-18.61875600000002
267,alejandrokirk,22581,42081,Alejandro Kirk,345.985407,356.70035,10.714943000000005,351.3428785,339.0,6.985407000000009
268,joeyortiz,25493,42958,Joey Ortiz,352.98272,348.23978,-4.742939999999976,350.61125,376.0,-23.017280000000028
269,harrisonbader,18030,35062,Harrison Bader,346.72322,353.55731000000003,6.834090000000003,350.140265,346.0,0.7232200000000262
270,joshlowe,19953,40557,Josh Lowe,355.05136000000005,342.96831,-12.083050000000071,349.009835,393.0,-37.948639999999955
271,jorgesoler,14221,32558,Jorge Soler,344.56012300000003,353.23302799999993,8.6729049999999,348.8965755,343.0,1.5601230000000328
272,marcellozuna,10324,31668,Marcell Ozuna,350.68046580000004,346.78173889100003,-3.898726909000004,348.73110234550006,450.0,-99.31953419999996
273,seanmanaea,15873,33244,Sean Manaea,333.84565499999997,363.0,29.154345000000035,348.4228275,243.5,90.34565499999997
274,jaccaglianone,35041,4926296,Jac Caglianone,354.33642000000003,341.05834000000004,-13.278079999999989,347.69738000000007,398.0,-43.66357999999997
275,joshjung,26299,42437,Josh Jung,349.14537000000007,345.32608,-3.8192900000000805,347.235725,371.0,-21.85462999999993
276,nolangorman,22263,41174,Nolan Gorman,355.374618,338.9110069999999,-16.46361100000007,347.1428125,342.0,13.374617999999998
277,deankremer,19350,38295,Dean Kremer,350.05697499999997,344.0,-6.056974999999966,347.0284875,362.5,-12.443025000000034
278,cedricmullins,17929,35578,Cedric Mullins,335.33546,356.91880000000003,21.58334000000002,346.12713,325.0,10.335460000000012
279,jaredtriolo,25807,42933,Jared Triolo,345.35899,344.23834,-1.120650000000012,344.798665,288.0,57.358990000000006
280,robertgarcia,23363,5125167,Robert Garcia,323.33822499999997,365.0,41.661775000000034,344.1691125,420.0,-96.66177500000003
281,zacklittell,15823,36052,Zack Littell,323.91590999999994,362.5,38.58409000000006,343.20795499999997,385.0,-61.08409000000006
282,camschlittler,32095,5134581,Cam Schlittler,337.909225,347.0,9.090775000000008,342.4546125,346.5,-8.590775000000008
283,brookslee,31595,4629081,Brooks Lee,352.78399,331.64633,-21.13766000000004,342.21515999999997,346.0,6.783990000000017
284,andrewbenintendi,17901,34986,Andrew Benintendi,338.02878000000004,345.96959999999996,7.940819999999917,341.99919,334.0,4.02878000000004
285,jordanwalker,27475,4684778,Jordan Walker,331.66206,351.91569000000004,20.253630000000044,341.788875,282.0,49.66206
286,ryanjeffers,24618,41587,Ryan Jeffers,345.688651,335.73580799999996,-9.95284300000003,340.7122295,330.0,15.688650999999993
287,shanemcclanahan,21483,41199,Shane McClanahan,319.66133,361.5,41.83866999999998,340.580665,285.0,34.66133000000002
288,coltkeith,27899,4683384,Colt Keith,343.79357999999996,335.8771,-7.916479999999979,339.83534,359.0,-15.206420000000037
289,victorscottii,31349,4807220,Victor Scott II,340.43845999999996,337.6501,-2.7883599999999547,339.04427999999996,349.0,-8.561540000000036
290,jtrealmuto,11739,32177,J.T. Realmuto,331.03045999999995,345.80373000000003,14.773270000000082,338.417095,347.0,-15.969540000000052
291,sethlugo,12447,34873,Seth Lugo,350.80907499999995,325.5,-25.30907499999995,338.15453749999995,421.0,-70.19092500000005
292,isaacparedes,20036,39706,Isaac Paredes,346.06042299999996,329.553976,-16.50644699999998,337.80719949999997,422.0,-75.93957700000004
293,brandonmarsh,20202,40803,Brandon Marsh,345.97745,327.34905000000003,-18.628399999999942,336.66325,376.0,-30.022550000000024
294,chandlersimpson,31912,4679983,Chandler Simpson,343.493122,329.17558,-14.317542000000003,336.334351,423.0,-79.50687799999997
295,victorvodnik,24614,4722599,Victor Vodnik,309.02228,362.0,52.97771999999998,335.51114,233.5,75.52228000000002
296,sladececconi,27500,41462,Slade Cecconi,313.9567200000001,354.0,40.043279999999925,333.97836000000007,341.5,-27.543279999999925
297,giancarlostanton,4949,30583,Giancarlo Stanton,337.023244,329.90093374,-7.122310259999949,333.46208887,425.0,-87.97675600000002
298,shanebieber,19427,40912,Shane Bieber,314.66666000000004,352.0,37.333339999999964,333.33333000000005,376.0,-61.333339999999964
299,griffinjax,20253,42604,Griffin Jax,340.544705,326.0,-14.544705000000022,333.2723525,418.5,-77.95529499999998
300,graysonrodriguez,24492,41196,Grayson Rodriguez,302.87442,361.0,58.125580000000014,331.93721,318.0,-15.125580000000014
301,seanburke,29878,4867679,Sean Burke,315.368165,348.0,32.631835000000024,331.6840825,281.5,33.868164999999976
302,chadpatrick,30113,5131708,Chad Patrick,292.44124,368.5,76.05876,330.47062,366.0,-73.55876
303,jacoblopez,25098,42239,Jacob Lopez,320.09829,340.5,20.40170999999998,330.299145,259.5,60.59829000000002
304,jesussanchez,19913,39957,Jesus Sanchez,327.73416000000003,332.79868999999997,5.064529999999934,330.266425,371.0,-43.26583999999997
305,krisbubic,21455,41201,Kris Bubic,336.821222,321.5,-15.321221999999977,329.160611,397.0,-60.17877800000002
306,cadehorton,31872,4692526,Cade Horton,319.26238500000005,339.0,19.73761499999995,329.1311925,341.5,-22.23761499999995
307,chasemeidroth,31580,5136929,Chase Meidroth,338.87838,318.90938,-19.968999999999994,328.89387999999997,377.0,-38.12162000000001
308,addisonbarger,24598,4997589,Addison Barger,331.58443700000004,326.05379999999997,-5.53063700000007,328.8191185,397.0,-65.41556299999996
309,kylefreeland,16256,33839,Kyle Freeland,306.315985,351.0,44.68401499999999,328.6579925,296.5,9.815985000000012
310,ryanmcmahon,15112,33247,Ryan McMahon,327.730448,328.14099,0.410541999999964,327.935719,405.0,-77.26955199999998
311,tommyedman,19470,39907,Tommy Edman,330.48676000000006,324.34758,-6.139180000000067,327.41717000000006,307.0,23.48676000000006
312,connornorby,29592,4417606,Connor Norby,329.63314,323.74302,-5.8901200000000244,326.68808,380.0,-50.366859999999974
313,gavinsheets,19901,40700,Gavin Sheets,326.263993,326.34333,0.0793369999999527,326.3036615,351.0,-24.736006999999972
314,anthonyvolpe,27647,42547,Anthony Volpe,332.33613,319.18654000000004,-13.14958999999999,325.76133500000003,358.0,-25.663869999999974
315,trevormegill,17722,40080,Trevor Megill,394.84453999999994,256.5,-138.34453999999994,325.67226999999997,488.0,-93.15546000000006
316,lucasgiolito,15474,32697,Lucas Giolito,311.934995,338.0,26.065004999999985,324.96749750000004,346.5,-34.565004999999985
317,noahcameron,30184,4417208,Noah Cameron,329.882865,318.0,-11.882864999999981,323.9414325,405.5,-75.61713500000002
318,marcelomayer,29668,4872648,Marcelo Mayer,326.36177000000004,321.06831000000005,-5.293459999999982,323.71504000000004,300.0,26.361770000000035
319,fostergriffin,16432,33773,Foster Griffin,295.80118999999996,351.5,55.69881000000004,323.65059499999995,304.0,-8.198810000000037
320,matthewliberatore,22294,41173,Matthew Liberatore,313.486735,332.0,18.51326499999999,322.7433675,314.5,-1.0132649999999899
321,cristianjavier,17606,41261,Cristian Javier,315.55578,329.5,13.944219999999973,322.52789,291.0,24.555780000000027
322,gerritcole,13125,32081,Gerrit Cole,287.49593500000003,357.5,70.00406499999997,322.4979675,313.0,-25.50406499999997
323,ryanweathers,23796,41178,Ryan Weathers,305.740515,339.0,33.259484999999984,322.3702575,239.0,66.74051500000002
324,cadecavalli,27473,4308037,Cade Cavalli,298.408115,345.5,47.09188499999999,321.9540575,278.0,20.40811500000001
325,spencerhorwitz,26477,4228472,Spencer Horwitz,331.464746,312.27281300000004,-19.19193299999995,321.8687795,340.0,-8.535254000000009
326,hurstonwaldrep,33527,4740117,Hurston Waldrep,303.033205,339.0,35.96679499999999,321.0166025,284.5,18.53320500000001
327,wenceelperez,22857,41586,Wenceel Perez,323.81857999999994,318.11424,-5.704339999999945,320.96641,334.0,-10.18142000000006
328,edwinuceta,20539,41308,Edwin Uceta,325.31723999999997,316.5,-8.81723999999997,320.90862,359.0,-33.68276000000003
329,kyleteel,33549,4743772,Kyle Teel,325.56212,314.80449000000004,-10.75762999999995,320.183305,357.0,-31.437880000000007
330,loganhenderson,31475,4917878,Logan Henderson,311.810495,328.5,16.689504999999997,320.1552475,293.5,18.310495000000003
331,chasedelauter,32127,4619649,Chase DeLauter,328.07153999999997,311.61035300000003,-16.46118699999994,319.8409465,267.0,61.07153999999997
332,joeycantillo,23335,42488,Joey Cantillo,312.52578,327.0,14.474220000000003,319.76288999999997,348.5,-35.97422
333,parkermeadows,23800,41223,Parker Meadows,322.4317,316.55305000000004,-5.878649999999936,319.49237500000004,366.0,-43.56830000000002
334,mikeyastrzemski,14854,33341,Mike Yastrzemski,318.4839,318.58357400000006,0.09967400000005,318.53373700000003,356.0,-37.516099999999994
335,nickmartinez,12730,33372,Nick Martinez,299.571875,336.0,36.42812500000002,317.7859375,356.0,-56.42812500000002
336,austinwells,27562,4683349,Austin Wells,322.25403,312.73173,-9.522299999999973,317.49288,334.0,-11.74597
337,gabrielmoreno,22664,42464,Gabriel Moreno,319.56876,314.55177,-5.016990000000021,317.06026499999996,316.0,3.5687599999999975
338,zacheflin,13774,32804,Zach Eflin,318.599175,315.0,-3.5991750000000025,316.79958750000003,315.0,3.5991750000000025
339,davismartin,21448,42823,Davis Martin,297.930135,333.0,35.06986499999999,315.46506750000003,296.0,1.930135000000007
340,tylermahle,16358,34973,Tyler Mahle,297.331995,333.0,35.668004999999994,315.1659975,229.5,67.831995
341,jjwetherholt,sa3025154,4941056,JJ Wetherholt,327.1133,302.70507,-24.408230000000003,314.909185,96.0,231.11329999999998
342,eduardorodriguez,13164,32675,Eduardo Rodriguez,316.6266800000001,312.5,-4.1266800000000785,314.56334000000004,354.5,-37.87331999999992
343,mikeburrows,24728,4918155,Mike Burrows,296.574345,329.5,32.925655000000006,313.0371725,338.5,-41.925655000000006
344,paulgoldschmidt,9218,31027,Paul Goldschmidt,310.304267,314.808462,4.504195000000038,312.5563645,344.0,-33.69573300000002
345,kebryanhayes,18577,35020,Ke'Bryan Hayes,314.03712,310.00955999999996,-4.027560000000051,312.02333999999996,353.0,-38.962879999999984
346,baileyober,21224,3107919,Bailey Ober,333.893885,290.0,-43.89388500000001,311.9469425,415.0,-81.10611499999999
347,braxtonashcraft,23793,41282,Braxton Ashcraft,305.530225,318.0,12.469775000000027,311.7651125,219.5,86.03022499999997
348,bonaylor,21865,41183,Bo Naylor,313.72825,306.38814,-7.3401099999999815,310.058195,285.0,28.728250000000003
349,rileyobrien,20348,41509,Riley O'Brien,304.66866,315.0,10.331340000000012,309.83433,301.0,3.6686599999999885
350,dustinmay,19716,40937,Dustin May,309.2042,310.0,0.7957999999999856,309.6021,283.0,26.204200000000014
351,michaelsoroka,18383,34984,Michael Soroka,308.91670000000005,309.5,0.5832999999999515,309.20835,243.0,65.91670000000005
352,brettbaty,26123,42414,Brett Baty,314.890133,300.71436,-14.175772999999992,307.8022465,353.0,-38.10986700000001
353,markvientos,22184,41034,Mark Vientos,313.46557,299.251609,-14.21396100000004,306.3585895,371.0,-57.534429999999986
354,loganohoppe,24729,42047,Logan O'Hoppe,300.483631,311.82000999999997,11.336378999999965,306.1518205,301.0,-0.5163689999999974
355,franciscoalvarez,26121,41253,Francisco Alvarez,319.44768,292.81941399999994,-26.628266000000053,306.13354699999996,302.0,17.44767999999999
356,trevorlarnach,21501,41205,Trevor Larnach,307.42478000000006,302.1839130000001,-5.24086699999998,304.80434650000007,412.0,-104.57521999999994
357,joshsmith,26396,42884,Josh Smith,308.72966,299.4522,-9.27746000000002,304.09093,339.0,-30.270339999999976
358,spencersteer,26323,4722857,Spencer Steer,310.27194999999995,297.60836,-12.663589999999942,303.940155,453.0,-142.72805000000005
359,austinhays,19363,36928,Austin Hays,312.53299000000004,294.16216000000003,-18.370830000000012,303.347575,374.0,-61.46700999999996
360,reeseolson,24968,4734319,Reese Olson,301.31597,304.0,2.684030000000007,302.657985,339.5,-38.18403000000001
361,claytonbeeter,27494,4313143,Clayton Beeter,271.270355,333.5,62.229645000000005,302.3851775,149.5,121.770355
362,jakemeyers,20308,40719,Jake Meyers,301.55011,302.28381399999995,0.733703999999932,301.916962,301.0,0.5501100000000179
363,adrianhouser,12718,32157,Adrian Houser,281.96090879999997,319.5,37.53909120000003,300.7304544,302.5,-20.53909120000003
364,evancarter,27790,4917921,Evan Carter,305.62676,295.00845,-10.618310000000008,300.31760499999996,433.0,-127.37324000000001
365,jocpederson,11899,31392,Joc Pederson,298.81323,301.71630799999997,2.9030779999999936,300.264769,255.0,43.813229999999976
366,reynaldolopez,16400,33860,Reynaldo Lopez,286.927145,312.0,25.072855000000004,299.4635725,303.0,-16.072855000000004
367,michaelmcgreevy,29869,4424141,Michael McGreevy,309.61074,288.0,-21.61074000000002,298.80537000000004,259.5,50.11074000000002
368,bradyhouse,29993,4872681,Brady House,304.64628999999996,291.85979,-12.78649999999999,298.25303999999994,309.0,-4.353710000000035
369,justinverlander,8700,6341,Justin Verlander,265.42815500000006,331.0,65.57184499999994,298.21407750000003,280.0,-14.57184499999994
370,willwarren,30182,5132011,Will Warren,294.567815,300.5,5.932185000000004,297.5339075,234.5,60.067814999999996
371,griffincanning,19867,41065,Griffin Canning,266.41993,328.5,62.08006999999998,297.459965,267.0,-0.5800699999999779
372,dylanbeavers,31695,4959037,Dylan Beavers,298.14465,294.3307,-3.813950000000034,296.23767499999997,362.0,-63.85534999999999
373,samuelbasallo,28824,4917646,Samuel Basallo,300.91637099999997,291.35636800000003,-9.560002999999938,296.1363695,341.0,-40.08362900000003
374,taylorrogers,13449,33671,Taylor Rogers,241.65713,349.5,107.84287,295.578565,129.5,112.15713
375,bryceeldridge,33390,5149064,Bryce Eldridge,286.66720899999996,303.63673600000004,16.969527000000085,295.1519725,245.0,41.66720899999996
376,zebbymatthews,31827,4791597,Zebby Matthews,298.247755,292.0,-6.247754999999984,295.1238775,259.0,39.247754999999984
377,brayanrocchio,23690,41217,Brayan Rocchio,299.4002,289.07192,-10.328280000000007,294.23605999999995,270.0,29.400199999999984
378,tylerstephenson,17988,34975,Tyler Stephenson,294.604879,293.175026,-1.42985299999998,293.8899525,303.0,-8.395121000000017
379,andrepallante,26108,4109034,Andre Pallante,272.89487500000007,313.5,40.60512499999993,293.19743750000004,318.0,-45.10512499999993
380,maxmeyer,27474,4345164,Max Meyer,279.53896,305.5,25.961040000000025,292.51948,213.5,66.03895999999997
381,gavinlux,19955,40423,Gavin Lux,291.61741,289.95882000000006,-1.658589999999947,290.78811500000006,344.0,-52.38258999999999
382,stevenmatz,13361,33106,Steven Matz,271.57264000000004,310.0,38.427359999999965,290.78632000000005,251.0,20.572640000000035
383,parkermessick,31986,4619898,Parker Messick,274.68607499999996,306.5,31.81392500000004,290.5930375,267.0,7.68607499999996
384,zachmckinstry,19392,38420,Zach McKinstry,290.53391,289.72894,-0.8049699999999689,290.13142500000004,316.0,-25.46609000000001
385,landenroupp,30076,4345404,Landen Roupp,282.20628999999997,294.5,12.293710000000033,288.353145,263.0,19.206289999999967
386,rhyshoskins,16472,35291,Rhys Hoskins,286.749491,287.755456,1.0059650000000033,287.25247349999995,235.0,51.74949099999998
387,alekthomas,23792,41215,Alek Thomas,284.78580000000005,287.44388,2.658079999999927,286.11484,334.0,-49.21419999999995
388,jojoromero,19574,40456,JoJo Romero,281.63703499999997,289.5,7.862965000000031,285.5685175,295.0,-13.362965000000031
389,christianmoore,34979,4927523,Christian Moore,289.69025,280.66639,-9.023860000000013,285.17832,340.0,-50.30975000000001
390,lanethomas,16939,36409,Lane Thomas,278.3158,288.8041,10.488299999999981,283.55995,317.0,-38.684199999999976
391,robertstephenson,13594,32134,Robert Stephenson,240.09324,326.5,86.40675999999999,283.29662,198.0,42.09324000000001
392,aaroncivale,19479,40934,Aaron Civale,241.17767500000002,324.5,83.32232499999998,282.8388375,195.5,45.67767500000002
393,dominiccanzone,26438,4345621,Dominic Canzone,285.8857709999999,279.170366,-6.715404999999919,282.52806849999996,347.0,-61.11422900000008
394,isaaccollins,25477,42959,Isaac Collins,282.91651,281.40434,-1.512170000000026,282.16042500000003,348.0,-65.08348999999998
395,jpsears,23429,39818,JP Sears,295.443295,266.0,-29.443294999999978,280.7216475,363.0,-67.55670500000002
396,tyleroneill,15711,34168,Tyler O'Neill,274.602391,285.9200819999999,11.317690999999911,280.2612365,304.0,-29.39760899999999
397,kodaisenga,31838,4142421,Kodai Senga,288.61938000000004,271.0,-17.619380000000035,279.80969000000005,315.0,-26.380619999999965
398,patrickbailey,27478,4345843,Patrick Bailey,286.10179999999997,272.48216199999996,-13.619638000000009,279.29198099999996,297.0,-10.898200000000031
399,justincrawford,sa3020240,5080642,Justin Crawford,283.12931000000003,275.36544,-7.763870000000054,279.24737500000003,303.0,-19.870689999999968
400,bradlord,31972,4866810,Brad Lord,279.89943,278.5,-1.3994299999999953,279.19971499999997,258.0,21.899429999999995
401,andrewsaalfrank,26203,5001155,Andrew Saalfrank,287.84718,270.0,-17.84717999999998,278.92359,73.5,214.34717999999998
402,anthonykay,20387,40947,Anthony Kay,261.616735,294.5,32.883264999999994,278.05836750000003,289.5,-27.883264999999994
403,braxtongarrett,21844,40971,Braxton Garrett,267.70252,287.5,19.797480000000007,277.60126,337.0,-69.29748000000001
404,robertsuarez,30115,4148749,Robert Suarez,294.74728000000005,260.0,-34.747280000000046,277.37364,239.5,55.247280000000046
405,patrickcorbin,9323,31313,Patrick Corbin,255.81985999999998,298.5,42.68014000000002,277.15993,332.0,-76.18014000000002
406,josecaballero,23401,42135,Jose Caballero,285.104612,267.62623,-17.478381999999954,276.36542099999997,324.0,-38.895388000000025
407,kyleisbel,21614,41263,Kyle Isbel,282.5338699999999,269.04326000000003,-13.49060999999989,275.78856499999995,269.0,13.533869999999922
408,randyvasquez,24719,4722847,Randy Vasquez,256.369685,294.0,37.630314999999996,275.1848425,217.0,39.369685000000004
409,gabrielarias,22563,40344,Gabriel Arias,276.09059,274.23981,-1.850780000000043,275.1652,302.0,-25.90940999999998
410,pavinsmith,19892,40767,Pavin Smith,278.23051999999996,270.31690000000003,-7.9136199999999235,274.27371,274.0,4.230519999999956
411,nickgonzales,27490,4311634,Nick Gonzales,270.5697,271.65697,1.0872699999999895,271.113335,223.0,47.56970000000001
412,rokisasaki,35323,5134638,Roki Sasaki,271.80825500000003,270.0,-1.808255000000031,270.9041275,324.5,-52.69174499999997
413,maxscherzer,3137,28976,Max Scherzer,220.86199,320.5,99.63801000000001,270.680995,295.5,-74.63801000000001
414,carlosnarvaez,19722,5012120,Carlos Narvaez,268.45453,270.853936,2.399405999999999,269.654233,327.0,-58.54547000000002
415,tajbradley,22543,42480,Taj Bradley,267.99292,271.0,3.0070799999999736,269.49646,294.5,-26.507079999999974
416,jakeirvin,21504,41290,Jake Irvin,280.286465,258.0,-22.28646500000002,269.1432325,336.5,-56.21353499999998
417,camsmith,35108,5080766,Cam Smith,270.92948,266.84119,-4.088290000000029,268.885335,382.0,-111.07051999999999
418,milesmikolas,9803,32116,Miles Mikolas,259.76978999999994,277.0,17.230210000000056,268.384895,305.5,-45.730210000000056
419,romygonzalez,21562,42826,Romy Gonzalez,264.14833999999996,271.30567,7.157330000000059,267.72700499999996,201.0,63.14833999999996
420,dillondingler,27464,4345620,Dillon Dingler,271.9335,263.517427,-8.416072999999983,267.7254635,327.0,-55.06650000000002
421,granttaylor,33927,4927630,Grant Taylor,264.91866500000003,270.5,5.581334999999967,267.7093325,244.5,20.418665000000033
422,owencaissie,27496,4917685,Owen Caissie,274.11427,259.619491,-14.494778999999994,266.8668805,350.0,-75.88573000000002
423,miguelandujar,15878,33743,Miguel Andujar,275.90228,257.1368,-18.765480000000025,266.51954,213.0,62.90228000000002
424,cjkayfus,33704,4719337,CJ Kayfus,274.15612,258.88224,-15.273879999999963,266.51918,284.0,-9.843880000000013
425,edgarquero,28022,4917824,Edgar Quero,264.997009,264.79244000000006,-0.20456899999993539,264.89472450000005,244.0,20.99700899999999
426,brooksbaldwin,31394,4424742,Brooks Baldwin,265.30699,264.04715999999996,-1.2598300000000222,264.67707499999995,229.0,36.306989999999985
427,luismorales,32227,5150939,Luis Morales,253.33093499999998,275.5,22.169065000000018,264.4154675,222.5,30.830934999999982
428,colehenry,27570,4414361,Cole Henry,230.21063,298.0,67.78936999999999,264.105315,128.5,101.71063000000001
429,carterjensen,29478,4917812,Carter Jensen,263.06358,262.12068999999997,-0.942890000000034,262.592135,253.0,10.063580000000002
430,kumarrocker,31843,4414525,Kumar Rocker,223.10987,301.5,78.39013,262.304935,226.0,-2.890129999999999
431,lenynsosa,22896,41684,Lenyn Sosa,266.44884099999996,258.12728999999996,-8.321551,262.28806549999996,377.0,-110.55115900000004
432,konnorgriffin,sa3065496,5218285,Konnor Griffin,267.61673,256.55345,-11.06328000000002,262.08509000000004,235.0,32.61673000000002
433,joseberrios,14168,32811,Jose Berrios,270.34101,253.5,-16.841009999999983,261.920505,409.5,-139.15899000000002
434,freddyfermin,21840,41928,Freddy Fermin,266.348156,257.12087,-9.227285999999992,261.734513,195.0,71.34815600000002
435,simeonwoodsrichardson,24494,41383,Simeon Woods Richardson,271.152645,252.0,-19.152645000000007,261.5763225,287.0,-15.847354999999993
436,carsonwilliams,30038,4872692,Carson Williams,265.63956,256.22582,-9.413740000000018,260.93269,287.0,-21.360439999999983
437,tomoyukisugano,35321,4142423,Tomoyuki Sugano,248.87221,269.5,20.627790000000005,259.186105,326.5,-77.62779
438,chasedollander,33482,4719068,Chase Dollander,229.79773500000002,286.5,56.70226499999998,258.1488675,217.5,12.297735000000017
439,jakefraley,19260,37974,Jake Fraley,259.553472,256.22347,-3.330001999999979,257.888471,236.0,23.553472
440,garrettcleavinger,17897,36429,Garrett Cleavinger,252.96981499999998,262.0,9.030185000000017,257.48490749999996,171.5,81.46981499999998
441,carsonbenge,sa3025452,4925604,Carson Benge,263.82517,250.22425900000002,-13.600910999999996,257.0247145,319.0,-55.174829999999986
442,robbysnelling,sa3020707,5080753,Robby Snelling,214.865985,298.5,83.634015,256.6829925,173.5,41.365984999999995
443,josequintana,11423,32106,Jose Quintana,219.36735,287.0,67.63265000000001,253.183675,237.5,-18.132650000000012
444,luisrengifo,19858,37237,Luis Rengifo,256.17786,245.74346000000003,-10.434399999999982,250.96066000000002,303.0,-46.82213999999999
445,carsonkelly,13620,32797,Carson Kelly,249.088458,252.29439900000003,3.205941000000024,250.69142850000003,275.0,-25.911541999999997
446,bryanabreu,16609,41208,Bryan Abreu,266.913995,233.5,-33.413995,250.2069975,280.5,-13.586005
447,michaellorenzen,14843,33252,Michael Lorenzen,273.366025,226.0,-47.36602499999998,249.6830125,293.0,-19.63397500000002
448,tyleranderson,12880,32151,Tyler Anderson,223.76260499999998,275.5,51.73739500000002,249.6313025,293.0,-69.23739500000002
449,jakemccarthy,21622,41197,Jake McCarthy,247.29661999999996,248.57791,1.2812900000000411,247.93726499999997,227.0,20.29661999999996
450,ianseymour,27932,4669425,Ian Seymour,254.26177499999997,240.5,-13.761774999999972,247.38088749999997,394.0,-139.73822500000003
451,yoanmoncada,17232,33984,Yoan Moncada,249.45757999999998,244.390107,-5.067472999999978,246.92384349999998,251.0,-1.5424200000000212
452,kyleleahy,24763,5006093,Kyle Leahy,236.45767199999997,255.5,19.042328000000026,245.978836,193.5,42.957671999999974
453,joeboyle,29608,4298087,Joe Boyle,224.68803,266.5,41.81197,245.594015,307.5,-82.81197
454,victorrobles,18363,35042,Victor Robles,246.39443,243.73122,-2.6632099999999923,245.062825,310.0,-63.60557
455,johanoviedo,22487,41405,Johan Oviedo,239.22268000000003,248.5,9.277319999999975,243.86134,281.0,-41.777319999999975
456,maxmuncy1,29779,4872686,Max Muncy,243.51350999999994,243.20251000000002,-0.3109999999999218,243.35800999999998,317.0,-73.48649000000006
457,denzelclarke,29858,4918085,Denzel Clarke,250.34347,235.48099,-14.862480000000005,242.91223,111.0,139.34347
458,garrettmitchell,27555,4313442,Garrett Mitchell,247.65898,237.08087999999998,-10.578100000000035,242.36993,222.0,25.658980000000014
459,edouardjulien,27534,3985190,Edouard Julien,241.61501,242.68672,1.071709999999996,242.150865,273.0,-31.384989999999988
460,kevinmcgonigle,sa3022895,5149072,Kevin McGonigle,245.38766999999999,238.39359999999996,-6.994070000000022,241.89063499999997,50.0,195.38766999999999
461,willvest,19769,41606,Will Vest,254.01642999999999,228.0,-26.016429999999986,241.008215,270.5,-16.483570000000014
462,loganallen1,27589,4683350,Logan Allen,250.25666999999999,229.5,-20.756669999999986,239.878335,302.0,-51.743330000000014
463,coleyoung,31680,5080641,Cole Young,237.27408000000003,242.37448999999998,5.100409999999954,239.824285,280.0,-42.725919999999974
464,tylerfreeman,22532,40958,Tyler Freeman,231.50692,245.91323,14.40630999999999,238.71007500000002,275.0,-43.49307999999999
465,davisschneider,23565,4997181,Davis Schneider,241.40413500000003,235.606692,-5.7974430000000154,238.50541350000003,140.0,101.40413500000003
466,andrewpainter,sa3017880,4872683,Andrew Painter,212.35055499999999,263.0,50.649445000000014,237.6752775,294.5,-82.14944500000001
467,walkerbuehler,19374,39251,Walker Buehler,208.01713,267.0,58.98286999999999,237.508565,232.0,-23.98286999999999
468,georgevalera,22541,41030,George Valera,238.567189,233.53607399999999,-5.031115000000028,236.05163149999998,287.0,-48.43281099999999
469,jjbleday,26368,42410,JJ Bleday,235.648397,236.20337999999998,0.5549829999999929,235.92588849999999,128.0,107.64839699999999
470,victorcaratini,14968,33229,Victor Caratini,234.18936200000002,236.75304,2.5636779999999817,235.471201,175.0,59.18936200000002
471,moisesballesteros,28820,4987418,Moises Ballesteros,241.55427300000002,229.25239,-12.301883000000032,235.4033315,257.0,-15.445726999999977
472,marcusstroman,13431,32815,Marcus Stroman,217.7821915,253.0,35.21780849999999,235.39109575,244.0,-26.21780849999999
473,justinsterner,27694,4307467,Justin Sterner,235.422535,233.5,-1.9225350000000105,234.46126750000002,157.5,77.92253500000001
474,tannergordon,27669,4415658,Tanner Gordon,225.35255,243.5,18.147449999999992,234.426275,167.5,57.85255000000001
475,hoganharris,21520,41364,Hogan Harris,227.37453,241.0,13.625470000000007,234.187265,269.5,-42.12547000000001
476,heribertohernandez,24878,42455,Heriberto Hernandez,236.73265999999998,230.53751999999997,-6.195140000000009,233.63509,214.0,22.73265999999998
477,zachcole,31583,5136815,Zach Cole,241.74309,225.2912,-16.45188999999999,233.517145,158.0,83.74309
478,seanmurphy,19352,33557,Sean Murphy,233.73985,230.49966799999999,-3.2401820000000043,232.119759,224.0,9.73984999999999
479,jacoblatz,21306,3210625,Jacob Latz,228.76763900000003,234.5,5.732360999999969,231.63381950000002,125.5,103.26763900000003
480,jeremiahestrada,22210,41014,Jeremiah Estrada,234.572205,227.5,-7.072204999999997,231.0361025,237.0,-2.4277950000000033
481,christophermorel,21897,42927,Christopher Morel,228.90498,232.194315,3.289334999999994,230.5496475,372.0,-143.09502
482,luisangelacuna,26548,42411,Luisangel Acuna,236.48989,224.52649999999997,-11.963390000000032,230.508195,349.0,-112.51011
483,andrewkittredge,12828,35872,Andrew Kittredge,242.95638000000005,215.5,-27.456380000000053,229.22819000000004,223.0,19.956380000000053
484,andrewalvarez,29914,4300668,Andrew Alvarez,221.80748,236.0,14.192520000000002,228.90374,31.5,190.30748
485,kirbyyates,9073,32623,Kirby Yates,247.973615,208.0,-39.973614999999995,227.9868075,196.0,51.973614999999995
486,tommypham,2967,31208,Tommy Pham,224.30491,229.75497100000004,5.450061000000034,227.0299405,275.0,-50.69508999999999
487,jaredjones,27863,4918156,Jared Jones,210.81474499999996,242.0,31.18525500000004,226.40737249999998,280.5,-69.68525500000004
488,austinmartin,27462,4297998,Austin Martin,227.58097999999998,225.06251,-2.5184699999999793,226.321745,179.0,48.58097999999998
489,jassondominguez,28080,42401,Jasson Dominguez,227.42085000000003,224.15451999999996,-3.2663300000000675,225.787685,423.0,-195.57914999999997
490,nathaniellowe,19566,40538,Nathaniel Lowe,229.17190399999998,222.385575,-6.786328999999995,225.77873949999997,361.0,-131.82809600000002
491,blazealexander,23789,41345,Blaze Alexander,225.80200000000002,225.73230999999998,-0.06969000000003689,225.767155,215.0,10.802000000000021
492,jakebauers,15194,35013,Jake Bauers,227.273244,222.018001,-5.255243000000007,224.6456225,188.0,39.273244000000005
493,griffinconine,21626,41295,Griffin Conine,234.217,214.61664000000002,-19.600359999999995,224.41682000000003,99.0,135.217
494,tylerwells,20000,4717904,Tyler Wells,215.45187000000004,232.5,17.048129999999958,223.97593500000002,215.0,0.4518700000000422
495,haseongkim,27506,4089862,Ha-Seong Kim,222.69163000000003,224.57703,1.8853999999999758,223.63433000000003,259.0,-36.30836999999997
496,jakemangum,26202,42664,Jake Mangum,228.30966999999998,215.83571000000003,-12.473959999999948,222.07269000000002,292.0,-63.69033000000002
497,lancemccullersjr,14120,32764,Lance McCullers Jr.,203.94542500000003,239.5,35.55457499999997,221.7227125,217.5,-13.554574999999971
498,lukeweaver,16918,33770,Luke Weaver,230.33567499999998,211.5,-18.83567499999998,220.9178375,250.0,-19.66432500000002
499,jordanleasure,29950,5132121,Jordan Leasure,229.18290000000002,212.5,-16.682900000000018,220.84145,203.0,26.182900000000018
500,taylorwalls,22458,40576,Taylor Walls,220.6008,220.85754,0.25674000000000774,220.72917,221.0,-0.39920000000000755
501,grahampauley,31363,4622931,Graham Pauley,224.36162000000002,217.074917,-7.286703000000017,220.71826850000002,56.0,168.36162000000002
502,luisgil,21052,40626,Luis Gil,236.12582999999998,205.0,-31.12582999999998,220.56291499999998,318.5,-82.37417000000002
503,garrettwhitlock,20191,39674,Garrett Whitlock,222.03010999999998,219.0,-3.030109999999979,220.515055,212.5,9.53010999999998
504,josiahgray,24580,41165,Josiah Gray,209.70916000000005,231.0,21.290839999999946,220.35458000000003,220.5,-10.790839999999946
505,dannyjansen,16535,35004,Danny Jansen,223.24648299999998,215.939973,-7.3065099999999745,219.593228,207.0,16.246482999999984
506,adrianmorejon,20039,40917,Adrian Morejon,219.126405,218.0,-1.1264050000000054,218.5632025,200.5,18.626405000000005
507,tannerscott,17586,35135,Tanner Scott,229.17759,207.0,-22.17759000000001,218.088795,187.5,41.67759000000001
508,seannewcomb,16943,33856,Sean Newcomb,210.72323500000002,223.5,12.776764999999983,217.11161750000002,183.0,27.723235000000017
509,joeybart,21524,41168,Joey Bart,212.903072,219.89659400000002,6.993522000000013,216.399833,231.0,-18.09692799999999
510,tonysantillan,19926,40950,Tony Santillan,215.87367999999998,216.0,0.12632000000002108,215.93684,224.0,-8.126320000000021
511,philmaton,18064,36161,Phil Maton,220.90131000000002,209.5,-11.401310000000024,215.200655,223.0,-2.0986899999999764
512,chrispaddack,20099,35999,Chris Paddack,195.30273699999998,235.0,39.69726300000002,215.1513685,287.0,-91.69726300000002
513,nasimnunez,25979,4728688,Nasim Nunez,220.68513800000002,209.09885000000003,-11.586287999999996,214.891994,185.0,35.68513800000002
514,nathanlukes,18123,35682,Nathan Lukes,222.37783,207.30297,-15.074860000000001,214.8404,237.0,-14.622170000000011
515,andrewmccutchen,9847,28701,Andrew McCutchen,209.69100400000002,219.164171,9.47316699999999,214.42758750000002,198.0,11.69100400000002
516,markleiterjr,15551,36202,Mark Leiter Jr.,213.74057,212.5,-1.240569999999991,213.120285,128.5,85.24056999999999
517,carlossantana,2396,30280,Carlos Santana,213.77706199999997,212.461746,-1.3153159999999673,213.11940399999997,271.0,-57.22293800000003
518,robertgasser,29812,4918251,Robert Gasser,198.09190999999998,225.5,27.408090000000016,211.795955,164.0,34.091909999999984
519,germanmarquez,15038,34874,German Marquez,186.40376,236.0,49.596239999999995,211.20188000000002,216.0,-29.596239999999995
520,joseferrer,24017,5119607,Jose Ferrer,199.19304500000004,222.5,23.30695499999996,210.84652250000002,209.5,-10.30695499999996
521,michaelconforto,16376,33711,Michael Conforto,208.76831299999998,209.632269,0.8639560000000301,209.200291,203.0,5.768312999999978
522,hunterbarco,33174,4621029,Hunter Barco,207.86917999999997,210.5,2.6308200000000284,209.18459,254.0,-46.13082000000003
523,kevinginkel,19876,41432,Kevin Ginkel,222.82190000000003,195.5,-27.321900000000028,209.16095,223.0,-0.17809999999997217
524,lourdesgurrieljr,19238,36040,Lourdes Gurriel Jr.,209.79347000000004,207.91650900000002,-1.8769610000000228,208.85498950000004,218.0,-8.206529999999958
525,justinsteele,17312,41022,Justin Steele,199.41627999999997,215.5,16.083720000000028,207.45814,367.0,-167.58372000000003
526,ryanweiss,sa3007778,3964917,Ryan Weiss,171.90519,243.0,71.09481,207.452595,126.5,45.405190000000005
527,thomassaggese,27883,4999876,Thomas Saggese,208.08406000000002,205.21274,-2.8713200000000256,206.6484,157.0,51.08406000000002
528,mattsvanson,29629,4649953,Matt Svanson,200.9887,211.5,10.511300000000006,206.24435,157.5,43.488699999999994
529,miketauchman,15274,33956,Mike Tauchman,205.60692,206.71506599999998,1.1081459999999765,206.160993,202.0,3.6069200000000023
530,mauriciodubon,16530,35304,Mauricio Dubon,208.5078,202.59919999999997,-5.908600000000035,205.55349999999999,197.0,11.507800000000003
531,josealvarado,17780,36063,Jose Alvarado,212.70793999999998,198.0,-14.70793999999998,205.35397,119.5,93.20793999999998
532,kodyclemens,20572,41311,Kody Clemens,205.81112,204.45033,-1.3607899999999802,205.13072499999998,233.0,-27.18888000000001
533,mickabel,27756,4718970,Mick Abel,203.89548499999995,204.5,0.604515000000049,204.19774249999998,59.5,144.39548499999995
534,richardfitts,30160,4414243,Richard Fitts,204.180665,204.0,-0.18066500000000474,204.0903325,206.5,-2.3193349999999953
535,mattbrash,25756,4894467,Matt Brash,205.65810499999998,201.0,-4.658104999999978,203.3290525,195.0,10.658104999999978
536,camilodoval,21992,41337,Camilo Doval,218.527605,188.0,-30.527604999999994,203.2638025,215.5,3.027604999999994
537,luismedina,21649,40949,Luis Medina,210.026615,196.5,-13.526614999999993,203.2633075,100.0,110.02661499999999
538,nickcastellanos,11737,31187,Nick Castellanos,203.6111,202.25606299999998,-1.35503700000001,202.9335815,431.0,-227.3889
539,calvinfaucher,20116,3978173,Calvin Faucher,203.15703499999995,202.0,-1.1570349999999507,202.57851749999998,208.5,-5.342965000000049
540,michaelmassey,27684,4109223,Michael Massey,199.02694100000002,204.66156800000002,5.634626999999995,201.84425450000003,188.0,11.026941000000022
541,louisvarland,27691,4917888,Louis Varland,203.47805,200.0,-3.478049999999996,201.739025,157.0,46.478049999999996
542,justintopa,15145,38796,Justin Topa,204.24591499999997,198.5,-5.745914999999968,201.37295749999998,182.5,21.745914999999968
543,rowdytellez,15679,34287,Rowdy Tellez,203.654313,198.92629596199998,-4.728017038000019,201.290304481,225.0,-21.345686999999998
544,jhostynxongarcia,28142,5136931,Jhostynxon Garcia,202.66635999999997,199.81740000000002,-2.8489599999999484,201.24187999999998,141.0,61.66635999999997
545,kylefinnegan,15009,36543,Kyle Finnegan,207.28527499999998,192.5,-14.785274999999984,199.89263749999998,216.0,-8.714725000000016
546,jacobyoung,29931,4414210,Jacob Young,206.29977,193.436466,-12.863304,199.86811799999998,182.0,24.299769999999995
547,spencerarrighetti,29921,4726080,Spencer Arrighetti,222.00773500000003,176.0,-46.007735000000025,199.0038675,225.5,-3.492264999999975
548,vaughngrissom,26031,42503,Vaughn Grissom,201.61809,195.202231,-6.415858999999983,198.41016050000002,213.0,-11.381910000000005
549,jessewinker,13590,32833,Jesse Winker,199.21334,197.55733899999998,-1.6560010000000034,198.3853395,172.0,27.213339999999988
550,bradkeller,15734,35292,Brad Keller,210.355825,186.0,-24.35582500000001,198.1779125,170.5,39.85582500000001
551,alekmanoah,26410,42436,Alek Manoah,188.08121,207.0,18.91879,197.540605,90.5,97.58121
552,shawnarmstrong,12857,33499,Shawn Armstrong,191.5264,202.5,10.973600000000005,197.01319999999998,176.5,15.026399999999995
553,colesands,21461,3983841,Cole Sands,202.17792,190.5,-11.67792,196.33896,181.5,20.67792
554,taijuanwalker,11836,31864,Taijuan Walker,206.764239,185.0,-21.764239000000003,195.8821195,230.0,-23.235760999999997
555,yimigarcia,12095,32888,Yimi Garcia,191.811505,199.0,7.188494999999989,195.4057525,212.0,-20.18849499999999
556,jonathancannon,31730,4620398,Jonathan Cannon,205.041367,185.0,-20.041367000000008,195.02068350000002,107.0,98.04136700000001
557,tyronetaylor,13675,32783,Tyrone Taylor,194.81646000000003,194.34545,-0.47101000000003523,194.58095500000002,233.0,-38.183539999999965
558,grantholmes,16944,33840,Grant Holmes,200.05858500000002,188.5,-11.558585000000022,194.2792925,318.0,-117.94141499999998
559,huntergaddis,25636,4187661,Hunter Gaddis,204.709185,182.0,-22.70918499999999,193.3545925,189.5,15.20918499999999
560,javierbaez,12979,32127,Javier Baez,194.61463,191.04681399999998,-3.567816000000022,192.83072199999998,282.0,-87.38537
561,jtginn,27889,4414002,J.T. Ginn,193.87755,191.5,-2.3775500000000136,192.68877500000002,187.5,6.377550000000014
562,tyfrance,17982,35591,Ty France,189.922234,194.450835,4.528601000000009,192.1865345,319.0,-129.077766
563,sethhalvorsen,33294,5204400,Seth Halvorsen,216.636825,166.5,-50.13682499999999,191.5684125,179.0,37.63682499999999
564,ryanfeltner,21446,4019484,Ryan Feltner,200.73529999999997,181.5,-19.235299999999967,191.11764999999997,202.5,-1.7647000000000332
565,kodyfunderburk,24993,4348166,Kody Funderburk,198.67405499999998,182.5,-16.17405499999998,190.58702749999998,96.0,102.67405499999998
566,pedropages,25782,42608,Pedro Pages,194.755764,185.47821999999996,-9.277544000000034,190.11699199999998,256.0,-61.244236
567,alexvesia,25007,42622,Alex Vesia,201.05229,179.0,-22.05229,190.02614499999999,210.0,-8.94771
568,orionkerkering,31776,4630789,Orion Kerkering,200.97893499999998,177.5,-23.47893499999998,189.2394675,169.5,31.47893499999998
569,keibertruiz,19610,38827,Keibert Ruiz,195.55775899999998,181.99669999999998,-13.561059,188.77722949999998,272.0,-76.44224100000002
570,colbythomas,31855,4662616,Colby Thomas,191.81074400000003,185.308109,-6.502635000000026,188.55942650000003,98.0,93.81074400000003
571,jordanmontgomery,16511,38173,Jordan Montgomery,163.27239020000005,211.0,47.727609799999954,187.1361951,126.5,36.772390200000046
572,caseyschmitt,27577,4301949,Casey Schmitt,184.925489,189.137692,4.212202999999988,187.0315905,60.0,124.925489
573,joseurquidy,18413,35759,Jose Urquidy,172.66339499999998,200.0,27.33660500000002,186.3316975,106.0,66.66339499999998
574,cadendana,31508,5197473,Caden Dana,172.61053499999997,200.0,27.38946500000003,186.30526749999999,228.5,-55.88946500000003
575,mattstrahm,13799,34862,Matt Strahm,202.01709,169.5,-32.517089999999996,185.758545,201.5,0.517089999999996
576,mattshaw,33322,4867667,Matt Shaw,191.48645000000002,179.96045,-11.52600000000001,185.72345,211.0,-19.51354999999998
577,fernandocruz,7048,34068,Fernando Cruz,191.56692499999997,179.5,-12.06692499999997,185.53346249999998,189.5,2.0669249999999693
578,dylanlee,19996,41455,Dylan Lee,191.05737499999998,180.0,-11.057374999999979,185.5286875,192.5,-1.442625000000021
579,tylerrogers,15541,34026,Tyler Rogers,181.32404499999998,189.5,8.175955000000016,185.41202249999998,189.5,-8.175955000000016
580,jansonjunk,23301,4881980,Janson Junk,191.122575,179.0,-12.122575000000012,185.0612875,246.0,-54.87742499999999
581,jimmyherget,17556,36093,Jimmy Herget,175.566685,194.5,18.933314999999993,185.0333425,167.5,8.066685000000007
582,coltemerson,sa3022923,5149068,Colt Emerson,184.64891999999998,184.899917,0.25099700000001235,184.77441849999997,48.0,136.64891999999998
583,bryanbaker,19804,40884,Bryan Baker,169.229525,199.5,30.270475000000005,184.36476249999998,167.0,2.2295249999999953
584,willbenson,21853,39216,Will Benson,181.44657,186.20110000000003,4.754530000000017,183.82383500000003,168.0,13.446570000000008
585,joelpeguero,21951,4722917,Joel Peguero,163.606845,203.5,39.89315500000001,183.5534225,69.5,94.10684499999999
586,hunterharvey,15507,33191,Hunter Harvey,176.46224,190.0,13.537759999999992,183.23112,79.0,97.46224000000001
587,gregorysoto,19677,39804,Gregory Soto,171.14603499999998,194.0,22.853965000000017,182.5730175,137.0,34.14603499999998
588,lucaserceg,19360,36618,Lucas Erceg,204.23312499999997,159.0,-45.23312499999997,181.6165625,167.0,37.23312499999997
589,tylerholton,26231,3983833,Tyler Holton,183.12194,180.0,-3.121939999999995,181.56097,203.5,-20.378060000000005
590,andreschaparro,21797,42949,Andres Chaparro,185.344161,177.329886,-8.014275000000026,181.3370235,202.0,-16.655838999999986
591,keeganakin,19362,36724,Keegan Akin,175.60994499999998,186.5,10.890055000000018,181.0549725,195.5,-19.890055000000018
592,charliemorton,4676,29155,Charlie Morton,173.64826,188.0,14.351740000000007,180.82413,280.0,-106.35174
593,kuttercrawford,20531,41277,Kutter Crawford,189.32689,172.0,-17.32688999999999,180.663445,177.0,12.326889999999992
594,lukeraley,19354,40422,Luke Raley,179.538333,180.477956,0.9396230000000116,180.00814450000001,245.0,-65.461667
595,jonnydeluca,26365,5005912,Jonny DeLuca,182.45969000000002,177.51182000000003,-4.947869999999995,179.98575500000004,143.0,39.45969000000002
596,eduardbazardo,20997,41939,Eduard Bazardo,165.55129499999998,193.5,27.948705000000018,179.5256475,185.5,-19.948705000000018
597,jaredkoenig,27517,4995802,Jared Koenig,184.46335499999998,174.5,-9.963354999999979,179.4816775,183.0,1.4633549999999786
598,colewinn,22113,41177,Cole Winn,161.902135,197.0,35.09786500000001,179.4510675,119.5,42.40213499999999
599,erikmiller,26252,4152950,Erik Miller,166.995335,190.0,23.00466499999999,178.4976675,97.5,69.49533500000001
600,hunterdobbins,30240,4415836,Hunter Dobbins,191.80181,165.0,-26.80180999999999,178.400905,155.5,36.30180999999999
601,mitchellparker,27636,4683356,Mitchell Parker,183.350445,173.0,-10.350445000000008,178.17522250000002,186.0,-2.6495549999999923
602,ezequielduran,23733,42457,Ezequiel Duran,179.014886,176.94693999999998,-2.0679460000000063,177.980913,165.0,14.01488599999999
603,thairoestrada,16426,36485,Thairo Estrada,179.08450100000002,175.15861,-3.925891000000007,177.1215555,227.0,-47.91549899999998
604,amedrosario,15518,33215,Amed Rosario,178.24799,174.65991999999997,-3.588070000000016,176.45395499999998,119.0,59.24798999999999
605,harryford,29958,4872682,Harry Ford,175.41778399999998,176.77696400000002,1.3591800000000376,176.097374,142.0,33.41778399999998
606,tyleraustin,11850,32161,Tyler Austin,173.721327,177.977489,4.256161999999989,175.84940799999998,122.0,51.721327
607,grahamashcraft,27552,4084179,Graham Ashcraft,168.13034500000003,181.0,12.869654999999966,174.56517250000002,167.5,0.6303450000000339
608,bryanking,25890,5201821,Bryan King,165.35417,183.0,17.64582999999999,174.177085,173.0,-7.6458299999999895
609,miguelamaya,21693,38905,Miguel Amaya,181.090995,166.50976599999998,-14.581229000000008,173.8003805,141.0,40.09099499999999
610,luiscampusano,22217,40521,Luis Campusano,182.521376,164.845956,-17.675420000000003,173.68366600000002,128.0,54.521376000000004
611,henrydavis,29617,4418683,Henry Davis,170.741147,175.95993299999998,5.218785999999966,173.35054,215.0,-44.25885299999999
612,starlingmarte,9241,30830,Starling Marte,171.48544200000003,174.634753,3.1493109999999547,173.0600975,162.0,9.485442000000035
613,juanmejia,23237,5185107,Juan Mejia,164.150525,181.5,17.349475000000012,172.8252625,138.0,26.150524999999988
614,drewpomeranz,11426,31010,Drew Pomeranz,153.88923,191.5,37.61077,172.694615,134.0,19.889229999999998
615,calebthielbar,10078,32440,Caleb Thielbar,172.151775,173.0,0.8482250000000136,172.5758875,161.0,11.151774999999986
616,jongray,14916,33203,Jon Gray,150.63690499999998,194.5,43.863095000000015,172.56845249999998,153.5,-2.8630950000000155
617,kylehigashioka,5517,30545,Kyle Higashioka,176.95566699999998,167.61847319999998,-9.337193799999994,172.2870701,218.0,-41.04433300000002
618,nickfortes,21538,41674,Nick Fortes,176.08159899999998,168.438102,-7.643496999999996,172.25985049999997,185.0,-8.918401000000017
619,yoendrysgomez,22872,42898,Yoendrys Gomez,165.2722935,179.0,13.72770650000001,172.13614675,115.0,50.27229349999999
620,elvisalvarado,21662,42211,Elvis Alvarado,170.17345999999998,173.5,3.3265400000000227,171.83673,128.0,42.17345999999998
621,adriandelcastillo,29554,41464,Adrian Del Castillo,172.764663,168.261006,-4.503657000000004,170.5128345,105.0,67.76466300000001
622,brandonsproat,33850,4621041,Brandon Sproat,166.87546,173.5,6.624539999999996,170.18773,114.5,52.375460000000004
623,chrismartin,11847,32903,Chris Martin,161.80360499999998,178.0,16.196395000000024,169.90180249999997,178.0,-16.196395000000024
624,mikevasil,30105,4414551,Mike Vasil,161.50046,178.0,16.499539999999996,169.75023,158.5,3.000460000000004
625,ajminter,18655,36133,A.J. Minter,171.71837,167.5,-4.218369999999993,169.609185,106.5,65.21837
626,gabespeier,17170,40327,Gabe Speier,173.097345,166.0,-7.09734499999999,169.5486725,173.5,-0.40265500000001
627,drewanderson,15130,41125,Drew Anderson,185.84061,152.0,-33.84061,168.92030499999998,285.5,-99.65939
628,mattvierling,21558,41636,Matt Vierling,167.50991,169.73877799999997,2.228867999999977,168.62434399999998,180.0,-12.49009000000001
629,colinrea,12317,33950,Colin Rea,183.39946000000006,153.0,-30.39946000000006,168.19973000000005,184.5,-1.1005399999999383
630,troyjohnston,26143,4346111,Troy Johnston,171.55097999999998,164.09918000000002,-7.451799999999963,167.82508,66.0,105.55097999999998
631,isaacmattson,20385,42063,Isaac Mattson,170.085725,165.5,-4.5857249999999965,167.7928625,121.5,48.585725
632,sungmunsong,sa3012529,5329585,Sung-Mun Song,170.0593,163.98724,-6.072059999999993,167.02327000000002,269.0,-98.94069999999999
633,blaketreinen,12572,32185,Blake Treinen,170.34994,163.5,-6.849940000000004,166.92497,125.0,45.349940000000004
634,masonmontgomery,29770,4424112,Mason Montgomery,158.73422,175.0,16.265780000000007,166.86711,130.0,28.734219999999993
635,rhettlowder,33876,4758873,Rhett Lowder,167.85219500000002,165.0,-2.852195000000023,166.42609750000003,69.5,98.35219500000002
636,angelmartinez,26540,42497,Angel Martinez,168.17361,164.35237999999998,-3.821230000000014,166.262995,263.0,-94.82639
637,josebutto,23313,4905900,Jose Butto,178.27498,153.0,-25.27498,165.63749,147.5,30.77498
638,randalgrichuk,10243,31399,Randal Grichuk,162.32925299999997,168.865356,6.5361030000000255,165.59730449999998,153.0,9.329252999999966
639,aaronashby,23550,41325,Aaron Ashby,172.54116000000002,158.5,-14.04116000000002,165.52058,144.5,28.04116000000002
640,michaelkelly,12791,36156,Michael Kelly,167.888785,160.5,-7.388785000000013,164.1943925,175.5,-7.611214999999987
641,tylerphillips,20629,41247,Tyler Phillips,154.483065,173.5,19.01693499999999,163.9915325,125.0,29.48306500000001
642,robrefsnyder,13770,33411,Rob Refsnyder,163.02445799999998,164.466203,1.4417450000000258,163.7453305,155.0,8.024457999999981
643,oswaldperaza,22823,42479,Oswald Peraza,161.16098,165.151674,3.990694000000019,163.156327,103.0,58.160979999999995
644,stevenokert,13580,33716,Steven Okert,160.823312,165.0,4.176688000000013,162.911656,173.5,-12.676688000000013
645,pjpoulin,23394,4019760,P.J. Poulin,166.60432,158.5,-8.104320000000001,162.55216000000001,95.5,71.10432
646,dominicsmith,15653,33218,Dominic Smith,162.699734,161.977651,-0.7220829999999978,162.3386925,170.0,-7.3002659999999935
647,ryanzeferjahn,25420,4722057,Ryan Zeferjahn,155.15099,169.5,14.349009999999993,162.325495,154.5,0.6509900000000073
648,adamfrazier,15223,33546,Adam Frazier,164.89511000000002,159.73658999999998,-5.158520000000038,162.31585,208.0,-43.10488999999998
649,troymelton,31807,5294127,Troy Melton,173.91022,150.0,-23.91022000000001,161.95511,75.0,98.91022000000001
650,ryanthompson,16647,38628,Ryan Thompson,171.09644999999998,152.5,-18.596449999999976,161.798225,162.0,9.096449999999976
651,danemyers,22054,40048,Dane Myers,162.731561,160.76531899999998,-1.9662420000000225,161.74844,186.0,-23.268439
652,jordanromano,16122,36380,Jordan Romano,181.11703,142.0,-39.11703,161.558515,170.0,11.11703
653,javiersanoja,28253,5073992,Javier Sanoja,159.73349,162.33186,2.598370000000017,161.03267499999998,193.0,-33.26651000000001
654,julianfernandez,18341,39835,Julian Fernandez,160.8562,161.0,0.14379999999999882,160.9281,41.0,119.8562
655,eriksabrowski,24978,5194333,Erik Sabrowski,163.06621,158.5,-4.566210000000012,160.783105,113.0,50.06621000000001
656,tylerkinley,18297,34166,Tyler Kinley,168.231375,153.0,-15.231375000000014,160.6156875,172.5,-4.268624999999986
657,isiahkinerfalefa,16512,33572,Isiah Kiner-Falefa,162.55358,158.48846500000002,-4.065114999999992,160.52102250000002,214.0,-51.44641999999999
658,alexisdiaz,21132,4905920,Alexis Diaz,171.48296,149.0,-22.48295999999999,160.24148,78.0,93.48295999999999
659,spencerbivens,30226,5136077,Spencer Bivens,157.24597,162.5,5.25403,159.872985,174.5,-17.25403
660,enriquehernandez,10472,31358,Enrique Hernandez,158.41477600000002,160.663588,2.2488119999999867,159.539182,182.0,-23.585223999999982
661,piercejohnson,13435,32777,Pierce Johnson,159.05723500000002,159.0,-0.05723500000001991,159.0286175,150.0,9.05723500000002
662,anthonybender,19742,42171,Anthony Bender,160.79838,157.0,-3.7983800000000087,158.89919,146.5,14.298380000000009
663,patricksandoval,19447,40975,Patrick Sandoval,161.38771500000001,156.0,-5.387715000000014,158.6938575,113.0,48.387715000000014
664,brooksraley,10061,32005,Brooks Raley,152.65832500000002,164.0,11.34167499999998,158.3291625,147.0,5.658325000000019
665,mccadebrown,30004,4415654,McCade Brown,151.559055,164.5,12.940945,158.0295275,184.0,-32.440945
666,roberthasselliii,27482,4684371,Robert Hassell III,158.38610400000002,157.64670499999997,-0.7393990000000485,158.0164045,248.0,-89.61389599999998
667,rynestanek,15947,33301,Ryne Stanek,156.67091,159.0,2.329090000000008,157.835455,143.5,13.170909999999992
668,jakobjunis,13619,36056,Jakob Junis,163.264655,151.5,-11.764655000000005,157.3823275,158.0,5.264655000000005
669,justinslaten,25648,4917925,Justin Slaten,164.78391499999998,148.5,-16.28391499999998,156.6419575,153.5,11.283914999999979
670,wilmerflores,5827,30627,Wilmer Flores,158.423947,149.95624499999997,-8.467702000000031,154.19009599999998,232.0,-73.576053
671,gregweissert,20375,41485,Greg Weissert,152.830595,155.0,2.169405000000012,153.9152975,165.5,-12.669405000000012
672,josetena,23691,42105,Jose Tena,155.560943,151.584368,-3.976574999999997,153.5726555,121.0,34.56094300000001
673,josetrevino,16725,35268,Jose Trevino,155.67482,151.3544028,-4.3204172000000085,153.5146114,120.0,35.67482000000001
674,samhaggerty,18054,38347,Sam Haggerty,153.60552,151.24811,-2.3574100000000158,152.426815,81.0,72.60552000000001
675,eversonpereira,23695,41252,Everson Pereira,157.571971,146.948688,-10.623282999999986,152.2603295,70.0,87.57197099999999
676,brockburke,17968,39945,Brock Burke,149.71427,152.0,2.285730000000001,150.857135,141.5,8.214269999999999
677,kylekarros,33252,5203102,Kyle Karros,149.472699,150.981509,1.5088099999999827,150.227104,294.0,-144.527301
678,davidfry,24934,41672,David Fry,151.13463700000003,148.885691,-2.248946000000018,150.01016400000003,143.0,8.134637000000026
679,jonahheim,16930,33842,Jonah Heim,149.805111,149.0542037,-0.7509073000000228,149.42965735,270.0,-120.19488899999999
680,masatakayoshida,31837,4872598,Masataka Yoshida,150.956781,146.747363,-4.209417999999999,148.85207200000002,247.0,-96.043219
681,kylewright,19665,39652,Kyle Wright,153.41384,144.0,-9.413839999999993,148.70692,48.0,105.41384
682,hunterfeduccia,23372,41801,Hunter Feduccia,153.261454,144.132827,-9.128626999999994,148.6971405,161.0,-7.738546000000014
683,davidmorgan,31616,5270578,David Morgan,141.382776,156.0,14.617223999999993,148.69138800000002,132.5,8.882776000000007
684,kadestrowd,26191,5125912,Kade Strowd,127.84061,169.5,41.65939,148.67030499999998,102.5,25.340609999999998
685,thomaswhite,sa3023268,5149065,Thomas White,123.247255,173.5,50.252745000000004,148.3736275,50.5,72.747255
686,ericorze,27626,4299966,Eric Orze,140.585335,156.0,15.414665000000014,148.2926675,98.0,42.585334999999986
687,joemack,sa3017374,4872695,Joe Mack,150.67798200000001,145.322815,-5.355167000000023,148.00039850000002,43.0,107.67798200000001
688,angelzerpa,22717,4705673,Angel Zerpa,145.12784799999997,150.5,5.372152000000028,147.813924,139.5,5.627847999999972
689,johnschreiber,20020,39949,John Schreiber,144.96864999999997,150.0,5.031350000000032,147.48432499999998,171.5,-26.53135000000003
690,aaronbummer,16258,36131,Aaron Bummer,146.765165,148.0,1.234835000000004,147.3825825,149.0,-2.234835000000004
691,tannerbanks,16990,40437,Tanner Banks,144.58291400000002,150.0,5.417085999999983,147.291457,156.0,-11.417085999999983
692,masonenglert,22288,41386,Mason Englert,138.935865,155.0,16.064134999999993,146.96793250000002,127.0,11.935865000000007
693,carmenmlodzinski,27572,4298378,Carmen Mlodzinski,151.30736000000002,142.5,-8.807360000000017,146.90368,164.0,-12.692639999999983
694,edmundososa,17022,33809,Edmundo Sosa,147.19622999999999,146.39622999999997,-0.8000000000000114,146.79622999999998,208.0,-60.803770000000014
695,tyleralexander,17735,40360,Tyler Alexander,148.330231,145.0,-3.3302309999999977,146.6651155,159.5,-11.169769000000002
696,jamesoutman,24770,41802,James Outman,149.22897,144.07921000000002,-5.149759999999986,146.65409,195.0,-45.771029999999996
697,ramonurias,18795,40610,Ramon Urias,145.819782,147.137502,1.3177200000000084,146.478642,99.0,46.819782000000004
698,tristoncasas,22514,41180,Triston Casas,148.78605900000002,144.087208,-4.698851000000019,146.43663350000003,217.0,-68.21394099999998
699,emersonhancock,27470,4297897,Emerson Hancock,129.31536,163.5,34.18464,146.40768,82.0,47.31536
700,connorphillips,27649,4918160,Connor Phillips,155.72531499999997,136.0,-19.725314999999966,145.86265749999998,82.0,73.72531499999997
701,colinselby,24986,5116841,Colin Selby,133.974285,157.5,23.52571499999999,145.7371425,77.5,56.47428500000001
702,blakeperkins,19921,36974,Blake Perkins,146.78873,141.35068,-5.438049999999976,144.069705,120.0,26.788729999999987
703,stephenkolek,21487,5190073,Stephen Kolek,149.67172,137.5,-12.171719999999993,143.58586,292.0,-142.32828
704,ottokemp,31792,5136835,Otto Kemp,143.552519,143.51261399999999,-0.03990500000000452,143.53256649999997,194.0,-50.44748100000001
705,mattfesta,19330,39871,Matt Festa,145.17702,141.5,-3.677019999999999,143.33850999999999,145.5,-0.32298000000000116
706,justinlawrence,17639,41310,Justin Lawrence,138.803025,147.5,8.696975000000009,143.1515125,67.0,71.80302499999999
707,travisdarnaud,7739,29951,Travis d'Arnaud,141.68341900000001,144.408857,2.725437999999997,143.046138,143.0,-1.3165809999999851
708,garysanchez,11442,31095,Gary Sanchez,144.323201,141.538640393,-2.784560607000003,142.9309206965,79.0,65.32320100000001
709,braydonfisher,24609,41318,Braydon Fisher,144.66573499999998,139.0,-5.665734999999984,141.8328675,155.5,-10.834265000000016
710,tylerlocklear,31396,4866477,Tyler Locklear,143.394239,140.22852799999998,-3.165711000000016,141.81138349999998,125.0,18.394239
711,connorprielipp,sa3020808,4620001,Connor Prielipp,136.31518999999997,146.5,10.184810000000027,141.407595,37.0,99.31518999999997
712,keidermontero,22630,5182933,Keider Montero,153.48312500000003,128.5,-24.98312500000003,140.99156250000001,84.5,68.98312500000003
713,mitchgarver,15161,33667,Mitch Garver,140.405201,141.212435,0.807233999999994,140.808818,218.0,-77.594799
714,danielschneemann,25180,42001,Daniel Schneemann,140.598309,140.81785299999999,0.21954399999998486,140.708081,287.0,-146.401691
715,dietrichenns,13932,36049,Dietrich Enns,134.338215,147.0,12.661785000000009,140.6691075,88.0,46.33821499999999
716,connorwong,19896,40086,Connor Wong,139.23779199999998,141.77910999999997,2.5413179999999898,140.50845099999998,139.0,0.23779199999998468
717,scottbarlow,14993,32156,Scott Barlow,129.297595,151.5,22.202405,140.3987975,153.5,-24.202405
718,jeremiahjackson,22239,41264,Jeremiah Jackson,141.307293,138.939124,-2.3681689999999946,140.12320849999998,70.0,71.30729299999999
719,josefermin,21746,38851,Jose Fermin,144.331795,135.11445,-9.217344999999995,139.7231225,45.0,99.331795
720,charliecondon,sa3025257,5033089,Charlie Condon,140.654486,137.897445,-2.7570409999999868,139.27596549999998,114.0,26.65448599999999
721,enyeldelossantos,18403,35026,Enyel De Los Santos,139.077894,139.0,-0.07789399999998636,139.038947,138.5,0.5778939999999864
722,ryanfernandez,24862,5002952,Ryan Fernandez,139.15671500000002,138.5,-0.6567150000000197,138.8283575,80.0,59.15671500000002
723,braxtonfulford,29704,5000931,Braxton Fulford,139.56926,137.97035,-1.5989100000000178,138.76980500000002,108.0,31.569260000000014
724,benwilliamson,33197,4626239,Ben Williamson,141.098324,136.31673,-4.781593999999984,138.707527,77.0,64.09832399999999
725,bennettsousa,21345,41776,Bennett Sousa,138.50205,138.5,-0.0020499999999969987,138.501025,151.0,-12.497950000000003
726,travisbazzana,sa3025129,5007707,Travis Bazzana,142.07407999999998,134.113279,-7.960800999999975,138.0936795,94.0,48.07407999999998
727,yenniercano,25911,35536,Yennier Cano,136.92643500000003,139.0,2.0735649999999737,137.9632175,167.0,-30.073564999999974
728,jordanhicks,19618,37909,Jordan Hicks,128.09579,146.5,18.404210000000006,137.29789499999998,126.0,2.095789999999994
729,drewgilbert,31545,4619467,Drew Gilbert,139.44329,134.431183,-5.012106999999986,136.93723649999998,59.0,80.44328999999999
730,dreyjameson,26260,4415753,Drey Jameson,130.74489000000003,142.5,11.755109999999974,136.62244500000003,38.0,92.74489000000003
731,andrewnardi,25942,3975840,Andrew Nardi,127.05719000000002,146.0,18.94280999999998,136.528595,140.0,-12.94280999999998
732,drewthorpe,31967,4629086,Drew Thorpe,124.029435,148.5,24.470564999999993,136.26471750000002,74.0,50.02943500000001
733,tommynance,19178,36385,Tommy Nance,129.50849999999997,142.5,12.99150000000003,136.00424999999998,106.5,23.00849999999997
734,nickmears,25376,42620,Nick Mears,137.75938,134.0,-3.759379999999993,135.87968999999998,148.0,-10.240620000000007
735,hobymilner,13346,36088,Hoby Milner,133.990745,137.5,3.509254999999996,135.7453725,163.0,-29.009254999999996
736,justynhenrymalloy,29606,4718623,Justyn-Henry Malloy,135.568596,135.812962,0.2443659999999852,135.69077900000002,89.0,46.568596000000014
737,christaylor,13757,32900,Chris Taylor,134.36935100000002,136.717708,2.3483569999999645,135.5435295,123.0,11.369351000000023
738,ryanritter,31500,5196606,Ryan Ritter,138.76557,132.04207,-6.723500000000001,135.40382,216.0,-77.23443
739,ajpuk,19343,36201,A.J. Puk,102.12906999999998,168.5,66.37093000000002,135.31453499999998,74.5,27.629069999999984
740,daltonrushing,31382,4619839,Dalton Rushing,135.78044400000002,134.639303,-1.1411410000000046,135.20987350000001,199.0,-63.21955599999998
741,luistorrens,15905,33805,Luis Torrens,135.19898,135.02006,-0.17892000000000507,135.10952,153.0,-17.801019999999994
742,liamhicks,29844,4725251,Liam Hicks,138.291779,131.465945,-6.825833999999986,134.878862,229.0,-90.70822100000001
743,lakebachar,19222,42592,Lake Bachar,134.20924,135.0,0.7907600000000059,134.60462,157.0,-22.790760000000006
744,grantanderson,20546,42161,Grant Anderson,127.42402900000002,141.0,13.575970999999981,134.2120145,151.0,-23.57597099999998
745,brennanbernardino,16835,35876,Brennan Bernardino,127.17120000000001,141.0,13.828799999999987,134.0856,104.0,23.171200000000013
746,brendonlittle,21574,39645,Brendon Little,127.53047899999999,139.5,11.969521000000015,133.5152395,166.5,-38.969521000000015
747,brandoneisert,27668,4228247,Brandon Eisert,135.594665,131.0,-4.594664999999992,133.29733249999998,156.5,-20.905335000000008
748,wandyperalta,14295,36036,Wandy Peralta,133.904073,132.5,-1.404073000000011,133.20203650000002,170.0,-36.09592699999999
749,timhill,16814,37005,Tim Hill,131.87787,134.5,2.6221299999999985,133.18893500000001,123.0,8.877870000000001
750,taylorclarke,17611,35277,Taylor Clarke,131.78787,134.5,2.712130000000002,133.143935,121.0,10.787869999999998
751,bryceelder,27779,4301067,Bryce Elder,141.278805,122.5,-18.778805000000006,131.88940250000002,217.5,-76.221195
752,calebferguson,19349,41017,Caleb Ferguson,126.23276499999999,137.5,11.267235000000014,131.8663825,159.0,-32.767235000000014
753,jasonadam,11861,32145,Jason Adam,127.959085,135.0,7.040914999999998,131.4795425,198.0,-70.040915
754,jovanimoran,20422,4722926,Jovani Moran,124.38123,138.5,14.118769999999998,131.440615,55.0,69.38123
755,jakebird,21267,3459223,Jake Bird,125.08209999999998,137.5,12.417900000000017,131.29104999999998,142.5,-17.417900000000017
756,paulblackburn,14739,32776,Paul Blackburn,136.082733,126.0,-10.08273299999999,131.04136649999998,160.0,-23.91726700000001
757,jacksonrutledge,26215,42434,Jackson Rutledge,131.958875,130.0,-1.9588750000000061,130.97943750000002,131.0,0.9588750000000061
758,jonathanbowlan,24607,41344,Jonathan Bowlan,126.14014399999999,135.0,8.859856000000008,130.57007199999998,127.0,-0.8598560000000077
759,blainecrim,25714,4976999,Blaine Crim,131.82305399999998,128.489001,-3.334052999999983,130.1560275,129.0,2.823053999999985
760,huascarbrazoban,6107,4916509,Huascar Brazoban,126.49978999999999,133.5,7.00021000000001,129.99989499999998,172.0,-45.50021000000001
761,timherrin,25139,4228579,Tim Herrin,127.31880500000001,132.5,5.181194999999988,129.9094025,111.5,15.818805000000012
762,branthurter,30133,5197093,Brant Hurter,127.04311499999999,131.5,4.456885000000014,129.2715575,156.5,-29.456885000000014
763,javierassad,21741,5002950,Javier Assad,139.858145,118.5,-21.358145000000007,129.17907250000002,176.5,-36.64185499999999
764,ryanyarbrough,16502,33735,Ryan Yarbrough,139.85278000000002,118.0,-21.852780000000024,128.92639000000003,170.5,-30.647219999999976
765,zackkelly,20349,41569,Zack Kelly,124.98478399999999,131.5,6.5152160000000094,128.242392,106.0,18.98478399999999
766,samhentges,18548,41225,Sam Hentges,117.67747899999998,138.5,20.822521000000023,128.08873949999997,71.0,46.67747899999998
767,ryangusto,26440,5131986,Ryan Gusto,130.422625,125.5,-4.922625000000011,127.9613125,95.5,34.92262500000001
768,porterhodge,26413,5185133,Porter Hodge,125.875755,130.0,4.124245000000002,127.9378775,150.5,-24.624245000000002
769,baileyfalter,20070,4705677,Bailey Falter,141.13975499999998,114.5,-26.63975499999998,127.81987749999999,194.5,-53.36024500000002
770,bryceteodosio,29524,4307826,Bryce Teodosio,130.79122999999998,124.16043199999999,-6.630797999999999,127.47583099999999,70.0,60.791229999999985
771,alexverdugo,17027,33786,Alex Verdugo,126.20603,128.486861,2.2808310000000063,127.3464455,210.0,-83.79397
772,kyleharrison,27758,4683375,Kyle Harrison,123.342165,130.5,7.157835000000006,126.9210825,125.5,-2.1578350000000057
773,caseylegumina,25921,4346117,Casey Legumina,114.49143099999999,139.0,24.50856900000001,126.74571549999999,113.0,1.4914309999999915
774,gordongraceffo,29519,5123582,Gordon Graceffo,130.111416,122.5,-7.611415999999991,126.305708,89.5,40.61141599999999
775,brentsuter,13942,36023,Brent Suter,105.51767799999999,147.0,41.48232200000001,126.258839,148.0,-42.48232200000001
776,justinwrobleski,31204,4417203,Justin Wrobleski,118.996895,133.5,14.503105000000005,126.2484475,153.0,-34.003105000000005
777,benbrown,23590,41516,Ben Brown,136.92207000000002,115.0,-21.92207000000002,125.96103500000001,213.0,-76.07792999999998
778,benjoyce,31461,4867388,Ben Joyce,120.83195,129.5,8.668049999999994,125.165975,228.0,-107.16805
779,yukimatsui,33826,4142414,Yuki Matsui,123.44949999999999,126.5,3.0505000000000138,124.97475,155.5,-32.050500000000014
780,ericlauer,19316,39915,Eric Lauer,136.919265,112.5,-24.419264999999996,124.7096325,158.5,-21.580735000000004
781,jorgemateo,17273,33832,Jorge Mateo,126.06282,123.33826,-2.7245599999999968,124.70054,93.0,33.06282
782,eduarnielnunez,23162,5202976,Eduarniel Nunez,109.902676,139.0,29.097324,124.45133799999999,42.0,67.902676
783,oswaldocabrera,21707,40835,Oswaldo Cabrera,129.297126,119.410572,-9.88655399999999,124.353849,78.0,51.29712599999999
784,luisgarcia,6984,33089,Luis Garcia,109.938014,138.0,28.061986000000005,123.969007,121.0,-11.061986000000005
785,jacksuwinski,22244,36754,Jack Suwinski,125.186782,122.721871,-2.4649110000000007,123.9543265,187.0,-61.813218000000006
786,yohanramirez,19444,41893,Yohan Ramirez,106.59808000000001,141.0,34.40191999999999,123.79904,94.0,12.59808000000001
787,bradybasso,25582,4179551,Brady Basso,135.02358,112.5,-22.52358000000001,123.76179,57.5,77.52358000000001
788,brusdargraterol,20367,40965,Brusdar Graterol,110.893825,136.5,25.606174999999993,123.6969125,75.5,35.39382500000001
789,connellyearly,33666,4863321,Connelly Early,142.784525,104.5,-38.284525,123.6422625,200.5,-57.715475
790,travisadams,30180,4424951,Travis Adams,119.762444,126.5,6.737555999999998,123.13122200000001,82.0,37.762444
791,miguelrojas,7802,30791,Miguel Rojas,125.3122,120.165443,-5.146757000000008,122.7388215,159.0,-33.687799999999996
792,cadegibson,31815,5273591,Cade Gibson,126.394434,119.0,-7.394434000000004,122.697217,147.0,-20.605565999999996
793,colesulser,15256,37825,Cole Sulser,114.31935699999998,131.0,16.680643000000018,122.65967849999998,80.0,34.31935699999998
794,bencasparius,30085,4326800,Ben Casparius,115.75975100000001,129.5,13.740248999999991,122.6298755,191.0,-75.24024899999999
795,justinturner,5235,29607,Justin Turner,123.784342,120.88532900000001,-2.8990129999999823,122.3348355,139.0,-15.215658000000005
796,jacobwebb,19274,40384,Jacob Webb,119.14726800000001,125.5,6.352731999999989,122.323634,152.0,-32.85273199999999
797,haydenbirdsong,31635,5197166,Hayden Birdsong,124.19467000000002,120.0,-4.194670000000016,122.09733500000002,131.0,-6.805329999999984
798,natepearson,20160,39646,Nate Pearson,111.165795,133.0,21.834204999999997,122.0828975,85.5,25.665795000000003
799,tobiasmyers,22191,39716,Tobias Myers,120.56115,123.0,2.438850000000002,121.780575,111.5,9.061149999999998
800,dlhall,22207,41018,DL Hall,122.88516999999999,120.5,-2.385169999999988,121.692585,106.0,16.885169999999988
801,darellhernaiz,26224,43025,Darell Hernaiz,121.63216300000002,121.57233,-0.059833000000026004,121.6022465,152.0,-30.36783699999998
802,joelpayamps,14332,40021,Joel Payamps,110.92171,132.0,21.078289999999996,121.46085500000001,102.0,8.921710000000004
803,alexcobb,6562,31086,Alex Cobb,118.901075,124.0,5.098924999999994,121.4505375,119.0,-0.09892499999999416
804,carlosvargas,22915,42504,Carlos Vargas,113.63025,128.0,14.369749999999996,120.815125,140.5,-26.869749999999996
805,brenanhanifee,22304,40485,Brenan Hanifee,112.04786999999997,128.5,16.452130000000025,120.273935,133.0,-20.952130000000025
806,jakerogers,19452,39900,Jake Rogers,122.287895,118.211743,-4.0761520000000075,120.249819,154.0,-31.712104999999994
807,jamesmccann,12859,32046,James McCann,122.05129099999999,117.80638,-4.244910999999988,119.92883549999999,106.0,16.051290999999992
808,johnathanrodriguez,22530,41349,Johnathan Rodriguez,125.04718299999999,114.41164599999999,-10.635537,119.72941449999999,68.0,57.04718299999999
809,paulsewald,13892,35009,Paul Sewald,116.86864499999999,122.5,5.631355000000013,119.6843225,77.5,39.36864499999999
810,mattgage,17381,40337,Matt Gage,113.18505599999999,126.0,12.814944000000011,119.59252799999999,81.5,31.68505599999999
811,davidfesta,30056,5124114,David Festa,129.12523,110.0,-19.125229999999988,119.562615,139.5,-10.374770000000012
812,paytontolle,35466,4966140,Payton Tolle,123.87933999999998,114.5,-9.379339999999985,119.18966999999999,221.5,-97.62066000000002
813,ryanmountcastle,18373,34940,Ryan Mountcastle,118.47340200000001,119.79174300000001,1.3183410000000038,119.13257250000001,294.0,-175.52659799999998
814,daniellynchiv,21537,41227,Daniel Lynch IV,123.71737,114.5,-9.217370000000003,119.10868500000001,131.5,-7.7826299999999975
815,alanroden,31564,4424368,Alan Roden,122.819781,115.046543,-7.773238000000006,118.93316200000001,212.0,-89.180219
816,willklein,27787,4313163,Will Klein,104.87802499999998,132.5,27.62197500000002,118.68901249999999,43.0,61.87802499999998
817,jadenhill,30250,4414362,Jaden Hill,112.81129800000001,124.5,11.688701999999992,118.65564900000001,89.0,23.811298000000008
818,brentheadrick,27702,5116839,Brent Headrick,109.222497,127.5,18.277502999999996,118.3612485,75.5,33.722497000000004
819,ianhamilton,19261,41127,Ian Hamilton,109.75970899999999,126.5,16.740291000000013,118.1298545,113.0,-3.2402910000000134
820,jordanlawlar,29976,4872649,Jordan Lawlar,117.9596,118.28024,0.3206400000000116,118.11992000000001,367.0,-249.0404
821,justinmartinez,24453,5116851,Justin Martinez,99.00797,137.0,37.99203,118.003985,50.5,48.50797
822,ricogarcia,20023,41382,Rico Garcia,104.303135,131.5,27.196865000000003,117.9015675,84.0,20.303134999999997
823,adbertalzolay,17859,39802,Adbert Alzolay,112.544765,123.0,10.455235000000002,117.77238249999999,104.0,8.544764999999998
824,andruwmonasterio,19455,36950,Andruw Monasterio,117.15362499999999,118.27706900000001,1.1234440000000205,117.71534700000001,130.0,-12.846375000000009
825,brandyngarcia,33568,5202600,Brandyn Garcia,108.51799,126.5,17.982010000000002,117.508995,46.5,62.01799
826,griffmcgarry,sa3017130,4414539,Griff McGarry,106.26521,128.5,22.234790000000004,117.382605,87.0,19.265209999999996
827,tommykahnle,11384,31867,Tommy Kahnle,113.53420499999999,121.0,7.465795000000014,117.2671025,197.5,-83.96579500000001
828,nathanchurch,31357,4843048,Nathan Church,120.269736,113.874775,-6.394960999999995,117.0722555,41.0,79.269736
829,connorbrogdon,21205,41515,Connor Brogdon,107.63862,126.0,18.361379999999997,116.81931,114.5,-6.861379999999997
830,trevormcdonald,26448,5185136,Trevor McDonald,121.487425,112.0,-9.487425000000002,116.7437125,137.0,-15.512574999999998
831,ryanbergert,29863,5196249,Ryan Bergert,124.86151500000001,108.0,-16.86151500000001,116.4307575,176.5,-51.63848499999999
832,jackdreyer,30249,5136082,Jack Dreyer,102.470435,130.0,27.529565000000005,116.2352175,223.5,-121.029565
833,dannycoulombe,13293,33638,Danny Coulombe,106.2028,125.5,19.297200000000004,115.8514,121.5,-15.297200000000004
834,codyfreeman,25629,42925,Cody Freeman,118.623032,112.310517,-6.3125149999999906,115.4667745,78.0,40.623031999999995
835,justinwilson,4301,31026,Justin Wilson,104.64643299999999,125.5,20.853567000000012,115.0732165,119.0,-14.353567000000012
836,adaelamador,27962,4917787,Adael Amador,113.75163999999998,115.99461399999998,2.242974000000004,114.87312699999998,80.0,33.75163999999998
837,stevenwilson,20353,41828,Steven Wilson,103.64774099999998,125.5,21.852259000000018,114.5738705,123.0,-19.352259000000018
838,bradgleyrodriguez,29107,5266086,Bradgley Rodriguez,103.84555999999999,125.0,21.154440000000008,114.42277999999999,39.0,64.84555999999999
839,piersonohl,30179,4678659,Pierson Ohl,103.719195,125.0,21.280805,114.3595975,59.0,44.719195
840,austinwarren,24937,42848,Austin Warren,102.517575,125.0,22.482425000000006,113.7587875,55.5,47.017574999999994
841,alexlange,19883,40976,Alex Lange,107.96555500000001,119.5,11.534444999999991,113.7327775,76.5,31.46555500000001
842,zacharymaxwell,31610,5195258,Zachary Maxwell,97.20797999999999,129.5,32.29202000000001,113.35399,47.5,49.70797999999999
843,jonberti,12037,32273,Jon Berti,116.372765,109.75896300000001,-6.613801999999993,113.065864,93.0,23.372765
844,richiepalacios,24589,41359,Richie Palacios,117.894376,108.15417699999999,-9.740199000000004,113.02427649999998,228.0,-110.105624
845,robzastryzny,15094,36025,Rob Zastryzny,105.883785,120.0,14.116214999999997,112.9418925,70.0,35.883785
846,evansisk,24995,3994084,Evan Sisk,97.607115,127.0,29.392885000000007,112.3035575,63.0,34.60711499999999
847,rodderymunoz,25311,5116856,Roddery Munoz,105.52193,119.0,13.478070000000002,112.260965,96.5,9.021929999999998
848,kylehart,19646,39936,Kyle Hart,125.91606999999999,98.0,-27.91606999999999,111.958035,146.0,-20.08393000000001
849,davidhamilton,27531,42987,David Hamilton,113.950356,109.956218,-3.9941379999999924,111.953287,148.0,-34.049644
850,chasesilseth,30074,4413990,Chase Silseth,105.84416999999999,118.0,12.155830000000009,111.922085,153.0,-47.15583000000001
851,alexcall,19296,38994,Alex Call,113.090654,109.67688600000001,-3.4137679999999904,111.38377,116.0,-2.9093459999999993
852,santiagoespinal,19997,39924,Santiago Espinal,108.43024100000001,113.91841799999999,5.488176999999979,111.1743295,89.0,19.43024100000001
853,ajblubaugh,31764,42556,AJ Blubaugh,117.74081,104.5,-13.240809999999996,111.120405,42.0,75.74081
854,austinslater,16153,35265,Austin Slater,110.50640400000002,111.15016200000001,0.6437579999999912,110.82828300000001,118.0,-7.493595999999982
855,joejimenez,15761,33760,Joe Jimenez,98.738275,122.0,23.261725,110.3691375,150.0,-51.261725
856,kristiancampbell,33644,5201569,Kristian Campbell,111.440295,109.15039200000001,-2.2899029999999954,110.2953435,320.0,-208.559705
857,tylerferguson,19481,41612,Tyler Ferguson,123.38326999999998,96.5,-26.883269999999982,109.94163499999999,126.0,-2.616730000000018
858,andrewchafin,12988,32810,Andrew Chafin,97.21896999999998,120.5,23.281030000000015,108.85948499999999,159.0,-61.781030000000015
859,ryanwaldschmidt,sa3025261,5129344,Ryan Waldschmidt,109.900579,107.27062600000001,-2.629952999999986,108.5856025,186.0,-76.099421
860,wikelmangonzalez,26641,4917659,Wikelman Gonzalez,105.44367699999998,111.0,5.55632300000002,108.22183849999999,74.5,30.94367699999998
861,brettharris,29788,5133869,Brett Harris,109.993018,106.20315300000001,-3.789864999999992,108.09808550000001,80.0,29.993018000000006
862,rafaelmontero,12760,32631,Rafael Montero,96.3369,119.5,23.1631,107.91845,129.0,-32.6631
863,rjpetit,sa3017848,4421878,RJ Petit,98.255375,117.5,19.244625,107.87768750000001,56.5,41.755375
864,jacksonkowar,21549,41184,Jackson Kowar,92.156925,123.5,31.343075,107.8284625,52.5,39.656925
865,maxkepler,12144,31870,Max Kepler,107.043569,108.41531100000002,1.3717420000000118,107.72944000000001,122.0,-14.956430999999995
866,beaubrieske,26079,4917779,Beau Brieske,100.20771999999998,115.0,14.79228000000002,107.60386,58.5,41.70771999999998
867,brycejohnson,20002,42056,Bryce Johnson,110.619698,103.511041,-7.108656999999994,107.0653695,100.0,10.619698
868,christianvazquez,9774,31389,Christian Vazquez,105.264727,108.29725249999998,3.0325254999999913,106.78098974999999,130.0,-24.735273000000007
869,joshsborz,18323,36178,Josh Sborz,96.09879699999999,116.0,19.90120300000001,106.0493985,94.5,1.5987969999999905
870,justinbruihl,23779,42735,Justin Bruihl,93.597415,118.5,24.902585000000002,106.0487075,79.0,14.597414999999998
871,luismatos,26467,4722941,Luis Matos,105.26060000000001,105.235464,-0.02513600000001759,105.248032,105.0,0.2606000000000108
872,zackgelof,29766,4414531,Zack Gelof,104.64187,105.780431,1.1385609999999957,105.2111505,296.0,-191.35813000000002
873,joseiglesias,10231,30382,Jose Iglesias,105.91559099999999,104.164563,-1.751027999999991,105.040077,164.0,-58.08440900000001
874,jcescarra,20084,41644,J.C. Escarra,109.04138000000002,100.444536,-8.596844000000019,104.74295800000002,75.0,34.04138000000002
875,lukejackson,11752,31749,Luke Jackson,103.40298,106.0,2.5970200000000006,104.70149,174.0,-70.59702
876,jacobmelton,31661,4635337,Jacob Melton,106.129075,102.839172,-3.2899029999999954,104.48412350000001,91.0,15.129075
877,jonathanloaisiga,19753,39807,Jonathan Loaisiga,105.18048500000002,103.5,-1.6804850000000187,104.34024250000002,76.5,28.68048500000002
878,nickyorke,27504,4683379,Nick Yorke,104.87704099999999,103.606076,-1.2709649999999897,104.2415585,271.0,-166.122959
879,jtbrubaker,17578,41460,JT Brubaker,100.291045,108.0,7.708955000000003,104.1455225,80.0,20.291044999999997
880,corbinburnes,19361,39878,Corbin Burnes,98.50652999999998,108.0,9.493470000000016,103.253265,157.5,-58.993470000000016
881,kylenicolas,27775,4415762,Kyle Nicolas,106.99349999999998,99.5,-7.493499999999983,103.24674999999999,91.5,15.493499999999983
882,jahmaijones,18872,34958,Jahmai Jones,102.46305600000001,103.8073,1.3442439999999891,103.135178,143.0,-40.53694399999999
883,jorgebarrosa,23968,41259,Jorge Barrosa,102.89251,101.696346,-1.196163999999996,102.29442800000001,59.0,43.89251
884,jalenbeeks,17192,36723,Jalen Beeks,107.43799,96.5,-10.93799,101.968995,141.5,-34.06201
885,hunterbigge,26259,4987389,Hunter Bigge,89.653635,114.0,24.346365000000006,101.8268175,86.0,3.653634999999994
886,gusvarland,24737,41552,Gus Varland,87.70416499999999,115.5,27.79583500000001,101.6020825,49.0,38.70416499999999
887,hyeseongkim,35322,5134614,Hyeseong Kim,104.30883000000001,98.339,-5.969830000000016,101.323915,260.0,-155.69117
888,coopercriswell,24975,4326801,Cooper Criswell,95.38599499999998,107.0,11.61400500000002,101.19299749999999,124.5,-29.11400500000002
889,carloscortes,21842,41595,Carlos Cortes,102.28925799999999,99.466475,-2.822782999999987,100.8778665,43.0,59.28925799999999
890,kylefarmer,14813,33287,Kyle Farmer,99.181779,102.302408,3.120628999999994,100.74209350000001,141.0,-41.818220999999994
891,zachpop,20185,41103,Zach Pop,83.11286,117.5,34.38714,100.30643,57.0,26.112859999999998
892,joeywentz,19962,40927,Joey Wentz,109.38491359999999,91.0,-18.38491359999999,100.1924568,129.0,-19.61508640000001
893,troytaylor,31883,5131856,Troy Taylor,75.507208,124.5,48.992791999999994,100.003604,39.0,36.507208000000006
894,jasonalexander,19666,41849,Jason Alexander,112.81262000000002,86.5,-26.312620000000024,99.65631000000002,122.0,-9.187379999999976
895,timtawa,29571,4345192,Tim Tawa,100.489014,98.083721,-2.4052930000000003,99.2863675,148.0,-47.510986
896,kohldrake,sa3021723,5264737,Kohl Drake,101.33559,96.0,-5.335589999999996,98.667795,35.0,66.33559
897,dylanross,sa3025659,5310960,Dylan Ross,84.25269899999999,113.0,28.747301000000007,98.6263495,52.0,32.25269899999999
898,brandonwilliamson,25463,42431,Brandon Williamson,98.459195,98.5,0.040805000000005975,98.4795975,65.0,33.459194999999994
899,lamontewadejr,18126,37798,LaMonte Wade Jr.,98.06984700000001,98.884339,0.8144919999999871,98.477093,192.0,-93.93015299999999
900,kevinkelly,25679,5001153,Kevin Kelly,89.59584300000002,106.0,16.404156999999984,97.7979215,112.5,-22.904156999999984
901,quinnmathews,sa3023407,4837405,Quinn Mathews,86.99640000000001,108.5,21.50359999999999,97.7482,146.5,-59.50359999999999
902,ronnymauricio,23698,40978,Ronny Mauricio,98.51477899999999,96.97982499999999,-1.534953999999999,97.74730199999999,94.0,4.51477899999999
903,yohelpozo,18848,35675,Yohel Pozo,103.1456421,91.81972564,-11.325916460000002,97.48268387,69.0,34.1456421
904,mjmelendez,22197,40948,MJ Melendez,96.359127,98.32942399999999,1.970296999999988,97.3442755,102.0,-5.640872999999999
905,spencerturnbull,16207,33732,Spencer Turnbull,90.89675500000001,103.5,12.603244999999987,97.1983775,84.0,6.896755000000013
906,michaelkopech,17282,33763,Michael Kopech,96.20625,97.5,1.2937500000000028,96.853125,56.0,40.20625
907,ronmarinaccio,23488,4228723,Ron Marinaccio,90.20960000000001,103.0,12.790399999999991,96.60480000000001,55.5,34.70960000000001
908,codybradford,27597,4142539,Cody Bradford,103.34227,89.5,-13.84227,96.42113499999999,173.0,-69.65773
909,masonfluharty,31553,4622501,Mason Fluharty,93.023457,99.5,6.476543000000007,96.2617285,147.0,-53.97654300000001
910,luisurias,16622,35383,Luis Urias,97.055967,94.440234,-2.6157329999999916,95.74810049999999,111.0,-13.944033000000005
911,leorivas,21009,40858,Leo Rivas,97.46096599999998,93.425343,-4.035622999999987,95.44315449999999,94.0,3.460965999999985
912,ryanbrasier,5615,30189,Ryan Brasier,90.94317499999998,99.0,8.056825000000018,94.9715875,85.5,5.443174999999982
913,craigyoho,33248,4417465,Craig Yoho,80.724855,108.0,27.275144999999995,94.3624275,42.5,38.224855000000005
914,anthonybanda,14706,34542,Anthony Banda,129.884098,57.0,-72.884098,93.442049,148.5,-18.615902000000006
915,richardlovelady,19337,39856,Richard Lovelady,69.13021800000001,117.5,48.36978199999999,93.315109,49.0,20.130218000000013
916,austinwynns,15271,35314,Austin Wynns,95.79188970000001,90.096842,-5.695047700000018,92.94436585,85.0,10.791889700000013
917,michaelhelman,24605,42065,Michael Helman,94.809721,90.821922,-3.9877989999999954,92.8158215,45.0,49.809720999999996
918,chadgreen,15552,33325,Chad Green,91.05865999999999,94.5,3.441340000000011,92.77932999999999,97.5,-6.441340000000011
919,jordanwicks,30094,4420749,Jordan Wicks,90.92770700000003,94.5,3.5722929999999735,92.71385350000001,145.5,-54.57229299999997
920,coltongordon,31312,5133837,Colton Gordon,99.24226,86.0,-13.242260000000002,92.62113,113.0,-13.757739999999998
921,masonbarnett,31741,5195197,Mason Barnett,95.165325,89.0,-6.165324999999996,92.0826625,42.0,53.165324999999996
922,jerarencarnacion,21871,42623,Jerar Encarnacion,93.931375,88.06643700000001,-5.864937999999995,90.998906,159.0,-65.068625
923,drewsmith,17755,39685,Drew Smith,82.31668499999999,99.5,17.183315000000007,90.9083425,51.5,30.816684999999993
924,rickytiedemann,sa3018096,4917902,Ricky Tiedemann,88.181915,93.5,5.318084999999996,90.8409575,28.0,60.181915000000004
925,paxtonschultz,25501,4313208,Paxton Schultz,85.99469500000001,95.5,9.505304999999993,90.7473475,79.5,6.494695000000007
926,stevencruz,23165,5002931,Steven Cruz,84.76306,96.5,11.736940000000004,90.63153,119.0,-34.236940000000004
927,johnrave,26284,4418140,John Rave,93.354088,87.798284,-5.555804000000009,90.576186,111.0,-17.645911999999996
928,orlandoarcia,13185,32530,Orlando Arcia,92.8928509,88.115408,-4.777442899999997,90.50412945,166.0,-73.1071491
929,yaramilhiraldo,25215,4916585,Yaramil Hiraldo,71.94471149999998,109.0,37.05528850000002,90.47235574999999,80.5,-8.555288500000017
930,antoniosenzatela,15488,33750,Antonio Senzatela,93.73499,87.0,-6.734989999999996,90.36749499999999,98.0,-4.265010000000004
931,baileyhorn,27753,4414247,Bailey Horn,83.02854,97.5,14.471459999999993,90.26427000000001,44.0,39.02854000000001
932,joshsimpson,25957,4151347,Josh Simpson,81.051035,99.0,17.948965,90.0255175,83.5,-2.448965000000001
933,carlosrodriguez,30161,5123999,Carlos Rodriguez,79.04978499999999,101.0,21.950215000000014,90.02489249999999,0.0,79.04978499999999
934,joseleclerc,14524,33926,Jose Leclerc,85.82428300000001,94.0,8.175716999999992,89.9121415,147.5,-61.67571699999999
935,andrewhoffmann,29633,5080514,Andrew Hoffmann,86.55149499999999,92.5,5.9485050000000115,89.5257475,49.5,37.05149499999999
936,andregranillo,29542,5132192,Andre Granillo,84.70503500000001,94.0,9.29496499999999,89.3525175,54.0,30.70503500000001
937,cadepovich,30055,5085743,Cade Povich,94.27803499999999,83.5,-10.778034999999988,88.8890175,241.5,-147.221965
938,colinholderman,22361,4917897,Colin Holderman,79.46472000000001,98.0,18.535279999999986,88.73236,99.5,-20.035279999999986
939,jonahtong,32157,5214984,Jonah Tong,91.74392,85.5,-6.243920000000003,88.62196,148.5,-56.75608
940,haydenharris,31913,4297882,Hayden Harris,69.811175,107.0,37.188824999999994,88.4055875,46.5,23.311175000000006
941,edgardohenriquez,26944,5194684,Edgardo Henriquez,70.611695,104.5,33.888305,87.5558475,67.5,3.1116949999999974
942,juanmorillo,21924,4722925,Juan Morillo,91.96924999999999,83.0,-8.969249999999988,87.484625,83.0,8.969249999999988
943,sammoll,14874,34928,Sam Moll,76.83510999999999,98.0,21.164890000000014,87.417555,76.0,0.835109999999986
944,markcanha,11445,31670,Mark Canha,85.607866,88.59767000000001,2.9898040000000066,87.102768,134.0,-48.392134
945,derekhill,16947,33721,Derek Hill,86.19960999999999,87.771481,1.5718710000000016,86.9855455,63.0,23.199609999999993
946,rafaelmarchan,21646,40816,Rafael Marchan,89.129528,84.837987,-4.291540999999995,86.9837575,49.0,40.12952799999999
947,giourshela,10681,32721,Gio Urshela,87.67854500000001,85.30399320000001,-2.374551800000006,86.49126910000001,121.0,-33.321454999999986
948,nolanjones,20529,37340,Nolan Jones,85.84571700000001,86.199675,0.35395799999999156,86.022696,167.0,-81.15428299999999
949,gunnarhoglund,31318,4414154,Gunnar Hoglund,85.439675,86.5,1.060325000000006,85.9698375,41.0,44.439674999999994
950,alexfreeland,31665,4727589,Alex Freeland,86.344089,85.15316,-1.190928999999997,85.7486245,127.0,-40.655911
951,chrisroycroft,31261,5201199,Chris Roycroft,80.575659,90.5,9.924340999999998,85.5378295,50.5,30.075659
952,joeylucchesi,19320,39876,Joey Lucchesi,82.55449000000002,88.5,5.9455099999999845,85.52724500000001,103.5,-20.945509999999985
953,dylandodd,29928,4416462,Dylan Dodd,76.24128999999999,94.0,17.758710000000008,85.120645,73.5,2.7412899999999922
954,ethanroberts,24930,3963340,Ethan Roberts,71.324535,98.5,27.175465000000003,84.9122675,49.0,22.324534999999997
955,kendryrojas,sa3016746,5296012,Kendry Rojas,82.61953,87.0,4.3804700000000025,84.809765,39.5,43.11953
956,reiversanmartin,19754,39799,Reiver Sanmartin,81.94772499999999,87.5,5.552275000000009,84.7238625,77.0,4.947724999999991
957,zachagnos,31552,5207459,Zach Agnos,85.80074499999999,83.5,-2.300744999999992,84.6503725,117.0,-31.199255000000008
958,mylesstraw,17620,39105,Myles Straw,85.99665100000001,83.192319,-2.8043320000000165,84.594485,162.0,-76.00334899999999
959,andrewwalters,33834,5236382,Andrew Walters,63.310936999999996,105.5,42.189063000000004,84.4054685,48.0,15.310936999999996
960,grantholman,30002,4418343,Grant Holman,81.70564,87.0,5.2943599999999975,84.35282000000001,75.0,6.7056400000000025
961,yarielrodriguez,33838,4411979,Yariel Rodriguez,83.941345,84.5,0.5586550000000017,84.2206725,170.5,-86.558655
962,riverryan,29514,5007605,River Ryan,71.542715,96.0,24.457285,83.7713575,78.5,-6.957284999999999
963,kylehurt,27514,4306800,Kyle Hurt,68.77161500000001,98.5,29.72838499999999,83.6358075,60.5,8.271615000000011
964,ericwagaman,23395,4987650,Eric Wagaman,83.09943,84.13053,1.031099999999995,83.61498,173.0,-89.90057
965,tristanbeck,21584,41309,Tristan Beck,77.98761,89.0,11.012389999999996,83.49380500000001,131.5,-53.512389999999996
966,sawyergipsonlong,26048,4087614,Sawyer Gipson-Long,94.39217,72.5,-21.892169999999993,83.446085,71.0,23.392169999999993
967,chasepetty,30170,4872687,Chase Petty,76.65584000000001,89.5,12.844159999999988,83.07792,98.0,-21.344159999999988
968,bowdenfrancis,20548,4734325,Bowden Francis,93.911665,72.0,-21.911665,82.9558325,90.0,3.9116649999999993
969,martinperez,6902,31098,Martin Perez,93.98993,71.5,-22.48993,82.74496500000001,172.0,-78.01007
970,christianscott,30107,4414215,Christian Scott,81.871675,83.5,1.6283250000000038,82.68583749999999,129.0,-47.128325000000004
971,chrismurphy,26214,4084958,Chris Murphy,80.17711200000001,85.0,4.822887999999992,82.58855600000001,83.0,-2.822887999999992
972,nickloftin,27630,4314013,Nick Loftin,83.22853699999999,81.663803,-1.5647339999999872,82.44617,115.0,-31.77146300000001
973,drewmillas,25643,4228448,Drew Millas,84.645418,79.44091599999999,-5.204502000000019,82.043167,55.0,29.645418000000006
974,luismey,25620,4722939,Luis Mey,72.845065,91.0,18.154934999999995,81.9225325,84.5,-11.654934999999995
975,joeross,12972,32684,Joe Ross,76.752745,87.0,10.247254999999996,81.8763725,103.0,-26.247254999999996
976,nicksandlin,20517,41385,Nick Sandlin,65.58632099999998,98.0,32.413679000000016,81.7931605,120.5,-54.913679000000016
977,zacveen,27770,4717903,Zac Veen,81.08733099999999,82.27432800000001,1.1869970000000194,81.6808295,102.0,-20.912669000000008
978,daurimoreta,21101,41874,Dauri Moreta,68.55490400000001,94.0,25.445095999999992,81.27745200000001,93.0,-24.445095999999992
979,jamesmcarthur,21527,3960883,James McArthur,75.236245,87.0,11.763755000000003,81.1181225,97.5,-22.263755000000003
980,nickallen,22277,40338,Nick Allen,83.0325822,79.04479699999999,-3.9877852000000047,81.0386896,79.0,4.032582199999993
981,bradenmontgomery,sa3038253,4950345,Braden Montgomery,81.154663,80.919664,-0.23499900000000196,81.03716349999999,76.0,5.154662999999999
982,zakkent,25703,5014989,Zak Kent,70.52473499999999,91.5,20.975265000000007,81.0123675,77.5,-6.975265000000007
983,tylerheineman,13897,33142,Tyler Heineman,84.029046,77.802713,-6.226332999999997,80.91587949999999,99.0,-14.970954000000006
984,grantwolfram,21623,3961066,Grant Wolfram,68.183885,93.0,24.816114999999996,80.5919425,73.5,-5.316114999999996
985,robinsonortiz,sa3004006,41300,Robinson Ortiz,69.29488,91.5,22.205119999999994,80.39744,81.5,-12.205119999999994
986,michaelpetersen,20827,41824,Michael Petersen,64.41865,96.0,31.58135,80.209325,55.5,8.91865
987,mattwaldron,25550,4020158,Matt Waldron,83.84936,74.5,-9.349360000000004,79.17468,98.5,-14.650639999999996
988,chaseshugart,21544,4990069,Chase Shugart,67.93801500000001,90.0,22.061984999999993,78.9690075,87.0,-19.061984999999993
989,eliasdiaz,11680,33594,Elias Diaz,78.103988,79.43897547000002,1.3349874700000157,78.77148173500001,142.0,-63.896012
990,maxlazar,23426,42546,Max Lazar,73.743593,83.5,9.756406999999996,78.6217965,105.5,-31.756406999999996
991,dylanmoore,18042,40593,Dylan Moore,78.32718,78.669065,0.3418850000000049,78.4981225,186.0,-107.67282
992,jackperkins,31468,4418686,Jack Perkins,81.13787500000001,75.5,-5.637875000000008,78.3189375,102.0,-20.862124999999992
993,cesarsalazar,21587,41907,Cesar Salazar,80.03058,75.61064300000001,-4.41993699999999,77.82061150000001,36.0,44.03058
994,luinderavila,24452,5201985,Luinder Avila,70.55191,84.5,13.948089999999993,77.52595500000001,55.0,15.551910000000007
995,brockstewart,16727,35997,Brock Stewart,65.41038200000001,89.5,24.089617999999987,77.45519100000001,71.5,-6.089617999999987
996,reesemcguire,15674,33250,Reese McGuire,78.227444,76.61386300000001,-1.6135809999999964,77.42065350000001,57.0,21.227444000000006
997,alexanderalberto,sa3015986,5194705,Alexander Alberto,68.82952500000002,86.0,17.170474999999982,77.41476250000001,0.0,68.82952500000002
998,endyrodriguez,25332,4712767,Endy Rodriguez,77.953531,76.643777,-1.309753999999998,77.298654,234.0,-156.046469
999,wademiley,8779,31094,Wade Miley,75.486115,79.0,3.513885000000002,77.24305749999999,115.0,-39.513885
1000,nickraquet,20333,41006,Nick Raquet,74.819785,79.5,4.680215000000004,77.1598925,35.5,39.319784999999996
1001,joerock,30016,4917788,Joe Rock,70.07069000000001,84.0,13.929309999999987,77.035345,38.0,32.07069000000001
1002,taylersaucedo,17888,42683,Tayler Saucedo,60.397582,93.5,33.102418,76.948791,74.5,-14.102418
1003,craigkimbrel,6655,30653,Craig Kimbrel,66.194415,87.5,21.305584999999994,76.8472075,78.0,-11.805584999999994
1004,jessescholtens,19205,41452,Jesse Scholtens,63.737246999999996,89.5,25.762753000000004,76.6186235,37.0,26.737246999999996
1005,austingomber,16561,34897,Austin Gomber,77.5210955,75.5,-2.0210955000000013,76.51054775,88.5,-10.978904499999999
1006,daysbelhernandez,20271,4722960,Daysbel Hernandez,67.96073,85.0,17.039270000000002,76.480365,94.5,-26.539270000000002
1007,nicksogard,25483,42979,Nick Sogard,78.565565,74.20653800000001,-4.3590269999999975,76.38605150000001,65.0,13.565565000000007
1008,eastonmcgee,22176,41810,Easton McGee,59.236534999999996,93.5,34.263465000000004,76.3682675,63.0,-3.7634650000000036
1009,joeywiemer,27690,4417134,Joey Wiemer,75.44528299999999,76.10006099999998,0.6547779999999932,75.77267199999999,85.0,-9.55471700000001
1010,adammazur,31900,5061202,Adam Mazur,74.112605,77.0,2.887394999999998,75.5563025,126.5,-52.387395
1011,keatonwinn,23499,5116843,Keaton Winn,64.797155,85.5,20.702844999999996,75.1485775,80.5,-15.702844999999996
1012,tyadcock,25651,5137056,Ty Adcock,60.15443,90.0,29.845570000000002,75.077215,48.5,11.654429999999998
1013,austinhedges,12976,32168,Austin Hedges,74.7342838,74.71250749999999,-0.021776300000013293,74.72339564999999,69.0,5.7342838
1014,kaiweiteng,24282,42242,Kai-Wei Teng,72.094075,77.0,4.905924999999996,74.5470375,83.5,-11.405924999999996
1015,tylertolbert,25779,4151063,Tyler Tolbert,80.22873200000001,68.701128,-11.52760400000001,74.46493000000001,87.0,-6.771267999999992
1016,mitchspence,27707,4987645,Mitch Spence,75.434458,73.0,-2.4344580000000065,74.217229,56.5,18.934458000000006
1017,jasonfoley,19531,42698,Jason Foley,65.28818000000001,83.0,17.71181999999999,74.14409,92.0,-26.71181999999999
1018,jedixsonpaez,sa3016264,5332994,Jedixson Paez,68.655185,79.0,10.344814999999997,73.82759250000001,51.0,17.655185000000003
1019,eliwhite,19346,39963,Eli White,73.803791,73.75367000000001,-0.05012099999999009,73.77873050000001,160.0,-86.196209
1020,cristianmena,27974,4917796,Cristian Mena,73.79322649999999,73.5,-0.29322649999998873,73.64661325,38.5,35.29322649999999
1021,justinhagenman,21546,4991251,Justin Hagenman,62.034855,85.0,22.965145,73.5174275,75.5,-13.465145
1022,brandonyoung,27819,4414339,Brandon Young,65.10501000000001,81.5,16.394989999999993,73.302505,120.5,-55.39498999999999
1023,chasmccormick,19599,40574,Chas McCormick,73.425051,73.16303299999998,-0.26201800000001185,73.29404199999999,68.0,5.425050999999996
1024,marcchurch,26353,4999877,Marc Church,66.8026035,78.5,11.697396499999996,72.65130175,53.5,13.302603500000004
1025,deyvisondelossantos,sa3015168,4989046,Deyvison De Los Santos,73.39438200000001,71.61858000000001,-1.7758019999999988,72.50648100000001,42.0,31.394382000000007
1026,luiscurvelo,24710,5015039,Luis Curvelo,67.28717099999999,77.0,9.712829000000013,72.1435855,82.0,-14.712829000000013
1027,leojimenez,23782,41397,Leo Jimenez,70.711735,72.65046699999999,1.9387319999999875,71.681101,20.0,50.711735000000004
1028,djlemahieu,9874,30765,DJ LeMahieu,72.07266800000001,71.284553,-0.7881150000000048,71.6786105,116.0,-43.92733199999999
1029,pedroavila,18864,39740,Pedro Avila,68.93484280000001,74.0,5.065157199999987,71.4674214,85.5,-16.565157199999987
1030,masonblack,30171,5099971,Mason Black,70.14738,72.5,2.3526200000000017,71.32369,140.5,-70.35262
1031,bladetidwell,31701,4719088,Blade Tidwell,70.50370000000001,72.0,1.4962999999999909,71.25185,39.0,31.50370000000001
1032,warmingbernabel,26536,4917759,Warming Bernabel,69.706292,72.64998600000001,2.943694000000008,71.17813900000002,115.0,-45.293707999999995
1033,keeganthompson,19795,41086,Keegan Thompson,64.353495,78.0,13.646505000000005,71.1767475,68.0,-3.6465050000000048
1034,yerrydelossantos,21420,4717834,Yerry De los Santos,63.73129399999999,78.5,14.768706000000009,71.115647,81.0,-17.26870600000001
1035,prelanderberroa,22932,42241,Prelander Berroa,56.96522,85.0,28.034779999999998,70.98261,37.5,19.465220000000002
1036,michaeltonkin,10315,32594,Michael Tonkin,60.71901100000001,80.5,19.78098899999999,70.60950550000001,98.0,-37.28098899999999
1037,johnking,22051,41763,John King,66.648785,74.5,7.851214999999996,70.5743925,110.5,-43.851214999999996
1038,kendallgraveman,15514,33636,Kendall Graveman,67.336225,73.0,5.663775000000001,70.1681125,71.0,-3.663775000000001
1039,clarkeschmidt,19899,41085,Clarke Schmidt,68.79776000000001,71.5,2.702239999999989,70.14888,82.0,-13.202239999999989
1040,jonathanpintaro,33980,5291866,Jonathan Pintaro,50.29342,90.0,39.70658,70.14671,45.0,5.293419999999998
1041,willwagner,29634,4413898,Will Wagner,70.7928992,68.427314,-2.365585199999998,69.6101066,99.0,-28.207100800000006
1042,colemancrow,sa3015142,5127100,Coleman Crow,65.17987,74.0,8.820130000000006,69.589935,78.0,-12.820130000000006
1043,nateeaton,25055,42845,Nate Eaton,71.224706,67.15914800000002,-4.065557999999982,69.191927,70.0,1.2247059999999976
1044,maxschuemann,24488,3962127,Max Schuemann,69.097086,69.229621,0.13253499999999008,69.1633535,86.0,-16.902913999999996
1045,walkerjenkins,sa3022894,5148963,Walker Jenkins,69.286118,68.613573,-0.6725449999999995,68.94984550000001,0.0,69.286118
1046,johanrojas,24336,42829,Johan Rojas,69.769746,67.313826,-2.455919999999992,68.541786,130.0,-60.230254
1047,ryanbliss,29547,4414241,Ryan Bliss,67.93121500000001,67.985058,0.05384299999998632,67.9581365,103.0,-35.06878499999999
1048,esteuryruiz,21780,39680,Esteury Ruiz,69.622632,65.452331,-4.170300999999995,67.5374815,203.0,-133.377368
1049,juanbrito,sa3009808,5116859,Juan Brito,68.13257399999999,66.941532,-1.191041999999996,67.53705299999999,41.0,27.13257399999999
1050,luisperales,sa3014677,4722916,Luis Perales,57.64108,77.0,19.358919999999998,67.32054,45.5,12.141080000000002
1051,orlandoribalta,26247,5132036,Orlando Ribalta,53.0123,81.5,28.487699999999997,67.25615,57.5,-4.487699999999997
1052,alejandroosuna,27915,4916547,Alejandro Osuna,67.58623600000001,66.893961,-0.6922750000000093,67.24009850000002,105.0,-37.413763999999986
1053,jorgelopez,14527,33833,Jorge Lopez,60.909980000000004,73.5,12.590019999999996,67.20499000000001,60.0,0.9099800000000045
1054,samaldegheri,26443,5221123,Sam Aldegheri,72.101945,61.5,-10.601945,66.8009725,63.0,9.101945
1055,andrewknizner,19514,36170,Andrew Knizner,68.691007,64.22021199999999,-4.47079500000001,66.4556095,59.0,9.691006999999999
1056,jarredkelenic,22558,41150,Jarred Kelenic,65.017482,66.96520000000001,1.947718000000009,65.991341,94.0,-28.982518
1057,trentthornton,17948,36728,Trent Thornton,59.5697488,72.0,12.4302512,65.7848744,105.5,-45.9302512
1058,gabrielhughes,sa3020661,4634930,Gabriel Hughes,70.282745,60.5,-9.782745000000006,65.3913725,0.0,70.282745
1059,paulgervase,31571,4927620,Paul Gervase,43.085141500000006,87.0,43.914858499999994,65.04257075000001,44.0,-0.914858499999994
1060,colinpoche,19403,40364,Colin Poche,56.7878275,72.5,15.712172500000001,64.64391375,87.5,-30.7121725
1061,hunterstrickland,7836,32589,Hunter Strickland,55.77118999999999,73.5,17.72881000000001,64.635595,71.5,-15.72881000000001
1062,jaydenmurray,26482,4722919,Jayden Murray,58.262436999999984,70.5,12.237563000000016,64.38121849999999,65.0,-6.737563000000016
1063,kalebort,20061,42639,Kaleb Ort,92.19998099999998,36.0,-56.19998099999998,64.09999049999999,109.0,-16.80001900000002
1064,evanphillips,17734,37911,Evan Phillips,57.973538500000004,69.5,11.526461499999996,63.73676925,38.5,19.473538500000004
1065,luisgarcia2,23735,4684365,Luis Garcia,121.480215,5.9635,-115.516715,63.7218575,148.5,-27.019785
1066,trevorwilliams,16977,33305,Trevor Williams,57.4399255,70.0,12.560074499999999,63.71996275,209.0,-151.56007449999998
1067,sambachman,29754,4621489,Sam Bachman,56.36094800000001,71.0,14.639051999999992,63.680474000000004,61.5,-5.139051999999992
1068,tannermcdougal,sa3017471,4917778,Tanner McDougal,50.86701,76.0,25.13299,63.433505,109.5,-58.63299
1069,christiankoss,27653,4109031,Christian Koss,64.73857,62.02402299999999,-2.714547000000003,63.38129649999999,58.0,6.738569999999996
1070,gavinstone,27792,4417230,Gavin Stone,60.336301500000005,66.0,5.663698499999995,63.16815075,71.5,-11.163698499999995
1071,alekjacob,29628,4346118,Alek Jacob,52.131615000000004,74.0,21.868384999999996,63.065807500000005,81.5,-29.368384999999996
1072,timmayza,15042,35773,Tim Mayza,51.058367,74.0,22.941633000000003,62.5291835,63.0,-11.941633000000003
1073,curtismead,23986,42360,Curtis Mead,62.148807000000005,62.773263,0.624455999999995,62.461035,158.0,-95.851193
1074,ryanvilade,22165,40960,Ryan Vilade,64.828528,59.79069,-5.037838000000008,62.309609,40.0,24.828528000000006
1075,danaltavilla,16507,35222,Dan Altavilla,52.068306,72.5,20.431694,62.284153,72.5,-20.431694
1076,koreylee,25543,4418346,Korey Lee,62.6176901,61.216738,-1.4009520999999978,61.91721405,52.0,10.617690099999997
1077,tommurphy,13499,33225,Tom Murphy,61.100685999999996,62.109825,1.0091390000000047,61.6052555,46.0,15.100685999999996
1078,rileyadams,19864,40655,Riley Adams,62.207582,60.771591,-1.4359910000000013,61.4895865,116.0,-53.792418
1079,loutrivino,15043,35844,Lou Trivino,72.941115,50.0,-22.941114999999996,61.4705575,89.5,-16.558885000000004
1080,scottalexander,10591,33123,Scott Alexander,53.32011999999999,69.5,16.17988000000001,61.410059999999994,45.5,7.820119999999989
1081,luisperalta,24203,5221476,Luis Peralta,48.06670999999999,74.5,26.433290000000007,61.283355,62.0,-13.933290000000007
1082,sammyperalta,25589,4991148,Sammy Peralta,51.459163000000004,71.0,19.540836999999996,61.2295815,42.5,8.959163000000004
1083,nelsonrada,sa3018421,5197480,Nelson Rada,60.938074,61.13423,0.196156000000002,61.036152,37.0,23.938074
1084,djherz,26389,4917686,DJ Herz,61.461093500000004,60.5,-0.961093500000004,60.98054675,123.0,-61.538906499999996
1085,carsonwhisenhunt,31676,4626232,Carson Whisenhunt,61.390475,60.0,-1.3904750000000021,60.695237500000005,50.5,10.890475000000002
1086,jimmycrooks,31354,4749675,Jimmy Crooks,59.864383,60.760212,0.8958290000000062,60.3122975,55.0,4.864382999999997
1087,haydenwesneski,27581,42996,Hayden Wesneski,56.9880335,62.5,5.5119665,59.74401675,45.0,11.9880335
1088,brendanrodgers,17907,35073,Brendan Rodgers,60.44503399999999,58.874974,-1.570059999999991,59.660004,80.0,-19.554966000000007
1089,christianencarnacionstrand,30011,5012106,Christian Encarnacion-Strand,61.69476439999999,57.398115000000004,-4.2966493999999855,59.54643969999999,158.0,-96.3052356
1090,julianaguiar,30031,5195257,Julian Aguiar,62.523005,56.5,-6.023004999999998,59.5115025,44.5,18.023004999999998
1091,luisguerrero,31184,4997599,Luis Guerrero,48.90992000000001,70.0,21.090079999999993,59.45496,40.0,8.909920000000007
1092,michelotanez,22533,4917842,Michel Otanez,53.393895,65.5,12.106105,59.4469475,55.0,-1.6061049999999994
1093,angelchivilli,26790,5185106,Angel Chivilli,46.772391000000006,72.0,25.227608999999994,59.3861955,123.0,-76.227609
1094,krisbryant,15429,33172,Kris Bryant,57.83473119999999,60.791753,2.957021800000007,59.3132421,83.0,-25.165268800000007
1095,tylergilbert,17964,40559,Tyler Gilbert,62.57511999999999,56.0,-6.575119999999991,59.28756,129.5,-66.92488
1096,orelvismartinez,25967,41306,Orelvis Martinez,59.60688999999999,58.802060000000004,-0.8048299999999884,59.204475,0.0,59.60688999999999
1097,juanburgos,27271,5201272,Juan Burgos,62.857265,55.0,-7.857264999999998,58.9286325,70.5,-7.642735000000002
1098,leodytaveras,18900,34951,Leody Taveras,58.138358,59.409834000000004,1.271476000000007,58.774096,85.0,-26.861642000000003
1099,pauldejong,18015,35185,Paul DeJong,58.384897699999996,59.055179100000004,0.6702814000000075,58.7200384,39.0,19.384897699999996
1100,austinlove,sa3017609,4326807,Austin Love,47.358395,70.0,22.641605,58.6791975,0.0,47.358395
1101,treysweeney,29575,4414687,Trey Sweeney,58.846484,58.03652100000001,-0.8099629999999891,58.4415025,155.0,-96.153516
1102,mitchfarris,33628,5273851,Mitch Farris,65.83476499999999,50.5,-15.33476499999999,58.167382499999995,138.5,-72.66523500000001
1103,calquantrill,19312,39875,Cal Quantrill,81.591795,34.5,-47.091795000000005,58.0458975,82.5,-0.9082049999999953
1104,kenwaldichuk,27681,4189711,Ken Waldichuk,40.779129999999995,75.0,34.220870000000005,57.889565,49.0,-8.220870000000005
1105,maximoacosta,27963,42413,Maximo Acosta,57.22505999999999,56.92172200000001,-0.30333799999998234,57.073391,41.0,16.225059999999992
1106,gagejump,sa3034986,5023852,Gage Jump,46.603059,67.5,20.896940999999998,57.0515295,0.0,46.603059
1107,andyibanez,18819,34947,Andy Ibanez,56.419612,57.275318999999996,0.8557069999999953,56.8474655,84.0,-27.580388
1108,alanrangel,19524,4917631,Alan Rangel,55.486090499999996,58.0,2.513909500000004,56.743045249999994,40.5,14.986090499999996
1109,dylansmith,30145,4414123,Dylan Smith,56.45172500000001,57.0,0.5482749999999896,56.725862500000005,65.5,-9.04827499999999
1110,tylerfitzgerald,26208,43030,Tyler Fitzgerald,57.140818,55.341975,-1.798843000000005,56.2413965,80.0,-22.859181999999997
1111,jacobstallings,13723,34089,Jacob Stallings,56.9596679,55.478565180000004,-1.4811027199999955,56.21911654,88.0,-31.0403321
1112,camsanders,23479,5126205,Cam Sanders,39.708055,72.5,32.791945,56.1040275,32.0,7.708055000000002
1113,jakeeder,27590,4297994,Jake Eder,49.80564,62.0,12.194360000000003,55.90282,47.0,2.805639999999997
1114,mitchbratt,sa3017719,5123768,Mitch Bratt,53.27415450000001,56.0,2.7258454999999913,54.637077250000004,45.5,7.774154500000009
1115,dougnikhazy,30142,4414160,Doug Nikhazy,52.176255499999996,56.5,4.323744500000004,54.33812775,50.5,1.6762554999999963
1116,jettwilliams,sa3020134,5080638,Jett Williams,55.39939,53.175901,-2.2234889999999936,54.287645499999996,75.0,-19.600610000000003
1117,jeimercandelario,13621,32531,Jeimer Candelario,55.625362,52.93606900000001,-2.689292999999992,54.28071550000001,119.0,-63.374638
1118,tjmcfarland,3237,32680,T.J. McFarland,42.755355,65.5,22.744645,54.127677500000004,44.0,-1.2446449999999984
1119,georgeklassen,sa3023440,5134517,George Klassen,46.584273,61.0,14.415726999999997,53.7921365,56.5,-9.915726999999997
1120,kervincastro,21656,4717832,Kervin Castro,53.063885,54.5,1.436115000000001,53.7819425,0.0,53.063885
1121,danielsusac,sa3019997,4751554,Daniel Susac,53.354407,53.94015199999999,0.5857449999999886,53.647279499999996,33.0,20.354407000000002
1122,zachdezenzo,31562,5137883,Zach Dezenzo,54.3803109,52.771955,-1.6083558999999994,53.57613295,121.0,-66.6196891
1123,yosverzulueta,27765,4717905,Yosver Zulueta,48.60222999999999,58.5,9.897770000000008,53.551114999999996,53.0,-4.397770000000008
1124,nachoalvarezjr,31765,5133834,Nacho Alvarez Jr.,51.734815999999995,55.361388000000005,3.62657200000001,53.548102,115.0,-63.265184000000005
1125,sebastianwalcott,sa3021069,5150947,Sebastian Walcott,53.369572,53.423375,0.053803000000002044,53.3964735,46.0,7.369571999999998
1126,jayviensandridge,25158,5196252,Jayvien Sandridge,40.968594999999986,65.5,24.531405000000014,53.2342975,57.5,-16.531405000000014
1127,yilberdiaz,29271,5217798,Yilber Diaz,53.805905,52.5,-1.3059050000000028,53.1529525,40.5,13.305905000000003
1128,dylancarlson,20126,39226,Dylan Carlson,52.002822,53.975069999999995,1.9722479999999933,52.988946,98.0,-45.997178
1129,tristonmckenzie,18000,34954,Triston McKenzie,45.8467015,59.5,13.653298499999998,52.67335075,0.0,45.8467015
1130,bryanhoeing,26304,42200,Bryan Hoeing,50.709863000000006,54.5,3.7901369999999943,52.604931500000006,66.5,-15.790136999999994
1131,scottmcgough,12056,34834,Scott McGough,56.655825,48.5,-8.155825,52.5779125,60.5,-3.844175
1132,chaselee,29574,4414112,Chase Lee,49.52193,55.5,5.978070000000002,52.510965,99.5,-49.97807
1133,tirsoornelas,22566,40481,Tirso Ornelas,53.462544199999996,51.445946799999994,-2.016597400000002,52.4542455,44.0,9.462544199999996
1134,carsonpalmquist,31612,4621424,Carson Palmquist,48.99152,55.0,6.008479999999999,51.995760000000004,44.5,4.491520000000001
1135,matthewlugo,25980,42486,Matthew Lugo,52.77366300000001,51.12667799999999,-1.6469850000000221,51.9501705,40.0,12.773663000000013
1136,hunterstratton,23455,4987652,Hunter Stratton,46.24823000000001,57.5,11.251769999999993,51.874115,67.5,-21.251769999999993
1137,liamhendriks,3548,31755,Liam Hendriks,53.472364999999996,50.0,-3.4723649999999964,51.7361825,74.0,-20.527635000000004
1138,landonknack,27487,4417826,Landon Knack,54.33702799999999,48.5,-5.8370279999999894,51.418513999999995,44.5,9.83702799999999
1139,alejandrocarrillo,26463,5270370,Alejandro Carrillo,42.601485,59.5,16.898515000000003,51.0507425,63.0,-20.398515000000003
1140,joeyestes,26257,4917636,Joey Estes,55.896145000000004,46.0,-9.896145000000004,50.9480725,35.5,20.396145000000004
1141,tymadden,30140,4414347,Ty Madden,48.04648550000001,53.0,4.95351449999999,50.52324275000001,44.0,4.04648550000001
1142,andrewmorris,sa3020569,5266690,Andrew Morris,49.345267500000006,51.5,2.1547324999999944,50.42263375,0.0,49.345267500000006
1143,danedunning,19409,36080,Dane Dunning,39.0892389,61.0,21.910761100000002,50.04461945,48.0,-8.910761100000002
1144,kylekeller,18890,40709,Kyle Keller,41.5288325,58.5,16.9711675,50.01441625,0.0,41.5288325
1145,bobbymiller,27483,4326703,Bobby Miller,43.99724500000001,56.0,12.002754999999993,49.9986225,39.0,4.997245000000007
1146,albertsuarez,6175,31109,Albert Suarez,50.069235,49.5,-0.569234999999999,49.784617499999996,183.0,-132.930765
1147,mikeclevinger,12808,32769,Mike Clevinger,52.51848000000001,46.5,-6.018480000000011,49.509240000000005,71.5,-18.98151999999999
1148,dannyyoung,18439,40903,Danny Young,46.08682999999999,52.5,6.413170000000008,49.293414999999996,33.0,13.086829999999992
1149,joshrojas,19734,40718,Josh Rojas,46.92844399999999,51.25783,4.329386000000007,49.093137,147.0,-100.07155600000002
1150,brysewilson,19990,40922,Bryse Wilson,43.8908425,53.5,9.609157500000002,48.695421249999995,86.5,-42.6091575
1151,elimorgan,20203,41324,Eli Morgan,45.589249499999994,51.5,5.910750500000006,48.54462475,83.0,-37.410750500000006
1152,michaeltoglia,25845,42412,Michael Toglia,47.643817,48.790944,1.1471270000000047,48.217380500000004,41.0,6.6438169999999985
1153,dereklaw,13133,33139,Derek Law,43.45069686,52.5,9.04930314,47.97534843,48.5,-5.049303139999999
1154,tysonneighbors,sa3025569,4935278,Tyson Neighbors,38.744725,56.0,17.255274999999997,47.3723625,0.0,38.744725
1155,francoaleman,sa3018178,4719319,Franco Aleman,38.482375999999995,55.0,16.517624000000005,46.741187999999994,53.0,-14.517624000000005
1156,victormederos,31533,5127102,Victor Mederos,47.802814999999995,45.5,-2.3028149999999954,46.6514075,34.0,13.802814999999995
1157,philipabner,33821,4926295,Philip Abner,55.022899,38.0,-17.022899000000002,46.5114495,48.0,7.0228990000000024
1158,tylercallihan,27497,42487,Tyler Callihan,46.56530599999999,45.938989,-0.6263169999999931,46.25214749999999,22.0,24.565305999999993
1159,jackkochanowicz,27688,4917819,Jack Kochanowicz,47.39688000000001,45.0,-2.39688000000001,46.198440000000005,120.0,-72.60311999999999
1160,lukelittle,28036,4683355,Luke Little,44.18496499999999,47.5,3.315035000000009,45.842482499999996,65.5,-21.31503500000001
1161,colewilcox,27481,4413868,Cole Wilcox,37.170198,54.5,17.329802,45.835099,40.0,-2.829802000000001
1162,ildemarovargas,13324,32985,Ildemaro Vargas,45.924606,45.669639,-0.2549670000000006,45.7971225,53.0,-7.075394000000003
1163,ryanloutos,29521,5124252,Ryan Loutos,36.215183499999995,55.0,18.784816500000005,45.60759175,51.5,-15.284816500000005
1164,evanreifert,sa3014860,4904087,Evan Reifert,36.51302999999999,54.5,17.986970000000007,45.50651499999999,0.0,36.51302999999999
1165,lyonrichardson,24581,41333,Lyon Richardson,44.776335,45.5,0.7236649999999969,45.1381675,82.5,-37.723665
1166,lukemaile,13355,33271,Luke Maile,45.819015300000004,44.35911370000001,-1.459901599999995,45.089064500000006,65.0,-19.180984699999996
1167,kevinalcantara,25971,42500,Kevin Alcantara,46.099587500000005,44.074815,-2.0247725000000045,45.08720125000001,168.0,-121.90041249999999
1168,jhonybrito,25386,42864,Jhony Brito,40.9592775,49.0,8.040722500000001,44.97963875,49.5,-8.540722500000001
1169,lazaroestrada,24914,5264531,Lazaro Estrada,41.640010000000004,47.5,5.859989999999996,44.570005,38.5,3.1400100000000037
1170,miguelcastro,15684,33820,Miguel Castro,39.403086,49.5,10.096913999999998,44.451543,107.5,-68.096914
1171,gregorysantos,21894,39682,Gregory Santos,39.20891199999999,49.5,10.29108800000001,44.354456,40.0,-0.7910880000000091
1172,cobymayo,28312,4683371,Coby Mayo,44.907455999999996,43.774994,-1.1324619999999967,44.341224999999994,322.0,-277.092544
1173,jacejung,31437,4721040,Jace Jung,45.323373,43.101924,-2.221449,44.2126485,203.0,-157.676627
1174,hectorneris,11804,32377,Hector Neris,44.877121,43.5,-1.3771210000000025,44.1885605,102.0,-57.122879
1175,carsonseymour,30084,4420745,Carson Seymour,44.35645,44.0,-0.3564500000000024,44.178225,59.5,-15.143549999999998
1176,tannermurray,sa3016805,5012115,Tanner Murray,44.0777468,44.11578599999999,0.038039199999992945,44.09676639999999,30.0,14.0777468
1177,georgesoriano,21863,4917836,George Soriano,55.460531,32.5,-22.960531000000003,43.9802655,94.0,-38.539469
1178,sethjohnson,26020,42542,Seth Johnson,43.6777465,44.0,0.3222535000000022,43.83887325,53.0,-9.322253500000002
1179,josemiranda,20538,41000,Jose Miranda,43.3547059,44.096702,0.7419961000000015,43.725703949999996,57.0,-13.645294100000001
1180,manuelmargot,14712,33599,Manuel Margot,41.1582569,45.995194,4.8369371,43.57672545,90.0,-48.8417431
1181,felixbautista,20666,4905859,Felix Bautista,44.27540199999999,42.5,-1.7754019999999926,43.38770099999999,0.0,44.27540199999999
1182,ryanjohnson,35325,5007859,Ryan Johnson,43.6867305,43.0,-0.686730500000003,43.343365250000005,94.0,-50.3132695
1183,johnbrebbia,12777,39085,John Brebbia,37.140358500000005,49.5,12.359641499999995,43.32017925,91.5,-54.359641499999995
1184,masonmccoy,22232,39947,Mason McCoy,44.20411,41.142932,-3.061177999999998,42.673521,37.0,7.20411
1185,ryanborucki,16350,36192,Ryan Borucki,38.835675,46.5,7.664324999999998,42.667837500000005,95.0,-56.164325
1186,tjrumfield,sa3017330,5014349,T.J. Rumfield,43.258902000000006,41.880762000000004,-1.378140000000002,42.569832000000005,149.0,-105.741098
1187,chrisdevenski,12763,32511,Chris Devenski,34.103701,51.0,16.896299,42.5518505,87.5,-53.396299
1188,kolbyallard,18694,34980,Kolby Allard,53.993821499999996,31.0,-22.993821499999996,42.49691075,118.5,-64.5061785
1189,jefersonquero,sa3015407,4917867,Jeferson Quero,42.0070842,42.52420599999999,0.5171217999999911,42.2656451,107.0,-64.99291579999999
1190,joeyloperfido,29630,4297976,Joey Loperfido,43.381952999999996,41.145065,-2.2368879999999933,42.263509,46.0,-2.6180470000000042
1191,joeygerber,24591,41375,Joey Gerber,37.682302500000006,46.5,8.817697499999994,42.09115125,79.0,-41.317697499999994
1192,brandonlockridge,21496,42641,Brandon Lockridge,43.255874000000006,40.773398,-2.4824760000000055,42.014636,68.0,-24.744125999999994
1193,daironblanco,19779,42228,Dairon Blanco,42.906419,40.111347,-2.7950719999999976,41.508883,31.0,11.906419
1194,tristangray,19877,39918,Tristan Gray,42.597895,40.359829999999995,-2.238065000000006,41.4788625,39.0,3.597895000000001
1195,drewsommers,32026,5272008,Drew Sommers,32.879345,50.0,17.120655,41.4396725,38.5,-5.620654999999999
1196,garrettacton,27583,4424444,Garrett Acton,39.38807549999999,43.0,3.6119245000000078,41.19403774999999,62.0,-22.611924500000008
1197,rolddymunoz,27407,5131982,Rolddy Munoz,34.062225,48.0,13.937775000000002,41.0311125,34.0,0.062224999999997976
1198,scottblewett,16427,33816,Scott Blewett,37.156014,44.5,7.343986000000001,40.828007,60.0,-22.843986
1199,genesiscabrera,17490,41061,Genesis Cabrera,40.36021300000001,41.0,0.6397869999999912,40.68010650000001,102.0,-61.63978699999999
1200,noahschultz,sa3020949,5080754,Noah Schultz,38.643905000000004,42.5,3.8560949999999963,40.5719525,0.0,38.643905000000004
1201,domingogonzalez,sa3007495,5132247,Domingo Gonzalez,37.575519,42.5,4.924481,40.0377595,34.5,3.075519
1202,josesuarez,19911,40981,Jose Suarez,42.208073000000006,37.5,-4.708073000000006,39.85403650000001,75.5,-33.291926999999994
1203,jeffcriswell,27608,4423332,Jeff Criswell,34.025253,45.5,11.474747,39.762626499999996,22.5,11.525253
1204,kameronmisner,26374,42416,Kameron Misner,40.353989000000006,38.740887,-1.613102000000005,39.547438,166.0,-125.64601099999999
1205,joseespada,21131,5125654,Jose Espada,33.080648,46.0,12.919352000000003,39.540324,62.0,-28.919352000000003
1206,marcoraya,sa3014550,4722894,Marco Raya,40.166309500000004,38.5,-1.666309500000004,39.333154750000006,35.5,4.666309500000004
1207,nickanderson,18337,38102,Nick Anderson,37.915,40.5,2.585000000000001,39.207499999999996,60.5,-22.585
1208,manuelrodriguez,20794,42363,Manuel Rodriguez,35.584161,42.0,6.415838999999998,38.7920805,46.5,-10.915838999999998
1209,bricematthews,33280,4838117,Brice Matthews,38.1569511,39.359517700000005,1.2025666000000044,38.758234400000006,91.0,-52.8430489
1210,jorgealcala,19459,41031,Jorge Alcala,37.486400999999994,40.0,2.5135990000000064,38.7432005,126.5,-89.013599
1211,daisonacosta,sa944989,5131747,Daison Acosta,34.4438155,43.0,8.5561845,38.72190775,89.5,-55.0561845
1212,osvaldobido,23150,5132624,Osvaldo Bido,36.743158799999996,40.5,3.7568412000000038,38.6215794,164.5,-127.7568412
1213,seanguenther,20045,3896017,Sean Guenther,29.976604000000002,47.0,17.023395999999998,38.488302000000004,40.0,-10.023395999999998
1214,gavinhollowell,25427,4208302,Gavin Hollowell,36.227588499999996,40.5,4.272411500000004,38.36379425,41.0,-4.772411500000004
1215,kyrenparis,26420,42536,Kyren Paris,38.65485,37.52065,-1.1341999999999999,38.08775,110.0,-71.34514999999999
1216,jackneely,30106,5016961,Jack Neely,29.936816999999998,46.0,16.063183000000002,37.968408499999995,46.5,-16.563183000000002
1217,aidanmiller,sa3022609,5148968,Aidan Miller,38.560752699999995,37.308507000000006,-1.252245699999989,37.93462985,147.0,-108.4392473
1218,yanquielfernandez,28552,4917793,Yanquiel Fernandez,38.4581242,36.719839799999995,-1.7382844000000048,37.588982,59.0,-20.5418758
1219,alexhoppe,sa3020836,5196247,Alex Hoppe,24.0670545,50.5,26.4329455,37.28352725,58.5,-34.4329455
1220,ericcerantola,sa3017914,4413997,Eric Cerantola,37.396621,37.0,-0.3966210000000032,37.198310500000005,61.5,-24.103378999999997
1221,kylebackhus,29615,4221113,Kyle Backhus,33.865257,40.0,6.134743,36.9326285,121.0,-87.134743
1222,grantmccray,25690,4919922,Grant McCray,36.828519,36.14702499999999,-0.6814940000000078,36.48777199999999,38.0,-1.171481
1223,angelbastardo,sa3009716,5259069,Angel Bastardo,35.109634,37.0,1.8903660000000002,36.054817,49.0,-13.890366
1224,isaiahcampbell,25551,3960910,Isaiah Campbell,41.535865,30.5,-11.035865000000001,36.0179325,36.0,5.535865000000001
1225,marcogonzales,15467,33158,Marco Gonzales,38.194173,33.5,-4.694172999999999,35.8470865,53.0,-14.805827
1226,nolanhoffman,23381,41461,Nolan Hoffman,39.9681015,31.5,-8.468101500000003,35.73405075,45.0,-5.031898499999997
1227,ryanclifford,sa3020126,5137882,Ryan Clifford,36.2218787,35.219135,-1.0027436999999964,35.72050685,43.0,-6.778121300000002
1228,carloshernandez,22713,41233,Carlos Hernandez,27.8131615,43.5,15.6868385,35.65658075,93.5,-65.6868385
1229,ronelblanco,19407,41829,Ronel Blanco,45.362813499999994,25.5,-19.862813499999994,35.431406749999994,52.5,-7.137186500000006
1230,joeymeneses,14366,34534,Joey Meneses,34.4475331,36.391988,1.9444548999999967,35.41976055,33.0,1.4475331000000011
1231,recehinds,27493,42545,Rece Hinds,36.854693399999995,33.814988,-3.0397053999999954,35.3348407,50.0,-13.145306600000005
1232,enmanuelvaldez,21716,41557,Enmanuel Valdez,35.641056500000005,34.9960104,-0.6450461000000018,35.318533450000004,77.0,-41.358943499999995
1233,juniorperez,sa3005744,42471,Junior Perez,35.37484359999999,34.85455699999999,-0.5202865999999986,35.114700299999996,121.0,-85.62515640000001
1234,ryankreidler,25867,42701,Ryan Kreidler,36.3307901,33.5826763,-2.7481137999999987,34.9567332,38.0,-1.6692098999999985
1235,chaycemcdermott,29866,4415756,Chayce McDermott,28.8978265,41.0,12.1021735,34.948913250000004,40.0,-11.1021735
1236,henrybaez,sa3016584,5255103,Henry Baez,33.770090999999994,36.0,2.2299090000000064,34.8850455,57.5,-23.729909000000006
1237,brycenmautz,sa3020710,5067321,Brycen Mautz,35.1547345,34.5,-0.6547345000000035,34.82736725,41.5,-6.3452654999999965
1238,drewwaters,20505,41076,Drew Waters,34.397673,34.677453,0.27978000000000236,34.537563,156.0,-121.602327
1239,taylortrammell,19960,37773,Taylor Trammell,34.4544732,34.086374,-0.3680992000000032,34.2704236,94.0,-59.5455268
1240,lucassims,13470,32807,Lucas Sims,37.386454,30.5,-6.8864540000000005,33.943227,64.0,-26.613546
1241,anthonyseigler,23802,41194,Anthony Seigler,34.1634805,32.539739999999995,-1.6237405000000038,33.35161024999999,69.0,-34.8365195
1242,josefranco,sa3008714,5332124,Jose Franco,34.615534,32.0,-2.6155339999999967,33.307767,0.0,34.615534
1243,tremorgan,sa3022919,5205643,Tre' Morgan,33.2311003,33.034622,-0.19647830000000255,33.13286115,40.0,-6.768899699999999
1244,emmanuelrodriguez,sa3014693,42491,Emmanuel Rodriguez,33.608562,32.581543,-1.0270189999999957,33.0950525,108.0,-74.391438
1245,josecorniell,27984,4710478,Jose Corniell,48.91167146,17.0,-31.91167146,32.955835730000004,187.0,-138.08832854
1246,brendanbeck,sa3020680,4345190,Brendan Beck,31.681410500000005,34.0,2.3185894999999945,32.84070525,0.0,31.681410500000005
1247,nickmadrigal,20521,41170,Nick Madrigal,32.88447909999999,31.932774999999996,-0.951704099999997,32.40862704999999,56.0,-23.115520900000007
1248,jpfrance,21212,3662290,J.P. France,36.474923000000004,28.0,-8.474923000000004,32.2374615,46.0,-9.525076999999996
1249,yohandymorales,sa3022672,4683376,Yohandy Morales,32.7082848,31.500592000000005,-1.2076927999999967,32.10443840000001,0.0,32.7082848
1250,alexjackson,17276,33707,Alex Jackson,33.2989122,30.8684383,-2.4304738999999955,32.08367525,40.0,-6.701087800000003
1251,thomasharrington,31989,4736800,Thomas Harrington,37.6305905,26.0,-11.630590499999997,31.81529525,86.0,-48.3694095
1252,dominichamel,30153,4742103,Dominic Hamel,47.42916000000001,16.0,-31.42916000000001,31.714580000000005,41.5,5.92916000000001
1253,gabrielgonzalez,sa3015723,4919918,Gabriel Gonzalez,31.1226412,31.465496499999997,0.34285529999999653,31.29406885,83.0,-51.877358799999996
1254,sethmartinez,21045,42742,Seth Martinez,25.187983000000003,36.5,11.312016999999997,30.8439915,0.0,25.187983000000003
1255,garretthampson,19262,39899,Garrett Hampson,29.775249000000002,30.928274,1.153024999999996,30.351761500000002,61.0,-31.224750999999998
1256,jameskarinchak,20151,40715,James Karinchak,26.116677,34.5,8.383323,30.308338499999998,0.0,26.116677
1257,emilianoteodo,sa3015158,5124007,Emiliano Teodo,28.486984000000007,31.0,2.5130159999999933,29.743492000000003,52.5,-24.013015999999993
1258,tejayantone,16233,42355,Tejay Antone,24.405758499999997,34.5,10.094241500000003,29.45287925,0.0,24.405758499999997
1259,alikawilliams,27604,4424289,Alika Williams,29.219742000000004,29.403612,0.18386999999999531,29.311677000000003,0.0,29.219742000000004
1260,brettwisely,27735,4997597,Brett Wisely,30.541570099999998,28.030475000000003,-2.511095099999995,29.28602255,54.0,-23.458429900000002
1261,tannerrainey,17610,38582,Tanner Rainey,23.418831,35.0,11.581169,29.2094155,72.0,-48.581169
1262,milesmastrobuoni,20017,40900,Miles Mastrobuoni,28.8226954,28.627264999999998,-0.1954304000000029,28.724980199999997,112.0,-83.1773046
1263,blakedunn,29487,4650237,Blake Dunn,29.549468400000002,27.694481000000003,-1.8549873999999988,28.621974700000003,41.0,-11.450531599999998
1264,yuniormarte,14416,40419,Yunior Marte,16.711911000000004,40.5,23.788088999999996,28.6059555,0.0,16.711911000000004
1265,dashawnkeirseyjr,24496,42753,DaShawn Keirsey Jr.,31.34311,25.866567000000003,-5.476542999999996,28.6048385,81.0,-49.656890000000004
1266,cesarprieto,30163,5012056,Cesar Prieto,28.9520515,28.169283000000004,-0.782768499999996,28.56066725,36.0,-7.0479485
1267,spencerjones,sa3019969,4867424,Spencer Jones,29.6401,27.442057999999996,-2.1980420000000045,28.541078999999996,128.0,-98.3599
1268,francispena,sa3019374,5204210,Francis Pena,21.788909,35.0,13.211091,28.394454500000002,0.0,21.788909
1269,jakebloss,33168,5137945,Jake Bloss,29.783772499999998,27.0,-2.7837724999999978,28.39188625,29.0,0.7837724999999978
1270,dustinharris,25705,4917924,Dustin Harris,28.351369,28.301404,-0.049964999999996706,28.326386499999998,44.0,-15.648631000000002
1271,scotteffross,18384,40622,Scott Effross,29.1066265,27.0,-2.106626500000001,28.053313250000002,62.0,-32.893373499999996
1272,tylerwade,15730,33878,Tyler Wade,28.114705999999998,27.510976,-0.6037299999999988,27.812841,65.0,-36.885294
1273,jihwanbae,23818,40896,Ji Hwan Bae,28.031346999999997,27.092095,-0.9392519999999962,27.561721,96.0,-67.968653
1274,nickburdi,16074,33728,Nick Burdi,24.614222500000004,30.5,5.885777499999996,27.557111250000002,90.0,-65.38577749999999
1275,joshstaumont,18335,36175,Josh Staumont,23.650781,31.0,7.3492190000000015,27.325390499999997,0.0,23.650781
1276,timanderson,15172,33184,Tim Anderson,26.6912188,27.90793920000001,1.216720400000007,27.299579000000005,61.0,-34.3087812
1277,chadwicktromp,16953,35358,Chadwick Tromp,27.7062291,26.03402,-1.6722091,26.87012455,0.0,27.7062291
1278,tonygonsolin,19388,38958,Tony Gonsolin,45.178824999999996,8.28036,-36.898464999999995,26.7295925,58.0,-12.821175000000004
1279,justinfoscue,27501,4298639,Justin Foscue,27.0549251,26.219094899999998,-0.8358302000000002,26.637009999999997,45.0,-17.9450749
1280,tannerhouck,19879,41009,Tanner Houck,44.33465,8.67184,-35.66281000000001,26.503245,43.5,0.8346500000000034
1281,michaelarroyo,sa3018429,5124097,Michael Arroyo,26.062862999999997,26.850899,0.7880360000000017,26.456880999999996,38.0,-11.937137000000003
1282,tomcosgrove,23443,4990459,Tom Cosgrove,21.555146999999998,31.0,9.444853000000002,26.2775735,55.5,-33.944853
1283,bradleyblalock,26419,4720860,Bradley Blalock,29.500116,23.0,-6.5001159999999985,26.250058,46.0,-16.499884
1284,wademeckler,31490,4424090,Wade Meckler,26.379391299999998,25.659823,-0.7195682999999988,26.01960715,16.0,10.379391299999998
1285,jacksonwolf,29832,5007623,Jackson Wolf,23.249442499999997,28.5,5.250557500000003,25.87472125,0.0,23.249442499999997
1286,abrahamtoro,19844,40754,Abraham Toro,25.716394,25.891788000000002,0.17539400000000072,25.804091,122.0,-96.28360599999999
1287,akilbaddoo,22168,40634,Akil Baddoo,26.780955,24.799326,-1.981628999999998,25.7901405,55.0,-28.219045
1288,leodevries,sa3023363,5196124,Leo De Vries,24.828815100000003,26.591936999999998,1.7631218999999945,25.71037605,0.0,24.828815100000003
1289,mattmervis,27845,4297978,Matt Mervis,25.7072072,25.512312400000003,-0.1948947999999966,25.6097598,0.0,25.7072072
1290,eloyjimenez,17484,33867,Eloy Jimenez,25.130075000000005,25.9926202,0.862545199999996,25.561347600000005,36.0,-10.869924999999995
1291,tommytroy,sa3022561,4837403,Tommy Troy,25.747266800000002,25.265302,-0.48196480000000363,25.5062844,68.0,-42.252733199999994
1292,ryanrolison,22200,41220,Ryan Rolison,29.44004,21.5,-7.94004,25.470019999999998,104.5,-75.05996
1293,blascastano,26117,5136509,Blas Castano,22.208904999999998,28.5,6.291095000000002,25.3544525,32.0,-9.791095000000002
1294,bryanhudson,19924,4991171,Bryan Hudson,35.761689000000004,14.0,-21.761689000000004,24.880844500000002,91.0,-55.238310999999996
1295,gustavocampero,22707,5125630,Gustavo Campero,26.251003,23.487980999999998,-2.763022000000003,24.869492,44.0,-17.748997
1296,erickfedde,17425,33793,Erick Fedde,42.216835,7.24212,-34.974715,24.7294775,154.0,-111.783165
1297,tristanpeters,30063,5085893,Tristan Peters,24.002640699999997,24.566933999999996,0.5642932999999992,24.284787349999995,37.0,-12.997359300000003
1298,blakewalston,26270,42442,Blake Walston,24.995881999999998,23.5,-1.4958819999999982,24.247940999999997,37.0,-12.004118000000002
1299,jesusrodriguez,sa3008916,5015255,Jesus Rodriguez,23.9546316,24.410342999999997,0.45571139999999843,24.1824873,41.0,-17.0453684
1300,josesiri,17452,33954,Jose Siri,23.7506582,24.187694,0.4370358000000003,23.9691761,98.0,-74.2493418
1301,lioverpeguero,24273,42451,Liover Peguero,24.062338,23.464817,-0.5975210000000004,23.7635775,57.0,-32.937662
1302,juanyepez,18400,4895558,Juan Yepez,22.974909899999997,23.996821100000002,1.0219112000000052,23.4858655,0.0,22.974909899999997
1303,mickeygasper,24759,5132012,Mickey Gasper,23.827856899999997,23.0760502,-0.7518066999999959,23.45195355,52.0,-28.172143100000003
1304,sterlinthompson,sa3019999,4683366,Sterlin Thompson,23.184312300000002,23.339842999999995,0.1555306999999928,23.26207765,61.0,-37.8156877
1305,jairoiriarte,26907,5185140,Jairo Iriarte,22.50605,24.0,1.4939500000000017,23.253025,37.0,-14.493950000000002
1306,billycook,29573,5137038,Billy Cook,23.057633600000003,23.155906,0.09827239999999904,23.106769800000002,36.0,-12.942366399999997
1307,jrritchie,sa3020395,5080757,JR Ritchie,21.709366499999998,24.5,2.790633500000002,23.10468325,43.0,-21.290633500000002
1308,lukewilliams,19931,40466,Luke Williams,24.836389000000004,21.095468999999998,-3.7409200000000062,22.965929000000003,57.0,-32.163610999999996
1309,sandyleon,5273,32101,Sandy Leon,23.4486572,21.9133419,-1.5353153000000006,22.68099955,14.0,9.4486572
1310,mattkoperniak,sa3014834,5010654,Matt Koperniak,22.2372485,22.997909600000003,0.7606611000000036,22.617579050000003,33.0,-10.7627515
1311,jaredyoung,20404,41575,Jared Young,22.7999003,21.554359699999996,-1.2455406000000053,22.17713,33.0,-10.200099699999999
1312,hestonkjerstad,31166,4297758,Heston Kjerstad,22.4714444,21.839840000000002,-0.631604399999997,22.155642200000003,119.0,-96.5285556
1313,austinbarnes,12158,32856,Austin Barnes,21.9482852,21.397018099999997,-0.551267100000004,21.67265165,25.0,-3.051714799999999
1314,denzerguzman,28816,4917822,Denzer Guzman,21.6569298,21.5082055,-0.14872430000000136,21.58256765,88.0,-66.3430702
1315,jonatanclase,26599,4918159,Jonatan Clase,21.3028324,21.558838,0.2560056000000017,21.4308352,87.0,-65.6971676
1316,dylancoleman,22276,41393,Dylan Coleman,13.642146499999999,29.0,15.357853500000001,21.321073249999998,37.0,-23.3578535
1317,randydobnak,23798,42214,Randy Dobnak,24.071154999999997,18.5,-5.571154999999997,21.2855775,42.0,-17.928845000000003
1318,samadtaylor,22274,39710,Samad Taylor,21.5643973,20.719378,-0.8450193000000006,21.14188765,67.0,-45.435602700000004
1319,justindean,25005,41531,Justin Dean,22.626315899999998,19.5106158,-3.115700099999998,21.06846585,20.0,2.626315899999998
1320,nestorcortes,17874,36480,Nestor Cortes,34.0581105,7.7066,-26.351510499999996,20.88235525,215.0,-180.9418895
1321,shaywhitcomb,27789,4683352,Shay Whitcomb,21.220812199999997,20.474140799999997,-0.7466714000000003,20.8474765,44.0,-22.779187800000003
1322,jaredserna,sa3015579,5201581,Jared Serna,20.5848906,20.9340854,0.34919479999999936,20.759488,33.0,-12.415109399999999
1323,peteyhalpin,27931,4722962,Petey Halpin,20.175013800000002,21.113861,0.9388471999999979,20.6444374,33.0,-12.824986199999998
1324,angelperdomo,17759,41448,Angel Perdomo,24.00273,17.0,-7.00273,20.501365,0.0,24.00273
1325,benkudrna,sa3018253,4917813,Ben Kudrna,23.2469625,17.5,-5.746962499999999,20.373481249999998,0.0,23.2469625
1326,collinsnider,23307,3183870,Collin Snider,14.687576,26.0,11.312424,20.343788,0.0,14.687576
1327,wilberdotel,sa3015163,5332991,Wilber Dotel,24.4671935,16.0,-8.4671935,20.23359675,0.0,24.4671935
1328,victormesajr,25999,4917849,Victor Mesa Jr.,20.2379576,20.159092999999995,-0.07886460000000639,20.1985253,19.0,1.2379576000000014
1329,gabrielrinconesjr,sa3020758,5131884,Gabriel Rincones Jr.,21.386555900000005,18.8783998,-2.5081561000000043,20.13247785,121.0,-99.6134441
1330,westonwilson,19358,38682,Weston Wilson,20.1122924,19.7197979,-0.3924945000000015,19.916045150000002,66.0,-45.8877076
1331,cooperkinney,sa3017793,4872697,Cooper Kinney,19.8265241,19.9924176,0.16589349999999925,19.909470849999998,0.0,19.8265241
1332,tinkhence,sa3014709,4920836,Tink Hence,18.66649,21.0,2.3335100000000004,19.833244999999998,137.0,-118.33351
1333,jhonkensynoel,24257,42548,Jhonkensy Noel,20.2982495,19.210556,-1.0876935000000003,19.75440275,93.0,-72.7017505
1334,anthonymolina,26952,5016983,Anthony Molina,35.392144,3.94982,-31.442324000000003,19.670982000000002,67.0,-31.607855999999998
1335,nickylopez,19339,38106,Nicky Lopez,18.5621526,20.279675799999996,1.7175231999999951,19.4209142,0.0,18.5621526
1336,vidalbrujan,20536,40462,Vidal Brujan,19.0768661,19.2846148,0.2077486999999998,19.180740450000002,56.0,-36.923133899999996
1337,benrortvedt,20287,40869,Ben Rortvedt,18.7959725,18.450021300000003,-0.34595119999999824,18.622996900000004,60.0,-41.204027499999995
1338,bryanramos,25621,42822,Bryan Ramos,18.575218900000003,18.5095309,-0.06568800000000152,18.542374900000002,56.0,-37.4247811
1339,treygibson,sa3023250,5274900,Trey Gibson,12.210946999999999,23.0,10.789053000000001,17.6054735,41.0,-28.789053000000003
1340,donovansolano,8623,29703,Donovan Solano,17.416313300000002,17.634976099999996,0.2186627999999935,17.5256447,173.0,-155.5836867
1341,jorbitvivas,23917,4722676,Jorbit Vivas,17.236745499999998,17.15874,-0.07800549999999618,17.19774275,40.0,-22.763254500000002
1342,brodyhopkins,sa3023515,5130133,Brody Hopkins,12.072711499999999,21.5,9.427288500000001,16.78635575,69.5,-57.4272885
1343,stuartfairchild,20321,40346,Stuart Fairchild,16.8462865,16.5263331,-0.31995340000000283,16.6863098,45.0,-28.1537135
1344,adammacko,sa3011555,4918157,Adam Macko,21.303137500000002,12.0,-9.303137500000002,16.651568750000003,47.0,-25.696862499999998
1345,elmercruzrodriguez,sa3019459,5194637,Elmer Cruz-Rodriguez,20.142006000000002,13.0,-7.142006000000002,16.571003,35.0,-14.857993999999998
1346,nelsonvelazquez,23359,41047,Nelson Velazquez,16.2363205,16.5651172,0.32879669999999805,16.40071885,38.0,-21.7636795
1347,jonahbride,24703,3960984,Jonah Bride,16.562216,16.2151691,-0.3470468999999987,16.388692550000002,79.0,-62.437784
1348,hanscrouse,22192,41032,Hans Crouse,17.1108,15.5,-1.6108000000000011,16.3054,0.0,17.1108
1349,didierfuentes,30661,5291189,Didier Fuentes,16.123119499999998,15.0,-1.1231194999999978,15.561559749999999,40.5,-24.376880500000002
1350,drewromo,27763,4917765,Drew Romo,15.365191300000003,15.238757099999999,-0.12643420000000383,15.3019742,30.0,-14.634808699999997
1351,guillozuniga,19588,4721999,Guillo Zuniga,13.519573900000001,17.0,3.480426099999999,15.25978695,0.0,13.519573900000001
1352,haoyulee,sa3017863,5124113,Hao-Yu Lee,15.117877100000001,15.385179,0.26730189999999965,15.251528050000001,71.0,-55.8821229
1353,jeancabrera,sa3015433,5255102,Jean Cabrera,16.226792,14.0,-2.2267919999999997,15.113396,62.5,-46.273208
1354,vimaelmachin,17684,39112,Vimael Machin,15.0685901,14.9356795,-0.13291059999999888,15.0021348,0.0,15.0685901
1355,jamestriantos,sa3017295,4917690,James Triantos,14.1048688,15.2680013,1.1631324999999997,14.68643505,0.0,14.1048688
1356,kahlilwatson,sa3017513,4872684,Kahlil Watson,14.315397100000002,14.799430399999999,0.48403329999999656,14.55741375,48.0,-33.6846029
1357,aaronschunk,25524,42430,Aaron Schunk,14.37459,14.490285,0.11569500000000055,14.432437499999999,72.0,-57.62541
1358,garrettstubbs,18067,35760,Garrett Stubbs,14.561095499999999,14.211136000000002,-0.3499594999999971,14.38611575,35.0,-20.4389045
1359,corbinmartin,19884,41029,Corbin Martin,14.456186499999998,14.0,-0.4561864999999976,14.228093249999999,0.0,14.456186499999998
1360,williemaciver,24641,4020015,Willie MacIver,14.0721351,14.177790500000002,0.10565540000000162,14.124962800000002,38.0,-23.9278649
1361,reggiecrawford,sa3020457,4867505,Reggie Crawford,11.625179500000002,16.5,4.8748204999999984,14.06258975,0.0,11.625179500000002
1362,coleirvin,19244,39869,Cole Irvin,13.58264142,14.0,0.41735858000000015,13.79132071,40.0,-26.41735858
1363,kevinnewman,17696,35022,Kevin Newman,14.1641573,13.1166501,-1.0475072,13.6404037,110.0,-95.8358427
1364,ajsmithshawver,29960,4917640,AJ Smith-Shawver,15.607149499999998,11.5,-4.1071494999999985,13.55357475,45.0,-29.3928505
1365,pedroleon,27781,4717898,Pedro Leon,13.4153823,13.357038899999997,-0.05834340000000182,13.386210599999998,83.0,-69.5846177
1366,shinnosukeogasawara,35324,5264585,Shinnosuke Ogasawara,15.232353,11.5,-3.732353,13.3661765,105.0,-89.767647
1367,rhylanthomas,31793,4672794,Rhylan Thomas,13.114641200000003,12.925252700000001,-0.18938850000000151,13.019946950000001,34.0,-20.8853588
1368,jaggerhaynes,sa3020876,4717838,Jagger Haynes,12.4433045,13.5,1.0566955,12.97165225,0.0,12.4433045
1369,brandonwalter,26056,4228724,Brandon Walter,17.1724645,8.75264,-8.4198245,12.96255225,0.0,17.1724645
1370,ronnysimon,25346,4912412,Ronny Simon,13.0297436,12.8697496,-0.1599939999999993,12.949746600000001,38.0,-24.9702564
1371,christianfranklin,sa3017510,4414623,Christian Franklin,12.678285299999999,13.0797874,0.40150210000000186,12.87903635,0.0,12.678285299999999
1372,nikokavadas,29782,4298095,Niko Kavadas,13.059518899999999,12.649040099999999,-0.4104787999999999,12.854279499999999,0.0,13.059518899999999
1373,maxanderson,sa3022567,4838090,Max Anderson,12.883890500000001,12.488882900000002,-0.39500759999999957,12.686386700000002,62.0,-49.1161095
1374,timelko,31522,5135493,Tim Elko,12.765669,12.4790217,-0.28664730000000027,12.62234535,56.0,-43.234331
1375,tuckerdavidson,19871,41069,Tucker Davidson,12.370121,12.5,0.12987900000000074,12.435060499999999,0.0,12.370121
1376,thomashatch,19264,39889,Thomas Hatch,18.597796210000002,5.85994,-12.737856210000002,12.228868105,83.0,-64.40220379
1377,joseherrera,17040,40851,Jose Herrera,12.4928056,11.9640026,-0.5288029999999999,12.2284041,0.0,12.4928056
1378,sebastianrivero,21735,41447,Sebastian Rivero,12.4278205,11.8713484,-0.5564720999999988,12.149584449999999,12.0,0.42782049999999927
1379,carledwardsjr,13607,33202,Carl Edwards Jr.,11.229024500000001,13.0,1.7709754999999987,12.11451225,0.0,11.229024500000001
1380,yonielcuret,sa3015446,5185124,Yoniel Curet,12.208643499999999,11.5,-0.7086434999999991,11.85432175,50.0,-37.7913565
1381,nickhernandez,19281,38190,Nick Hernandez,21.219848000000002,1.76328,-19.456568000000004,11.491564,0.0,21.219848000000002
1382,tsungchecheng,28344,42692,Tsung-Che Cheng,10.4824313,11.9310086,1.4485773000000002,11.20671995,15.0,-4.5175687
1383,ryanwebb,sa3018280,4297904,Ryan Webb,11.491899499999999,10.5,-0.9918994999999988,10.99594975,0.0,11.491899499999999
1384,austinkitchen,27910,3973766,Austin Kitchen,9.76597,12.0,2.2340300000000006,10.882985,0.0,9.76597
1385,caseylawrence,11121,35949,Casey Lawrence,10.7566415,11.0,0.24335849999999937,10.87832075,0.0,10.7566415
1386,jacksonjobe,30203,4872647,Jackson Jobe,11.8724835,7.89546,-3.9770234999999996,9.88397175,31.0,-19.1275165
1387,kevinherget,15369,38314,Kevin Herget,15.289003499999998,2.26816,-13.020843499999998,8.778581749999999,64.0,-48.7109965
1388,carsonspiers,27685,5165292,Carson Spiers,11.463245000000002,5.88122,-5.5820250000000025,8.672232500000002,24.0,-12.536754999999998
1389,nabilcrismatt,17732,41421,Nabil Crismatt,10.51536476,4.93796,-5.57740476,7.7266623800000005,75.0,-64.48463524
1390,benlively,14932,33194,Ben Lively,8.9009625,6.39644,-2.5045225,7.64870125,69.5,-60.5990375
1391,eibersoncastellano,sa3015414,5259072,Eiberson Castellano,9.7716025,5.32846,-4.4431425,7.55003125,0.0,9.7716025
1392,danielrobert,21229,4988501,Daniel Robert,12.072707,1.82004,-10.252666999999999,6.9463735,52.0,-39.927293
1393,stevieemanuels,sa3014698,4346328,Stevie Emanuels,10.4259675,1.43216,-8.9938075,5.92906375,0.0,10.4259675
1394,parkermushinski,21324,3963032,Parker Mushinski,0.0,2.59968,0.0,0.0,0.0,0.0
1395,jesustinoco,16300,39822,Jesus Tinoco,0.0,1.8258800000000002,0.0,0.0,0.0,0.0
1396,christianroa,27662,4298336,Christian Roa,0.0,4.51734,0.0,0.0,34.5,-34.5
1397,chrisflexen,13896,36067,Chris Flexen,0.0,6.22832,0.0,0.0,89.5,-89.5
1398,jtchargois,13767,34854,JT Chargois,0.0,2.409582,0.0,0.0,0.0,0.0
1399,mattbowman,13528,33685,Matt Bowman,0.0,1.87764,0.0,0.0,0.0,0.0
1400,brianvanbelle,27695,41473,Brian Van Belle,0.0,6.45082,0.0,0.0,37.5,-37.5
1401,koltoningram,26068,4997628,Kolton Ingram,0.0,1.4304199999999998,0.0,0.0,0.0,0.0
1402,wandersuero,15855,34936,Wander Suero,0.0,1.6111,0.0,0.0,0.0,0.0
1403,dugandarnell,27812,4987419,Dugan Darnell,0.0,1.6612200000000001,0.0,0.0,49.5,-49.5
1404,chrisstratton,13761,32787,Chris Stratton,0.0,1.43894,0.0,0.0,0.0,0.0
1405,jpfeyereisen,16610,36011,J.P. Feyereisen,0.0,1.8996400000000002,0.0,0.0,0.0,0.0
1406,carloslagrange,sa3019390,5201825,Carlos Lagrange,0.0,8.53158,0.0,0.0,34.0,-34.0
1407,yonnychirinos,16401,39823,Yonny Chirinos,0.0,6.032920000000001,0.0,0.0,0.0,0.0
1408,nicknelson,20153,41319,Nick Nelson,0.0,4.56308,0.0,0.0,0.0,0.0
1409,benbowden,20198,41289,Ben Bowden,0.0,1.2561200000000001,0.0,0.0,48.5,-48.5
1410,mikebaumann,20206,40543,Mike Baumann,0.0,1.95004,0.0,0.0,0.0,0.0
1411,zachlogue,20231,3166693,Zach Logue,0.0,6.0172,0.0,0.0,0.0,0.0
1412,andrylara,27967,42459,Andry Lara,56.681349999999995,0.0,0.0,0.0,38.5,18.181349999999995
1413,joshwinder,24606,4298418,Josh Winder,0.0,3.8713800000000003,0.0,0.0,0.0,0.0
1414,fraserellard,29530,5125257,Fraser Ellard,0.0,2.04076,0.0,0.0,0.0,0.0
1415,patrickmonteverde,29564,4721043,Patrick Monteverde,0.0,5.349740000000001,0.0,0.0,0.0,0.0
1416,luisgonzalez,sa550522,4917644,Luis Gonzalez,0.0,2.1112,0.0,0.0,0.0,0.0
1417,ricardopinto,16318,33821,Ricardo Pinto,0.0,3.6711400000000003,0.0,0.0,0.0,0.0
1418,dylanfloro,13394,33852,Dylan Floro,0.0,1.449586,0.0,0.0,0.0,0.0
1419,mattkoch,13420,34849,Matt Koch,0.0,1.61098,0.0,0.0,0.0,0.0
1420,rickyvanasco,23391,42440,Ricky Vanasco,0.0,1.43364,0.0,0.0,0.0,0.0
1421,zachplesac,19979,42169,Zach Plesac,0.0,4.75822,0.0,0.0,0.0,0.0
1422,joelkuhnel,19995,40855,Joel Kuhnel,0.0,1.97724,0.0,0.0,0.0,0.0
1423,parkerdunshee,20018,41404,Parker Dunshee,0.0,1.4700799999999998,0.0,0.0,0.0,0.0
1424,taylerscott,13652,39711,Tayler Scott,0.0,1.1223,0.0,0.0,0.0,0.0
1425,elieserhernandez,16933,39836,Elieser Hernandez,0.0,6.07626,0.0,0.0,0.0,0.0
1426,michaelgrove,23221,41242,Michael Grove,0.0,5.48884,0.0,0.0,82.0,-82.0
1427,iananderson,19951,40916,Ian Anderson,0.0,4.58452,0.0,0.0,0.0,0.0
1428,kybush,29823,4917816,Ky Bush,48.3035385,0.0,0.0,0.0,83.0,-34.6964615
1429,benheller,15100,34699,Ben Heller,0.0,2.396,0.0,0.0,0.0,0.0
1430,druehackenberg,sa3023304,5271396,Drue Hackenberg,0.0,6.2843599999999995,0.0,0.0,0.0,0.0
1431,omarcruz,23875,42421,Omar Cruz,0.0,4.48022,0.0,0.0,35.5,-35.5
1432,jordanweems,13190,40039,Jordan Weems,0.0,1.20606,0.0,0.0,0.0,0.0
1433,granthartwig,29946,4085383,Grant Hartwig,0.0,1.3100800000000001,0.0,0.0,0.0,0.0
1434,johncurtiss,16128,38159,John Curtiss,0.0,1.9205800000000002,0.0,0.0,83.0,-83.0
1435,brandonbielak,19866,41260,Brandon Bielak,0.0,5.74014,0.0,0.0,0.0,0.0
1436,alexfaedo,19874,39901,Alex Faedo,0.0,4.6423,0.0,0.0,53.5,-53.5
1437,emmanuelrivera,19890,40519,Emmanuel Rivera,0.0,9.2153782,0.0,0.0,0.0,0.0
1438,mattbarnes,12863,32147,Matt Barnes,0.0,1.333608,0.0,0.0,0.0,0.0
1439,justingarza,19784,3033851,Justin Garza,0.0,1.8628,0.0,0.0,0.0,0.0
1440,jhonnypereda,19802,40702,Jhonny Pereda,0.0,9.96645256,0.0,0.0,52.0,-52.0
1441,christianmontesdeoca,30206,5138677,Christian Montes De Oca,0.0,2.17864,0.0,0.0,42.0,-42.0
1442,julianmerryweather,16703,39816,Julian Merryweather,0.0,2.45875,0.0,0.0,0.0,0.0
1443,aaronwilkerson,16904,36001,Aaron Wilkerson,0.0,7.0230999999999995,0.0,0.0,0.0,0.0
1444,jessehahn,13287,33108,Jesse Hahn,0.0,2.08328,0.0,0.0,0.0,0.0
1445,carlosduran,24458,4722955,Carlos Duran,0.0,3.415,0.0,0.0,0.0,0.0
1446,masonthompson,21850,4705678,Mason Thompson,0.0,1.88441,0.0,0.0,82.0,-82.0
1447,konnorpilkington,21453,41329,Konnor Pilkington,81.51452499999999,0.0,0.0,0.0,97.0,-15.485475000000008
1448,cionelperez,19614,36089,Cionel Perez,0.0,1.942276,0.0,0.0,0.0,0.0
1449,stephennogosek,19545,39707,Stephen Nogosek,0.0,1.30904,0.0,0.0,0.0,0.0
1450,geoffhartlieb,19558,40865,Geoff Hartlieb,0.0,1.72174,0.0,0.0,0.0,0.0
1451,saurynlao,21922,5200390,Sauryn Lao,12.125077530000002,0.0,0.0,0.0,33.5,-21.374922469999998
1452,shaunanderson,19453,39681,Shaun Anderson,0.0,5.91982,0.0,0.0,0.0,0.0
1453,dariusvines,25928,4917634,Darius Vines,0.0,6.5321,0.0,0.0,0.0,0.0
1454,anthonydesclafani,13050,33180,Anthony DeSclafani,0.0,6.36156,0.0,0.0,0.0,0.0
1455,nickramirez,12575,32140,Nick Ramirez,0.0,2.02938,0.0,0.0,0.0,0.0
1456,aaronbrooks,12272,33124,Aaron Brooks,0.0,5.6401,0.0,0.0,0.0,0.0
1457,justinanderson,16201,37611,Justin Anderson,0.0,1.1918199999999999,0.0,0.0,0.0,0.0
1458,tylerbeede,16981,33798,Tyler Beede,0.0,1.2881399999999998,0.0,0.0,0.0,0.0
1459,garrettmcdaniels,31751,4424931,Garrett McDaniels,0.0,1.7416399999999999,0.0,0.0,0.0,0.0
1460,joemantiply,14857,33691,Joe Mantiply,0.0,2.46661,0.0,0.0,0.0,0.0
1461,treylipscomb,31567,4413982,Trey Lipscomb,0.0,9.6366712,0.0,0.0,42.0,-42.0
1462,lachlanwells,sa877857,41071,Lachlan Wells,0.0,7.95294,0.0,0.0,0.0,0.0
1463,joelasorsa,25481,4208304,Joe La Sorsa,11.9056705,0.0,0.0,0.0,77.5,-65.5943295
1464,joshknoth,sa3023420,5149103,Josh Knoth,0.0,6.00952,0.0,0.0,0.0,0.0
1465,mattthaiss,19318,36176,Matt Thaiss,0.0,7.2719332,0.0,0.0,39.0,-39.0
1466,liamdoyle,sa3030545,5130533,Liam Doyle,0.0,2.7,0.0,0.0,0.0,0.0
1467,kylehendricks,12049,33173,Kyle Hendricks,0.0,7.20382,0.0,0.0,0.0,0.0
1468,burchsmith,12784,33083,Burch Smith,0.0,2.66318,0.0,0.0,0.0,0.0
1469,mitchwhite,19225,39437,Mitch White,0.0,4.88842,0.0,0.0,0.0,0.0
1470,isaaccoffey,sa3020222,4421205,Isaac Coffey,0.0,7.258179999999999,0.0,0.0,0.0,0.0
1471,jamespaxton,11828,31980,James Paxton,0.0,6.9512,0.0,0.0,0.0,0.0
1472,beauburrows,18873,35046,Beau Burrows,0.0,1.62602,0.0,0.0,46.5,-46.5
1473,mattmoore,1890,31099,Matt Moore,0.0,1.5744600000000002,0.0,0.0,0.0,0.0
1474,kirbysnead,19179,40815,Kirby Snead,0.0,2.331664,0.0,0.0,0.0,0.0
1475,josequijada,19200,39142,Jose Quijada,0.0,2.35879,0.0,0.0,0.0,0.0
1476,loganallen,18555,35024,Logan Allen,0.0,4.0955,0.0,0.0,0.0,0.0
1477,hobieharris,18615,42804,Hobie Harris,0.0,1.4583,0.0,0.0,0.0,0.0
1478,albertabreu,17485,36041,Albert Abreu,0.0,1.6756600000000001,0.0,0.0,0.0,0.0
1479,ryanburr,17536,39738,Ryan Burr,0.0,2.55978,0.0,0.0,59.0,-59.0
1480,josecastillo,17169,38706,Jose Castillo,0.0,2.56948,0.0,0.0,92.0,-92.0
1481,adamottavino,1247,29705,Adam Ottavino,0.0,2.293792,0.0,0.0,0.0,0.0
1482,drewsmyly,11760,31816,Drew Smyly,0.0,5.9207,0.0,0.0,0.0,0.0
1483,joshrogers,18510,38320,Josh Rogers,0.0,3.0084799999999996,0.0,0.0,0.0,0.0
1484,samhuff,22209,40798,Sam Huff,0.0,7.8274706599999995,0.0,0.0,0.0,0.0
1485,charleesoto,sa3023450,5149067,Charlee Soto,0.0,5.38876,0.0,0.0,0.0,0.0
1486,naoyukiuwasawa,33828,5194586,Naoyuki Uwasawa,0.0,3.7272800000000004,0.0,0.0,0.0,0.0
1487,richhill,4806,6321,Rich Hill,0.0,5.44708,0.0,0.0,0.0,0.0
1488,anthonygose,5097,31048,Anthony Gose,0.0,1.14702,0.0,0.0,0.0,0.0
1489,jessechavez,5448,29220,Jesse Chavez,0.0,1.6599599999999999,0.0,0.0,0.0,0.0
1490,migueldiaz,18815,33751,Miguel Diaz,0.0,1.84158,0.0,0.0,0.0,0.0
1491,thyagovieira,14510,36048,Thyago Vieira,0.0,1.54584,0.0,0.0,0.0,0.0
1492,joseazocar,18821,35058,Jose Azocar,0.0,11.155301999999997,0.0,0.0,0.0,0.0
1493,owenmurphy,sa3020330,5080750,Owen Murphy,0.0,8.32076,0.0,0.0,0.0,0.0
1494,juniorfernandez,18496,35017,Junior Fernandez,0.0,1.37066,0.0,0.0,0.0,0.0
1495,bryanshaw,8110,30589,Bryan Shaw,0.0,0.927332,0.0,0.0,0.0,0.0
1496,wilkingrodriguez,8801,31939,Wilking Rodriguez,0.0,1.80793,0.0,0.0,0.0,0.0
1497,josecisnero,6399,31673,Jose Cisnero,0.0,2.413844,0.0,0.0,0.0,0.0
1498,brodybrecht,sa3027632,5061178,Brody Brecht,0.0,4.53,0.0,0.0,0.0,0.0
1499,julioteheran,6797,31091,Julio Teheran,0.0,6.13978,0.0,0.0,0.0,0.0
1500,chaseanderson,6895,32690,Chase Anderson,0.0,4.20184,0.0,0.0,0.0,0.0
1501,danielhudson,7146,30376,Daniel Hudson,0.0,2.442646,0.0,0.0,0.0,0.0
1502,jordanlyles,7593,31061,Jordan Lyles,0.0,6.4657,0.0,0.0,0.0,0.0
1503,willsmith,8048,31549,Will Smith,0.0,1.345614,0.0,0.0,0.0,0.0
1504,joshfleming,20418,42615,Josh Fleming,0.0,2.3365,0.0,0.0,0.0,0.0
1505,jacobwaguespack,18318,37726,Jacob Waguespack,0.0,3.02994,0.0,0.0,0.0,0.0
1506,alexyoung,18333,34972,Alex Young,0.0,2.39792,0.0,0.0,0.0,0.0
1507,joekelly,9761,31992,Joe Kelly,0.0,2.282094,0.0,0.0,0.0,0.0
1508,tylerbaum,sa1054042,4228258,Tyler Baum,0.0,1.3025000000000002,0.0,0.0,0.0,0.0
1509,travissykora,sa3023557,5149082,Travis Sykora,0.0,7.47338,0.0,0.0,56.5,-56.5
1510,wesparsons,14764,33284,Wes Parsons,0.0,6.62014,0.0,0.0,0.0,0.0
1511,daviddavalillo,sa3020448,5332997,David Davalillo,0.0,8.30138,0.0,0.0,77.0,-77.0
1512,blakehunt,sa3004153,43035,Blake Hunt,0.0,6.4761977,0.0,0.0,0.0,0.0
1513,adamserwinowski,sa3020626,5295857,Adam Serwinowski,0.0,7.145099999999999,0.0,0.0,0.0,0.0
1514,brandonbarriera,sa3020683,5080640,Brandon Barriera,0.0,1.99668,0.0,0.0,0.0,0.0
1515,tannerdodson,sa3007008,42152,Tanner Dodson,0.0,1.6732399999999998,0.0,0.0,0.0,0.0
1516,erasmoramirez,10314,31983,Erasmo Ramirez,0.0,1.54522,0.0,0.0,0.0,0.0
1517,luiscontreras,25839,5015727,Luis Contreras,0.0,1.3629799999999999,0.0,0.0,0.0,0.0
1518,alexmcfarlane,sa3020633,4621422,Alex McFarlane,0.0,3.28622,0.0,0.0,0.0,0.0
1519,kashmayfield,sa3067104,5218300,Kash Mayfield,0.0,5.33684,0.0,0.0,0.0,0.0
1520,benhess,sa3033725,4924721,Ben Hess,0.0,9.3091,0.0,0.0,33.0,-33.0
1521,calebknight,sa3008279,4228296,Caleb Knight,0.0,1.92029,0.0,0.0,0.0,0.0
1522,brandonbirdsell,sa3020797,5266091,Brandon Birdsell,0.0,6.833539999999999,0.0,0.0,0.0,0.0
1523,zachthompson,16094,40761,Zach Thompson,0.0,4.30918,0.0,0.0,0.0,0.0
1524,roybersalinas,sa3009243,5120814,Royber Salinas,0.0,5.62654,0.0,0.0,0.0,0.0
1525,hyunilchoi,sa3009992,42492,Hyun-il Choi,0.0,4.30762,0.0,0.0,0.0,0.0
1526,gersonmoreno,sa736656,39593,Gerson Moreno,0.0,1.2750599999999999,0.0,0.0,0.0,0.0
1527,misaeltamarez,sa3009632,42267,Misael Tamarez,0.0,3.95184,0.0,0.0,0.0,0.0
1528,jacksonferris,sa3020891,5080752,Jackson Ferris,0.0,8.28118,0.0,0.0,0.0,0.0
1529,carsonragsdale,27508,4218871,Carson Ragsdale,0.0,5.5784,0.0,0.0,44.5,-44.5
1530,colinbarber,sa3010696,4717802,Colin Barber,0.0,2.5,0.0,0.0,0.0,0.0
1531,jacobwallace,sa3010374,4345696,Jacob Wallace,0.0,1.7919200000000002,0.0,0.0,0.0,0.0
1532,tjsikkema,sa3011191,4081274,T.J. Sikkema,0.0,4.34056,0.0,0.0,0.0,0.0
1533,antoinekelly,sa3011135,42467,Antoine Kelly,0.0,1.15186,0.0,0.0,0.0,0.0
1534,mattcronin,sa3011463,4081400,Matt Cronin,0.0,1.9141599999999999,0.0,0.0,0.0,0.0
1535,ryanjensen,sa3011496,4418199,Ryan Jensen,0.0,1.71482,0.0,0.0,0.0,0.0
1536,woosukgo,sa3012630,5134609,Woo-Suk Go,0.0,1.49276,0.0,0.0,0.0,0.0
1537,tannerburns,sa3014451,4298587,Tanner Burns,0.0,2.13442,0.0,0.0,0.0,0.0
1538,codylaweryson,26429,5012036,Cody Laweryson,62.57702999999999,0.0,0.0,0.0,70.0,-7.4229700000000065
1539,brettsullivan,18217,39913,Brett Sullivan,0.0,8.8364795,0.0,0.0,0.0,0.0
1540,tylerjay,17952,34994,Tyler Jay,0.0,2.0743,0.0,0.0,0.0,0.0
1541,alexsantosii,sa3014684,4717902,Alex Santos II,0.0,5.03778,0.0,0.0,0.0,0.0
1542,nickfrasso,sa3014492,4425127,Nick Frasso,0.0,4.15944,0.0,0.0,34.5,-34.5
1543,shoheitomioka,sa3014808,5001292,Shohei Tomioka,0.0,1.4756200000000002,0.0,0.0,0.0,0.0
1544,kylebrnovich,sa3014923,5194331,Kyle Brnovich,0.0,5.3165,0.0,0.0,0.0,0.0
1545,victorlizarraga,sa3015220,4918253,Victor Lizarraga,0.0,6.16606,0.0,0.0,0.0,0.0
1546,wilmerflores1,sa3015223,5123583,Wilmer Flores,0.0,3.80168,0.0,0.0,0.0,0.0
1547,noahdavis,25862,4019957,Noah Davis,0.0,4.18868,0.0,0.0,0.0,0.0
1548,chasenshreve,10855,33014,Chasen Shreve,0.0,2.2998,0.0,0.0,0.0,0.0
1549,marcoluciano,25616,41198,Marco Luciano,0.0,7.941755399999999,0.0,0.0,52.0,-52.0
1550,moiseschace,sa3015346,5221488,Moises Chace,0.0,4.9494,0.0,0.0,0.0,0.0
1551,miguelmendez,sa3015506,5332998,Miguel Mendez,0.0,6.261839999999999,0.0,0.0,0.0,0.0
1552,deivigarcia,20276,41218,Deivi Garcia,0.0,3.65268,0.0,0.0,0.0,0.0
1553,erickmejia,15817,34170,Erick Mejia,0.0,1.1751999999999998,0.0,0.0,0.0,0.0
1554,gerelmimaldonado,sa3016018,5332993,Gerelmi Maldonado,0.0,3.08392,0.0,0.0,0.0,0.0
1555,tannerkohlhepp,sa3022238,4413980,Tanner Kohlhepp,0.0,1.5577800000000002,0.0,0.0,0.0,0.0
1556,kevinkopps,sa3017005,3960907,Kevin Kopps,0.0,1.7122000000000002,0.0,0.0,0.0,0.0
1557,khalstephen,sa3043049,5135839,Khal Stephen,0.0,7.800000000000001,0.0,0.0,0.0,0.0
1558,yolmersanchez,11602,32264,Yolmer Sanchez,0.0,1.745512,0.0,0.0,0.0,0.0
1559,justinarmbruester,sa3017548,5194673,Justin Armbruester,0.0,6.2988800000000005,0.0,0.0,0.0,0.0
1560,bryanmata,sa917784,41007,Bryan Mata,0.0,3.15654,0.0,0.0,0.0,0.0
1561,andersonpilar,sa917899,5201180,Anderson Pilar,0.0,2.02442,0.0,0.0,0.0,0.0
1562,danielduarte,17480,41094,Daniel Duarte,0.0,1.6581800000000002,0.0,0.0,0.0,0.0
1563,tylormegill,21318,3332018,Tylor Megill,0.0,9.2585,0.0,0.0,0.0,0.0
1564,gagewood,sa3045536,5129556,Gage Wood,0.0,3.5,0.0,0.0,0.0,0.0
1565,scottkingery,17975,35276,Scott Kingery,0.0,7.806450100000001,0.0,0.0,0.0,0.0
1566,treywingenter,17793,42218,Trey Wingenter,0.0,2.29928,0.0,0.0,0.0,0.0
1567,roansycontreras,22810,40967,Roansy Contreras,0.0,3.72436,0.0,0.0,126.0,-126.0
1568,brockselvidge,sa3017950,4917904,Brock Selvidge,0.0,6.143319999999999,0.0,0.0,0.0,0.0
1569,ixanhenderson,sa3022953,5333206,Ixan Henderson,0.0,7.6328,0.0,0.0,63.5,-63.5
1570,brycemayer,sa3025558,5143560,Bryce Mayer,0.0,7.09754,0.0,0.0,0.0,0.0
1571,tommymace,sa3018140,4297927,Tommy Mace,0.0,4.429180000000001,0.0,0.0,0.0,0.0
1572,jacobsteinmetz,sa3017976,4917629,Jacob Steinmetz,0.0,4.035299999999999,0.0,0.0,0.0,0.0
1573,shanepanzini,sa3018257,4917811,Shane Panzini,0.0,5.1113800000000005,0.0,0.0,0.0,0.0
1574,lucasbraun,sa3022996,5274874,Lucas Braun,0.0,8.59932,0.0,0.0,45.5,-45.5
1575,rodolfoduran,sa877500,40577,Rodolfo Duran,0.0,7.0929915,0.0,0.0,0.0,0.0
1576,camcaminiti,sa3025607,5218289,Cam Caminiti,0.0,6.10862,0.0,0.0,0.0,0.0
1577,levisterling,sa3066664,5218358,Levi Sterling,0.0,3.05,0.0,0.0,0.0,0.0
1578,jarlinsusana,sa3018808,5085894,Jarlin Susana,0.0,7.1467600000000004,0.0,0.0,38.5,-38.5
1579,shelbymiller,10197,30738,Shelby Miller,0.0,2.53542,0.0,0.0,199.5,-199.5
1580,kylegibson,10123,31053,Kyle Gibson,0.0,8.0232,0.0,0.0,0.0,0.0
1581,ericpardinho,sa968102,40959,Eric Pardinho,0.0,1.588,0.0,0.0,0.0,0.0
1582,eduardosalazar,23135,4722862,Eduardo Salazar,0.0,1.4905400000000002,0.0,0.0,56.0,-56.0
1583,michaelmercado,23223,40999,Michael Mercado,0.0,2.05262,0.0,0.0,32.5,-32.5
1584,claytonandrews,23631,41559,Clayton Andrews,0.0,1.2609400000000002,0.0,0.0,0.0,0.0
1585,alecmarsh,27451,4424276,Alec Marsh,0.0,7.74924,0.0,0.0,83.5,-83.5
1586,alanbusenitz,15239,35843,Alan Busenitz,0.0,2.09676,0.0,0.0,0.0,0.0
1587,connorthomas,25873,4987667,Connor Thomas,0.0,4.58442,0.0,0.0,37.5,-37.5
1588,stewardberroa,22766,4993423,Steward Berroa,0.0,12.372085899999998,0.0,0.0,52.0,-52.0
1589,johnrooney,24590,41330,John Rooney,0.0,2.65534,0.0,0.0,83.5,-83.5
1590,valentebellozo,23899,5216700,Valente Bellozo,0.0,25.0,0.0,0.0,87.5,-87.5
1591,ronnyhenriquez,24094,4905923,Ronny Henriquez,0.0,3.05658,0.0,0.0,0.0,0.0
1592,thaddeusward,21513,42439,Thaddeus Ward,0.0,5.43056,0.0,0.0,0.0,0.0
1593,jackoloughlin,22690,5126694,Jack O'Loughlin,0.0,3.45122,0.0,0.0,0.0,0.0
1594,domnunez,15055,33826,Dom Nunez,0.0,4.9189639,0.0,0.0,19.0,-19.0
1595,logangillaspie,22461,4905860,Logan Gillaspie,0.0,3.70772,0.0,0.0,0.0,0.0
1596,owenwhite,22273,41244,Owen White,0.0,4.37092,0.0,0.0,34.5,-34.5
1597,austincox,24604,41283,Austin Cox,0.0,1.65686,0.0,0.0,56.5,-56.5
1598,calebkilian,26213,4875969,Caleb Kilian,0.0,5.34832,0.0,0.0,0.0,0.0
1599,nicholaspadilla,21327,42522,Nicholas Padilla,0.0,1.37398,0.0,0.0,0.0,0.0
1600,jonathanheasley,22224,4179560,Jonathan Heasley,0.0,3.9706200000000003,0.0,0.0,0.0,0.0
1601,luisfrias,21997,42445,Luis Frias,0.0,1.7454399999999999,0.0,0.0,0.0,0.0
1602,vinnycapra,25040,42023,Vinny Capra,0.0,6.9627433000000005,0.0,0.0,0.0,0.0
1603,nathanwiles,25474,5196434,Nathan Wiles,0.0,6.12934,0.0,0.0,27.0,-27.0
1604,pennmurfee,25174,42631,Penn Murfee,0.0,2.122974,0.0,0.0,0.0,0.0
1605,giovannygallegos,14986,36050,Giovanny Gallegos,0.0,1.46453,0.0,0.0,0.0,0.0
1606,samlong,25379,42262,Sam Long,0.0,1.6161599999999998,0.0,0.0,85.5,-85.5
1607,kyletyler,22092,4883501,Kyle Tyler,0.0,5.78458,0.0,0.0,0.0,0.0
1608,maxkranick,22175,4684369,Max Kranick,0.0,2.17622,0.0,0.0,11.5,-11.5
1609,bryansammons,20462,4987379,Bryan Sammons,0.0,6.4249600000000004,0.0,0.0,75.0,-75.0
1610,xzavioncurry,25595,4204524,Xzavion Curry,0.0,3.61522,0.0,0.0,0.0,0.0
1611,ryanmiller,22187,5135498,Ryan Miller,0.0,2.43058,0.0,0.0,0.0,0.0
1612,jakecousins,21620,42964,Jake Cousins,0.0,2.4911760000000003,0.0,0.0,37.0,-37.0
1613,brendanwhite,26024,4298477,Brendan White,0.0,1.35568,0.0,0.0,0.0,0.0
1614,tristinenglish,26148,3975795,Tristin English,0.0,5.3660287,0.0,0.0,0.0,0.0
1615,brookskriske,21189,42073,Brooks Kriske,0.0,1.4096799999999998,0.0,0.0,0.0,0.0
1616,lukenbaker,21497,41313,Luken Baker,0.0,7.54655968,0.0,0.0,0.0,0.0
1617,nickrobertson,26226,4311413,Nick Robertson,0.0,1.3389000000000002,0.0,0.0,0.0,0.0
1618,reissknehr,21541,3965044,Reiss Knehr,0.0,2.82598,0.0,0.0,0.0,0.0
1619,maverickhandley,26106,42801,Maverick Handley,0.0,6.1380725,0.0,0.0,31.0,-31.0
1620,tommyhenry,26285,4423337,Tommy Henry,0.0,6.874079999999999,0.0,0.0,10.0,-10.0
1621,connorgillispie,26171,5201596,Connor Gillispie,0.0,5.1570800000000006,0.0,0.0,0.0,0.0
1622,buckfarmer,14814,33627,Buck Farmer,0.0,1.6944400000000002,0.0,0.0,0.0,0.0
1623,kentemanuel,15849,39527,Kent Emanuel,0.0,3.9889200000000002,0.0,0.0,0.0,0.0
1624,seanhjelle,21481,41206,Sean Hjelle,0.0,3.55642,0.0,0.0,0.0,0.0
1625,humbertocastellanos,21183,41831,Humberto Castellanos,0.0,6.632479999999999,0.0,0.0,0.0,0.0
1626,allanwinans,21238,4345949,Allan Winans,0.0,8.56414,0.0,0.0,0.0,0.0
1627,joshmaciejewski,21310,43004,Josh Maciejewski,0.0,3.7827200000000003,0.0,0.0,0.0,0.0
1628,anthonyveneziano,27453,5134022,Anthony Veneziano,0.0,4.13274,0.0,0.0,51.0,-51.0
1629,daviswendzel,26469,42435,Davis Wendzel,0.0,7.4884865000000005,0.0,0.0,0.0,0.0
1630,jaredshuster,27472,4623366,Jared Shuster,0.0,4.17394,0.0,0.0,38.5,-38.5
1631,enoliparedes,20447,41523,Enoli Paredes,0.0,1.3715000000000002,0.0,0.0,41.5,-41.5
1632,jbbukauskas,20491,40919,J.B. Bukauskas,0.0,2.67332,0.0,0.0,0.0,0.0
1633,zackristofak,27585,4081256,Zac Kristofak,0.0,2.8932200000000003,0.0,0.0,0.0,0.0
1634,claytonkershaw,2036,28963,Clayton Kershaw,0.0,8.14846,0.0,0.0,0.0,0.0
1635,erikswanson,16587,36013,Erik Swanson,0.0,2.2588600000000003,0.0,0.0,0.0,0.0
1636,alexwood,13781,32620,Alex Wood,0.0,5.7936,0.0,0.0,0.0,0.0
1637,noahmurdock,27908,4228299,Noah Murdock,0.0,1.8911799999999999,0.0,0.0,0.0,0.0
1638,tylerzuber,20379,42596,Tyler Zuber,0.0,1.37106,0.0,0.0,49.0,-49.0
1639,dominicleone,13763,33155,Dominic Leone,0.0,2.43627,0.0,0.0,0.0,0.0
1640,austinpope,26136,5136132,Austin Pope,0.0,1.84794,0.0,0.0,39.5,-39.5
1641,jurrangelocijntje,sa3028930,5128581,Jurrangelo Cijntje,0.0,6.26154,0.0,0.0,53.5,-53.5
1642,braylondoughty,sa3067030,5218306,Braylon Doughty,0.0,6.23636,0.0,0.0,0.0,0.0
1643,oliverdunn,26295,5001160,Oliver Dunn,0.0,8.8037232,0.0,0.0,0.0,0.0
1644,adamoller,20132,42170,Adam Oller,0.0,5.71168,0.0,0.0,0.0,0.0
1645,kennyrosenberg,20009,41807,Kenny Rosenberg,0.0,7.1645199999999996,0.0,0.0,0.0,0.0
1646,toukitoussaint,16929,33790,Touki Toussaint,0.0,4.13234,0.0,0.0,0.0,0.0
1647,cristianpache,19948,39897,Cristian Pache,0.0,8.1599763,0.0,0.0,0.0,0.0
1648,nicknastrini,29833,4422905,Nick Nastrini,0.0,5.36458,0.0,0.0,0.0,0.0
1649,freddytarnok,23324,41073,Freddy Tarnok,0.0,3.8254599999999996,0.0,0.0,46.0,-46.0
1650,jamesmeeker,29891,4228713,James Meeker,0.0,2.20628,0.0,0.0,0.0,0.0
1651,blakesabol,25805,5120296,Blake Sabol,0.0,10.532741000000001,0.0,0.0,0.0,0.0
1652,michaelfulmer,13218,34842,Michael Fulmer,0.0,1.7307000000000001,0.0,0.0,0.0,0.0
1653,emmanuelclase,21032,41743,Emmanuel Clase,0.0,2.465208,0.0,0.0,0.0,0.0
1654,ryderryan,19891,39736,Ryder Ryan,0.0,2.02902,0.0,0.0,0.0,0.0
1655,gersongarabito,19835,42966,Gerson Garabito,0.0,4.69614,0.0,0.0,0.0,0.0
1656,leviwells,sa3023441,4721046,Levi Wells,0.0,5.0687,0.0,0.0,35.5,-35.5
1657,connorseabold,19695,41367,Connor Seabold,0.0,3.9088200000000004,0.0,0.0,41.5,-41.5
1658,zachpenrod,25368,5200487,Zach Penrod,0.0,3.40672,0.0,0.0,0.0,0.0
1659,rossstripling,13273,32789,Ross Stripling,0.0,5.23018,0.0,0.0,0.0,0.0
1660,austindavis,17117,39078,Austin Davis,0.0,1.13828,0.0,0.0,0.0,0.0
1661,reedgarrett,16866,36526,Reed Garrett,0.0,2.10206,0.0,0.0,0.0,0.0
1662,mattcarasiti,13276,34933,Matt Carasiti,0.0,1.2635,0.0,0.0,0.0,0.0
1663,spencerhoward,23252,41072,Spencer Howard,0.0,6.08422,0.0,0.0,0.0,0.0
1664,calebboushley,19736,41975,Caleb Boushley,0.0,6.04314,0.0,0.0,106.0,-106.0
1665,joshwalker,23617,4917841,Josh Walker,0.0,1.7407400000000002,0.0,0.0,136.0,-136.0
1666,blairhenley,26190,4081414,Blair Henley,0.0,5.62012,0.0,0.0,0.0,0.0
1667,coltenbrewer,12997,36631,Colten Brewer,0.0,1.61728,0.0,0.0,0.0,0.0
1668,loganvanwey,31884,5136495,Logan VanWey,0.0,1.2624399999999998,0.0,0.0,36.0,-36.0
1669,emmanuelramirez,17304,41501,Emmanuel Ramirez,0.0,1.8203200000000002,0.0,0.0,0.0,0.0
1670,vladimirgutierrez,19278,36092,Vladimir Gutierrez,0.0,3.1254999999999997,0.0,0.0,0.0,0.0
1671,mattkrook,19315,41556,Matt Krook,0.0,1.25406,0.0,0.0,37.5,-37.5
1672,shintarofujinami,31839,4142398,Shintaro Fujinami,0.0,2.1367,0.0,0.0,0.0,0.0
1673,shawndubin,24977,42540,Shawn Dubin,0.0,2.71116,0.0,0.0,91.0,-91.0
1674,domingogerman,17149,33660,Domingo German,0.0,6.83508,0.0,0.0,0.0,0.0
1675,natewebb,sa918814,4905883,Nate Webb,0.0,1.6428600000000002,0.0,0.0,0.0,0.0
1676,tayronguerrero,11691,33654,Tayron Guerrero,0.0,1.19752,0.0,0.0,0.0,0.0
1677,mattandriese,12022,32549,Matt Andriese,0.0,4.20232,0.0,0.0,0.0,0.0
1678,jakediekman,5003,32178,Jake Diekman,0.0,2.128782,0.0,0.0,0.0,0.0
1679,codypoteet,18769,4728692,Cody Poteet,0.0,5.90476,0.0,0.0,0.0,0.0
1680,connoroverton,18376,42972,Connor Overton,0.0,2.5104800000000003,0.0,0.0,0.0,0.0
1681,paoloespino,8246,29989,Paolo Espino,0.0,4.93544,0.0,0.0,0.0,0.0
1682,caseykelly,9174,30520,Casey Kelly,0.0,3.7872000000000003,0.0,0.0,21.5,-21.5
1683,johnnycueto,6893,28955,Johnny Cueto,0.0,6.6075,0.0,0.0,0.0,0.0
1684,jayjackson,7432,30705,Jay Jackson,0.0,1.87174,0.0,0.0,0.0,0.0
1685,nestorgerman,sa3023517,5128973,Nestor German,0.0,7.908939999999999,0.0,0.0,40.5,-40.5
1686,philbickford,18519,34989,Phil Bickford,0.0,1.83698,0.0,0.0,0.0,0.0
1687,brandonwaddell,18347,41351,Brandon Waddell,33.344983,0.0,0.0,0.0,67.0,-33.655017
1688,dallaskeuchel,9434,31815,Dallas Keuchel,0.0,5.809799999999999,0.0,0.0,0.0,0.0
1689,eduardoherrera,sa3002702,5196155,Eduardo Herrera,0.0,1.7435399999999999,0.0,0.0,0.0,0.0
1690,andrewheaney,15423,32672,Andrew Heaney,0.0,6.52478,0.0,0.0,0.0,0.0
1691,rafaellantigua,sa3003219,41955,Rafael Lantigua,0.0,0.4,0.0,0.0,42.0,-42.0
1692,dylanfile,sa3004197,4684829,Dylan File,0.0,5.57596,0.0,0.0,0.0,0.0
1693,jorgejuan,sa3005826,4905924,Jorge Juan,0.0,1.5449799999999998,0.0,0.0,0.0,0.0
1694,chadkuhl,14975,35021,Chad Kuhl,0.0,4.25864,0.0,0.0,0.0,0.0
1695,brandonvalenzuela,sa3005729,4918248,Brandon Valenzuela,0.0,10.357959399999999,0.0,0.0,0.0,0.0
1696,michaelflynn,sa3006803,5135948,Michael Flynn,0.0,1.19264,0.0,0.0,0.0,0.0
1697,dylanlesko,sa3020677,5080636,Dylan Lesko,0.0,2.9390400000000003,0.0,0.0,0.0,0.0
1698,kristianrobinson,sa3006884,39677,Kristian Robinson,0.0,10.989517600000001,0.0,0.0,0.0,0.0
1699,antoniogomez,sa3008746,4722970,Antonio Gomez,0.0,1.6,0.0,0.0,0.0,0.0
1700,ryansloan,sa3067131,5218293,Ryan Sloan,0.0,6.24286,0.0,0.0,0.0,0.0
1701,stevenzobac,sa3020875,5263497,Steven Zobac,0.0,5.2880199999999995,0.0,0.0,0.0,0.0
1702,nickmikolajchak,sa3010303,4221118,Nick Mikolajchak,0.0,1.28938,0.0,0.0,0.0,0.0
1703,evanmckendry,sa3010787,5124532,Evan McKendry,0.0,5.47474,0.0,0.0,0.0,0.0
1704,danielespino,sa3011495,42438,Daniel Espino,0.0,55.0,0.0,0.0,57.5,-57.5
1705,mattmanning,20369,40920,Matt Manning,0.0,5.32178,0.0,0.0,0.0,0.0
1706,semrobberse,sa3011735,4722889,Sem Robberse,0.0,6.512639999999999,0.0,0.0,35.5,-35.5
1707,anthonymisiewicz,18152,37567,Anthony Misiewicz,0.0,1.79882,0.0,0.0,37.0,-37.0
1708,beckway,sa3014462,4683369,Beck Way,0.0,2.1089,0.0,0.0,0.0,0.0
1709,alejandrohidalgo,sa3015151,4917821,Alejandro Hidalgo,0.0,5.20726,0.0,0.0,0.0,0.0
1710,michaelsiani,22557,41209,Michael Siani,0.0,10.738546,0.0,0.0,40.0,-40.0
1711,evankravetz,27536,3962703,Evan Kravetz,0.0,1.40192,0.0,0.0,0.0,0.0
1712,alimbersanta,sa3015478,5332989,Alimber Santa,0.0,3.8215000000000003,0.0,0.0,0.0,0.0
1713,henrylalane,sa3016066,5204200,Henry Lalane,0.0,4.63474,0.0,0.0,0.0,0.0
1714,angelfelipe,21163,4722956,Angel Felipe,0.0,1.878442,0.0,0.0,0.0,0.0
1715,andrewmoore,sa3016795,5194584,Andrew Moore,0.0,2.77566,0.0,0.0,0.0,0.0
1716,humbertocruz,sa3025115,5196119,Humberto Cruz,0.0,3.2554800000000004,0.0,0.0,0.0,0.0
1717,wesclarke,sa3017045,4413905,Wes Clarke,0.0,1.0,0.0,0.0,0.0,0.0
1718,kempalderman,sa3022562,4720993,Kemp Alderman,0.0,9.000230299999998,0.0,0.0,21.0,-21.0
1719,raygaither,sa3017270,5195676,Ray Gaither,0.0,1.2823799999999999,0.0,0.0,0.0,0.0
1720,natepayne,sa3067390,5332992,Nate Payne,0.0,5.01764,0.0,0.0,0.0,0.0
1721,josebarrero,23378,40951,Jose Barrero,0.0,4.753627100000001,0.0,0.0,0.0,0.0
1722,rhettkouba,sa3017544,5195677,Rhett Kouba,0.0,4.10058,0.0,0.0,0.0,0.0
1723,sambenschoter,sa3017639,4190017,Sam Benschoter,24.715995,0.0,0.0,0.0,67.0,-42.284005
1724,iangibaut,17871,37979,Ian Gibaut,0.0,1.45069,0.0,0.0,77.0,-77.0
1725,masonalbright,sa3017847,4917823,Mason Albright,0.0,4.21124,0.0,0.0,0.0,0.0
1726,noblemeyer,sa3022945,5148967,Noble Meyer,0.0,5.58362,0.0,0.0,0.0,0.0
1727,tylermattison,sa3018117,4300972,Tyler Mattison,0.0,1.3237,0.0,0.0,53.0,-53.0
1728,calebfreeman,26255,4085111,Caleb Freeman,0.0,1.16872,0.0,0.0,0.0,0.0
1729,tomasnido,13755,36068,Tomas Nido,0.0,10.0554861,0.0,0.0,28.0,-28.0
1730,jacobbosiokovic,sa918394,38587,Jacob Bosiokovic,0.0,1.3338999999999999,0.0,0.0,0.0,0.0
1731,michaelplassmeyer,23191,41136,Michael Plassmeyer,0.0,5.45342,0.0,0.0,0.0,0.0
1732,adamcimber,15288,35780,Adam Cimber,0.0,2.411784,0.0,0.0,0.0,0.0
1733,brandonhughes,23460,5001301,Brandon Hughes,0.0,1.36042,0.0,0.0,0.0,0.0
1734,lucasgilbreath,21290,3279496,Lucas Gilbreath,0.0,1.376458,0.0,0.0,33.5,-33.5
1735,raymondburgos,22370,4720890,Raymond Burgos,0.0,1.39514,0.0,0.0,0.0,0.0
1736,yerryrodriguez,21955,41267,Yerry Rodriguez,0.0,1.4268,0.0,0.0,0.0,0.0
1737,rileypint,21858,36183,Riley Pint,0.0,1.2437,0.0,0.0,0.0,0.0
1738,nicenright,25553,4995355,Nic Enright,0.0,1.8979,0.0,0.0,0.0,0.0
1739,nickavila,25667,4989433,Nick Avila,0.0,1.9119799999999998,0.0,0.0,0.0,0.0
1740,alexspeas,21859,40946,Alex Speas,0.0,1.12664,0.0,0.0,0.0,0.0
1741,josemarte,21761,4875970,Jose Marte,0.0,2.21688,0.0,0.0,0.0,0.0
1742,eastonlucas,26058,4993411,Easton Lucas,0.0,4.68058,0.0,0.0,91.0,-91.0
1743,dominicfletcher,26149,42984,Dominic Fletcher,0.0,9.577747899999999,0.0,0.0,34.0,-34.0
1744,frankiemontas,14309,33249,Frankie Montas,0.0,7.799759999999999,0.0,0.0,0.0,0.0
1745,declancronin,25645,5125258,Declan Cronin,0.0,1.80458,0.0,0.0,0.0,0.0
1746,bradyfeigl,15968,33738,Brady Feigl,0.0,2.24884,0.0,0.0,0.0,0.0
1747,laneramsey,25071,41997,Lane Ramsey,0.0,1.72602,0.0,0.0,0.0,0.0
1748,elvinrodriguez,20962,40318,Elvin Rodriguez,0.0,3.9492200000000004,0.0,0.0,36.5,-36.5
1749,austinadams,13801,36046,Austin Adams,0.0,2.225016,0.0,0.0,0.0,0.0
1750,nickvespi,21093,4979568,Nick Vespi,0.0,1.35786,0.0,0.0,0.0,0.0
1751,tyblach,14361,33138,Ty Blach,0.0,4.79898,0.0,0.0,0.0,0.0
1752,erichaase,14111,33452,Eric Haase,0.0,10.029946200000001,0.0,0.0,0.0,0.0
1753,luarbertarias,23811,5196880,Luarbert Arias,0.0,1.84206,0.0,0.0,0.0,0.0
1754,huascarynoa,20468,39679,Huascar Ynoa,0.0,1.7988400000000002,0.0,0.0,0.0,0.0
1755,brandonleibrandt,16135,39868,Brandon Leibrandt,0.0,7.4003,0.0,0.0,0.0,0.0
1756,brucezimmermann,20370,41118,Bruce Zimmermann,0.0,6.90554,0.0,0.0,0.0,0.0
1757,treymancini,15149,33351,Trey Mancini,0.0,5.6442637399999995,0.0,0.0,58.0,-58.0
1758,patrickwisdom,13602,32861,Patrick Wisdom,0.0,6.1769526,0.0,0.0,0.0,0.0
1759,jonathanbermudez,21241,4905922,Jonathan Bermudez,0.0,5.2522,0.0,0.0,0.0,0.0
1760,luisortiz1,27646,5101355,Luis Ortiz,0.0,8.35794,0.0,0.0,0.0,0.0
1761,victorgonzalez,16408,42340,Victor Gonzalez,0.0,1.0796800000000002,0.0,0.0,0.0,0.0
1762,kylemuller,20167,41041,Kyle Muller,0.0,6.39732,0.0,0.0,0.0,0.0
1763,darrenmccaughan,20038,40391,Darren McCaughan,0.0,6.8208400000000005,0.0,0.0,36.0,-36.0
1764,tysonmiller,19976,42362,Tyson Miller,0.0,1.4813399999999999,0.0,0.0,57.0,-57.0
1765,luisortiz,16942,2966,Luis Ortiz,0.0,2.45558,0.0,0.0,0.0,0.0
1766,jackwinkler,29830,5137054,Jack Winkler,0.0,3.5688904,0.0,0.0,16.0,-16.0
1767,josedeleon,15463,33831,Jose De Leon,0.0,4.69472,0.0,0.0,122.0,-122.0
1768,evanjustice,30008,4345849,Evan Justice,0.0,0.9973320000000001,0.0,0.0,0.0,0.0
1769,joanadon,22925,4684360,Joan Adon,0.0,3.67936,0.0,0.0,0.0,0.0
1770,sixtosanchez,19680,36186,Sixto Sanchez,0.0,3.7765199999999997,0.0,0.0,0.0,0.0
1771,seanreidfoley,17034,33756,Sean Reid-Foley,0.0,1.800742,0.0,0.0,0.0,0.0
1772,luisfcastillo,20638,42155,Luis F. Castillo,0.0,4.825,0.0,0.0,0.0,0.0
1773,mattfoster,19647,40706,Matt Foster,0.0,1.67794,0.0,0.0,0.0,0.0
1774,joshwinckowski,22387,4713488,Josh Winckowski,0.0,3.8948400000000003,0.0,0.0,82.0,-82.0
1775,yudarvish,13074,32055,Yu Darvish,0.0,9.65766,0.0,0.0,0.0,0.0
1776,loganevans,33699,5202474,Logan Evans,131.98448000000002,0.0,0.0,0.0,112.0,19.98448000000002
1777,josefermin1,33908,5265417,Jose Fermin,0.0,135.5,0.0,0.0,99.0,-99.0
1778,dakotahudson,19206,38680,Dakota Hudson,0.0,5.52684,0.0,0.0,0.0,0.0
1779,diegocastillo,17496,39103,Diego Castillo,0.0,1.0859999999999999,0.0,0.0,0.0,0.0
1780,jacobbarnes,12323,34868,Jacob Barnes,0.0,1.8368000000000002,0.0,0.0,0.0,0.0
1781,joelyrodriguez,11487,33104,Joely Rodriguez,0.0,2.444078,0.0,0.0,0.0,0.0
1782,cambooser,16061,2560565,Cam Booser,0.0,37.5,0.0,0.0,87.0,-87.0
1783,brenthoneywell,16466,33838,Brent Honeywell,0.0,1.5300799999999999,0.0,0.0,0.0,0.0
1784,gerardocarrillo,sa3002790,41357,Gerardo Carrillo,0.0,1.7934800000000002,0.0,0.0,0.0,0.0
1785,helcrisolivarez,sa3002965,4705676,Helcris Olivarez,0.0,1.66594,0.0,0.0,0.0,0.0
1786,jesusliranzo,sa658076,36054,Jesus Liranzo,0.0,1.44904,0.0,0.0,0.0,0.0
1787,cooperhjerpe,sa3020736,4635332,Cooper Hjerpe,0.0,5.75968,0.0,0.0,0.0,0.0
1788,hyunseokjang,sa3023601,5208179,Hyun-Seok Jang,0.0,4.4177,0.0,0.0,0.0,0.0
1789,garrettstallings,sa3014457,4686059,Garrett Stallings,0.0,4.49238,0.0,0.0,0.0,0.0
1790,joserodriguez,sa3015437,42141,Jose Rodriguez,0.0,3.8768599999999998,0.0,0.0,0.0,0.0
1791,yordannymonegro,sa3015476,5332366,Yordanny Monegro,0.0,7.286580000000001,0.0,0.0,0.0,0.0
1792,yormangomez,sa3015931,5332448,Yorman Gomez,0.0,7.06944,0.0,0.0,0.0,0.0
1793,joseolivares,sa3016267,5332996,Jose Olivares,0.0,5.88838,0.0,0.0,0.0,0.0
1794,carloslinarez,sa3016346,5137262,Carlos Linarez,0.0,1.5,0.0,0.0,0.0,0.0
1795,michaelarias,sa3017036,5185134,Michael Arias,0.0,3.39202,0.0,0.0,34.5,-34.5
1796,ryancusick,sa3017385,4623349,Ryan Cusick,0.0,4.21254,0.0,0.0,0.0,0.0
1797,raimongomez,sa3017645,5194674,Raimon Gomez,0.0,1.7423000000000002,0.0,0.0,0.0,0.0
1798,jonathonlong,sa3022864,4924097,Jonathon Long,0.0,9.3172113,0.0,0.0,121.0,-121.0
1799,jonathanhernandez,17464,39814,Jonathan Hernandez,0.0,1.38428,0.0,0.0,0.0,0.0
1800,willdion,sa3017850,4420174,Will Dion,0.0,5.86352,0.0,0.0,0.0,0.0
1801,christianmcgowan,sa3017896,4918067,Christian McGowan,0.0,4.7498,0.0,0.0,0.0,0.0
1802,hagensmith,sa3025544,5023126,Hagen Smith,0.0,6.86248,0.0,0.0,52.0,-52.0
1803,kruzschoolcraft,sa3069203,5293150,Kruz Schoolcraft,0.0,1.9,0.0,0.0,0.0,0.0
1804,peterheubeck,sa3017936,4917831,Peter Heubeck,0.0,6.2139,0.0,0.0,0.0,0.0
1805,adamkloffenstein,24493,41246,Adam Kloffenstein,0.0,9.5,0.0,0.0,0.0,0.0
1806,robinsonpina,23091,4917815,Robinson Pina,0.0,6.61936,0.0,0.0,35.5,-35.5
1807,brettdegeus,23592,42589,Brett de Geus,0.0,1.4769,0.0,0.0,0.0,0.0
1808,raykerr,23809,40426,Ray Kerr,0.0,2.80476,0.0,0.0,0.0,0.0
1809,anthonymaldonado,26034,4228651,Anthony Maldonado,0.0,1.4538000000000002,0.0,0.0,40.0,-40.0
1810,ryanfitzgerald,24622,41584,Ryan Fitzgerald,0.0,7.2980693,0.0,0.0,43.0,-43.0
1811,taylorrashi,26344,4999871,Taylor Rashi,28.6376875,0.0,0.0,0.0,75.5,-46.8623125
1812,andrewwantz,24933,42809,Andrew Wantz,0.0,14.5,0.0,0.0,0.0,0.0
1813,johnmeans,16269,39948,John Means,0.0,6.36652,0.0,0.0,0.0,0.0
1814,blaircalvo,25416,5116817,Blair Calvo,0.0,1.35982,0.0,0.0,0.0,0.0
1815,amirgarrett,14375,33652,Amir Garrett,0.0,1.13122,0.0,0.0,0.0,0.0
1816,joebarlow,22296,41741,Joe Barlow,0.0,1.96298,0.0,0.0,0.0,0.0
1817,amoswillingham,26128,4420170,Amos Willingham,0.0,1.87542,0.0,0.0,0.0,0.0
1818,danyjimenez,21170,42380,Dany Jimenez,0.0,1.0572400000000002,0.0,0.0,0.0,0.0
1819,walterpennington,27624,5012066,Walter Pennington,0.0,1.7480000000000002,0.0,0.0,0.0,0.0
1820,davisdaniel,27582,4081461,Davis Daniel,0.0,5.505979999999999,0.0,0.0,77.5,-77.5
1821,zachbrzykcy,27783,5127801,Zach Brzykcy,18.3511615,0.0,0.0,0.0,58.0,-39.6488385
1822,johnmcmillon,27942,5158434,John McMillon,0.0,1.2118799999999998,0.0,0.0,0.0,0.0
1823,tylerblack,29949,4414183,Tyler Black,0.0,12.524224,0.0,0.0,89.0,-89.0
1824,tylerowens,26030,5203596,Tyler Owens,0.0,1.8361800000000001,0.0,0.0,0.0,0.0
1825,jorgealfaro,12180,31737,Jorge Alfaro,0.0,10.727986300000001,0.0,0.0,19.0,-19.0
1826,lancelynn,2520,30820,Lance Lynn,0.0,8.71658,0.0,0.0,0.0,0.0
1827,jakewoodford,18674,35284,Jake Woodford,0.0,5.15478,0.0,0.0,69.0,-69.0
1828,dednielnunez,23055,4717899,Dedniel Nunez,0.0,2.37536,0.0,0.0,0.0,0.0
1829,kentamaeda,18498,34892,Kenta Maeda,0.0,6.62256,0.0,0.0,0.0,0.0
1830,tyfloyd,sa3031488,4719514,Ty Floyd,0.0,4.8,0.0,0.0,0.0,0.0
1831,brycejarvis,27477,4297972,Bryce Jarvis,0.0,3.91554,0.0,0.0,92.0,-92.0
1832,karsonmilbrandt,sa3020659,5080781,Karson Milbrandt,0.0,6.374079999999999,0.0,0.0,0.0,0.0
1833,austinvoth,15047,35044,Austin Voth,0.0,2.02516,0.0,0.0,0.0,0.0
1834,michaelgomez,sa3008454,4993421,Michael Gomez,0.0,1.39006,0.0,0.0,0.0,0.0
1835,sandygaston,sa3011136,41414,Sandy Gaston,0.0,1.6817600000000001,0.0,0.0,0.0,0.0
1836,skylarhales,sa3022739,4976773,Skylar Hales,0.0,1.7670400000000002,0.0,0.0,0.0,0.0
1837,dillontate,17796,34950,Dillon Tate,0.0,1.58886,0.0,0.0,65.0,-65.0
1838,chandlerchamplain,sa3018138,5195198,Chandler Champlain,0.0,5.657640000000001,0.0,0.0,0.0,0.0
1839,ethanpecko,sa3022997,4944276,Ethan Pecko,0.0,6.07112,0.0,0.0,42.5,-42.5
1840,anthonysolometo,sa3018259,4918238,Anthony Solometo,0.0,4.38012,0.0,0.0,0.0,0.0
1841,rileythompson,sa876287,3962720,Riley Thompson,0.0,4.31772,0.0,0.0,0.0,0.0
1842,codybolton,23265,41407,Cody Bolton,0.0,1.9044400000000001,0.0,0.0,0.0,0.0
1843,codiheuer,23293,42138,Codi Heuer,0.0,2.6646,0.0,0.0,91.5,-91.5
1844,joseruiz,14552,36053,Jose Ruiz,0.0,1.66472,0.0,0.0,0.0,0.0
1845,austinpruitt,15290,36061,Austin Pruitt,0.0,2.23332,0.0,0.0,0.0,0.0
1846,seanreynolds,22253,41691,Sean Reynolds,0.0,1.4853200000000002,0.0,0.0,71.0,-71.0
1847,jacklittle,26152,4152948,Jack Little,0.0,1.8907600000000002,0.0,0.0,46.5,-46.5
1848,devinsweet,25348,42851,Devin Sweet,0.0,1.5062600000000002,0.0,0.0,0.0,0.0
1849,zackthompson,25918,42485,Zack Thompson,0.0,16.0,0.0,0.0,58.5,-58.5
1850,haydensenger,21489,4009410,Hayden Senger,0.0,8.7626769,0.0,0.0,29.0,-29.0
1851,oliverortega,21025,3173726,Oliver Ortega,0.0,2.04298,0.0,0.0,0.0,0.0
1852,jhonathandiaz,20298,41392,Jhonathan Diaz,18.245337,0.0,0.0,0.0,25.5,-7.254663000000001
1853,jeffbrigham,16631,36110,Jeff Brigham,0.0,1.26878,0.0,0.0,0.0,0.0
1854,peterstrzelecki,21367,4012625,Peter Strzelecki,0.0,1.6866599999999998,0.0,0.0,0.0,0.0
1855,jasondelay,19806,41458,Jason Delay,0.0,8.310521,0.0,0.0,27.0,-27.0
1856,forrestwhitley,19586,40915,Forrest Whitley,0.0,4.10142,0.0,0.0,0.0,0.0
1857,daultonjefferies,19345,39434,Daulton Jefferies,0.0,5.78222,0.0,0.0,0.0,0.0
1858,trevorrichards,19309,39912,Trevor Richards,0.0,1.5232800000000002,0.0,0.0,0.0,0.0
1859,robertstock,6576,30577,Robert Stock,0.0,6.8616,0.0,0.0,80.0,-80.0
1860,jacksoncluff,sa3010342,42974,Jackson Cluff,0.0,1.0,0.0,0.0,0.0,0.0
1861,yencyalmonte,15068,36064,Yency Almonte,0.0,2.61184,0.0,0.0,0.0,0.0
1862,brendancellucci,sa3011710,4300831,Brendan Cellucci,0.0,2.80526,0.0,0.0,0.0,0.0
1863,jimmyendersby,sa3014921,4228438,Jimmy Endersby,0.0,5.07326,0.0,0.0,0.0,0.0
1864,dustinsaenz,sa3017610,4298337,Dustin Saenz,0.0,2.7000200000000003,0.0,0.0,0.0,0.0
1865,josecuas,17701,35432,Jose Cuas,0.0,1.0526399999999998,0.0,0.0,0.0,0.0
1866,willbednar,sa3017844,4619495,Will Bednar,0.0,3.0226,0.0,0.0,0.0,0.0
1867,elvispeguero,21652,4881978,Elvis Peguero,0.0,2.4972719999999997,0.0,0.0,84.0,-84.0
1868,gerardoreyes,16306,35765,Gerardo Reyes,0.0,1.11692,0.0,0.0,0.0,0.0
1869,tylerduffey,13758,33668,Tyler Duffey,0.0,1.9091999999999998,0.0,0.0,0.0,0.0
1870,jetermartinez,sa3021738,5150940,Jeter Martinez,0.0,3.87052,0.0,0.0,0.0,0.0
1871,michaelmorales,sa3017783,4918164,Michael Morales,0.0,6.34362,0.0,0.0,0.0,0.0
1872,randyrodriguez,23974,4919929,Randy Rodriguez,0.0,3.0428,0.0,0.0,0.0,0.0
1873,jacksonstephens,14420,32736,Jackson Stephens,0.0,3.3735,0.0,0.0,0.0,0.0
1874,vinnynittoli,16754,38291,Vinny Nittoli,0.0,1.7355800000000001,0.0,0.0,48.5,-48.5
1875,dinelsonlamet,17186,36157,Dinelson Lamet,0.0,4.9913,0.0,0.0,0.0,0.0
1876,peterlambert,17969,39898,Peter Lambert,0.0,5.48938,0.0,0.0,0.0,0.0
1877,domingorobles,sa872881,41297,Domingo Robles,0.0,6.493,0.0,0.0,0.0,0.0
1878,mattsauer,22284,41042,Matt Sauer,0.0,5.55538,0.0,0.0,0.0,0.0
1879,kylenelson,20515,42012,Kyle Nelson,0.0,2.115372,0.0,0.0,50.5,-50.5
1880,davidbuchanan,11176,33281,David Buchanan,0.0,5.95964,0.0,0.0,0.0,0.0
1881,carsonfulmer,18311,34913,Carson Fulmer,0.0,3.9953200000000004,0.0,0.0,82.5,-82.5
1882,tylermatzek,10058,31264,Tyler Matzek,0.0,2.407978,0.0,0.0,0.0,0.0
