,name,name_ascii,fg_id,mlb_id,espn_id,tj_id
0,Luis Ortiz,Luis Ortiz,16942,656814,2966,luisortiz
1,Rich Hill,Rich Hill,4806,448179,6321,richhill
2,Justin Verlander,Justin Verlander,8700,434378,6341,justinverlander
3,Andrew McCutchen,Andrew McCutchen,9847,457705,28701,andrewmccutchen
4,Johnny Cueto,Johnny Cueto,6893,456501,28955,johnnycueto
5,Clayton Kershaw,Clayton Kershaw,2036,477132,28963,claytonkershaw
6,Carlos Carrasco,Carlos Carrasco,6632,471911,28968,carloscarrasco
7,Max Scherzer,Max Scherzer,3137,453286,28976,maxscherzer
8,Charlie Morton,Charlie Morton,4676,450203,29155,charliemorton
9,David Robertson,David Robertson,8241,502085,29172,davidrobertson
10,Jesse Chavez,Jesse Chavez,5448,445926,29220,jessechavez
11,Jason Heyward,Jason Heyward,4940,518792,29551,jasonheyward
12,Justin Turner,Justin Turner,5235,457759,29607,justinturner
13,Kenley Jansen,Kenley Jansen,3096,445276,29630,kenleyjansen
14,Donovan Solano,Donovan Solano,8623,456781,29703,donovansolano
15,Adam Ottavino,Adam Ottavino,1247,493603,29705,adamottavino
16,Travis d'Arnaud,Travis d'Arnaud,7739,518595,29951,travisdarnaud
17,Paolo Espino,Paolo Espino,8246,502179,29989,paoloespino
18,Ryan Brasier,Ryan Brasier,5615,518489,30189,ryanbrasier
19,Freddie Freeman,Freddie Freeman,5361,518692,30193,freddiefreeman
20,Carlos Perez,Carlos Perez,10642,,30237,carlosperez
21,Carlos Santana,Carlos Santana,2396,467793,30280,carlossantana
22,Martín Maldonado,Martin Maldonado,6887,455117,30289,martinmaldonado
23,Daniel Hudson,Daniel Hudson,7146,543339,30376,danielhudson
24,Jose Iglesias,Jose Iglesias,10231,578428,30382,joseiglesias
25,Aroldis Chapman,Aroldis Chapman,10233,547973,30442,aroldischapman
26,Brandon Crawford,Brandon Crawford,5343,543063,30469,brandoncrawford
27,Ehire Adrianza,Ehire Adrianza,8418,501303,30471,ehireadrianza
28,Casey Kelly,Casey Kelly,9174,543391,30520,caseykelly
29,Kyle Higashioka,Kyle Higashioka,5517,543309,30545,kylehigashioka
30,Robert Stock,Robert Stock,6576,476594,30577,robertstock
31,Giancarlo Stanton,Giancarlo Stanton,4949,519317,30583,giancarlostanton
32,Bryan Shaw,Bryan Shaw,8110,543766,30589,bryanshaw
33,Wilmer Flores,Wilmer Flores,5827,527038,30627,wilmerflores
34,Craig Kimbrel,Craig Kimbrel,6655,518886,30653,craigkimbrel
35,Jay Jackson,Jay Jackson,7432,543351,30705,jayjackson
36,Avisaíl García,Avisail Garcia,5760,541645,30729,avisailgarcia
37,Shelby Miller,Shelby Miller,10197,571946,30738,shelbymiller
38,DJ LeMahieu,DJ LeMahieu,9874,518934,30765,djlemahieu
39,Anthony Rizzo,Anthony Rizzo,3473,519203,30782,anthonyrizzo
40,Miguel Rojas,Miguel Rojas,7802,500743,30791,miguelrojas
41,Lance Lynn,Lance Lynn,2520,458681,30820,lancelynn
42,Starling Marte,Starling Marte,9241,516782,30830,starlingmarte
43,Mike Trout,Mike Trout,10155,545361,30836,miketrout
44,Chris Sale,Chris Sale,10603,519242,30948,chrissale
45,Yasmani Grandal,Yasmani Grandal,11368,518735,30950,yasmanigrandal
46,Bryce Harper,Bryce Harper,11579,547180,30951,bryceharper
47,Drew Pomeranz,Drew Pomeranz,11426,519141,31010,drewpomeranz
48,Matt Carpenter,Matt Carpenter,8090,572761,31015,mattcarpenter
49,Justin Wilson,Justin Wilson,4301,458677,31026,justinwilson
50,Paul Goldschmidt,Paul Goldschmidt,9218,502671,31027,paulgoldschmidt
51,Anthony Gose,Anthony Gose,5097,543238,31048,anthonygose
52,Kyle Gibson,Kyle Gibson,10123,502043,31053,kylegibson
53,Jordan Lyles,Jordan Lyles,7593,543475,31061,jordanlyles
54,J.D. Martinez,J.D. Martinez,6184,502110,31065,jdmartinez
55,Charlie Blackmon,Charlie Blackmon,7859,453568,31084,charlieblackmon
56,Alex Cobb,Alex Cobb,6562,502171,31086,alexcobb
57,Julio Teheran,Julio Teheran,6797,527054,31091,julioteheran
58,Wade Miley,Wade Miley,8779,489119,31094,wademiley
59,Gary Sánchez,Gary Sanchez,11442,596142,31095,garysanchez
60,Manny Machado,Manny Machado,11493,592518,31097,mannymachado
61,Martín Pérez,Martin Perez,6902,527048,31098,martinperez
62,Matt Moore,Matt Moore,1890,519043,31099,mattmoore
63,Albert Suárez,Albert Suarez,6175,544150,31109,albertsuarez
64,Jurickson Profar,Jurickson Profar,10815,595777,31117,juricksonprofar
65,Salvador Perez,Salvador Perez,7304,521692,31127,salvadorperez
66,Rob Brantly,Rob Brantly,10655,542963,31133,robbrantly
67,Tucker Barnhart,Tucker Barnhart,10200,571466,31173,tuckerbarnhart
68,Nathan Eovaldi,Nathan Eovaldi,9132,543135,31174,nathaneovaldi
69,Nick Castellanos,Nick Castellanos,11737,592206,31187,nickcastellanos
70,Jon Singleton,Jon Singleton,10441,572138,31206,jonsingleton
71,Tommy Pham,Tommy Pham,2967,502054,31208,tommypham
72,Aaron Hicks,Aaron Hicks,5297,543305,31253,aaronhicks
73,Jameson Taillon,Jameson Taillon,11674,592791,31258,jamesontaillon
74,Miguel Sanó,Miguel Sano,12164,593934,31260,miguelsano
75,Nolan Arenado,Nolan Arenado,9777,571448,31261,nolanarenado
76,Tyler Matzek,Tyler Matzek,10058,554431,31264,tylermatzek
77,Zack Wheeler,Zack Wheeler,10310,554430,31267,zackwheeler
78,Christian Yelich,Christian Yelich,11477,592885,31283,christianyelich
79,Patrick Corbin,Patrick Corbin,9323,571578,31313,patrickcorbin
80,Enrique Hernández,Enrique Hernandez,10472,571771,31358,enriquehernandez
81,Robbie Grossman,Robbie Grossman,5254,543257,31385,robbiegrossman
82,Christian Vázquez,Christian Vazquez,9774,543877,31389,christianvazquez
83,Joc Pederson,Joc Pederson,11899,592626,31392,jocpederson
84,Randal Grichuk,Randal Grichuk,10243,545341,31399,randalgrichuk
85,Kevin Kiermaier,Kevin Kiermaier,11038,595281,31446,kevinkiermaier
86,Will Smith,Will Smith,8048,519293,31549,willsmith
87,Xander Bogaerts,Xander Bogaerts,12161,593428,31606,xanderbogaerts
88,Jose Altuve,Jose Altuve,5417,514888,31662,josealtuve
89,Marcell Ozuna,Marcell Ozuna,10324,542303,31668,marcellozuna
90,Mark Canha,Mark Canha,11445,592192,31670,markcanha
91,José Cisnero,Jose Cisnero,6399,542585,31673,josecisnero
92,Jorge Alfaro,Jorge Alfaro,12180,595751,31737,jorgealfaro
93,Luke Jackson,Luke Jackson,11752,592426,31749,lukejackson
94,Liam Hendriks,Liam Hendriks,3548,521230,31755,liamhendriks
95,Christian Bethancourt,Christian Bethancourt,10028,542194,31758,christianbethancourt
96,Dallas Keuchel,Dallas Keuchel,9434,572971,31815,dallaskeuchel
97,Drew Smyly,Drew Smyly,11760,592767,31816,drewsmyly
98,Ben Gamel,Ben Gamel,12160,592325,31824,bengamel
99,Rafael Ortega,Rafael Ortega,10323,542364,31833,rafaelortega
100,Taijuan Walker,Taijuan Walker,11836,592836,31864,taijuanwalker
101,Tommy Kahnle,Tommy Kahnle,11384,592454,31867,tommykahnle
102,Max Kepler,Max Kepler,12144,596146,31870,maxkepler
103,Wilking Rodriguez,Wilking Rodriguez,8801,,31939,wilkingrodriguez
104,Eddie Rosario,Eddie Rosario,12155,592696,31944,eddierosario
105,James Paxton,James Paxton,11828,572020,31980,jamespaxton
106,Erasmo Ramírez,Erasmo Ramirez,10314,541640,31983,erasmoramirez
107,Joe Kelly,Joe Kelly,9761,523260,31992,joekelly
108,Brooks Raley,Brooks Raley,10061,548384,32005,brooksraley
109,James McCann,James McCann,12859,543510,32046,jamesmccann
110,Curt Casali,Curt Casali,12510,592200,32049,curtcasali
111,Yu Darvish,Yu Darvish,13074,506433,32055,yudarvish
112,George Springer,George Springer,12856,543807,32078,georgespringer
113,Gerrit Cole,Gerrit Cole,13125,543037,32081,gerritcole
114,Sonny Gray,Sonny Gray,12768,543243,32082,sonnygray
115,Anthony Rendon,Anthony Rendon,12861,543685,32098,anthonyrendon
116,Sandy León,Sandy Leon,5273,506702,32101,sandyleon
117,Jose Quintana,Jose Quintana,11423,500779,32106,josequintana
118,Yan Gomes,Yan Gomes,9627,543228,32108,yangomes
119,Miles Mikolas,Miles Mikolas,9803,571945,32116,milesmikolas
120,Javier Báez,Javier Baez,12979,595879,32127,javierbaez
121,Francisco Lindor,Francisco Lindor,12916,596019,32129,franciscolindor
122,Robert Stephenson,Robert Stephenson,13594,596112,32134,robertstephenson
123,Nick Ramirez,Nick Ramirez,12575,598286,32140,nickramirez
124,Jason Adam,Jason Adam,11861,592094,32145,jasonadam
125,Marcus Semien,Marcus Semien,12533,543760,32146,marcussemien
126,Matt Barnes,Matt Barnes,12863,598264,32147,mattbarnes
127,Trevor Story,Trevor Story,12564,596115,32150,trevorstory
128,Tyler Anderson,Tyler Anderson,12880,542881,32151,tyleranderson
129,Scott Barlow,Scott Barlow,14993,605130,32156,scottbarlow
130,Adrian Houser,Adrian Houser,12718,605288,32157,adrianhouser
131,Brandon Nimmo,Brandon Nimmo,12927,607043,32159,brandonnimmo
132,Tyler Austin,Tyler Austin,11850,,32161,tyleraustin
133,Maikel Franco,Maikel Franco,12179,,32163,maikelfranco
134,Austin Hedges,Austin Hedges,12976,595978,32168,austinhedges
135,Robbie Ray,Robbie Ray,11486,592662,32175,robbieray
136,J.T. Realmuto,J.T. Realmuto,11739,592663,32177,jtrealmuto
137,Jake Diekman,Jake Diekman,5003,518617,32178,jakediekman
138,Blake Treinen,Blake Treinen,12572,595014,32185,blaketreinen
139,Michael A. Taylor,Michael A. Taylor,11489,572191,32219,michaelataylor
140,Yolmer Sanchez,Yolmer Sanchez,11602,,32264,yolmersanchez
141,Brandon Drury,Brandon Drury,11615,592273,32269,brandondrury
142,Jon Berti,Jon Berti,12037,542932,32273,jonberti
143,Jace Peterson,Jace Peterson,12325,607054,32323,jacepeterson
144,Nick Ahmed,Nick Ahmed,12147,605113,32355,nickahmed
145,Eugenio Suárez,Eugenio Suarez,12552,553993,32367,eugeniosuarez
146,Héctor Neris,Hector Neris,11804,593576,32377,hectorneris
147,Whit Merrifield,Whit Merrifield,11281,593160,32422,whitmerrifield
148,Caleb Thielbar,Caleb Thielbar,10078,573204,32440,calebthielbar
149,Chris Devenski,Chris Devenski,12763,606965,32511,chrisdevenski
150,Ketel Marte,Ketel Marte,13613,606466,32512,ketelmarte
151,Josh Bell,Josh Bell,13145,605137,32517,joshbell
152,Harold Castro,Harold Castro,14691,,32521,haroldcastro
153,Niko Goodrum,Niko Goodrum,12092,592348,32524,nikogoodrum
154,Jorge Polanco,Jorge Polanco,13152,593871,32525,jorgepolanco
155,Orlando Arcia,Orlando Arcia,13185,606115,32530,orlandoarcia
156,Jeimer Candelario,Jeimer Candelario,13621,600869,32531,jeimercandelario
157,Willson Contreras,Willson Contreras,11609,575929,32532,willsoncontreras
158,Matt Andriese,Matt Andriese,12022,542882,32549,mattandriese
159,Jorge Soler,Jorge Soler,14221,624585,32558,jorgesoler
160,Hyun Jin Ryu,Hyun Jin Ryu,14444,,32582,hyunjinryu
161,Hunter Strickland,Hunter Strickland,7836,519326,32589,hunterstrickland
162,Michael Tonkin,Michael Tonkin,10315,543859,32594,michaeltonkin
163,Alex Wood,Alex Wood,13781,622072,32620,alexwood
164,Kirby Yates,Kirby Yates,9073,489446,32623,kirbyyates
165,Rafael Montero,Rafael Montero,12760,606160,32631,rafaelmontero
166,Michael Wacha,Michael Wacha,14078,608379,32640,michaelwacha
167,Carlos Correa,Carlos Correa,14162,621043,32653,carloscorrea
168,Byron Buxton,Byron Buxton,14161,621439,32655,byronbuxton
169,Adam Duvall,Adam Duvall,10950,594807,32664,adamduvall
170,Kevin Gausman,Kevin Gausman,14107,592332,32667,kevingausman
171,Andrew Heaney,Andrew Heaney,15423,571760,32672,andrewheaney
172,Eduardo Rodriguez,Eduardo Rodriguez,13164,593958,32675,eduardorodriguez
173,T.J. McFarland,T.J. McFarland,3237,519008,32680,tjmcfarland
174,Joe Ross,Joe Ross,12972,605452,32684,joeross
175,Max Fried,Max Fried,13743,608331,32685,maxfried
176,Chase Anderson,Chase Anderson,6895,502624,32690,chaseanderson
177,Corey Seager,Corey Seager,13624,608369,32691,coreyseager
178,Lucas Giolito,Lucas Giolito,15474,608337,32697,lucasgiolito
179,David Dahl,David Dahl,13744,621311,32698,daviddahl
180,Gio Urshela,Gio Urshela,10681,570482,32721,giourshela
181,Jackson Stephens,Jackson Stephens,14420,623451,32736,jacksonstephens
182,Travis Jankowski,Travis Jankowski,13768,608671,32751,travisjankowski
183,Christian Walker,Christian Walker,13419,572233,32758,christianwalker
184,Josh Hader,Josh Hader,14212,623352,32760,joshhader
185,Lance McCullers Jr.,Lance McCullers Jr.,14120,621121,32764,lancemccullersjr
186,Matt Olson,Matt Olson,14344,621566,32767,mattolson
187,Mike Clevinger,Mike Clevinger,12808,605182,32769,mikeclevinger
188,Mitch Haniger,Mitch Haniger,14274,571745,32771,mitchhaniger
189,Paul Blackburn,Paul Blackburn,14739,621112,32776,paulblackburn
190,Pierce Johnson,Pierce Johnson,13435,572955,32777,piercejohnson
191,Tyrone Taylor,Tyrone Taylor,13675,621438,32783,tyronetaylor
192,Chris Stratton,Chris Stratton,13761,608717,32787,chrisstratton
193,Ross Stripling,Ross Stripling,13273,548389,32789,rossstripling
194,Jacob deGrom,Jacob deGrom,10954,594798,32796,jacobdegrom
195,Carson Kelly,Carson Kelly,13620,608348,32797,carsonkelly
196,José Ramírez,Jose Ramirez,13510,608070,32801,joseramirez
197,Zach Eflin,Zach Eflin,13774,621107,32804,zacheflin
198,Lucas Sims,Lucas Sims,13470,608371,32807,lucassims
199,Andrew Chafin,Andrew Chafin,12988,605177,32810,andrewchafin
200,José Berríos,Jose Berrios,14168,621244,32811,joseberrios
201,Marcus Stroman,Marcus Stroman,13431,573186,32815,marcusstroman
202,Joey Gallo,Joey Gallo,14128,608336,32818,joeygallo
203,Clay Holmes,Clay Holmes,13649,605280,32827,clayholmes
204,Jesse Winker,Jesse Winker,13590,608385,32833,jessewinker
205,Daniel Vogelbach,Daniel Vogelbach,14130,596129,32851,danielvogelbach
206,Austin Barnes,Austin Barnes,12158,605131,32856,austinbarnes
207,Kevin Pillar,Kevin Pillar,12434,607680,32859,kevinpillar
208,Patrick Wisdom,Patrick Wisdom,13602,621550,32861,patrickwisdom
209,Yimi García,Yimi Garcia,12095,554340,32888,yimigarcia
210,Chris Taylor,Chris Taylor,13757,621035,32900,christaylor
211,Chris Martin,Chris Martin,11847,455119,32903,chrismartin
212,Austin Nola,Austin Nola,15941,543592,32961,austinnola
213,Merrill Kelly,Merrill Kelly,11156,518876,32968,merrillkelly
214,Ildemaro Vargas,Ildemaro Vargas,13324,545121,32985,ildemarovargas
215,Chasen Shreve,Chasen Shreve,10855,592741,33014,chasenshreve
216,Joey Wendle,Joey Wendle,13853,621563,33017,joeywendle
217,Mookie Betts,Mookie Betts,13611,605141,33039,mookiebetts
218,Ryan Pressly,Ryan Pressly,7005,519151,33072,ryanpressly
219,Burch Smith,Burch Smith,12784,572143,33083,burchsmith
220,Luis García,Luis Garcia,6984,472610,33089,luisgarcia
221,José Abreu,Jose Abreu,15676,547989,33095,joseabreu
222,Joely Rodríguez,Joely Rodriguez,11487,570257,33104,joelyrodriguez
223,Steven Matz,Steven Matz,13361,571927,33106,stevenmatz
224,José Ureña,Jose Urena,11589,570632,33107,joseurena
225,Jesse Hahn,Jesse Hahn,13287,534910,33108,jessehahn
226,Scott Alexander,Scott Alexander,10591,518397,33123,scottalexander
227,Aaron Brooks,Aaron Brooks,12272,605156,33124,aaronbrooks
228,Ty Blach,Ty Blach,14361,621389,33138,tyblach
229,Derek Law,Derek Law,13133,571882,33139,dereklaw
230,Tyler Heineman,Tyler Heineman,13897,623168,33142,tylerheineman
231,Chris Bassitt,Chris Bassitt,12304,605135,33148,chrisbassitt
232,Dominic Leone,Dominic Leone,13763,608678,33155,dominicleone
233,Marco Gonzales,Marco Gonzales,15467,594835,33158,marcogonzales
234,Kris Bryant,Kris Bryant,15429,592178,33172,krisbryant
235,Kyle Hendricks,Kyle Hendricks,12049,543294,33173,kylehendricks
236,Anthony DeSclafani,Anthony DeSclafani,13050,543101,33180,anthonydesclafani
237,Tim Anderson,Tim Anderson,15172,641313,33184,timanderson
238,Tyler Glasnow,Tyler Glasnow,14374,607192,33190,tylerglasnow
239,Hunter Harvey,Hunter Harvey,15507,640451,33191,hunterharvey
240,Aaron Judge,Aaron Judge,15640,592450,33192,aaronjudge
241,Ben Lively,Ben Lively,14932,594902,33194,benlively
242,Billy McKinney,Billy McKinney,15654,641856,33196,billymckinney
243,Carl Edwards Jr.,Carl Edwards Jr.,13607,605218,33202,carledwardsjr
244,Jon Gray,Jon Gray,14916,592351,33203,jongray
245,Hunter Renfroe,Hunter Renfroe,15464,592669,33205,hunterrenfroe
246,J.P. Crawford,J.P. Crawford,15491,641487,33210,jpcrawford
247,Amed Rosario,Amed Rosario,15518,642708,33215,amedrosario
248,Dominic Smith,Dominic Smith,15653,642086,33218,dominicsmith
249,Devin Williams,Devin Williams,15816,642207,33224,devinwilliams
250,Tom Murphy,Tom Murphy,13499,608596,33225,tommurphy
251,Victor Caratini,Victor Caratini,14968,605170,33229,victorcaratini
252,Sean Manaea,Sean Manaea,15873,640455,33244,seanmanaea
253,Ryan McMahon,Ryan McMahon,15112,641857,33247,ryanmcmahon
254,Francisco Mejia,Francisco Mejia,16403,,33248,franciscomejia
255,Frankie Montas,Frankie Montas,14309,593423,33249,frankiemontas
256,Reese McGuire,Reese McGuire,15674,624512,33250,reesemcguire
257,Michael Lorenzen,Michael Lorenzen,14843,547179,33252,michaellorenzen
258,Harold Ramírez,Harold Ramirez,14387,623912,33259,haroldramirez
259,Luis Severino,Luis Severino,15890,622663,33263,luisseverino
260,Luke Maile,Luke Maile,13355,571912,33271,lukemaile
261,David Buchanan,David Buchanan,11176,571527,33281,davidbuchanan
262,Sergio Alcantara,Sergio Alcantara,16417,,33283,sergioalcantara
263,Wes Parsons,Wes Parsons,14764,641149,33284,wesparsons
264,Kyle Farmer,Kyle Farmer,14813,571657,33287,kylefarmer
265,Ryne Stanek,Ryne Stanek,15947,592773,33301,rynestanek
266,Max Muncy,Max Muncy,13301,571970,33303,maxmuncy
267,Andrew Knapp,Andrew Knapp,14942,595284,33304,andrewknapp
268,Trevor Williams,Trevor Williams,16977,592866,33305,trevorwilliams
269,Chad Green,Chad Green,15552,643338,33325,chadgreen
270,Franmil Reyes,Franmil Reyes,14566,,33339,franmilreyes
271,Franchy Cordero,Franchy Cordero,14567,,33340,franchycordero
272,Mike Yastrzemski,Mike Yastrzemski,14854,573262,33341,mikeyastrzemski
273,Trey Mancini,Trey Mancini,15149,,33351,treymancini
274,Nick Martinez,Nick Martinez,12730,607259,33372,nickmartinez
275,Teoscar Hernández,Teoscar Hernandez,13066,606192,33377,teoscarhernandez
276,David Peralta,David Peralta,2136,444482,33384,davidperalta
277,Aledmys Díaz,Aledmys Diaz,15937,649557,33390,aledmysdiaz
278,Garrett Cooper,Garrett Cooper,15279,643265,33398,garrettcooper
279,Emilio Pagán,Emilio Pagan,14771,641941,33403,emiliopagan
280,Rob Refsnyder,Rob Refsnyder,13770,608701,33411,robrefsnyder
281,Jake Cave,Jake Cave,14477,595909,33417,jakecave
282,Eric Haase,Eric Haase,14111,606992,33452,erichaase
283,Matt Duffy,Matt Duffy,13836,622110,33453,mattduffy
284,Yandy Díaz,Yandy Diaz,16578,650490,33481,yandydiaz
285,Shawn Armstrong,Shawn Armstrong,12857,542888,33499,shawnarmstrong
286,Elier Hernandez,Elier Hernandez,13750,,33517,elierhernandez
287,Jack López,Jack Lopez,13663,605346,33518,jacklopez
288,Adam Frazier,Adam Frazier,15223,624428,33546,adamfrazier
289,Sean Murphy,Sean Murphy,19352,669221,33557,seanmurphy
290,Isiah Kiner-Falefa,Isiah Kiner-Falefa,16512,643396,33572,isiahkinerfalefa
291,Elias Díaz,Elias Diaz,11680,553869,33594,eliasdiaz
292,Manuel Margot,Manuel Margot,14712,622534,33599,manuelmargot
293,Raisel Iglesias,Raisel Iglesias,17130,628452,33618,raiseliglesias
294,Buck Farmer,Buck Farmer,14814,571656,33627,buckfarmer
295,Kendall Graveman,Kendall Graveman,15514,608665,33636,kendallgraveman
296,Danny Coulombe,Danny Coulombe,13293,543056,33638,dannycoulombe
297,Amir Garrett,Amir Garrett,14375,607237,33652,amirgarrett
298,Tayron Guerrero,Tayron Guerrero,11691,,33654,tayronguerrero
299,Domingo Germán,Domingo German,17149,593334,33660,domingogerman
300,Mitch Garver,Mitch Garver,15161,641598,33667,mitchgarver
301,Tyler Duffey,Tyler Duffey,13758,608648,33668,tylerduffey
302,Taylor Rogers,Taylor Rogers,13449,573124,33671,taylorrogers
303,Willy Adames,Willy Adames,15986,642715,33675,willyadames
304,Chad Wallach,Chad Wallach,17161,,33678,chadwallach
305,Matt Bowman,Matt Bowman,13528,621199,33685,mattbowman
306,Joe Mantiply,Joe Mantiply,14857,573009,33691,joemantiply
307,Carlos Rodón,Carlos Rodon,16137,607074,33696,carlosrodon
308,Nick Gordon,Nick Gordon,16337,624503,33705,nickgordon
309,Alex Jackson,Alex Jackson,17276,656577,33707,alexjackson
310,Aaron Nola,Aaron Nola,16149,605400,33709,aaronnola
311,Trea Turner,Trea Turner,16252,607208,33710,treaturner
312,Michael Conforto,Michael Conforto,16376,624424,33711,michaelconforto
313,Kyle Schwarber,Kyle Schwarber,16478,656941,33712,kyleschwarber
314,Aramis Garcia,Aramis Garcia,16925,605244,33714,aramisgarcia
315,Steven Okert,Steven Okert,13580,595345,33716,stevenokert
316,Derek Hill,Derek Hill,16947,656537,33721,derekhill
317,Mitch Keller,Mitch Keller,17594,656605,33722,mitchkeller
318,Forrest Wall,Forrest Wall,16496,657088,33726,forrestwall
319,Nick Burdi,Nick Burdi,16074,595897,33728,nickburdi
320,Spencer Turnbull,Spencer Turnbull,16207,605513,33732,spencerturnbull
321,Ryan Yarbrough,Ryan Yarbrough,16502,642232,33735,ryanyarbrough
322,Brady Feigl,Brady Feigl,15968,621399,33738,bradyfeigl
323,Miguel Andujar,Miguel Andujar,15878,609280,33743,miguelandujar
324,Blake Snell,Blake Snell,13543,605483,33748,blakesnell
325,Antonio Senzatela,Antonio Senzatela,15488,622608,33750,antoniosenzatela
326,Miguel Díaz,Miguel Diaz,18815,622766,33751,migueldiaz
327,Sean Reid-Foley,Sean Reid-Foley,17034,656887,33756,seanreidfoley
328,Joe Jiménez,Joe Jimenez,15761,641729,33760,joejimenez
329,Michael Kopech,Michael Kopech,17282,656629,33763,michaelkopech
330,Luke Weaver,Luke Weaver,16918,596133,33770,lukeweaver
331,Foster Griffin,Foster Griffin,16432,,33773,fostergriffin
332,Brian Anderson,Brian Anderson,18289,605119,33776,briananderson
333,Ozzie Albies,Ozzie Albies,16556,645277,33783,ozziealbies
334,Alex Verdugo,Alex Verdugo,17027,657077,33786,alexverdugo
335,Cole Tucker,Cole Tucker,17326,657061,33789,coletucker
336,Touki Toussaint,Touki Toussaint,16929,657053,33790,toukitoussaint
337,Erick Fedde,Erick Fedde,17425,607200,33793,erickfedde
338,J.D. Davis,J.D. Davis,16219,605204,33796,jddavis
339,Tyler Beede,Tyler Beede,16981,595881,33798,tylerbeede
340,Gleyber Torres,Gleyber Torres,16997,650402,33804,gleybertorres
341,Luis Torrens,Luis Torrens,15905,620443,33805,luistorrens
342,Edmundo Sosa,Edmundo Sosa,17022,624641,33809,edmundososa
343,Scott Blewett,Scott Blewett,16427,656240,33816,scottblewett
344,Jakson Reetz,Jakson Reetz,17837,656883,33819,jaksonreetz
345,Miguel Castro,Miguel Castro,15684,612434,33820,miguelcastro
346,Ricardo Pinto,Ricardo Pinto,16318,620982,33821,ricardopinto
347,Dom Nuñez,Dom Nunez,15055,624513,33826,domnunez
348,José De León,Jose De Leon,15463,592254,33831,josedeleon
349,Jorge Mateo,Jorge Mateo,17273,622761,33832,jorgemateo
350,Jorge López,Jorge Lopez,14527,605347,33833,jorgelopez
351,Jack Flaherty,Jack Flaherty,17479,656427,33837,jackflaherty
352,Brent Honeywell,Brent Honeywell,16466,641703,33838,brenthoneywell
353,Kyle Freeland,Kyle Freeland,16256,607536,33839,kylefreeland
354,Grant Holmes,Grant Holmes,16944,656550,33840,grantholmes
355,Jeff Hoffman,Jeff Hoffman,17432,656546,33841,jeffhoffman
356,Jonah Heim,Jonah Heim,16930,641680,33842,jonahheim
357,Dylan Floro,Dylan Floro,13394,571670,33852,dylanfloro
358,Sean Newcomb,Sean Newcomb,16943,656794,33856,seannewcomb
359,Matt Chapman,Matt Chapman,16505,656305,33857,mattchapman
360,Rafael Devers,Rafael Devers,17350,646240,33859,rafaeldevers
361,Reynaldo López,Reynaldo Lopez,16400,625643,33860,reynaldolopez
362,Eloy Jiménez,Eloy Jimenez,17484,650391,33867,eloyjimenez
363,Tyler Wade,Tyler Wade,15730,642180,33878,tylerwade
364,Jeff McNeil,Jeff McNeil,15362,643446,33900,jeffmcneil
365,Cody Bellinger,Cody Bellinger,15998,641355,33912,codybellinger
366,José Leclerc,Jose Leclerc,14524,600917,33926,joseleclerc
367,Colin Rea,Colin Rea,12317,607067,33950,colinrea
368,Jose Siri,Jose Siri,17452,642350,33954,josesiri
369,Mike Tauchman,Mike Tauchman,15274,643565,33956,miketauchman
370,Yoán Moncada,Yoan Moncada,17232,660162,33984,yoanmoncada
371,Tyler Rogers,Tyler Rogers,15541,643511,34026,tylerrogers
372,Fernando Cruz,Fernando Cruz,7048,518585,34068,fernandocruz
373,Tony Kemp,Tony Kemp,14894,643393,34083,tonykemp
374,Jacob Stallings,Jacob Stallings,13723,607732,34089,jacobstallings
375,Tyler Kinley,Tyler Kinley,18297,641755,34166,tylerkinley
376,Tyler O'Neill,Tyler O'Neill,15711,641933,34168,tyleroneill
377,Erick Mejia,Erick Mejia,15817,,34170,erickmejia
378,Greg Allen,Greg Allen,16623,656185,34187,gregallen
379,Willi Castro,Willi Castro,17338,650489,34230,willicastro
380,Omar Narváez,Omar Narvaez,13338,553882,34254,omarnarvaez
381,Rowdy Tellez,Rowdy Tellez,15679,642133,34287,rowdytellez
382,Matthew Boyd,Matthew Boyd,15440,571510,34401,matthewboyd
383,Joey Meneses,Joey Meneses,14366,608841,34534,joeymeneses
384,Anthony Banda,Anthony Banda,14706,607455,34542,anthonybanda
385,Ben Heller,Ben Heller,15100,621294,34699,benheller
386,Scott McGough,Scott McGough,12056,543518,34834,scottmcgough
387,Michael Fulmer,Michael Fulmer,13218,605242,34842,michaelfulmer
388,Joe Musgrove,Joe Musgrove,12970,605397,34848,joemusgrove
389,Matt Koch,Matt Koch,13420,571863,34849,mattkoch
390,JT Chargois,JT Chargois,13767,608638,34854,jtchargois
391,Carlos Estévez,Carlos Estevez,14542,608032,34861,carlosestevez
392,Matt Strahm,Matt Strahm,13799,621381,34862,mattstrahm
393,Jacob Barnes,Jacob Barnes,12323,606930,34868,jacobbarnes
394,Seth Lugo,Seth Lugo,12447,607625,34873,sethlugo
395,Germán Márquez,German Marquez,15038,608566,34874,germanmarquez
396,Alex Bregman,Alex Bregman,17678,608324,34886,alexbregman
397,Kenta Maeda,Kenta Maeda,18498,628317,34892,kentamaeda
398,Dansby Swanson,Dansby Swanson,18314,621020,34895,dansbyswanson
399,Austin Gomber,Austin Gomber,16561,596295,34897,austingomber
400,Carson Fulmer,Carson Fulmer,18311,608334,34913,carsonfulmer
401,Taylor Ward,Taylor Ward,17548,621493,34923,taylorward
402,Sam Moll,Sam Moll,14874,594580,34928,sammoll
403,Richie Martin,Richie Martin,17736,,34930,richiemartin
404,Matt Carasiti,Matt Carasiti,13276,571539,34933,mattcarasiti
405,Wander Suero,Wander Suero,15855,593833,34936,wandersuero
406,Ryan Mountcastle,Ryan Mountcastle,18373,663624,34940,ryanmountcastle
407,DJ Stewart,DJ Stewart,17766,621466,34942,djstewart
408,Dylan Cease,Dylan Cease,18525,656302,34943,dylancease
409,Ian Happ,Ian Happ,17919,664023,34945,ianhapp
410,Andy Ibáñez,Andy Ibanez,18819,628451,34947,andyibanez
411,Dillon Tate,Dillon Tate,17796,622253,34950,dillontate
412,Leody Taveras,Leody Taveras,18900,665750,34951,leodytaveras
413,Triston McKenzie,Triston McKenzie,18000,663474,34954,tristonmckenzie
414,Jahmai Jones,Jahmai Jones,18872,663330,34958,jahmaijones
415,Daz Cameron,Daz Cameron,18353,663662,34964,dazcameron
416,Kyle Tucker,Kyle Tucker,18345,663656,34967,kyletucker
417,Alex Young,Alex Young,18333,622065,34972,alexyoung
418,Tyler Mahle,Tyler Mahle,16358,641816,34973,tylermahle
419,Tyler Stephenson,Tyler Stephenson,17988,663886,34975,tylerstephenson
420,Kolby Allard,Kolby Allard,18694,663465,34980,kolbyallard
421,Austin Riley,Austin Riley,18360,663586,34982,austinriley
422,Michael Soroka,Michael Soroka,18383,647336,34984,michaelsoroka
423,Andrew Benintendi,Andrew Benintendi,17901,643217,34986,andrewbenintendi
424,Anderson Espinoza,Anderson Espinoza,18593,,34987,andersonespinoza
425,Phil Bickford,Phil Bickford,18519,641360,34989,philbickford
426,Tyler Jay,Tyler Jay,17952,664079,34994,tylerjay
427,Trent Grisham,Trent Grisham,18564,663757,34995,trentgrisham
428,Cody Ponce,Cody Ponce,17920,,34999,codyponce
429,Vladimir Guerrero Jr.,Vladimir Guerrero Jr.,19611,665489,35002,vladimirguerrerojr
430,Danny Jansen,Danny Jansen,16535,643376,35004,dannyjansen
431,Paul Sewald,Paul Sewald,13892,623149,35009,paulsewald
432,Jake Bauers,Jake Bauers,15194,641343,35013,jakebauers
433,Junior Fernandez,Junior Fernandez,18496,,35017,juniorfernandez
434,Ke'Bryan Hayes,Ke'Bryan Hayes,18577,663647,35020,kebryanhayes
435,Chad Kuhl,Chad Kuhl,14975,641771,35021,chadkuhl
436,Kevin Newman,Kevin Newman,17696,621028,35022,kevinnewman
437,Logan Allen,Logan Allen,18555,663531,35024,loganallen
438,Enyel De Los Santos,Enyel De Los Santos,18403,660853,35026,enyeldelossantos
439,Victor Robles,Victor Robles,18363,645302,35042,victorrobles
440,Austin Voth,Austin Voth,15047,608723,35044,austinvoth
441,Beau Burrows,Beau Burrows,18873,,35046,beauburrows
442,José Azocar,Jose Azocar,18821,640492,35058,joseazocar
443,Harrison Bader,Harrison Bader,18030,664056,35062,harrisonbader
444,Stone Garrett,Stone Garrett,19273,656448,35063,stonegarrett
445,Josh Naylor,Josh Naylor,18839,647304,35066,joshnaylor
446,Brendan Rodgers,Brendan Rodgers,17907,663898,35073,brendanrodgers
447,Luis Castillo,Luis Castillo,15689,622491,35124,luiscastillo
448,Tanner Scott,Tanner Scott,17586,656945,35135,tannerscott
449,Ramón Laureano,Ramon Laureano,17128,657656,35142,ramonlaureano
450,Jamie Westbrook,Jamie Westbrook,15504,642197,35143,jamiewestbrook
451,Luis Guillorme,Luis Guillorme,16451,641645,35149,luisguillorme
452,David Fletcher,David Fletcher,17992,664058,35156,davidfletcher
453,Jason Vosler,Jason Vosler,16686,613564,35159,jasonvosler
454,Ryan O'Hearn,Ryan O'Hearn,16442,656811,35183,ryanohearn
455,Paul DeJong,Paul DeJong,18015,657557,35185,pauldejong
456,Dan Altavilla,Dan Altavilla,16507,656186,35222,danaltavilla
457,Willie Calhoun,Willie Calhoun,17838,641432,35238,williecalhoun
458,Sandy Alcantara,Sandy Alcantara,18684,645261,35241,sandyalcantara
459,David Bote,David Bote,14593,623520,35246,davidbote
460,Austin Slater,Austin Slater,16153,596103,35265,austinslater
461,Jose Trevino,Jose Trevino,16725,624431,35268,josetrevino
462,Scott Kingery,Scott Kingery,17975,664068,35276,scottkingery
463,Taylor Clarke,Taylor Clarke,17611,664199,35277,taylorclarke
464,Ariel Jurado,Ariel Jurado,17030,,35281,arieljurado
465,Jake Woodford,Jake Woodford,18674,663765,35284,jakewoodford
466,Rhys Hoskins,Rhys Hoskins,16472,656555,35291,rhyshoskins
467,Brad Keller,Brad Keller,15734,641745,35292,bradkeller
468,Mauricio Dubón,Mauricio Dubon,16530,643289,35304,mauriciodubon
469,Austin Wynns,Austin Wynns,15271,642851,35314,austinwynns
470,Chadwick Tromp,Chadwick Tromp,16953,644433,35358,chadwicktromp
471,Luis Urías,Luis Urias,16622,649966,35383,luisurias
472,Edwin Díaz,Edwin Diaz,14710,621242,35394,edwindiaz
473,Jeffrey Springs,Jeffrey Springs,17677,605488,35397,jeffreysprings
474,Jose Cuas,Jose Cuas,17701,621016,35432,josecuas
475,Pablo Reyes,Pablo Reyes,16357,622569,35439,pabloreyes
476,Connor Joe,Connor Joe,16572,656582,35440,connorjoe
477,Yennier Cano,Yennier Cano,25911,666974,35536,yenniercano
478,Adolis García,Adolis Garcia,19287,666969,35537,adolisgarcia
479,Cedric Mullins,Cedric Mullins,17929,656775,35578,cedricmullins
480,Ty France,Ty France,17982,664034,35591,tyfrance
481,Jared Walsh,Jared Walsh,18607,665120,35673,jaredwalsh
482,Yohel Pozo,Yohel Pozo,18848,650968,35675,yohelpozo
483,Seth Brown,Seth Brown,18171,664913,35676,sethbrown
484,Nathan Lukes,Nathan Lukes,18123,664770,35682,nathanlukes
485,José Urquidy,Jose Urquidy,18413,664353,35759,joseurquidy
486,Garrett Stubbs,Garrett Stubbs,18067,596117,35760,garrettstubbs
487,Gerardo Reyes,Gerardo Reyes,16306,622103,35765,gerardoreyes
488,Tim Mayza,Tim Mayza,15042,641835,35773,timmayza
489,Adam Cimber,Adam Cimber,15288,643256,35780,adamcimber
490,Sam Hilliard,Sam Hilliard,17954,656541,35831,samhilliard
491,Carlos Martinez,Carlos Martinez,sa3037142,,35838,carlosmartinez
492,Alan Busenitz,Alan Busenitz,15239,641427,35843,alanbusenitz
493,Lou Trivino,Lou Trivino,15043,642152,35844,loutrivino
494,Andrew Kittredge,Andrew Kittredge,12828,552640,35872,andrewkittredge
495,Brennan Bernardino,Brennan Bernardino,16835,657514,35876,brennanbernardino
496,Casey Lawrence,Casey Lawrence,11121,596271,35949,caseylawrence
497,Luis Perdomo,Luis Perdomo,14682,,35970,luisperdomo
498,Fernando Tatis Jr.,Fernando Tatis Jr.,19709,665487,35983,fernandotatisjr
499,Brock Stewart,Brock Stewart,16727,592779,35997,brockstewart
500,Chris Paddack,Chris Paddack,20099,663978,35999,chrispaddack
501,Aaron Wilkerson,Aaron Wilkerson,16904,,36001,aaronwilkerson
502,Zach Jackson,Zach Jackson,sa3065331,,36002,zachjackson
503,Yuli Gurriel,Yuli Gurriel,19198,493329,36006,yuligurriel
504,J.P. Feyereisen,J.P. Feyereisen,16610,656420,36011,jpfeyereisen
505,Erik Swanson,Erik Swanson,16587,657024,36013,erikswanson
506,Yordan Alvarez,Yordan Alvarez,19556,670541,36018,yordanalvarez
507,TJ Friedl,TJ Friedl,19522,670770,36020,tjfriedl
508,Brent Suter,Brent Suter,13942,608718,36023,brentsuter
509,Rob Zastryzny,Rob Zastryzny,15094,642239,36025,robzastryzny
510,Wandy Peralta,Wandy Peralta,14295,593974,36036,wandyperalta
511,Lourdes Gurriel Jr.,Lourdes Gurriel Jr.,19238,666971,36040,lourdesgurrieljr
512,Albert Abreu,Albert Abreu,17485,,36041,albertabreu
513,Austin Adams,Austin Adams,13801,613534,36046,austinadams
514,Thyago Vieira,Thyago Vieira,14510,600986,36048,thyagovieira
515,Dietrich Enns,Dietrich Enns,13932,608650,36049,dietrichenns
516,Giovanny Gallegos,Giovanny Gallegos,14986,606149,36050,giovannygallegos
517,Zack Littell,Zack Littell,15823,641793,36052,zacklittell
518,José Ruiz,Jose Ruiz,14552,614179,36053,joseruiz
519,Jesus Liranzo,Jesus Liranzo,sa658076,,36054,jesusliranzo
520,Jakob Junis,Jakob Junis,13619,596001,36056,jakobjunis
521,Austin Pruitt,Austin Pruitt,15290,643493,36061,austinpruitt
522,José Alvarado,Jose Alvarado,17780,621237,36063,josealvarado
523,Yency Almonte,Yency Almonte,15068,622075,36064,yencyalmonte
524,Chris Flexen,Chris Flexen,13896,623167,36067,chrisflexen
525,Tomás Nido,Tomas Nido,13755,621512,36068,tomasnido
526,Nick Pivetta,Nick Pivetta,15454,601713,36071,nickpivetta
527,Dane Dunning,Dane Dunning,19409,641540,36080,danedunning
528,Anthony Santander,Anthony Santander,14551,623993,36084,anthonysantander
529,Hoby Milner,Hoby Milner,13346,571948,36088,hobymilner
530,Cionel Pérez,Cionel Perez,19614,672335,36089,cionelperez
531,Vladimir Gutierrez,Vladimir Gutierrez,19278,661269,36092,vladimirgutierrez
532,Jimmy Herget,Jimmy Herget,17556,623474,36093,jimmyherget
533,Jeff Brigham,Jeff Brigham,16631,656257,36110,jeffbrigham
534,Aaron Bummer,Aaron Bummer,16258,607481,36131,aaronbummer
535,A.J. Minter,A.J. Minter,18655,621345,36133,ajminter
536,Michael Kelly,Michael Kelly,12791,547184,36156,michaelkelly
537,Dinelson Lamet,Dinelson Lamet,17186,659275,36157,dinelsonlamet
538,Phil Maton,Phil Maton,18064,664208,36161,philmaton
539,Andrew Knizner,Andrew Knizner,19514,668800,36170,andrewknizner
540,Josh Staumont,Josh Staumont,18335,622251,36175,joshstaumont
541,Matt Thaiss,Matt Thaiss,19318,642136,36176,mattthaiss
542,Josh Sborz,Josh Sborz,18323,622250,36178,joshsborz
543,Nick Senzel,Nick Senzel,19293,669222,36180,nicksenzel
544,Mickey Moniak,Mickey Moniak,19956,666160,36181,mickeymoniak
545,Riley Pint,Riley Pint,21858,666207,36183,rileypint
546,Ronald Acuña Jr.,Ronald Acuna Jr.,18401,660670,36185,ronaldacunajr
547,Sixto Sánchez,Sixto Sanchez,19680,664350,36186,sixtosanchez
548,Ryan Borucki,Ryan Borucki,16350,621366,36192,ryanborucki
549,A.J. Puk,A.J. Puk,19343,640462,36201,ajpuk
550,Mark Leiter Jr.,Mark Leiter Jr.,15551,643410,36202,markleiterjr
551,Jake Cronenworth,Jake Cronenworth,18036,630105,36364,jakecronenworth
552,Jordan Romano,Jordan Romano,16122,605447,36380,jordanromano
553,Tommy Nance,Tommy Nance,19178,667297,36385,tommynance
554,Lane Thomas,Lane Thomas,16939,657041,36409,lanethomas
555,Garrett Cleavinger,Garrett Cleavinger,17897,664076,36429,garrettcleavinger
556,Joshua Palacios,Joshua Palacios,19818,641943,36462,joshuapalacios
557,Edward Olivares,Edward Olivares,19698,658668,36463,edwardolivares
558,Eddy Alvarez,Eddy Alvarez,16959,657193,36474,eddyalvarez
559,Nestor Cortes,Nestor Cortes,17874,641482,36480,nestorcortes
560,Thairo Estrada,Thairo Estrada,16426,642731,36485,thairoestrada
561,Randy Arozarena,Randy Arozarena,19290,668227,36488,randyarozarena
562,Nick Martini,Nick Martini,12005,605361,36497,nickmartini
563,Reed Garrett,Reed Garrett,16866,657585,36526,reedgarrett
564,Kyle Finnegan,Kyle Finnegan,15009,640448,36543,kylefinnegan
565,Framber Valdez,Framber Valdez,17295,664285,36581,frambervaldez
566,Lucas Erceg,Lucas Erceg,19360,668674,36618,lucaserceg
567,Colten Brewer,Colten Brewer,12997,605155,36631,coltenbrewer
568,Estevan Florial,Estevan Florial,19151,664314,36636,estevanflorial
569,Edwin Rios,Edwin Rios,18316,621458,36645,edwinrios
570,Jalen Beeks,Jalen Beeks,17192,656222,36723,jalenbeeks
571,Keegan Akin,Keegan Akin,19362,669211,36724,keeganakin
572,Trent Thornton,Trent Thornton,17948,663423,36728,trentthornton
573,Eguy Rosario,Eguy Rosario,19964,666703,36745,eguyrosario
574,Jack Suwinski,Jack Suwinski,22244,669261,36754,jacksuwinski
575,Aneurys Zabala,Aneurys Zabala,20802,,36854,aneuryszabala
576,Austin Hays,Austin Hays,19363,669720,36928,austinhays
577,Andruw Monasterio,Andruw Monasterio,19455,655316,36950,andruwmonasterio
578,Zack Short,Zack Short,19562,670097,36953,zackshort
579,Juan Soto,Juan Soto,20123,665742,36969,juansoto
580,Blake Perkins,Blake Perkins,19921,663368,36974,blakeperkins
581,Tim Hill,Tim Hill,16814,657612,37005,timhill
582,Donovan Walton,Donovan Walton,19314,622268,37232,donovanwalton
583,Luis Rengifo,Luis Rengifo,19858,650859,37237,luisrengifo
584,Nolan Jones,Nolan Jones,20529,666134,37340,nolanjones
585,Pete Alonso,Pete Alonso,19251,624413,37498,petealonso
586,Brandon Woodruff,Brandon Woodruff,16162,605540,37515,brandonwoodruff
587,Ali Sánchez,Ali Sanchez,18551,645305,37537,alisanchez
588,Anthony Misiewicz,Anthony Misiewicz,18152,664948,37567,anthonymisiewicz
589,Justin Anderson,Justin Anderson,16201,605121,37611,justinanderson
590,René Pinto,Rene Pinto,19859,650907,37637,renepinto
591,Cavan Biggio,Cavan Biggio,19252,624415,37639,cavanbiggio
592,Jacob Waguespack,Jacob Waguespack,18318,621097,37726,jacobwaguespack
593,Andrés Giménez,Andres Gimenez,19950,665926,37729,andresgimenez
594,Yonny Hernandez,Yonny Hernandez,19432,,37742,yonnyhernandez
595,Taylor Trammell,Taylor Trammell,19960,666211,37773,taylortrammell
596,Chris Okey,Chris Okey,19245,,37774,chrisokey
597,Seranthony Domínguez,Seranthony Dominguez,19249,622554,37793,seranthonydominguez
598,LaMonte Wade Jr.,LaMonte Wade Jr.,18126,664774,37798,lamontewadejr
599,Brian Navarreto,Brian Navarreto,16398,640459,37802,briannavarreto
600,Charles Leblanc,Charles Leblanc,19813,641779,37820,charlesleblanc
601,Cole Sulser,Cole Sulser,15256,642121,37825,colesulser
602,Jordan Hicks,Jordan Hicks,19618,663855,37909,jordanhicks
603,Evan Phillips,Evan Phillips,17734,623465,37911,evanphillips
604,Seby Zavala,Seby Zavala,18887,664874,37919,sebyzavala
605,Jake Fraley,Jake Fraley,19260,641584,37974,jakefraley
606,Ian Gibaut,Ian Gibaut,17871,664139,37979,iangibaut
607,Conner Capel,Conner Capel,19983,668843,38029,connercapel
608,Nick Anderson,Nick Anderson,18337,623433,38102,nickanderson
609,Nicky Lopez,Nicky Lopez,19339,670032,38106,nickylopez
610,John Curtiss,John Curtiss,16128,595928,38159,johncurtiss
611,Jordan Montgomery,Jordan Montgomery,16511,656756,38173,jordanmontgomery
612,Nick Hernandez,Nick Hernandez,19281,663321,38190,nickhernandez
613,Vinny Nittoli,Vinny Nittoli,16754,657697,38291,vinnynittoli
614,Dean Kremer,Dean Kremer,19350,665152,38295,deankremer
615,David Bednar,David Bednar,19569,670280,38303,davidbednar
616,Kevin Herget,Kevin Herget,15369,643361,38314,kevinherget
617,Josh Rogers,Josh Rogers,18510,642028,38320,joshrogers
618,Sam Haggerty,Sam Haggerty,18054,664059,38347,samhaggerty
619,Zach McKinstry,Zach McKinstry,19392,656716,38420,zachmckinstry
620,Alberto Baldonado,Alberto Baldonado,11812,,38454,albertobaldonado
621,Tanner Rainey,Tanner Rainey,17610,663432,38582,tannerrainey
622,Jacob Bosiokovic,Jacob Bosiokovic,sa918394,,38587,jacobbosiokovic
623,Ryan Thompson,Ryan Thompson,16647,657044,38628,ryanthompson
624,Dakota Hudson,Dakota Hudson,19206,641712,38680,dakotahudson
625,Weston Wilson,Weston Wilson,19358,642215,38682,westonwilson
626,José Castillo,Jose Castillo,17169,620454,38706,josecastillo
627,Justin Topa,Justin Topa,15145,623437,38796,justintopa
628,Keibert Ruiz,Keibert Ruiz,19610,660688,38827,keibertruiz
629,José Fermín,Jose Fermin,21746,665877,38851,josefermin
630,Mike Ford,Mike Ford,15585,645801,38896,mikeford
631,Bo Bichette,Bo Bichette,19612,666182,38904,bobichette
632,Miguel Amaya,Miguel Amaya,21693,665804,38905,miguelamaya
633,Tony Gonsolin,Tony Gonsolin,19388,664062,38958,tonygonsolin
634,Bryan Reynolds,Bryan Reynolds,19326,668804,38980,bryanreynolds
635,Alex Call,Alex Call,19296,669743,38994,alexcall
636,Austin Davis,Austin Davis,17117,656354,39078,austindavis
637,John Brebbia,John Brebbia,12777,605154,39085,johnbrebbia
638,Diego Castillo,Diego Castillo,17496,650895,39103,diegocastillo
639,Myles Straw,Myles Straw,17620,664702,39105,mylesstraw
640,Vimael Machín,Vimael Machin,17684,605353,39112,vimaelmachin
641,Trenton Brooks,Trenton Brooks,19384,670092,39120,trentonbrooks
642,José Quijada,Jose Quijada,19200,650671,39142,josequijada
643,Ryan McKenna,Ryan McKenna,19928,663630,39147,ryanmckenna
644,Will Benson,Will Benson,21853,666181,39216,willbenson
645,Dylan Carlson,Dylan Carlson,20126,666185,39226,dylancarlson
646,Walker Buehler,Walker Buehler,19374,621111,39251,walkerbuehler
647,Bobby Dalbec,Bobby Dalbec,19966,666915,39382,bobbydalbec
648,Oscar Gonzalez,Oscar Gonzalez,20970,660757,39400,oscargonzalez
649,Daulton Jefferies,Daulton Jefferies,19345,641726,39434,daultonjefferies
650,Mitch White,Mitch White,19225,669952,39437,mitchwhite
651,Kent Emanuel,Kent Emanuel,15849,592288,39527,kentemanuel
652,Luis Arraez,Luis Arraez,18568,650333,39572,luisarraez
653,David Rodriguez,David Rodriguez,sa3060402,,39574,davidrodriguez
654,Gerson Moreno,Gerson Moreno,sa736656,,39593,gersonmoreno
655,Tyler Nevin,Tyler Nevin,17893,663527,39608,tylernevin
656,Luis Robert Jr.,Luis Robert Jr.,20043,673357,39631,luisrobertjr
657,Hunter Greene,Hunter Greene,22182,668881,39635,huntergreene
658,MacKenzie Gore,MacKenzie Gore,22201,669022,39636,mackenziegore
659,Shane Baz,Shane Baz,22264,669358,39639,shanebaz
660,Trevor Rogers,Trevor Rogers,22286,669432,39640,trevorrogers
661,Nick Pratto,Nick Pratto,22117,668472,39641,nickpratto
662,Heliot Ramos,Heliot Ramos,22515,671218,39642,heliotramos
663,Bubba Thompson,Bubba Thompson,22261,669352,39644,bubbathompson
664,Brendon Little,Brendon Little,21574,663893,39645,brendonlittle
665,Nate Pearson,Nate Pearson,20160,663878,39646,natepearson
666,Kyle Wright,Kyle Wright,19665,,39652,kylewright
667,Jesús Luzardo,Jesus Luzardo,19959,666200,39667,jesusluzardo
668,Pablo López,Pablo Lopez,17085,641154,39671,pablolopez
669,Garrett Whitlock,Garrett Whitlock,20191,676477,39674,garrettwhitlock
670,Kristian Robinson,Kristian Robinson,sa3006884,,39677,kristianrobinson
671,Huascar Ynoa,Huascar Ynoa,20468,,39679,huascarynoa
672,Esteury Ruiz,Esteury Ruiz,21780,665923,39680,esteuryruiz
673,Shaun Anderson,Shaun Anderson,19453,641312,39681,shaunanderson
674,Gregory Santos,Gregory Santos,21894,666619,39682,gregorysantos
675,Drew Smith,Drew Smith,17755,622098,39685,drewsmith
676,Isaac Paredes,Isaac Paredes,20036,670623,39706,isaacparedes
677,Stephen Nogosek,Stephen Nogosek,19545,,39707,stephennogosek
678,Samad Taylor,Samad Taylor,22274,669392,39710,samadtaylor
679,Tayler Scott,Tayler Scott,13652,605463,39711,taylerscott
680,Oneil Cruz,Oneil Cruz,21711,665833,39712,oneilcruz
681,Tobias Myers,Tobias Myers,22191,668964,39716,tobiasmyers
682,Ryder Ryan,Ryder Ryan,19891,656924,39736,ryderryan
683,Ryan Burr,Ryan Burr,17536,621114,39738,ryanburr
684,Pedro Avila,Pedro Avila,18864,658648,39740,pedroavila
685,Andrés Machado,Andres Machado,14681,,39776,andresmachado
686,Reiver Sanmartin,Reiver Sanmartin,19754,665665,39799,reiversanmartin
687,Dennis Santana,Dennis Santana,17878,642701,39801,dennissantana
688,Adbert Alzolay,Adbert Alzolay,17859,640470,39802,adbertalzolay
689,Gregory Soto,Gregory Soto,19677,642397,39804,gregorysoto
690,Jonathan Loáisiga,Jonathan Loaisiga,19753,642528,39807,jonathanloaisiga
691,Jonathan Hernández,Jonathan Hernandez,17464,642546,39814,jonathanhernandez
692,Julian Merryweather,Julian Merryweather,16703,657240,39816,julianmerryweather
693,Ranger Suárez,Ranger Suarez,17277,624133,39817,rangersuarez
694,JP Sears,JP Sears,23429,676664,39818,jpsears
695,Jesus Tinoco,Jesus Tinoco,16300,622786,39822,jesustinoco
696,Yonny Chirinos,Yonny Chirinos,16401,630023,39823,yonnychirinos
697,Freddy Peralta,Freddy Peralta,18679,642547,39825,freddyperalta
698,David Bañuelos,David Banuelos,23250,675915,39828,davidbanuelos
699,Shohei Ohtani,Shohei Ohtani,19755,660271,39832,shoheiohtani
700,José Devers,Jose Devers,20540,672701,39834,josedevers
701,Julian Fernández,Julian Fernandez,18341,642759,39835,julianfernandez
702,Elieser Hernández,Elieser Hernandez,16933,622694,39836,elieserhernandez
703,Richard Lovelady,Richard Lovelady,19337,663992,39856,richardlovelady
704,Brandon Leibrandt,Brandon Leibrandt,16135,605335,39868,brandonleibrandt
705,Cole Irvin,Cole Irvin,19244,608344,39869,coleirvin
706,Matt Festa,Matt Festa,19330,670036,39871,mattfesta
707,Cal Quantrill,Cal Quantrill,19312,615698,39875,calquantrill
708,Joey Lucchesi,Joey Lucchesi,19320,664192,39876,joeylucchesi
709,Corbin Burnes,Corbin Burnes,19361,669203,39878,corbinburnes
710,Keston Hiura,Keston Hiura,20003,669374,39879,kestonhiura
711,Jake Burger,Jake Burger,22275,669394,39882,jakeburger
712,Thomas Hatch,Thomas Hatch,19264,641672,39889,thomashatch
713,William Contreras,William Contreras,20503,661388,39895,williamcontreras
714,Cristian Pache,Cristian Pache,19948,665506,39897,cristianpache
715,Peter Lambert,Peter Lambert,17969,663567,39898,peterlambert
716,Garrett Hampson,Garrett Hampson,19262,641658,39899,garretthampson
717,Jake Rogers,Jake Rogers,19452,668670,39900,jakerogers
718,Alex Faedo,Alex Faedo,19874,656412,39901,alexfaedo
719,Nick Solak,Nick Solak,19294,669256,39904,nicksolak
720,Tommy Edman,Tommy Edman,19470,669242,39907,tommyedman
721,Ryan Helsley,Ryan Helsley,18138,664854,39909,ryanhelsley
722,Zac Gallen,Zac Gallen,19291,668678,39910,zacgallen
723,Trevor Richards,Trevor Richards,19309,670950,39912,trevorrichards
724,Brett Sullivan,Brett Sullivan,18217,664954,39913,brettsullivan
725,Eric Lauer,Eric Lauer,19316,641778,39915,ericlauer
726,Tristan Gray,Tristan Gray,19877,656484,39918,tristangray
727,Lewin Díaz,Lewin Diaz,18365,,39921,lewindiaz
728,Santiago Espinal,Santiago Espinal,19997,669289,39924,santiagoespinal
729,Kyle Hart,Kyle Hart,19646,606996,39936,kylehart
730,Brock Burke,Brock Burke,17968,656271,39945,brockburke
731,Mason McCoy,Mason McCoy,22232,669200,39947,masonmccoy
732,John Means,John Means,16269,607644,39948,johnmeans
733,John Schreiber,John Schreiber,20020,670167,39949,johnschreiber
734,Jesús Sánchez,Jesus Sanchez,19913,660821,39957,jesussanchez
735,Brandon Lowe,Brandon Lowe,18882,664040,39961,brandonlowe
736,Eli White,Eli White,19346,642201,39963,eliwhite
737,Joel Payamps,Joel Payamps,14332,606303,40021,joelpayamps
738,Jordan Weems,Jordan Weems,13190,607179,40039,jordanweems
739,Dane Myers,Dane Myers,22054,667472,40048,danemyers
740,Trevor Megill,Trevor Megill,17722,656730,40080,trevormegill
741,Connor Wong,Connor Wong,19896,657136,40086,connorwong
742,Elvin Rodríguez,Elvin Rodriguez,20962,660730,40318,elvinrodriguez
743,Gabe Speier,Gabe Speier,17170,642100,40327,gabespeier
744,Matt Gage,Matt Gage,17381,657424,40337,mattgage
745,Nick Allen,Nick Allen,22277,669397,40338,nickallen
746,Gabriel Arias,Gabriel Arias,22563,672356,40344,gabrielarias
747,Stuart Fairchild,Stuart Fairchild,20321,656413,40346,stuartfairchild
748,Daniel Johnson,Daniel Johnson,19643,669288,40351,danieljohnson
749,Chuckie Robinson,Chuckie Robinson,19824,642020,40354,chuckierobinson
750,Tyler Alexander,Tyler Alexander,17735,641302,40360,tyleralexander
751,Colin Poche,Colin Poche,19403,621363,40364,colinpoche
752,Ronaldo Hernandez,Ronaldo Hernandez,sa881850,,40378,ronaldohernandez
753,Jacob Webb,Jacob Webb,19274,657097,40384,jacobwebb
754,Darren McCaughan,Darren McCaughan,20038,670766,40391,darrenmccaughan
755,Danny Mendick,Danny Mendick,18889,664901,40393,dannymendick
756,Yunior Marte,Yunior Marte,14416,628708,40419,yuniormarte
757,Luke Raley,Luke Raley,19354,670042,40422,lukeraley
758,Gavin Lux,Gavin Lux,19955,666158,40423,gavinlux
759,Ray Kerr,Ray Kerr,23809,678061,40426,raykerr
760,Travis Blankenhorn,Travis Blankenhorn,18395,663905,40427,travisblankenhorn
761,Michael King,Michael King,19853,650633,40429,michaelking
762,Tanner Banks,Tanner Banks,16990,621383,40437,tannerbanks
763,Carter Kieboom,Carter Kieboom,19958,666198,40446,carterkieboom
764,JoJo Romero,JoJo Romero,19574,668941,40456,jojoromero
765,Luis García Jr.,Luis Garcia Jr.,20391,671277,40459,luisgarciajr
766,Vidal Bruján,Vidal Brujan,20536,660644,40462,vidalbrujan
767,Luke Williams,Luke Williams,19931,663897,40466,lukewilliams
768,Sandro Fabian,Sandro Fabian,19910,660758,40472,sandrofabian
769,Tirso Ornelas,Tirso Ornelas,22566,672359,40481,tirsoornelas
770,Brenan Hanifee,Brenan Hanifee,22304,669724,40485,brenanhanifee
771,Darwinzon Hernández,Darwinzon Hernandez,19848,,40502,darwinzonhernandez
772,Zach Remillard,Zach Remillard,19788,621545,40514,zachremillard
773,Ryan Noda,Ryan Noda,23312,676116,40518,ryannoda
774,Emmanuel Rivera,Emmanuel Rivera,19890,656896,40519,emmanuelrivera
775,Luis Campusano,Luis Campusano,22217,669134,40521,luiscampusano
776,Mike Brosseau,Mike Brosseau,19683,,40533,mikebrosseau
777,Nathaniel Lowe,Nathaniel Lowe,19566,663993,40538,nathaniellowe
778,Mike Baumann,Mike Baumann,20206,657508,40543,mikebaumann
779,Josh Lowe,Josh Lowe,19953,666139,40557,joshlowe
780,Tyler Gilbert,Tyler Gilbert,17964,656457,40559,tylergilbert
781,Alan Trejo,Alan Trejo,20056,676701,40572,alantrejo
782,Chas McCormick,Chas McCormick,19599,676801,40574,chasmccormick
783,Taylor Walls,Taylor Walls,22458,670764,40576,taylorwalls
784,Rodolfo Duran,Rodolfo Duran,sa877500,,40577,rodolfoduran
785,Dylan Moore,Dylan Moore,18042,664238,40593,dylanmoore
786,Ramón Urías,Ramon Urias,18795,602104,40610,ramonurias
787,Scott Effross,Scott Effross,18384,664123,40622,scotteffross
788,Luis Gil,Luis Gil,21052,661563,40626,luisgil
789,Akil Baddoo,Akil Baddoo,22168,668731,40634,akilbaddoo
790,Royce Lewis,Royce Lewis,20437,668904,40635,roycelewis
791,Alex Kirilloff,Alex Kirilloff,20325,666135,40636,alexkirilloff
792,Riley Adams,Riley Adams,19864,656180,40655,rileyadams
793,Luis Vázquez,Luis Vazquez,23442,676679,40666,luisvazquez
794,Bligh Madris,Bligh Madris,20054,676632,40684,blighmadris
795,Gavin Sheets,Gavin Sheets,19901,657757,40700,gavinsheets
796,Jhonny Pereda,Jhonny Pereda,19802,640902,40702,jhonnypereda
797,Matt Foster,Matt Foster,19647,641582,40706,mattfoster
798,Kyle Keller,Kyle Keller,18890,,40709,kylekeller
799,James Karinchak,James Karinchak,20151,,40715,jameskarinchak
800,Josh Rojas,Josh Rojas,19734,668942,40718,joshrojas
801,Jake Meyers,Jake Meyers,20308,676694,40719,jakemeyers
802,Abraham Toro,Abraham Toro,19844,647351,40754,abrahamtoro
803,Zach Thompson,Zach Thompson,16094,605507,40761,zachthompson
804,Pavin Smith,Pavin Smith,19892,656976,40767,pavinsmith
805,Bryan De La Cruz,Bryan De La Cruz,19600,650559,40787,bryandelacruz
806,Sam Huff,Sam Huff,22209,669087,40798,samhuff
807,Brandon Marsh,Brandon Marsh,20202,669016,40803,brandonmarsh
808,Jonathan Aranda,Jonathan Aranda,21837,666018,40810,jonathanaranda
809,Kirby Snead,Kirby Snead,19179,669912,40815,kirbysnead
810,Rafael Marchán,Rafael Marchan,21646,665561,40816,rafaelmarchan
811,Oswaldo Cabrera,Oswaldo Cabrera,21707,665828,40835,oswaldocabrera
812,Jose Herrera,Jose Herrera,17040,645444,40851,joseherrera
813,Jo Adell,Jo Adell,20220,666176,40854,joadell
814,Joel Kuhnel,Joel Kuhnel,19995,669270,40855,joelkuhnel
815,Leo Rivas,Leo Rivas,21009,660844,40858,leorivas
816,Geoff Hartlieb,Geoff Hartlieb,19558,664129,40865,geoffhartlieb
817,Ben Rortvedt,Ben Rortvedt,20287,666163,40869,benrortvedt
818,Matthew Batten,Matthew Batten,20157,676946,40880,matthewbatten
819,Bryan Baker,Bryan Baker,19804,641329,40884,bryanbaker
820,Ji Hwan Bae,Ji Hwan Bae,23818,678225,40896,jihwanbae
821,Miles Mastrobuoni,Miles Mastrobuoni,20017,670156,40900,milesmastrobuoni
822,Danny Young,Danny Young,18439,664849,40903,dannyyoung
823,J.P. Martínez,J.P. Martinez,24451,679881,40905,jpmartinez
824,Shane Bieber,Shane Bieber,19427,669456,40912,shanebieber
825,Forrest Whitley,Forrest Whitley,19586,666215,40915,forrestwhitley
826,Ian Anderson,Ian Anderson,19951,666120,40916,iananderson
827,Adrian Morejon,Adrian Morejon,20039,670970,40917,adrianmorejon
828,J.B. Bukauskas,J.B. Bukauskas,20491,656266,40919,jbbukauskas
829,Matt Manning,Matt Manning,20369,666159,40920,mattmanning
830,David Peterson,David Peterson,20302,656849,40921,davidpeterson
831,Bryse Wilson,Bryse Wilson,19990,669060,40922,brysewilson
832,Brent Rooker,Brent Rooker,19627,667670,40926,brentrooker
833,Joey Wentz,Joey Wentz,19962,666214,40927,joeywentz
834,Wander Franco,Wander Franco,23667,,40929,wanderfranco
835,Aaron Civale,Aaron Civale,19479,650644,40934,aaroncivale
836,Dustin May,Dustin May,19716,669160,40937,dustinmay
837,Andrés Muñoz,Andres Munoz,20373,662253,40939,andresmunoz
838,Edward Cabrera,Edward Cabrera,21690,665795,40944,edwardcabrera
839,Alex Speas,Alex Speas,21859,666208,40946,alexspeas
840,Anthony Kay,Anthony Kay,20387,,40947,anthonykay
841,MJ Melendez,MJ Melendez,22197,669004,40948,mjmelendez
842,Luis Medina,Luis Medina,21649,665622,40949,luismedina
843,Tony Santillan,Tony Santillan,19926,663574,40950,tonysantillan
844,José Barrero,Jose Barrero,23378,676480,40951,josebarrero
845,James Nelson,James Nelson,sa3038750,,40954,jamesnelson
846,Tyler Freeman,Tyler Freeman,22532,671289,40958,tylerfreeman
847,Eric Pardinho,Eric Pardinho,sa968102,,40959,ericpardinho
848,Ryan Vilade,Ryan Vilade,22165,668723,40960,ryanvilade
849,Daulton Varsho,Daulton Varsho,19918,662139,40963,daultonvarsho
850,Brusdar Graterol,Brusdar Graterol,20367,660813,40965,brusdargraterol
851,Roansy Contreras,Roansy Contreras,22810,672710,40967,roansycontreras
852,Braxton Garrett,Braxton Garrett,21844,666129,40971,braxtongarrett
853,José Soriano,Jose Soriano,22100,667755,40973,josesoriano
854,Patrick Sandoval,Patrick Sandoval,19447,663776,40975,patricksandoval
855,Alex Lange,Alex Lange,19883,656638,40976,alexlange
856,Ronny Mauricio,Ronny Mauricio,23698,677595,40978,ronnymauricio
857,José Suarez,Jose Suarez,19911,660761,40981,josesuarez
858,Jose Paulino,Jose Paulino,sa3024557,,40984,josepaulino
859,Livan Soto,Livan Soto,22471,670869,40988,livansoto
860,Michael Mercado,Michael Mercado,23223,675650,40999,michaelmercado
861,Jose Miranda,Jose Miranda,20538,669304,41000,josemiranda
862,Nick Raquet,Nick Raquet,20333,675919,41006,nickraquet
863,Bryan Mata,Bryan Mata,sa917784,,41007,bryanmata
864,Tanner Houck,Tanner Houck,19879,656557,41009,tannerhouck
865,Jeremiah Estrada,Jeremiah Estrada,22210,669093,41014,jeremiahestrada
866,Caleb Ferguson,Caleb Ferguson,19349,657571,41017,calebferguson
867,DL Hall,DL Hall,22207,669084,41018,dlhall
868,Justin Steele,Justin Steele,17312,657006,41022,justinsteele
869,Corbin Martin,Corbin Martin,19884,656686,41029,corbinmartin
870,George Valera,George Valera,22541,671655,41030,georgevalera
871,Jorge Alcala,Jorge Alcala,19459,660896,41031,jorgealcala
872,Hans Crouse,Hans Crouse,22192,668968,41032,hanscrouse
873,Mark Vientos,Mark Vientos,22184,668901,41034,markvientos
874,Kyle Muller,Kyle Muller,20167,666205,41041,kylemuller
875,Matt Sauer,Matt Sauer,22284,669422,41042,mattsauer
876,Julio Rodríguez,Julio Rodriguez,23697,677594,41044,juliorodriguez
877,Nelson Velázquez,Nelson Velazquez,23359,676369,41047,nelsonvelazquez
878,Andy Yerzy,Andy Yerzy,sa917939,,41050,andyyerzy
879,Cole Ragans,Cole Ragans,21846,666142,41054,coleragans
880,Luis De Los Santos,Luis De Los Santos,21682,665782,41055,luisdelossantos
881,Génesis Cabrera,Genesis Cabrera,17490,650893,41061,genesiscabrera
882,Griffin Canning,Griffin Canning,19867,656288,41065,griffincanning
883,Tucker Davidson,Tucker Davidson,19871,656353,41069,tuckerdavidson
884,Lachlan Wells,Lachlan Wells,sa877857,,41071,lachlanwells
885,Spencer Howard,Spencer Howard,23252,675921,41072,spencerhoward
886,Freddy Tarnok,Freddy Tarnok,23324,676206,41073,freddytarnok
887,Drew Waters,Drew Waters,20505,671221,41076,drewwaters
888,Clarke Schmidt,Clarke Schmidt,19899,657376,41085,clarkeschmidt
889,Keegan Thompson,Keegan Thompson,19795,624522,41086,keeganthompson
890,Daniel Duarte,Daniel Duarte,17480,650960,41094,danielduarte
891,Terrin Vavra,Terrin Vavra,24400,,41099,terrinvavra
892,Zach Pop,Zach Pop,20185,647315,41103,zachpop
893,Jhoan Duran,Jhoan Duran,21029,661395,41109,jhoanduran
894,Bruce Zimmermann,Bruce Zimmermann,20370,669145,41118,brucezimmermann
895,Drew Anderson,Drew Anderson,15130,,41125,drewanderson
896,Ian Hamilton,Ian Hamilton,19261,641656,41127,ianhamilton
897,Michael Plassmeyer,Michael Plassmeyer,23191,,41136,michaelplassmeyer
898,Bo Takahashi,Bo Takahashi,sa830370,,41145,botakahashi
899,Jarred Kelenic,Jarred Kelenic,22558,672284,41150,jarredkelenic
900,Josiah Gray,Josiah Gray,24580,680686,41165,josiahgray
901,Casey Mize,Casey Mize,20492,663554,41167,caseymize
902,Joey Bart,Joey Bart,21524,663698,41168,joeybart
903,Alec Bohm,Alec Bohm,21618,664761,41169,alecbohm
904,Nick Madrigal,Nick Madrigal,20521,663611,41170,nickmadrigal
905,Jonathan India,Jonathan India,21523,663697,41171,jonathanindia
906,Brady Singer,Brady Singer,25377,663903,41172,bradysinger
907,Matthew Liberatore,Matthew Liberatore,22294,669461,41173,matthewliberatore
908,Nolan Gorman,Nolan Gorman,22263,669357,41174,nolangorman
909,Cole Winn,Cole Winn,22113,668390,41177,colewinn
910,Ryan Weathers,Ryan Weathers,23796,677960,41178,ryanweathers
911,Brice Turang,Brice Turang,22186,668930,41179,briceturang
912,Triston Casas,Triston Casas,22514,671213,41180,tristoncasas
913,Bo Naylor,Bo Naylor,21865,666310,41183,bonaylor
914,Jackson Kowar,Jackson Kowar,21549,663804,41184,jacksonkowar
915,Owen Miller,Owen Miller,24655,680911,41187,owenmiller
916,Anthony Seigler,Anthony Seigler,23802,678011,41194,anthonyseigler
917,Grayson Rodriguez,Grayson Rodriguez,24492,680570,41196,graysonrodriguez
918,Jake McCarthy,Jake McCarthy,21622,664983,41197,jakemccarthy
919,Marco Luciano,Marco Luciano,25616,682617,41198,marcoluciano
920,Shane McClanahan,Shane McClanahan,21483,,41199,shanemcclanahan
921,Jordyn Adams,Jordyn Adams,23788,677941,41200,jordynadams
922,Kris Bubic,Kris Bubic,21455,663460,41201,krisbubic
923,Trevor Larnach,Trevor Larnach,21501,663616,41205,trevorlarnach
924,Sean Hjelle,Sean Hjelle,21481,663546,41206,seanhjelle
925,Bryan Abreu,Bryan Abreu,16609,650556,41208,bryanabreu
926,Michael Siani,Michael Siani,22557,672279,41209,michaelsiani
927,Alek Thomas,Alek Thomas,23792,677950,41215,alekthomas
928,Logan Webb,Logan Webb,17995,657277,41216,loganwebb
929,Brayan Rocchio,Brayan Rocchio,23690,677587,41217,brayanrocchio
930,Deivi García,Deivi Garcia,20276,665620,41218,deivigarcia
931,Nico Hoerner,Nico Hoerner,21479,663538,41219,nicohoerner
932,Ryan Rolison,Ryan Rolison,22200,669020,41220,ryanrolison
933,Logan Gilbert,Logan Gilbert,22250,669302,41221,logangilbert
934,Elehuris Montero,Elehuris Montero,20543,660707,41222,elehurismontero
935,Parker Meadows,Parker Meadows,23800,678009,41223,parkermeadows
936,Sam Hentges,Sam Hentges,18548,656529,41225,samhentges
937,Daniel Lynch IV,Daniel Lynch IV,21537,663738,41227,daniellynchiv
938,Will Banfield,Will Banfield,23790,677943,41228,willbanfield
939,Carlos Hernández,Carlos Hernandez,22713,672578,41233,carloshernandez
940,Diego Cartaya,Diego Cartaya,sa3008742,,41234,diegocartaya
941,Alexander Canario,Alexander Canario,22842,672744,41239,alexandercanario
942,Michael Grove,Michael Grove,23221,675627,41242,michaelgrove
943,Owen White,Owen White,22273,669391,41244,owenwhite
944,Adam Kloffenstein,Adam Kloffenstein,24493,680572,41246,adamkloffenstein
945,Tyler Phillips,Tyler Phillips,20629,663969,41247,tylerphillips
946,Everson Pereira,Everson Pereira,23695,677592,41252,eversonpereira
947,Francisco Alvarez,Francisco Alvarez,26121,682626,41253,franciscoalvarez
948,Jorge Barrosa,Jorge Barrosa,23968,678489,41259,jorgebarrosa
949,Brandon Bielak,Brandon Bielak,19866,656232,41260,brandonbielak
950,Cristian Javier,Cristian Javier,17606,664299,41261,cristianjavier
951,Kyle Isbel,Kyle Isbel,21614,664728,41263,kyleisbel
952,Jeremiah Jackson,Jeremiah Jackson,22239,669236,41264,jeremiahjackson
953,Yerry Rodríguez,Yerry Rodriguez,21955,666720,41267,yerryrodriguez
954,Jeremy Peña,Jeremy Pena,21636,665161,41273,jeremypena
955,Kutter Crawford,Kutter Crawford,20531,676710,41277,kuttercrawford
956,Braxton Ashcraft,Braxton Ashcraft,23793,677952,41282,braxtonashcraft
957,Austin Cox,Austin Cox,24604,680735,41283,austincox
958,Nick Maton,Nick Maton,21635,665155,41284,nickmaton
959,Ernie Clement,Ernie Clement,20352,676391,41287,ernieclement
960,Ben Bowden,Ben Bowden,20198,641386,41289,benbowden
961,Jake Irvin,Jake Irvin,21504,663623,41290,jakeirvin
962,Cal Raleigh,Cal Raleigh,21534,663728,41292,calraleigh
963,Griffin Conine,Griffin Conine,21626,665052,41295,griffinconine
964,Domingo Robles,Domingo Robles,sa872881,,41297,domingorobles
965,Robinson Ortiz,Robinson Ortiz,sa3004006,,41300,robinsonortiz
966,Eduardo Garcia,Eduardo Garcia,sa3008751,,41303,eduardogarcia
967,Gabriel Rodriguez,Gabriel Rodriguez,sa3024645,,41305,gabrielrodriguez
968,Orelvis Martinez,Orelvis Martinez,25967,682619,41306,orelvismartinez
969,Noelvi Marte,Noelvi Marte,26517,682622,41307,noelvimarte
970,Edwin Uceta,Edwin Uceta,20539,670955,41308,edwinuceta
971,Tristan Beck,Tristan Beck,21584,663941,41309,tristanbeck
972,Justin Lawrence,Justin Lawrence,17639,664875,41310,justinlawrence
973,Kody Clemens,Kody Clemens,20572,665019,41311,kodyclemens
974,Luken Baker,Luken Baker,21497,663609,41313,lukenbaker
975,Braydon Fisher,Braydon Fisher,24609,680755,41318,braydonfisher
976,Nick Nelson,Nick Nelson,20153,656793,41319,nicknelson
977,Luis Peña,Luis Pena,sa3024134,,41322,luispena
978,Eli Morgan,Eli Morgan,20203,669212,41324,elimorgan
979,Aaron Ashby,Aaron Ashby,23550,676879,41325,aaronashby
980,Xavier Edwards,Xavier Edwards,22266,669364,41326,xavieredwards
981,Konnor Pilkington,Konnor Pilkington,21453,663455,41329,konnorpilkington
982,John Rooney,John Rooney,24590,680701,41330,johnrooney
983,Lyon Richardson,Lyon Richardson,24581,680689,41333,lyonrichardson
984,Camilo Doval,Camilo Doval,21992,666808,41337,camilodoval
985,Jonathan Ornelas,Jonathan Ornelas,24597,680716,41339,jonathanornelas
986,Jonathan Bowlan,Jonathan Bowlan,24607,680742,41344,jonathanbowlan
987,Blaze Alexander,Blaze Alexander,23789,677942,41345,blazealexander
988,Johnathan Rodríguez,Johnathan Rodriguez,22530,671286,41349,johnathanrodriguez
989,Brandon Waddell,Brandon Waddell,18347,663399,41351,brandonwaddell
990,Geraldo Perdomo,Geraldo Perdomo,22799,672695,41355,geraldoperdomo
991,Gerardo Carrillo,Gerardo Carrillo,sa3002790,,41357,gerardocarrillo
992,Richie Palacios,Richie Palacios,24589,680700,41359,richiepalacios
993,Hogan Harris,Hogan Harris,21520,663687,41364,hoganharris
994,Connor Seabold,Connor Seabold,19695,657756,41367,connorseabold
995,Yunior Severino,Yunior Severino,sa3003185,,41373,yuniorseverino
996,Joey Gerber,Joey Gerber,24591,680702,41375,joeygerber
997,Brewer Hicklen,Brewer Hicklen,20450,676551,41378,brewerhicklen
998,Rico Garcia,Rico Garcia,20023,670329,41382,ricogarcia
999,Simeon Woods Richardson,Simeon Woods Richardson,24494,680573,41383,simeonwoodsrichardson
1000,Nick Sandlin,Nick Sandlin,20517,680704,41385,nicksandlin
1001,Mason Englert,Mason Englert,22288,669438,41386,masonenglert
1002,Jhonathan Díaz,Jhonathan Diaz,20298,646242,41392,jhonathandiaz
1003,Dylan Coleman,Dylan Coleman,22276,669395,41393,dylancoleman
1004,Leo Jiménez,Leo Jimenez,23782,677870,41397,leojimenez
1005,Parker Dunshee,Parker Dunshee,20018,670161,41404,parkerdunshee
1006,Johan Oviedo,Johan Oviedo,22487,670912,41405,johanoviedo
1007,Cody Bolton,Cody Bolton,23265,675989,41407,codybolton
1008,Sandy Gaston,Sandy Gaston,sa3011136,,41414,sandygaston
1009,Yusei Kikuchi,Yusei Kikuchi,20633,579328,41415,yuseikikuchi
1010,Denyi Reyes,Denyi Reyes,20526,,41419,denyireyes
1011,Nabil Crismatt,Nabil Crismatt,17732,622503,41421,nabilcrismatt
1012,Kevin Ginkel,Kevin Ginkel,19876,656464,41432,kevinginkel
1013,Jazz Chisholm Jr.,Jazz Chisholm Jr.,20454,665862,41433,jazzchisholmjr
1014,Brian Serven,Brian Serven,19422,661531,41441,brianserven
1015,Sebastián Rivero,Sebastian Rivero,21735,665861,41447,sebastianrivero
1016,Angel Perdomo,Angel Perdomo,17759,622780,41448,angelperdomo
1017,Jesse Scholtens,Jesse Scholtens,19205,669947,41452,jessescholtens
1018,Dylan Lee,Dylan Lee,19996,669276,41455,dylanlee
1019,Jason Delay,Jason Delay,19806,641511,41458,jasondelay
1020,JT Brubaker,JT Brubaker,17578,664141,41460,jtbrubaker
1021,Nolan Hoffman,Nolan Hoffman,23381,676510,41461,nolanhoffman
1022,Slade Cecconi,Slade Cecconi,27500,677944,41462,sladececconi
1023,Adrian Del Castillo,Adrian Del Castillo,29554,680728,41464,adriandelcastillo
1024,Brian Van Belle,Brian Van Belle,27695,687003,41473,brianvanbelle
1025,Greg Weissert,Greg Weissert,20375,669711,41485,gregweissert
1026,Emmanuel Ramirez,Emmanuel Ramirez,17304,642629,41501,emmanuelramirez
1027,Moises Gomez,Moises Gomez,sa875163,,41508,moisesgomez
1028,Riley O'Brien,Riley O'Brien,20348,676617,41509,rileyobrien
1029,Connor Brogdon,Connor Brogdon,21205,641401,41515,connorbrogdon
1030,Ben Brown,Ben Brown,23590,676962,41516,benbrown
1031,Enoli Paredes,Enoli Paredes,20447,660600,41523,enoliparedes
1032,Corey Julks,Corey Julks,20311,667452,41526,coreyjulks
1033,Justin Dean,Justin Dean,25005,,41531,justindean
1034,Rodolfo Castro,Rodolfo Castro,21987,,41532,rodolfocastro
1035,Gus Varland,Gus Varland,24737,681402,41552,gusvarland
1036,Matt Krook,Matt Krook,19315,640454,41556,mattkrook
1037,Enmanuel Valdez,Enmanuel Valdez,21716,665839,41557,enmanuelvaldez
1038,Clayton Andrews,Clayton Andrews,23631,677076,41559,claytonandrews
1039,Kevin Smith,Kevin Smith,20242,675656,41562,kevinsmith
1040,Zack Kelly,Zack Kelly,20349,677161,41569,zackkelly
1041,Jared Young,Jared Young,20404,676724,41575,jaredyoung
1042,Ryan Fitzgerald,Ryan Fitzgerald,24622,680837,41584,ryanfitzgerald
1043,Wenceel Pérez,Wenceel Perez,22857,672761,41586,wenceelperez
1044,Ryan Jeffers,Ryan Jeffers,24618,680777,41587,ryanjeffers
1045,Carlos Cortes,Carlos Cortes,21842,666126,41595,carloscortes
1046,Will Vest,Will Vest,19769,676684,41606,willvest
1047,Jarren Duran,Jarren Duran,24617,680776,41610,jarrenduran
1048,Tyler Ferguson,Tyler Ferguson,19481,621053,41612,tylerferguson
1049,Carlos De La Cruz,Carlos De La Cruz,sa3006903,,41623,carlosdelacruz
1050,Cooper Hummel,Cooper Hummel,19458,669450,41626,cooperhummel
1051,Matt Vierling,Matt Vierling,21558,663837,41636,mattvierling
1052,Chris Roller,Chris Roller,23557,676896,41642,chrisroller
1053,J.C. Escarra,J.C. Escarra,20084,641555,41644,jcescarra
1054,Grant Koch,Grant Koch,22045,667428,41647,grantkoch
1055,David Fry,David Fry,24934,681807,41672,davidfry
1056,Nick Fortes,Nick Fortes,21538,663743,41674,nickfortes
1057,Lenyn Sosa,Lenyn Sosa,22896,672820,41684,lenynsosa
1058,Sean Reynolds,Sean Reynolds,22253,669308,41691,seanreynolds
1059,Levi Jordan,Levi Jordan,25138,682119,41718,levijordan
1060,Abrahan Gutierrez,Abrahan Gutierrez,sa3004263,,41738,abrahangutierrez
1061,Joe Barlow,Joe Barlow,22296,,41741,joebarlow
1062,Emmanuel Clase,Emmanuel Clase,21032,661403,41743,emmanuelclase
1063,John King,John King,22051,667463,41763,johnking
1064,Brendan Donovan,Brendan Donovan,24679,680977,41773,brendandonovan
1065,Bennett Sousa,Bennett Sousa,21345,656986,41776,bennettsousa
1066,Trey Cabbage,Trey Cabbage,21078,663550,41781,treycabbage
1067,Hunter Feduccia,Hunter Feduccia,23372,676439,41801,hunterfeduccia
1068,James Outman,James Outman,24770,681546,41802,jamesoutman
1069,Kenny Rosenberg,Kenny Rosenberg,20009,670046,41807,kennyrosenberg
1070,Easton McGee,Easton McGee,22176,668834,41810,eastonmcgee
1071,Michael Petersen,Michael Petersen,20827,656848,41824,michaelpetersen
1072,Steven Wilson,Steven Wilson,20353,621051,41828,stevenwilson
1073,Ronel Blanco,Ronel Blanco,19407,669854,41829,ronelblanco
1074,Humberto Castellanos,Humberto Castellanos,21183,528748,41831,humbertocastellanos
1075,Jason Alexander,Jason Alexander,19666,669920,41849,jasonalexander
1076,Cal Stevenson,Cal Stevenson,22411,670276,41852,calstevenson
1077,Dauri Moreta,Dauri Moreta,21101,664294,41874,daurimoreta
1078,Iván Herrera,Ivan Herrera,20599,671056,41889,ivanherrera
1079,Yohan Ramírez,Yohan Ramirez,19444,670990,41893,yohanramirez
1080,César Salazar,Cesar Salazar,21587,663967,41907,cesarsalazar
1081,Otto Lopez,Otto Lopez,19608,672640,41917,ottolopez
1082,Freddy Fermin,Freddy Fermin,21840,666023,41928,freddyfermin
1083,Eduard Bazardo,Eduard Bazardo,20997,660825,41939,eduardbazardo
1084,Rafael Lantigua,Rafael Lantigua,sa3003219,,41955,rafaellantigua
1085,Caleb Boushley,Caleb Boushley,19736,676961,41975,calebboushley
1086,Sean Bouchard,Sean Bouchard,21270,656248,41989,seanbouchard
1087,Steven Kwan,Steven Kwan,24610,680757,41996,stevenkwan
1088,Lane Ramsey,Lane Ramsey,25071,,41997,laneramsey
1089,Daniel Schneemann,Daniel Schneemann,25180,682177,42001,danielschneemann
1090,Kyle Nelson,Kyle Nelson,20515,669459,42012,kylenelson
1091,Vinny Capra,Vinny Capra,25040,681962,42023,vinnycapra
1092,Logan O'Hoppe,Logan O'Hoppe,24729,681351,42047,loganohoppe
1093,Armando Alvarez,Armando Alvarez,19292,669137,42048,armandoalvarez
1094,Coco Montes,Coco Montes,21547,663796,42052,cocomontes
1095,Bryce Johnson,Bryce Johnson,20002,669369,42056,brycejohnson
1096,Isaac Mattson,Isaac Mattson,20385,676755,42063,isaacmattson
1097,Michael Helman,Michael Helman,24605,680737,42065,michaelhelman
1098,Brooks Kriske,Brooks Kriske,21189,621139,42073,brookskriske
1099,Alejandro Kirk,Alejandro Kirk,22581,672386,42081,alejandrokirk
1100,José Tena,Jose Tena,23691,677588,42105,josetena
1101,Jacob Amaya,Jacob Amaya,23296,676070,42106,jacobamaya
1102,Bryan Lavastida,Bryan Lavastida,24765,,42133,bryanlavastida
1103,José Caballero,Jose Caballero,23401,676609,42135,josecaballero
1104,Codi Heuer,Codi Heuer,23293,676051,42138,codiheuer
1105,Jose Rodriguez,Jose Rodriguez,sa3015437,,42141,joserodriguez
1106,Tanner Dodson,Tanner Dodson,sa3007008,,42152,tannerdodson
1107,Luis F. Castillo,Luis F. Castillo,20638,622379,42155,luisfcastillo
1108,Grant Anderson,Grant Anderson,20546,681982,42161,grantanderson
1109,Zach Plesac,Zach Plesac,19979,668676,42169,zachplesac
1110,Adam Oller,Adam Oller,20132,670124,42170,adamoller
1111,Anthony Bender,Anthony Bender,19742,669622,42171,anthonybender
1112,Adley Rutschman,Adley Rutschman,26288,668939,42178,adleyrutschman
1113,Riley Greene,Riley Greene,25976,682985,42179,rileygreene
1114,Pete Fairbanks,Pete Fairbanks,17998,664126,42180,petefairbanks
1115,Bryan Hoeing,Bryan Hoeing,26304,663773,42200,bryanhoeing
1116,Elvis Alvarado,Elvis Alvarado,21662,665660,42211,elvisalvarado
1117,Randy Dobnak,Randy Dobnak,23798,677976,42214,randydobnak
1118,Trey Wingenter,Trey Wingenter,17793,622259,42218,treywingenter
1119,Dairon Blanco,Dairon Blanco,19779,680118,42228,daironblanco
1120,Jacob Lopez,Jacob Lopez,25098,682052,42239,jacoblopez
1121,Prelander Berroa,Prelander Berroa,22932,672860,42241,prelanderberroa
1122,Kai-Wei Teng,Kai-Wei Teng,24282,678906,42242,kaiweiteng
1123,Sam Long,Sam Long,25379,669674,42262,samlong
1124,Misael Tamarez,Misael Tamarez,sa3009632,,42267,misaeltamarez
1125,Victor González,Victor Gonzalez,16408,624647,42340,victorgonzalez
1126,Tejay Antone,Tejay Antone,16233,622088,42355,tejayantone
1127,Humberto Mejía,Humberto Mejia,20739,,42358,humbertomejia
1128,Cristopher Sánchez,Cristopher Sanchez,20778,650911,42359,cristophersanchez
1129,Curtis Mead,Curtis Mead,23986,678554,42360,curtismead
1130,Miguel Yajure,Miguel Yajure,21111,,42361,miguelyajure
1131,Tyson Miller,Tyson Miller,19976,668338,42362,tysonmiller
1132,Manuel Rodríguez,Manuel Rodriguez,20794,655889,42363,manuelrodriguez
1133,Will Wilson,Will Wilson,25434,669717,42375,willwilson
1134,Dany Jiménez,Dany Jimenez,21170,666204,42380,danyjimenez
1135,Andrew Vaughn,Andrew Vaughn,26197,683734,42394,andrewvaughn
1136,Jasson Domínguez,Jasson Dominguez,28080,691176,42401,jassondominguez
1137,CJ Abrams,CJ Abrams,25768,682928,42402,cjabrams
1138,Bobby Witt Jr.,Bobby Witt Jr.,25764,677951,42403,bobbywittjr
1139,Corbin Carroll,Corbin Carroll,25878,682998,42404,corbincarroll
1140,George Kirby,George Kirby,25436,669923,42406,georgekirby
1141,Braden Shewmake,Braden Shewmake,25817,669699,42408,bradenshewmake
1142,Tarik Skubal,Tarik Skubal,22267,669373,42409,tarikskubal
1143,JJ Bleday,JJ Bleday,26368,668709,42410,jjbleday
1144,Luisangel Acuña,Luisangel Acuna,26548,682668,42411,luisangelacuna
1145,Michael Toglia,Michael Toglia,25845,669911,42412,michaeltoglia
1146,Maximo Acosta,Maximo Acosta,27963,691185,42413,maximoacosta
1147,Brett Baty,Brett Baty,26123,683146,42414,brettbaty
1148,Michael Busch,Michael Busch,26319,683737,42415,michaelbusch
1149,Kameron Misner,Kameron Misner,26374,670224,42416,kameronmisner
1150,Bryson Stott,Bryson Stott,26294,681082,42417,brysonstott
1151,Omar Cruz,Omar Cruz,23875,678316,42421,omarcruz
1152,Matt Thompson,Matt Thompson,sa3043772,,42424,mattthompson
1153,Luis Verdugo,Luis Verdugo,sa3006888,,42425,luisverdugo
1154,Matt Wallner,Matt Wallner,26466,670242,42427,mattwallner
1155,Logan Davidson,Logan Davidson,25844,669722,42429,logandavidson
1156,Aaron Schunk,Aaron Schunk,25524,668845,42430,aaronschunk
1157,Brandon Williamson,Brandon Williamson,25463,682227,42431,brandonwilliamson
1158,Sammy Siani,Sammy Siani,sa3010704,,42432,sammysiani
1159,Nick Lodolo,Nick Lodolo,26378,666157,42433,nicklodolo
1160,Jackson Rutledge,Jackson Rutledge,26215,671131,42434,jacksonrutledge
1161,Davis Wendzel,Davis Wendzel,26469,673995,42435,daviswendzel
1162,Alek Manoah,Alek Manoah,26410,666201,42436,alekmanoah
1163,Josh Jung,Josh Jung,26299,673962,42437,joshjung
1164,Daniel Espino,Daniel Espino,sa3011495,,42438,danielespino
1165,Thaddeus Ward,Thaddeus Ward,21513,,42439,thaddeusward
1166,Ricky Vanasco,Ricky Vanasco,23391,676568,42440,rickyvanasco
1167,Blake Walston,Blake Walston,26270,686796,42442,blakewalston
1168,Luis Frías,Luis Frias,21997,666818,42445,luisfrias
1169,Quinn Priester,Quinn Priester,25977,682990,42449,quinnpriester
1170,Joe Ryan,Joe Ryan,21390,657746,42450,joeryan
1171,Liover Peguero,Liover Peguero,24273,678894,42451,lioverpeguero
1172,Miguel Vargas,Miguel Vargas,20178,678246,42453,miguelvargas
1173,Heriberto Hernández,Heriberto Hernandez,24878,681715,42455,heribertohernandez
1174,Ezequiel Duran,Ezequiel Duran,23733,677649,42457,ezequielduran
1175,Andry Lara,Andry Lara,27967,691251,42459,andrylara
1176,Julio Carreras,Julio Carreras,sa3005598,,42460,juliocarreras
1177,Brenton Doyle,Brenton Doyle,25479,686668,42462,brentondoyle
1178,Gabriel Moreno,Gabriel Moreno,22664,672515,42464,gabrielmoreno
1179,Antoine Kelly,Antoine Kelly,sa3011135,,42467,antoinekelly
1180,Andy Pages,Andy Pages,24816,681624,42468,andypages
1181,Michael Harris II,Michael Harris II,25931,671739,42470,michaelharrisii
1182,Junior Perez,Junior Perez,sa3005744,,42471,juniorperez
1183,Osleivis Basabe,Osleivis Basabe,23985,,42474,osleivisbasabe
1184,Oswald Peraza,Oswald Peraza,22823,672724,42479,oswaldperaza
1185,Taj Bradley,Taj Bradley,22543,671737,42480,tajbradley
1186,Zack Thompson,Zack Thompson,25918,668868,42485,zackthompson
1187,Matthew Lugo,Matthew Lugo,25980,683090,42486,matthewlugo
1188,Tyler Callihan,Tyler Callihan,27497,682997,42487,tylercallihan
1189,Joey Cantillo,Joey Cantillo,23335,676282,42488,joeycantillo
1190,Emmanuel Rodriguez,Emmanuel Rodriguez,sa3014693,,42491,emmanuelrodriguez
1191,Hyun-il Choi,Hyun-il Choi,sa3009992,,42492,hyunilchoi
1192,Angel Martínez,Angel Martinez,26540,682657,42497,angelmartinez
1193,Kevin Alcántara,Kevin Alcantara,25971,682634,42500,kevinalcantara
1194,Rafael Morel,Rafael Morel,sa3009534,,42501,rafaelmorel
1195,Victor Bericoto,Victor Bericoto,sa3008767,,42502,victorbericoto
1196,Vaughn Grissom,Vaughn Grissom,26031,687093,42503,vaughngrissom
1197,Carlos Vargas,Carlos Vargas,22915,672841,42504,carlosvargas
1198,Gunnar Henderson,Gunnar Henderson,26289,683002,42507,gunnarhenderson
1199,Jordan Diaz,Jordan Diaz,22650,,42515,jordandiaz
1200,Nicholas Padilla,Nicholas Padilla,21327,,42522,nicholaspadilla
1201,Kyren Paris,Kyren Paris,26420,677347,42536,kyrenparis
1202,Shawn Dubin,Shawn Dubin,24977,681869,42540,shawndubin
1203,Seth Johnson,Seth Johnson,26020,686751,42542,sethjohnson
1204,Rece Hinds,Rece Hinds,27493,677956,42545,recehinds
1205,Max Lazar,Max Lazar,23426,676661,42546,maxlazar
1206,Anthony Volpe,Anthony Volpe,27647,683011,42547,anthonyvolpe
1207,Jhonkensy Noel,Jhonkensy Noel,24257,678877,42548,jhonkensynoel
1208,Jair Camargo,Jair Camargo,21730,665856,42551,jaircamargo
1209,AJ Blubaugh,AJ Blubaugh,31764,805123,42556,ajblubaugh
1210,Drew Rasmussen,Drew Rasmussen,25385,656876,42584,drewrasmussen
1211,Brett de Geus,Brett de Geus,23592,676969,42589,brettdegeus
1212,Lake Bachar,Lake Bachar,19222,669199,42592,lakebachar
1213,Tyler Zuber,Tyler Zuber,20379,676604,42596,tylerzuber
1214,Shea Langeliers,Shea Langeliers,25816,669127,42598,shealangeliers
1215,Griffin Jax,Griffin Jax,20253,643377,42604,griffinjax
1216,Pedro Pagés,Pedro Pages,25782,686780,42608,pedropages
1217,Josh Fleming,Josh Fleming,20418,676596,42615,joshfleming
1218,Nick Mears,Nick Mears,25376,683232,42620,nickmears
1219,Alex Vesia,Alex Vesia,25007,681911,42622,alexvesia
1220,Jerar Encarnacion,Jerar Encarnacion,21871,666464,42623,jerarencarnacion
1221,Penn Murfee,Penn Murfee,25174,682171,42631,pennmurfee
1222,Kaleb Ort,Kaleb Ort,20061,672391,42639,kalebort
1223,Brandon Lockridge,Brandon Lockridge,21496,663604,42641,brandonlockridge
1224,Joe Jacques,Joe Jacques,25178,682175,42654,joejacques
1225,Jake Mangum,Jake Mangum,26202,663968,42664,jakemangum
1226,Grae Kessinger,Grae Kessinger,25813,666197,42667,graekessinger
1227,Tayler Saucedo,Tayler Saucedo,17888,642048,42683,taylersaucedo
1228,Tsung-Che Cheng,Tsung-Che Cheng,28344,691907,42692,tsungchecheng
1229,Jason Foley,Jason Foley,19531,671345,42698,jasonfoley
1230,Ryan Kreidler,Ryan Kreidler,25867,668952,42701,ryankreidler
1231,Michael Stefanic,Michael Stefanic,25353,683021,42711,michaelstefanic
1232,Kerry Carpenter,Kerry Carpenter,25961,681481,42714,kerrycarpenter
1233,Justin Bruihl,Justin Bruihl,23779,677865,42735,justinbruihl
1234,Andre Lipcius,Andre Lipcius,25822,,42740,andrelipcius
1235,Seth Martinez,Seth Martinez,21045,661527,42742,sethmartinez
1236,DaShawn Keirsey Jr.,DaShawn Keirsey Jr.,24496,680577,42753,dashawnkeirseyjr
1237,Victor Acosta,Victor Acosta,sa3015705,,42780,victoracosta
1238,Kyle Stowers,Kyle Stowers,26151,669065,42796,kylestowers
1239,Maverick Handley,Maverick Handley,26106,668974,42801,maverickhandley
1240,Hobie Harris,Hobie Harris,18615,,42804,hobieharris
1241,Andrew Wantz,Andrew Wantz,24933,681806,42809,andrewwantz
1242,Bryan Ramos,Bryan Ramos,25621,682868,42822,bryanramos
1243,Davis Martin,Davis Martin,21448,663436,42823,davismartin
1244,Romy Gonzalez,Romy Gonzalez,21562,663853,42826,romygonzalez
1245,Johan Rojas,Johan Rojas,24336,679032,42829,johanrojas
1246,Nate Eaton,Nate Eaton,25055,681987,42845,nateeaton
1247,Austin Warren,Austin Warren,24937,681810,42848,austinwarren
1248,Devin Sweet,Devin Sweet,25348,,42851,devinsweet
1249,Jhony Brito,Jhony Brito,25386,666745,42864,jhonybrito
1250,Austin Shenton,Austin Shenton,25425,668853,42875,austinshenton
1251,Josh Smith,Josh Smith,26396,669701,42884,joshsmith
1252,Yoendrys Gómez,Yoendrys Gomez,22872,672782,42898,yoendrysgomez
1253,Clay Dungan,Clay Dungan,sa1169803,,42899,claydungan
1254,Kyle McCann,Kyle McCann,25575,668832,42901,kylemccann
1255,Cody Freeman,Cody Freeman,25629,683227,42925,codyfreeman
1256,Christopher Morel,Christopher Morel,21897,666624,42927,christophermorel
1257,Jared Triolo,Jared Triolo,25807,669707,42933,jaredtriolo
1258,Andrés Chaparro,Andres Chaparro,21797,665953,42949,andreschaparro
1259,Connor Kaiser,Connor Kaiser,21535,663731,42950,connorkaiser
1260,Joey Ortiz,Joey Ortiz,25493,687401,42958,joeyortiz
1261,Isaac Collins,Isaac Collins,25477,686555,42959,isaaccollins
1262,Matt Gorski,Matt Gorski,25855,685301,42962,mattgorski
1263,Jake Cousins,Jake Cousins,21620,664776,42964,jakecousins
1264,Gerson Garabito,Gerson Garabito,19835,642520,42966,gersongarabito
1265,Connor Overton,Connor Overton,18376,,42972,connoroverton
1266,Jackson Cluff,Jackson Cluff,sa3010342,,42974,jacksoncluff
1267,Nick Sogard,Nick Sogard,25483,686765,42979,nicksogard
1268,Matt Fraizer,Matt Fraizer,sa918983,,42980,mattfraizer
1269,Dominic Fletcher,Dominic Fletcher,26149,666150,42984,dominicfletcher
1270,Buddy Kennedy,Buddy Kennedy,22505,671083,42985,buddykennedy
1271,David Hamilton,David Hamilton,27531,666152,42987,davidhamilton
1272,Yonathan Perlaza,Yonathan Perlaza,sa917302,,42989,yonathanperlaza
1273,Hayden Wesneski,Hayden Wesneski,27581,669713,42996,haydenwesneski
1274,Josh Maciejewski,Josh Maciejewski,21310,656671,43004,joshmaciejewski
1275,Darell Hernaiz,Darell Hernaiz,26224,687231,43025,darellhernaiz
1276,Will Robertson,Will Robertson,25467,683770,43026,willrobertson
1277,Tyler Fitzgerald,Tyler Fitzgerald,26208,666149,43030,tylerfitzgerald
1278,David Villar,David Villar,24782,681584,43031,davidvillar
1279,Blake Hunt,Blake Hunt,sa3004153,,43035,blakehunt
1280,Dasan Brown,Dasan Brown,sa3011717,,43039,dasanbrown
1281,Cam Devanney,Cam Devanney,25688,687478,43393,camdevanney
1282,Jimmy Herron,Jimmy Herron,sa3008183,,43398,jimmyherron
1283,Cam Booser,Cam Booser,16061,592155,2560565,cambooser
1284,Justin Garza,Justin Garza,19784,621057,3033851,justingarza
1285,Bailey Ober,Bailey Ober,21224,641927,3107919,baileyober
1286,Zach Logue,Zach Logue,20231,656657,3166693,zachlogue
1287,Oliver Ortega,Oliver Ortega,21025,,3173726,oliverortega
1288,Collin Snider,Collin Snider,23307,676092,3183870,collinsnider
1289,Jacob Latz,Jacob Latz,21306,656641,3210625,jacoblatz
1290,Drew Avans,Drew Avans,25183,682183,3254447,drewavans
1291,Lucas Gilbreath,Lucas Gilbreath,21290,656458,3279496,lucasgilbreath
1292,Tylor Megill,Tylor Megill,21318,656731,3332018,tylormegill
1293,Jake Bird,Jake Bird,21267,656234,3459223,jakebird
1294,J.P. France,J.P. France,21212,641585,3662290,jpfrance
1295,Sean Guenther,Sean Guenther,20045,674944,3896017,seanguenther
1296,David Hensley,David Hensley,25111,682073,3898501,davidhensley
1297,James McArthur,James McArthur,21527,663704,3960883,jamesmcarthur
1298,Kevin Kopps,Kevin Kopps,sa3017005,,3960907,kevinkopps
1299,Isaiah Campbell,Isaiah Campbell,25551,663462,3960910,isaiahcampbell
1300,Jonah Bride,Jonah Bride,24703,681146,3960984,jonahbride
1301,Grant Wolfram,Grant Wolfram,21623,664991,3961066,grantwolfram
1302,Max Schuemann,Max Schuemann,24488,680474,3962127,maxschuemann
1303,Evan Kravetz,Evan Kravetz,27536,667478,3962703,evankravetz
1304,Riley Thompson,Riley Thompson,sa876287,,3962720,rileythompson
1305,Parker Mushinski,Parker Mushinski,21324,656786,3963032,parkermushinski
1306,Ethan Roberts,Ethan Roberts,24930,681799,3963340,ethanroberts
1307,Ryan Weiss,Ryan Weiss,sa3007778,,3964917,ryanweiss
1308,Reiss Knehr,Reiss Knehr,21541,,3965044,reissknehr
1309,Austin Kitchen,Austin Kitchen,27910,685116,3973766,austinkitchen
1310,Tristin English,Tristin English,26148,663536,3975795,tristinenglish
1311,Andrew Nardi,Andrew Nardi,25942,677053,3975840,andrewnardi
1312,Calvin Faucher,Calvin Faucher,20116,676534,3978173,calvinfaucher
1313,Tyler Holton,Tyler Holton,26231,663947,3983833,tylerholton
1314,Cole Sands,Cole Sands,21461,663485,3983841,colesands
1315,Edouard Julien,Edouard Julien,27534,666397,3985190,edouardjulien
1316,Evan Sisk,Evan Sisk,24995,681895,3994084,evansisk
1317,Hayden Senger,Hayden Senger,21489,663584,4009410,haydensenger
1318,Peter Strzelecki,Peter Strzelecki,21367,657265,4012625,peterstrzelecki
1319,Ryan Feltner,Ryan Feltner,21446,663372,4019484,ryanfeltner
1320,P.J. Poulin,P.J. Poulin,23394,,4019760,pjpoulin
1321,Noah Davis,Noah Davis,25862,663562,4019957,noahdavis
1322,Willie MacIver,Willie MacIver,24641,680862,4020015,williemaciver
1323,Matt Waldron,Matt Waldron,25550,663362,4020158,mattwaldron
1324,Zac Kristofak,Zac Kristofak,27585,670219,4081256,zackristofak
1325,T.J. Sikkema,T.J. Sikkema,sa3011191,,4081274,tjsikkema
1326,Matt Cronin,Matt Cronin,sa3011463,,4081400,mattcronin
1327,Blair Henley,Blair Henley,26190,668874,4081414,blairhenley
1328,Davis Daniel,Davis Daniel,27582,669721,4081461,davisdaniel
1329,Graham Ashcraft,Graham Ashcraft,27552,668933,4084179,grahamashcraft
1330,Chris Murphy,Chris Murphy,26214,669684,4084958,chrismurphy
1331,Caleb Freeman,Caleb Freeman,26255,673965,4085111,calebfreeman
1332,Grant Hartwig,Grant Hartwig,29946,701643,4085383,granthartwig
1333,Jacob Hurtubise,Jacob Hurtubise,27599,674441,4087123,jacobhurtubise
1334,Sawyer Gipson-Long,Sawyer Gipson-Long,26048,687830,4087614,sawyergipsonlong
1335,Will Brennan,Will Brennan,25660,686823,4088296,willbrennan
1336,Ha-Seong Kim,Ha-Seong Kim,27506,673490,4089862,haseongkim
1337,Christian Koss,Christian Koss,27653,683766,4109031,christiankoss
1338,Andre Pallante,Andre Pallante,26108,669467,4109034,andrepallante
1339,Vinnie Pasquantino,Vinnie Pasquantino,27676,686469,4109109,vinniepasquantino
1340,Michael Massey,Michael Massey,27684,686681,4109223,michaelmassey
1341,Shintaro Fujinami,Shintaro Fujinami,31839,,4142398,shintarofujinami
1342,Yuki Matsui,Yuki Matsui,33826,673513,4142414,yukimatsui
1343,Kodai Senga,Kodai Senga,31838,673540,4142421,kodaisenga
1344,Tomoyuki Sugano,Tomoyuki Sugano,35321,608372,4142423,tomoyukisugano
1345,Seiya Suzuki,Seiya Suzuki,30116,673548,4142424,seiyasuzuki
1346,Cody Bradford,Cody Bradford,27597,674003,4142539,codybradford
1347,Robert Suarez,Robert Suarez,30115,663158,4148749,robertsuarez
1348,Tyler Tolbert,Tyler Tolbert,25779,686475,4151063,tylertolbert
1349,Josh Simpson,Josh Simpson,25957,681006,4151347,joshsimpson
1350,Jack Little,Jack Little,26152,669193,4152948,jacklittle
1351,Erik Miller,Erik Miller,26252,669062,4152950,erikmiller
1352,Brady Basso,Brady Basso,25582,669620,4179551,bradybasso
1353,Jonathan Heasley,Jonathan Heasley,22224,669169,4179560,jonathanheasley
1354,Hunter Gaddis,Hunter Gaddis,25636,683769,4187661,huntergaddis
1355,Ken Waldichuk,Ken Waldichuk,27681,,4189711,kenwaldichuk
1356,Sam Benschoter,Sam Benschoter,sa3017639,,4190017,sambenschoter
1357,Xzavion Curry,Xzavion Curry,25595,675540,4204524,xzavioncurry
1358,Ryan Pepiot,Ryan Pepiot,26221,686752,4208281,ryanpepiot
1359,Gavin Hollowell,Gavin Hollowell,25427,668970,4208302,gavinhollowell
1360,Joe La Sorsa,Joe La Sorsa,25481,686747,4208304,joelasorsa
1361,Carson Ragsdale,Carson Ragsdale,27508,685068,4218871,carsonragsdale
1362,Kyle Backhus,Kyle Backhus,29615,679775,4221113,kylebackhus
1363,Nick Mikolajchak,Nick Mikolajchak,sa3010303,,4221118,nickmikolajchak
1364,Brandon Eisert,Brandon Eisert,27668,685126,4228247,brandoneisert
1365,Tyler Baum,Tyler Baum,sa1054042,,4228258,tylerbaum
1366,Caleb Knight,Caleb Knight,sa3008279,,4228296,calebknight
1367,Noah Murdock,Noah Murdock,27908,668716,4228299,noahmurdock
1368,Jimmy Endersby,Jimmy Endersby,sa3014921,,4228438,jimmyendersby
1369,Drew Millas,Drew Millas,25643,686452,4228448,drewmillas
1370,Spencer Horwitz,Spencer Horwitz,26477,687462,4228472,spencerhorwitz
1371,Tim Herrin,Tim Herrin,25139,682120,4228579,timherrin
1372,Anthony Maldonado,Anthony Maldonado,26034,687424,4228651,anthonymaldonado
1373,James Meeker,James Meeker,29891,703231,4228713,jamesmeeker
1374,Ron Marinaccio,Ron Marinaccio,23488,676760,4228723,ronmarinaccio
1375,Brandon Walter,Brandon Walter,26056,687888,4228724,brandonwalter
1376,Heston Kjerstad,Heston Kjerstad,31166,677008,4297758,hestonkjerstad
1377,Garrett Crochet,Garrett Crochet,27463,676979,4297835,garrettcrochet
1378,Hayden Harris,Hayden Harris,31913,802686,4297882,haydenharris
1379,Emerson Hancock,Emerson Hancock,27470,676106,4297897,emersonhancock
1380,Ryan Webb,Ryan Webb,sa3018280,,4297904,ryanwebb
1381,Tommy Mace,Tommy Mace,sa3018140,,4297927,tommymace
1382,Bryce Jarvis,Bryce Jarvis,27477,686826,4297972,brycejarvis
1383,Joey Loperfido,Joey Loperfido,29630,694388,4297976,joeyloperfido
1384,Matt Mervis,Matt Mervis,27845,670223,4297978,mattmervis
1385,Jake Eder,Jake Eder,27590,671109,4297994,jakeeder
1386,Austin Martin,Austin Martin,27462,668885,4297998,austinmartin
1387,Joe Boyle,Joe Boyle,29608,671212,4298087,joeboyle
1388,Niko Kavadas,Niko Kavadas,29782,694359,4298095,nikokavadas
1389,Zach DeLoach,Zach DeLoach,27471,676113,4298327,zachdeloach
1390,Asa Lacy,Asa Lacy,sa3014423,,4298334,asalacy
1391,Christian Roa,Christian Roa,27662,685005,4298336,christianroa
1392,Dustin Saenz,Dustin Saenz,sa3017610,,4298337,dustinsaenz
1393,Carmen Mlodzinski,Carmen Mlodzinski,27572,669387,4298378,carmenmlodzinski
1394,Josh Winder,Josh Winder,24606,680739,4298418,joshwinder
1395,Brendan White,Brendan White,26024,,4298477,brendanwhite
1396,Freddy Zamora,Freddy Zamora,sa3014500,,4298516,freddyzamora
1397,Tanner Burns,Tanner Burns,sa3014451,,4298587,tannerburns
1398,Justin Foscue,Justin Foscue,27501,679822,4298639,justinfoscue
1399,Jordan Westburg,Jordan Westburg,27815,676059,4298641,jordanwestburg
1400,Eric Orze,Eric Orze,27626,679358,4299966,ericorze
1401,Andrew Alvarez,Andrew Alvarez,29914,674841,4300668,andrewalvarez
1402,Brendan Cellucci,Brendan Cellucci,sa3011710,,4300831,brendancellucci
1403,Tyler Mattison,Tyler Mattison,sa3018117,,4300972,tylermattison
1404,Bryce Elder,Bryce Elder,27779,693821,4301067,bryceelder
1405,Eric Yang,Eric Yang,27698,687066,4301159,ericyang
1406,Casey Schmitt,Casey Schmitt,27577,669477,4301949,caseyschmitt
1407,Kyle Hurt,Kyle Hurt,27514,669165,4306800,kylehurt
1408,Justin Sterner,Justin Sterner,27694,686993,4307467,justinsterner
1409,Spencer Strider,Spencer Strider,27498,675911,4307825,spencerstrider
1410,Bryce Teodosio,Bryce Teodosio,29524,669326,4307826,bryceteodosio
1411,Cade Cavalli,Cade Cavalli,27473,676917,4308037,cadecavalli
1412,Nick Robertson,Nick Robertson,26226,687798,4311413,nickrobertson
1413,Kyle Bradish,Kyle Bradish,24586,680694,4311625,kylebradish
1414,Nick Gonzales,Nick Gonzales,27490,693304,4311634,nickgonzales
1415,Clayton Beeter,Clayton Beeter,27494,690925,4313143,claytonbeeter
1416,Will Klein,Will Klein,27787,694361,4313163,willklein
1417,Paxton Schultz,Paxton Schultz,25501,687606,4313208,paxtonschultz
1418,Garrett Mitchell,Garrett Mitchell,27555,669003,4313442,garrettmitchell
1419,Nick Loftin,Nick Loftin,27630,679845,4314013,nickloftin
1420,Luke Waddell,Luke Waddell,sa3017075,,4315289,lukewaddell
1421,Carson McCusker,Carson McCusker,33098,676812,4326103,carsonmccusker
1422,Reid Detmers,Reid Detmers,27468,672282,4326697,reiddetmers
1423,Bobby Miller,Bobby Miller,27483,676272,4326703,bobbymiller
1424,Ben Casparius,Ben Casparius,30085,676508,4326800,bencasparius
1425,Cooper Criswell,Cooper Criswell,24975,681867,4326801,coopercriswell
1426,Austin Love,Austin Love,sa3017609,,4326807,austinlove
1427,Alec Burleson,Alec Burleson,27615,676475,4345070,alecburleson
1428,Gavin Williams,Gavin Williams,30122,668909,4345076,gavinwilliams
1429,Max Meyer,Max Meyer,27474,676974,4345164,maxmeyer
1430,Brendan Beck,Brendan Beck,sa3020680,,4345190,brendanbeck
1431,Tim Tawa,Tim Tawa,29571,694374,4345192,timtawa
1432,Tanner Bibee,Tanner Bibee,30134,676440,4345278,tannerbibee
1433,Greg Jones,Greg Jones,25448,675659,4345396,gregjones
1434,Landen Roupp,Landen Roupp,30076,694738,4345404,landenroupp
1435,Dillon Dingler,Dillon Dingler,27464,693307,4345620,dillondingler
1436,Dominic Canzone,Dominic Canzone,26438,686527,4345621,dominiccanzone
1437,Jacob Wallace,Jacob Wallace,sa3010374,,4345696,jacobwallace
1438,Patrick Bailey,Patrick Bailey,27478,672275,4345843,patrickbailey
1439,Evan Justice,Evan Justice,30008,687145,4345849,evanjustice
1440,Allan Winans,Allan Winans,21238,642216,4345949,allanwinans
1441,Troy Johnston,Troy Johnston,26143,687859,4346111,troyjohnston
1442,Casey Legumina,Casey Legumina,25921,668984,4346117,caseylegumina
1443,Alek Jacob,Alek Jacob,29628,689690,4346118,alekjacob
1444,Braiden Ward,Braiden Ward,sa3017332,,4346317,braidenward
1445,Stevie Emanuels,Stevie Emanuels,sa3014698,,4346328,stevieemanuels
1446,Kody Funderburk,Kody Funderburk,24993,681892,4348166,kodyfunderburk
1447,Yariel Rodríguez,Yariel Rodriguez,33838,684320,4411979,yarielrodriguez
1448,Cole Wilcox,Cole Wilcox,27481,677961,4413868,colewilcox
1449,Will Wagner,Will Wagner,29634,695238,4413898,willwagner
1450,Wes Clarke,Wes Clarke,sa3017045,,4413905,wesclarke
1451,Max Ferguson,Max Ferguson,sa3016819,,4413977,maxferguson
1452,Tanner Kohlhepp,Tanner Kohlhepp,sa3022238,,4413980,tannerkohlhepp
1453,Trey Lipscomb,Trey Lipscomb,31567,702358,4413982,treylipscomb
1454,Chase Silseth,Chase Silseth,30074,681217,4413990,chasesilseth
1455,Eric Cerantola,Eric Cerantola,sa3017914,,4413997,ericcerantola
1456,J.T. Ginn,J.T. Ginn,27889,669372,4414002,jtginn
1457,Tyler Gentry,Tyler Gentry,27784,694355,4414108,tylergentry
1458,Chase Lee,Chase Lee,29574,695445,4414112,chaselee
1459,Dylan Smith,Dylan Smith,30145,681916,4414123,dylansmith
1460,Gunnar Hoglund,Gunnar Hoglund,31318,680684,4414154,gunnarhoglund
1461,Doug Nikhazy,Doug Nikhazy,30142,680951,4414160,dougnikhazy
1462,Quincy Hamilton,Quincy Hamilton,sa3017215,,4414180,quincyhamilton
1463,Tyler Black,Tyler Black,29949,672012,4414183,tylerblack
1464,Jud Fabian,Jud Fabian,sa3019942,,4414207,judfabian
1465,Jacob Young,Jacob Young,29931,696285,4414210,jacobyoung
1466,Christian Scott,Christian Scott,30107,681035,4414215,christianscott
1467,Ryan Bliss,Ryan Bliss,29547,669208,4414241,ryanbliss
1468,Richard Fitts,Richard Fitts,30160,690916,4414243,richardfitts
1469,Bailey Horn,Bailey Horn,27753,690544,4414247,baileyhorn
1470,Brandon Young,Brandon Young,27819,687064,4414339,brandonyoung
1471,Ty Madden,Ty Madden,30140,680744,4414347,tymadden
1472,Cole Henry,Cole Henry,27570,669371,4414361,colehenry
1473,Jaden Hill,Jaden Hill,30250,677955,4414362,jadenhill
1474,Kumar Rocker,Kumar Rocker,31843,677958,4414525,kumarrocker
1475,Andrew Abbott,Andrew Abbott,29911,671096,4414528,andrewabbott
1476,Zack Gelof,Zack Gelof,29766,680869,4414531,zackgelof
1477,Griff McGarry,Griff McGarry,sa3017130,,4414539,griffmcgarry
1478,Mike Vasil,Mike Vasil,30105,678024,4414551,mikevasil
1479,Christian Franklin,Christian Franklin,sa3017510,,4414623,christianfranklin
1480,Trey Sweeney,Trey Sweeney,29575,700242,4414687,treysweeney
1481,McCade Brown,McCade Brown,30004,685326,4415654,mccadebrown
1482,Tanner Gordon,Tanner Gordon,27669,685299,4415658,tannergordon
1483,Drey Jameson,Drey Jameson,26260,686753,4415753,dreyjameson
1484,Chayce McDermott,Chayce McDermott,29866,694646,4415756,chaycemcdermott
1485,Kyle Nicolas,Kyle Nicolas,27775,693312,4415762,kylenicolas
1486,Hunter Dobbins,Hunter Dobbins,30240,690928,4415836,hunterdobbins
1487,Hudson Haskin,Hudson Haskin,sa3014449,,4415854,hudsonhaskin
1488,Tyler McDonough,Tyler McDonough,sa3016869,,4416280,tylermcdonough
1489,Luca Tresh,Luca Tresh,sa3017394,,4416289,lucatresh
1490,Dylan Dodd,Dylan Dodd,29928,689266,4416462,dylandodd
1491,Wade Stauss,Wade Stauss,sa3017000,,4416478,wadestauss
1492,Hunter Goodman,Hunter Goodman,29715,696100,4416591,huntergoodman
1493,Colton Cowser,Colton Cowser,29591,681297,4416990,coltoncowser
1494,Joey Wiemer,Joey Wiemer,27690,686894,4417134,joeywiemer
1495,Justin Wrobleski,Justin Wrobleski,31204,680736,4417203,justinwrobleski
1496,Noah Cameron,Noah Cameron,30184,702070,4417208,noahcameron
1497,Gavin Stone,Gavin Stone,27792,694813,4417230,gavinstone
1498,Ethan Wilson,Ethan Wilson,sa3060939,,4417251,ethanwilson
1499,Craig Yoho,Craig Yoho,33248,684974,4417465,craigyoho
1500,Connor Norby,Connor Norby,29592,681393,4417606,connornorby
1501,Sal Frelick,Sal Frelick,29622,686217,4417795,salfrelick
1502,Cody Morissette,Cody Morissette,sa3017158,,4417804,codymorissette
1503,Emmet Sheehan,Emmet Sheehan,29839,686218,4417806,emmetsheehan
1504,Landon Knack,Landon Knack,27487,689017,4417826,landonknack
1505,John Rave,John Rave,26284,670231,4418140,johnrave
1506,Ryan Jensen,Ryan Jensen,sa3011496,,4418199,ryanjensen
1507,Darren Baker,Darren Baker,29912,671117,4418331,darrenbaker
1508,Grant Holman,Grant Holman,30002,680880,4418343,grantholman
1509,Korey Lee,Korey Lee,25543,686676,4418346,koreylee
1510,Alex Binelas,Alex Binelas,sa3017044,,4418681,alexbinelas
1511,Henry Davis,Henry Davis,29617,680779,4418683,henrydavis
1512,Jack Perkins,Jack Perkins,31468,678022,4418686,jackperkins
1513,Amos Willingham,Amos Willingham,26128,686294,4420170,amoswillingham
1514,Will Dion,Will Dion,sa3017850,,4420174,willdion
1515,Carson Seymour,Carson Seymour,30084,693313,4420745,carsonseymour
1516,Jordan Wicks,Jordan Wicks,30094,696136,4420749,jordanwicks
1517,Isaac Coffey,Isaac Coffey,sa3020222,,4421205,isaaccoffey
1518,RJ Petit,RJ Petit,sa3017848,,4421878,rjpetit
1519,Matt McLain,Matt McLain,29695,680574,4422899,mattmclain
1520,Nick Nastrini,Nick Nastrini,29833,680897,4422905,nicknastrini
1521,Jeff Criswell,Jeff Criswell,27608,676105,4423332,jeffcriswell
1522,Tommy Henry,Tommy Henry,26285,674072,4423337,tommyhenry
1523,Wade Meckler,Wade Meckler,31490,,4424090,wademeckler
1524,Mason Montgomery,Mason Montgomery,29770,682254,4424112,masonmontgomery
1525,Michael McGreevy,Michael McGreevy,29869,700241,4424141,michaelmcgreevy
1526,Aaron Sabato,Aaron Sabato,sa3014494,,4424246,aaronsabato
1527,Alec Marsh,Alec Marsh,27451,679525,4424276,alecmarsh
1528,Drew Swift,Drew Swift,sa3017281,,4424283,drewswift
1529,Spencer Torkelson,Spencer Torkelson,27465,679529,4424286,spencertorkelson
1530,Alika Williams,Alika Williams,27604,675961,4424289,alikawilliams
1531,Gage Workman,Gage Workman,27573,669398,4424290,gageworkman
1532,Alan Roden,Alan Roden,31564,702176,4424368,alanroden
1533,Nate Lavender,Nate Lavender,sa3017917,,4424442,natelavender
1534,Garrett Acton,Garrett Acton,27583,670183,4424444,garrettacton
1535,Brooks Baldwin,Brooks Baldwin,31394,681460,4424742,brooksbaldwin
1536,Spencer Schwellenbach,Spencer Schwellenbach,31846,680885,4424862,spencerschwellenbach
1537,Garrett McDaniels,Garrett McDaniels,31751,680729,4424931,garrettmcdaniels
1538,Travis Adams,Travis Adams,30180,701519,4424951,travisadams
1539,Nick Frasso,Nick Frasso,sa3014492,,4425127,nickfrasso
1540,Nolan McLean,Nolan McLean,33703,690997,4433874,nolanmclean
1541,Lars Nootbaar,Lars Nootbaar,21454,663457,4448736,larsnootbaar
1542,Jordan Beck,Jordan Beck,31431,687597,4619460,jordanbeck
1543,Drew Gilbert,Drew Gilbert,31545,687551,4619467,drewgilbert
1544,Will Bednar,Will Bednar,sa3017844,,4619495,willbednar
1545,Chase DeLauter,Chase DeLauter,32127,,4619649,chasedelauter
1546,Dalton Rushing,Dalton Rushing,31382,687221,4619839,daltonrushing
1547,Parker Messick,Parker Messick,31986,800048,4619898,parkermessick
1548,Connor Prielipp,Connor Prielipp,sa3020808,,4620001,connorprielipp
1549,Jonathan Cannon,Jonathan Cannon,31730,686563,4620398,jonathancannon
1550,Hunter Barco,Hunter Barco,33174,682995,4621029,hunterbarco
1551,Nathan Hickey,Nathan Hickey,sa3017398,,4621034,nathanhickey
1552,Brandon Sproat,Brandon Sproat,33850,687075,4621041,brandonsproat
1553,Alex McFarlane,Alex McFarlane,sa3020633,,4621422,alexmcfarlane
1554,Carson Palmquist,Carson Palmquist,31612,687223,4621424,carsonpalmquist
1555,Sam Bachman,Sam Bachman,29754,696147,4621489,sambachman
1556,Jack Leiter,Jack Leiter,30146,683004,4622181,jackleiter
1557,Mason Fluharty,Mason Fluharty,31553,689254,4622501,masonfluharty
1558,Graham Pauley,Graham Pauley,31363,688363,4622931,grahampauley
1559,Henry Williams,Henry Williams,sa3020901,,4622936,henrywilliams
1560,Ryan Cusick,Ryan Cusick,sa3017385,,4623349,ryancusick
1561,Bob Seymour,Bob Seymour,30028,676044,4623365,bobseymour
1562,Jared Shuster,Jared Shuster,27472,694363,4623366,jaredshuster
1563,Carson Whisenhunt,Carson Whisenhunt,31676,687931,4626232,carsonwhisenhunt
1564,Ben Williamson,Ben Williamson,33197,810938,4626239,benwilliamson
1565,Brooks Lee,Brooks Lee,31595,686797,4629081,brookslee
1566,Drew Thorpe,Drew Thorpe,31967,689672,4629086,drewthorpe
1567,Bryan Woo,Bryan Woo,30279,693433,4629089,bryanwoo
1568,Orion Kerkering,Orion Kerkering,31776,689147,4630789,orionkerkering
1569,Gabriel Hughes,Gabriel Hughes,sa3020661,,4634930,gabrielhughes
1570,Justin Boyd,Justin Boyd,sa3020123,,4635325,justinboyd
1571,Cooper Hjerpe,Cooper Hjerpe,sa3020736,,4635332,cooperhjerpe
1572,Jacob Melton,Jacob Melton,31661,689200,4635337,jacobmelton
1573,Reed Trimble,Reed Trimble,sa3017180,,4644739,reedtrimble
1574,Matt Svanson,Matt Svanson,29629,694335,4649953,mattsvanson
1575,Blake Dunn,Blake Dunn,29487,694362,4650237,blakedunn
1576,Bryce Miller,Bryce Miller,29837,682243,4654313,brycemiller
1577,Colby Thomas,Colby Thomas,31855,687515,4662616,colbythomas
1578,Zach Neto,Zach Neto,31347,687263,4666100,zachneto
1579,Ian Seymour,Ian Seymour,27932,693855,4669425,ianseymour
1580,Peyton Alford,Peyton Alford,sa3016843,,4669438,peytonalford
1581,Rhylan Thomas,Rhylan Thomas,31793,689041,4672794,rhylanthomas
1582,Pierson Ohl,Pierson Ohl,30179,701487,4678659,piersonohl
1583,Chandler Simpson,Chandler Simpson,31912,802415,4679983,chandlersimpson
1584,Bubba Chandler,Bubba Chandler,29868,696149,4683325,bubbachandler
1585,Austin Wells,Austin Wells,27562,669224,4683349,austinwells
1586,Shay Whitcomb,Shay Whitcomb,27789,694376,4683352,shaywhitcomb
1587,Luke Little,Luke Little,28036,681432,4683355,lukelittle
1588,Mitchell Parker,Mitchell Parker,27636,680730,4683356,mitchellparker
1589,Masyn Winn,Masyn Winn,27479,691026,4683365,masynwinn
1590,Sterlin Thompson,Sterlin Thompson,sa3019999,,4683366,sterlinthompson
1591,Enrique Bradfield Jr.,Enrique Bradfield Jr.,sa3022917,,4683367,enriquebradfieldjr
1592,Beck Way,Beck Way,sa3014462,,4683369,beckway
1593,Coby Mayo,Coby Mayo,28312,691723,4683371,cobymayo
1594,Chase Davis,Chase Davis,sa3022426,690971,4683374,chasedavis
1595,Kyle Harrison,Kyle Harrison,27758,690986,4683375,kyleharrison
1596,Yohandy Morales,Yohandy Morales,sa3022672,,4683376,yohandymorales
1597,Nick Yorke,Nick Yorke,27504,694377,4683379,nickyorke
1598,Jackson Miller,Jackson Miller,sa3065575,,4683380,jacksonmiller
1599,Colt Keith,Colt Keith,27899,690993,4683384,coltkeith
1600,Kevin Parada,Kevin Parada,sa3020575,,4683392,kevinparada
1601,Joan Adon,Joan Adon,22925,672851,4684360,joanadon
1602,Andre Jackson,Andre Jackson,21298,,4684364,andrejackson
1603,Max Kranick,Max Kranick,22175,668820,4684369,maxkranick
1604,Robert Hassell III,Robert Hassell III,27482,690987,4684371,roberthasselliii
1605,Jordan Walker,Jordan Walker,27475,691023,4684778,jordanwalker
1606,Malcom Nunez,Malcom Nunez,sa3008113,,4684779,malcomnunez
1607,Dylan File,Dylan File,sa3004197,,4684829,dylanfile
1608,Garrett Stallings,Garrett Stallings,sa3014457,,4686059,garrettstallings
1609,Tyler Soderstrom,Tyler Soderstrom,27467,691016,4686066,tylersoderstrom
1610,Cade Horton,Cade Horton,31872,690990,4692526,cadehorton
1611,Angel Zerpa,Angel Zerpa,22717,672582,4705673,angelzerpa
1612,Helcris Olivarez,Helcris Olivarez,sa3002965,,4705676,helcrisolivarez
1613,Bailey Falter,Bailey Falter,20070,663559,4705677,baileyfalter
1614,Mason Thompson,Mason Thompson,21850,666168,4705678,masonthompson
1615,Jose Corniell,Jose Corniell,27984,692030,4710478,josecorniell
1616,Endy Rodríguez,Endy Rodriguez,25332,682848,4712767,endyrodriguez
1617,Josh Winckowski,Josh Winckowski,22387,670174,4713488,joshwinckowski
1618,Colin Barber,Colin Barber,sa3010696,,4717802,colinbarber
1619,Hunter Brown,Hunter Brown,25880,686613,4717803,hunterbrown
1620,Kervin Castro,Kervin Castro,21656,,4717832,kervincastro
1621,Pete Crow-Armstrong,Pete Crow-Armstrong,27769,691718,4717833,petecrowarmstrong
1622,Yerry De los Santos,Yerry De los Santos,21420,660787,4717834,yerrydelossantos
1623,Jagger Haynes,Jagger Haynes,sa3020876,,4717838,jaggerhaynes
1624,Pedro León,Pedro Leon,27781,694175,4717898,pedroleon
1625,Dedniel Núñez,Dedniel Nunez,23055,673380,4717899,dednielnunez
1626,Alex Santos II,Alex Santos II,sa3014684,,4717902,alexsantosii
1627,Zac Veen,Zac Veen,27770,691728,4717903,zacveen
1628,Tyler Wells,Tyler Wells,20000,669330,4717904,tylerwells
1629,Yosver Zulueta,Yosver Zulueta,27765,691172,4717905,yosverzulueta
1630,Justyn-Henry Malloy,Justyn-Henry Malloy,29606,669234,4718623,justynhenrymalloy
1631,Mick Abel,Mick Abel,27756,690953,4718970,mickabel
1632,Chase Dollander,Chase Dollander,33482,801403,4719068,chasedollander
1633,Blade Tidwell,Blade Tidwell,31701,694918,4719088,bladetidwell
1634,Jacob Wilson,Jacob Wilson,33266,805779,4719300,jacobwilson
1635,Franco Aleman,Franco Aleman,sa3018178,,4719319,francoaleman
1636,Wyatt Langford,Wyatt Langford,33333,694671,4719324,wyattlangford
1637,CJ Kayfus,CJ Kayfus,33704,,4719337,cjkayfus
1638,Paul Skenes,Paul Skenes,33677,694973,4719507,paulskenes
1639,Dylan Crews,Dylan Crews,33541,686611,4719511,dylancrews
1640,Ty Floyd,Ty Floyd,sa3031488,,4719514,tyfloyd
1641,Brayan Bello,Brayan Bello,23920,678394,4720856,brayanbello
1642,Bradley Blalock,Bradley Blalock,26419,687134,4720860,bradleyblalock
1643,Miguel Bleis,Miguel Bleis,sa3016834,,4720888,miguelbleis
1644,Raymond Burgos,Raymond Burgos,22370,670103,4720890,raymondburgos
1645,Jacob Gonzalez,Jacob Gonzalez,sa3022498,,4720990,jacobgonzalez
1646,Kemp Alderman,Kemp Alderman,sa3022562,,4720993,kempalderman
1647,Cayden Wallace,Cayden Wallace,sa3019996,,4721026,caydenwallace
1648,Jaxon Wiggins,Jaxon Wiggins,sa3023635,,4721030,jaxonwiggins
1649,Jace Jung,Jace Jung,31437,690291,4721040,jacejung
1650,Patrick Monteverde,Patrick Monteverde,29564,687287,4721043,patrickmonteverde
1651,Levi Wells,Levi Wells,sa3023441,,4721046,leviwells
1652,Brandon Pfaadt,Brandon Pfaadt,27782,694297,4721302,brandonpfaadt
1653,Cooper Bowman,Cooper Bowman,sa3016966,,4721314,cooperbowman
1654,Guillo Zuñiga,Guillo Zuniga,19588,670871,4721999,guillozuniga
1655,Ryan Zeferjahn,Ryan Zeferjahn,25420,666171,4722057,ryanzeferjahn
1656,Victor Vodnik,Victor Vodnik,24614,680767,4722599,victorvodnik
1657,Jorbit Vivas,Jorbit Vivas,23917,678391,4722676,jorbitvivas
1658,Randy Vásquez,Randy Vasquez,24719,681190,4722847,randyvasquez
1659,Yordys Valdes,Yordys Valdes,sa3010037,,4722850,yordysvaldes
1660,Milan Tolentino,Milan Tolentino,sa3014544,,4722856,milantolentino
1661,Spencer Steer,Spencer Steer,26323,668715,4722857,spencersteer
1662,Eduardo Salazar,Eduardo Salazar,23135,674285,4722862,eduardosalazar
1663,Jorge Rodriguez,Jorge Rodriguez,sa3040989,,4722880,jorgerodriguez
1664,Sem Robberse,Sem Robberse,sa3011735,,4722889,semrobberse
1665,Marco Raya,Marco Raya,sa3014550,,4722894,marcoraya
1666,Luis Perales,Luis Perales,sa3014677,,4722916,luisperales
1667,Joel Peguero,Joel Peguero,21951,666711,4722917,joelpeguero
1668,Jayden Murray,Jayden Murray,26482,681151,4722919,jaydenmurray
1669,Juan Morillo,Juan Morillo,21924,666661,4722925,juanmorillo
1670,Jovani Morán,Jovani Moran,20422,663558,4722926,jovanimoran
1671,Luis Mey,Luis Mey,25620,682825,4722939,luismey
1672,Luis Matos,Luis Matos,26467,682641,4722941,luismatos
1673,Logan Driscoll,Logan Driscoll,25475,686482,4722942,logandriscoll
1674,Blaze Jordan,Blaze Jordan,sa3014537,,4722953,blazejordan
1675,Ivan Johnson,Ivan Johnson,sa1169627,,4722954,ivanjohnson
1676,Carlos Duran,Carlos Duran,24458,679922,4722955,carlosduran
1677,Angel Felipe,Angel Felipe,21163,,4722956,angelfelipe
1678,Daysbel Hernández,Daysbel Hernandez,20271,678226,4722960,daysbelhernandez
1679,Petey Halpin,Petey Halpin,27931,690984,4722962,peteyhalpin
1680,Antonio Gomez,Antonio Gomez,sa3008746,,4722970,antoniogomez
1681,Angel Genao,Angel Genao,sa3015706,,4722972,angelgenao
1682,Javier Vaz,Javier Vaz,sa3019906,,4723144,javiervaz
1683,Liam Hicks,Liam Hicks,29844,689414,4725251,liamhicks
1684,Spencer Arrighetti,Spencer Arrighetti,29921,681293,4726080,spencerarrighetti
1685,Alex Freeland,Alex Freeland,31665,690976,4727589,alexfreeland
1686,Nasim Nuñez,Nasim Nunez,25979,683083,4728688,nasimnunez
1687,Cody Poteet,Cody Poteet,18769,547001,4728692,codypoteet
1688,Mason Miller,Mason Miller,31757,695243,4730225,masonmiller
1689,Reese Olson,Reese Olson,24968,681857,4734319,reeseolson
1690,Bowden Francis,Bowden Francis,20548,670102,4734325,bowdenfrancis
1691,Thomas Harrington,Thomas Harrington,31989,802419,4736800,thomasharrington
1692,Nolan Schanuel,Nolan Schanuel,33189,694384,4739755,nolanschanuel
1693,Hurston Waldrep,Hurston Waldrep,33527,694462,4740117,hurstonwaldrep
1694,Dominic Hamel,Dominic Hamel,30153,,4742103,dominichamel
1695,Kyle Teel,Kyle Teel,33549,691019,4743772,kyleteel
1696,Jimmy Crooks,Jimmy Crooks,31354,699625,4749675,jimmycrooks
1697,Jacob Berry,Jacob Berry,sa3019825,,4751529,jacobberry
1698,Daniel Susac,Daniel Susac,sa3019997,,4751554,danielsusac
1699,Rhett Lowder,Rhett Lowder,33876,695076,4758873,rhettlowder
1700,Brock Wilken,Brock Wilken,sa3022499,,4758886,brockwilken
1701,Yainer Diaz,Yainer Diaz,23003,673237,4781491,yainerdiaz
1702,Zebby Matthews,Zebby Matthews,31827,805673,4791597,zebbymatthews
1703,Ivan Melendez,Ivan Melendez,sa3019859,,4791787,ivanmelendez
1704,Victor Scott II,Victor Scott II,31349,687363,4807220,victorscottii
1705,Drake Baldwin,Drake Baldwin,31539,686948,4810190,drakebaldwin
1706,Brayden Taylor,Brayden Taylor,sa3022921,,4826610,braydentaylor
1707,Aaron Zavala,Aaron Zavala,sa3017665,,4832161,aaronzavala
1708,Tommy Troy,Tommy Troy,sa3022561,,4837403,tommytroy
1709,Quinn Mathews,Quinn Mathews,sa3023407,,4837405,quinnmathews
1710,Brock Jones,Brock Jones,sa3020190,,4837415,brockjones
1711,Max Anderson,Max Anderson,sa3022567,,4838090,maxanderson
1712,Brice Matthews,Brice Matthews,33280,694728,4838117,bricematthews
1713,Cal Conley,Cal Conley,sa3017080,,4838352,calconley
1714,Nathan Church,Nathan Church,31357,701675,4843048,nathanchurch
1715,Connelly Early,Connelly Early,33666,813349,4863321,connellyearly
1716,Tyler Locklear,Tyler Locklear,31396,682988,4866477,tylerlocklear
1717,Jakob Marsee,Jakob Marsee,31370,805300,4866735,jakobmarsee
1718,Brad Lord,Brad Lord,31972,695418,4866810,bradlord
1719,Ben Joyce,Ben Joyce,31461,690829,4867388,benjoyce
1720,Spencer Jones,Spencer Jones,sa3019969,,4867424,spencerjones
1721,Reggie Crawford,Reggie Crawford,sa3020457,,4867505,reggiecrawford
1722,Matt Shaw,Matt Shaw,33322,807713,4867667,mattshaw
1723,Sean Burke,Sean Burke,29878,680732,4867679,seanburke
1724,Colin Houck,Colin Houck,sa3022964,,4870825,colinhouck
1725,Yoshinobu Yamamoto,Yoshinobu Yamamoto,33825,808967,4872587,yoshinobuyamamoto
1726,Munetaka Murakami,Munetaka Murakami,sa3063258,,4872595,munetakamurakami
1727,Masataka Yoshida,Masataka Yoshida,31837,807799,4872598,masatakayoshida
1728,Jackson Jobe,Jackson Jobe,30203,695549,4872647,jacksonjobe
1729,Marcelo Mayer,Marcelo Mayer,29668,691785,4872648,marcelomayer
1730,Jordan Lawlar,Jordan Lawlar,29976,691783,4872649,jordanlawlar
1731,Benny Montgomery,Benny Montgomery,sa3017169,,4872657,bennymontgomery
1732,Brady House,Brady House,29993,691781,4872681,bradyhouse
1733,Harry Ford,Harry Ford,29958,695670,4872682,harryford
1734,Andrew Painter,Andrew Painter,sa3017880,,4872683,andrewpainter
1735,Kahlil Watson,Kahlil Watson,sa3017513,,4872684,kahlilwatson
1736,Colson Montgomery,Colson Montgomery,29712,695657,4872685,colsonmontgomery
1737,Chase Petty,Chase Petty,30170,695534,4872687,chasepetty
1738,Jackson Merrill,Jackson Merrill,29490,701538,4872691,jacksonmerrill
1739,Carson Williams,Carson Williams,30038,700246,4872692,carsonwilliams
1740,Joe Mack,Joe Mack,sa3017374,,4872695,joemack
1741,Cooper Kinney,Cooper Kinney,sa3017793,,4872697,cooperkinney
1742,Daniel Palencia,Daniel Palencia,27914,694037,4875225,danielpalencia
1743,Caleb Kilian,Caleb Kilian,26213,668873,4875969,calebkilian
1744,José Marte,Jose Marte,21761,665896,4875970,josemarte
1745,Elvis Peguero,Elvis Peguero,21652,665625,4881978,elvispeguero
1746,Janson Junk,Janson Junk,23301,676083,4881980,jansonjunk
1747,Kyle Tyler,Kyle Tyler,22092,667725,4883501,kyletyler
1748,Matt Brash,Matt Brash,25756,666374,4894467,mattbrash
1749,Juan Yepez,Juan Yepez,18400,660766,4895558,juanyepez
1750,Evan Reifert,Evan Reifert,sa3014860,,4904087,evanreifert
1751,Félix Bautista,Felix Bautista,20666,642585,4905859,felixbautista
1752,Logan Gillaspie,Logan Gillaspie,22461,670810,4905860,logangillaspie
1753,Nate Webb,Nate Webb,sa918814,,4905883,natewebb
1754,Maikel Garcia,Maikel Garcia,22715,672580,4905884,maikelgarcia
1755,José Buttó,Jose Butto,23313,676130,4905900,josebutto
1756,Eddys Leonard,Eddys Leonard,sa3005554,,4905904,eddysleonard
1757,Ezequiel Tovar,Ezequiel Tovar,24064,678662,4905919,ezequieltovar
1758,Alexis Díaz,Alexis Diaz,21132,664747,4905920,alexisdiaz
1759,Junior Caminero,Junior Caminero,28163,691406,4905921,juniorcaminero
1760,Jonathan Bermúdez,Jonathan Bermudez,21241,642834,4905922,jonathanbermudez
1761,Ronny Henriquez,Ronny Henriquez,24094,678692,4905923,ronnyhenriquez
1762,Jorge Juan,Jorge Juan,sa3005826,,4905924,jorgejuan
1763,Ronny Simon,Ronny Simon,25346,682927,4912412,ronnysimon
1764,Ryne Nelson,Ryne Nelson,26253,669194,4916269,rynenelson
1765,Huascar Brazobán,Huascar Brazoban,6107,623211,4916509,huascarbrazoban
1766,Alejandro Osuna,Alejandro Osuna,27915,696030,4916547,alejandroosuna
1767,Yaramil Hiraldo,Yaramil Hiraldo,25215,682274,4916585,yaramilhiraldo
1768,Jacob Steinmetz,Jacob Steinmetz,sa3017976,,4917629,jacobsteinmetz
1769,Alan Rangel,Alan Rangel,19524,660604,4917631,alanrangel
1770,Darius Vines,Darius Vines,25928,670241,4917634,dariusvines
1771,Joey Estes,Joey Estes,26257,683155,4917636,joeyestes
1772,AJ Smith-Shawver,AJ Smith-Shawver,29960,700363,4917640,ajsmithshawver
1773,Luis Gonzalez,Luis Gonzalez,sa550522,,4917644,luisgonzalez
1774,Samuel Basallo,Samuel Basallo,28824,694212,4917646,samuelbasallo
1775,Wikelman González,Wikelman Gonzalez,26641,682790,4917659,wikelmangonzalez
1776,Pablo Aliendo,Pablo Aliendo,sa3006220,,4917682,pabloaliendo
1777,Yohendrick Pinango,Yohendrick Pinango,sa3009539,,4917684,yohendrickpinango
1778,Owen Caissie,Owen Caissie,27496,683357,4917685,owencaissie
1779,DJ Herz,DJ Herz,26389,687792,4917686,djherz
1780,Ed Howard,Ed Howard,sa3014540,,4917687,edhoward
1781,Kevin Made,Kevin Made,sa3014679,,4917688,kevinmade
1782,Cristian Hernandez,Cristian Hernandez,sa3015696,,4917689,cristianhernandez
1783,James Triantos,James Triantos,sa3017295,,4917690,jamestriantos
1784,Elly De La Cruz,Elly De La Cruz,26668,682829,4917694,ellydelacruz
1785,Warming Bernabel,Warming Bernabel,26536,682653,4917759,warmingbernabel
1786,Drew Romo,Drew Romo,27763,691011,4917765,drewromo
1787,Tanner McDougal,Tanner McDougal,sa3017471,,4917778,tannermcdougal
1788,Beau Brieske,Beau Brieske,26079,689225,4917779,beaubrieske
1789,Adael Amador,Adael Amador,27962,691182,4917787,adaelamador
1790,Joe Rock,Joe Rock,30016,697812,4917788,joerock
1791,Yanquiel Fernández,Yanquiel Fernandez,28552,692585,4917793,yanquielfernandez
1792,Cristian Mena,Cristian Mena,27974,691441,4917796,cristianmena
1793,Roberto Campos,Roberto Campos,sa3014683,,4917801,robertocampos
1794,Shane Panzini,Shane Panzini,sa3018257,,4917811,shanepanzini
1795,Carter Jensen,Carter Jensen,29478,695600,4917812,carterjensen
1796,Ben Kudrna,Ben Kudrna,sa3018253,,4917813,benkudrna
1797,Robinson Piña,Robinson Pina,23091,673820,4917815,robinsonpina
1798,Ky Bush,Ky Bush,29823,681066,4917816,kybush
1799,Alexander Ramirez,Alexander Ramirez,sa3008757,,4917817,alexanderramirez
1800,Jack Kochanowicz,Jack Kochanowicz,27688,686799,4917819,jackkochanowicz
1801,Alejandro Hidalgo,Alejandro Hidalgo,sa3015151,,4917821,alejandrohidalgo
1802,Denzer Guzman,Denzer Guzman,28816,694203,4917822,denzerguzman
1803,Mason Albright,Mason Albright,sa3017847,,4917823,masonalbright
1804,Edgar Quero,Edgar Quero,28022,700337,4917824,edgarquero
1805,Peter Heubeck,Peter Heubeck,sa3017936,,4917831,peterheubeck
1806,George Soriano,George Soriano,21863,666277,4917836,georgesoriano
1807,Josh Walker,Josh Walker,23617,677020,4917841,joshwalker
1808,Michel Otañez,Michel Otanez,22533,671305,4917842,michelotanez
1809,Victor Mesa Jr.,Victor Mesa Jr.,25999,683748,4917849,victormesajr
1810,Jose Salas,Jose Salas,sa3014690,,4917851,josesalas
1811,Yiddi Cappe,Yiddi Cappe,sa3015515,,4917852,yiddicappe
1812,Eury Pérez,Eury Perez,27768,691587,4917854,euryperez
1813,Dalvy Rosario,Dalvy Rosario,sa3005712,,4917857,dalvyrosario
1814,Abner Uribe,Abner Uribe,25327,682842,4917865,abneruribe
1815,Jeferson Quero,Jeferson Quero,sa3015407,,4917867,jefersonquero
1816,Jackson Chourio,Jackson Chourio,28806,694192,4917869,jacksonchourio
1817,Hendry Mendez,Hendry Mendez,sa3015727,,4917874,hendrymendez
1818,Logan Henderson,Logan Henderson,31475,701656,4917878,loganhenderson
1819,Louis Varland,Louis Varland,27691,686973,4917888,louisvarland
1820,Daylen Lile,Daylen Lile,29995,695734,4917889,daylenlile
1821,Colin Holderman,Colin Holderman,22361,670059,4917897,colinholderman
1822,Ricky Tiedemann,Ricky Tiedemann,sa3018096,,4917902,rickytiedemann
1823,Brock Selvidge,Brock Selvidge,sa3017950,,4917904,brockselvidge
1824,Anthony Garcia,Anthony Garcia,sa3059268,,4917912,anthonygarcia
1825,Cameron Cauley,Cameron Cauley,sa3017167,,4917917,cameroncauley
1826,Lawrence Butler,Lawrence Butler,22542,671732,4917919,lawrencebutler
1827,Evan Carter,Evan Carter,27790,694497,4917921,evancarter
1828,Dustin Harris,Dustin Harris,25705,687957,4917924,dustinharris
1829,Justin Slaten,Justin Slaten,25648,686580,4917925,justinslaten
1830,Kyle Manzardo,Kyle Manzardo,29794,700932,4917927,kylemanzardo
1831,Ryan Spikes,Ryan Spikes,sa3017792,,4917931,ryanspikes
1832,Christian McGowan,Christian McGowan,sa3017896,,4918067,christianmcgowan
1833,Denzel Clarke,Denzel Clarke,29858,672016,4918085,denzelclarke
1834,Mike Burrows,Mike Burrows,24728,681347,4918155,mikeburrows
1835,Jared Jones,Jared Jones,27863,683003,4918156,jaredjones
1836,Adam Macko,Adam Macko,sa3011555,,4918157,adammacko
1837,Jonatan Clase,Jonatan Clase,26599,682729,4918159,jonatanclase
1838,Connor Phillips,Connor Phillips,27649,683175,4918160,connorphillips
1839,Cade Marlowe,Cade Marlowe,25505,687799,4918163,cademarlowe
1840,Michael Morales,Michael Morales,sa3017783,,4918164,michaelmorales
1841,Anthony Solometo,Anthony Solometo,sa3018259,,4918238,anthonysolometo
1842,Brandon Valenzuela,Brandon Valenzuela,sa3005729,,4918248,brandonvalenzuela
1843,Euribiel Angeles,Euribiel Angeles,sa3008877,,4918250,euribielangeles
1844,Robert Gasser,Robert Gasser,29812,688107,4918251,robertgasser
1845,Victor Lizarraga,Victor Lizarraga,sa3015220,,4918253,victorlizarraga
1846,Samuel Zavala,Samuel Zavala,sa3015718,,4918254,samuelzavala
1847,James Wood,James Wood,29518,695578,4918256,jameswood
1848,Gabriel Gonzalez,Gabriel Gonzalez,sa3015723,,4919918,gabrielgonzalez
1849,Edwin Arroyo,Edwin Arroyo,sa3017626,,4919919,edwinarroyo
1850,Grant McCray,Grant McCray,25690,687529,4919922,grantmccray
1851,Aeverson Arteaga,Aeverson Arteaga,sa3014707,,4919923,aeversonarteaga
1852,Randy Rodríguez,Randy Rodriguez,23974,678495,4919929,randyrodriguez
1853,Joshua Baez,Joshua Baez,sa3017022,,4920835,joshuabaez
1854,Tink Hence,Tink Hence,sa3014709,,4920836,tinkhence
1855,Carson DeMartini,Carson DeMartini,sa3025198,,4923349,carsondemartini
1856,Jonathon Long,Jonathon Long,sa3022864,,4924097,jonathonlong
1857,Ben Hess,Ben Hess,sa3033725,,4924721,benhess
1858,Carson Benge,Carson Benge,sa3025452,,4925604,carsonbenge
1859,James Tibbs III,James Tibbs III,sa3025333,,4925860,jamestibbsiii
1860,Philip Abner,Philip Abner,33821,691769,4926295,philipabner
1861,Jac Caglianone,Jac Caglianone,35041,695506,4926296,jaccaglianone
1862,Kyle DeBarge,Kyle DeBarge,sa3025260,,4926370,kyledebarge
1863,Blake Burke,Blake Burke,sa3025381,,4927515,blakeburke
1864,Chase Burns,Chase Burns,35333,695505,4927516,chaseburns
1865,Christian Moore,Christian Moore,34979,695681,4927523,christianmoore
1866,Paul Gervase,Paul Gervase,31571,801434,4927620,paulgervase
1867,Grant Taylor,Grant Taylor,33927,691799,4927630,granttaylor
1868,Kaelen Culpepper,Kaelen Culpepper,sa3025360,,4935268,kaelenculpepper
1869,Tyson Neighbors,Tyson Neighbors,sa3025569,,4935278,tysonneighbors
1870,JJ Wetherholt,JJ Wetherholt,sa3025154,,4941056,jjwetherholt
1871,Ethan Pecko,Ethan Pecko,sa3022997,,4944276,ethanpecko
1872,Trey Yesavage,Trey Yesavage,35456,702056,4949041,treyyesavage
1873,Vance Honeycutt,Vance Honeycutt,sa3025526,,4949081,vancehoneycutt
1874,Braden Montgomery,Braden Montgomery,sa3038253,,4950345,bradenmontgomery
1875,Walker Janek,Walker Janek,sa3025254,,4952502,walkerjanek
1876,Mike Sirota,Mike Sirota,sa3042374,,4956819,mikesirota
1877,Caleb Lomavita,Caleb Lomavita,sa3025404,,4959034,caleblomavita
1878,Dylan Beavers,Dylan Beavers,31695,687637,4959037,dylanbeavers
1879,Payton Tolle,Payton Tolle,35466,801139,4966140,paytontolle
1880,Nick Kurtz,Nick Kurtz,35110,701762,4966637,nickkurtz
1881,Skylar Hales,Skylar Hales,sa3022739,,4976773,skylarhales
1882,Blaine Crim,Blaine Crim,25714,688760,4976999,blainecrim
1883,Luke Keaschall,Luke Keaschall,33321,807712,4977664,lukekeaschall
1884,Nick Vespi,Nick Vespi,21093,663989,4979568,nickvespi
1885,Logan Porter,Logan Porter,20626,682515,4981312,loganporter
1886,Bryan Sammons,Bryan Sammons,20462,676614,4987379,bryansammons
1887,Ceddanne Rafaela,Ceddanne Rafaela,24262,678882,4987382,ceddannerafaela
1888,Hunter Bigge,Hunter Bigge,26259,685801,4987389,hunterbigge
1889,Moisés Ballesteros,Moises Ballesteros,28820,694208,4987418,moisesballesteros
1890,Dugan Darnell,Dugan Darnell,27812,699911,4987419,dugandarnell
1891,Oscar Colás,Oscar Colas,30162,693049,4987420,oscarcolas
1892,Mitch Spence,Mitch Spence,27707,687765,4987645,mitchspence
1893,Eric Wagaman,Eric Wagaman,23395,676572,4987650,ericwagaman
1894,Hunter Stratton,Hunter Stratton,23455,676702,4987652,hunterstratton
1895,Connor Thomas,Connor Thomas,25873,671162,4987667,connorthomas
1896,Miguel Palma,Miguel Palma,sa3009279,,4987798,miguelpalma
1897,Cade Smith,Cade Smith,27867,671922,4987924,cadesmith
1898,Daniel Robert,Daniel Robert,21229,642016,4988501,danielrobert
1899,Deyvison De Los Santos,Deyvison De Los Santos,sa3015168,,4989046,deyvisondelossantos
1900,Nick Avila,Nick Avila,25667,687014,4989433,nickavila
1901,Wilyer Abreu,Wilyer Abreu,23772,677800,4990055,wilyerabreu
1902,Chase Shugart,Chase Shugart,21544,663767,4990069,chaseshugart
1903,Tom Cosgrove,Tom Cosgrove,23443,676680,4990459,tomcosgrove
1904,Micah Pries,Micah Pries,sa3014830,,4991144,micahpries
1905,Sammy Peralta,Sammy Peralta,25589,671111,4991148,sammyperalta
1906,Bryan Hudson,Bryan Hudson,19924,663542,4991171,bryanhudson
1907,Justin Hagenman,Justin Hagenman,21546,663795,4991251,justinhagenman
1908,Kenedy Corona,Kenedy Corona,26244,,4991318,kenedycorona
1909,Easton Lucas,Easton Lucas,26058,687922,4993411,eastonlucas
1910,Michael Gomez,Michael Gomez,sa3008454,,4993421,michaelgomez
1911,Steward Berroa,Steward Berroa,22766,672642,4993423,stewardberroa
1912,Christian Cairo,Christian Cairo,sa3010028,,4995352,christiancairo
1913,Nic Enright,Nic Enright,25553,663671,4995355,nicenright
1914,Chad Stevens,Chad Stevens,29614,677060,4995563,chadstevens
1915,Jared Koenig,Jared Koenig,27517,657649,4995802,jaredkoenig
1916,Davis Schneider,Davis Schneider,23565,676914,4997181,davisschneider
1917,Addison Barger,Addison Barger,24598,680718,4997589,addisonbarger
1918,Brett Wisely,Brett Wisely,27735,689172,4997597,brettwisely
1919,Luis Guerrero,Luis Guerrero,31184,692285,4997599,luisguerrero
1920,Kolton Ingram,Kolton Ingram,26068,,4997628,koltoningram
1921,Taylor Rashi,Taylor Rashi,26344,688497,4999871,taylorrashi
1922,Thomas Saggese,Thomas Saggese,27883,695336,4999876,thomassaggese
1923,Marc Church,Marc Church,26353,687847,4999877,marcchurch
1924,Braxton Fulford,Braxton Fulford,29704,690924,5000931,braxtonfulford
1925,Ryan Walker,Ryan Walker,20423,676254,5000950,ryanwalker
1926,Kevin Kelly,Kevin Kelly,25679,687330,5001153,kevinkelly
1927,Andrew Saalfrank,Andrew Saalfrank,26203,685314,5001155,andrewsaalfrank
1928,Oliver Dunn,Oliver Dunn,26295,686554,5001160,oliverdunn
1929,Shohei Tomioka,Shohei Tomioka,sa3014808,,5001292,shoheitomioka
1930,Brandon Hughes,Brandon Hughes,23460,676714,5001301,brandonhughes
1931,Steven Cruz,Steven Cruz,23165,674444,5002931,stevencruz
1932,Javier Assad,Javier Assad,21741,665871,5002950,javierassad
1933,Ryan Fernandez,Ryan Fernandez,24862,681676,5002952,ryanfernandez
1934,Jonny DeLuca,Jonny DeLuca,26365,676356,5005912,jonnydeluca
1935,Kyle Leahy,Kyle Leahy,24763,681517,5006093,kyleleahy
1936,River Ryan,River Ryan,29514,689981,5007605,riverryan
1937,Caleb Durbin,Caleb Durbin,29646,702332,5007615,calebdurbin
1938,Jackson Wolf,Jackson Wolf,29832,,5007623,jacksonwolf
1939,Travis Bazzana,Travis Bazzana,sa3025129,,5007707,travisbazzana
1940,Griff O'Ferrall,Griff O'Ferrall,sa3025409,,5007720,griffoferrall
1941,Ryan Johnson,Ryan Johnson,35325,696270,5007859,ryanjohnson
1942,Matt Koperniak,Matt Koperniak,sa3014834,,5010654,mattkoperniak
1943,Cody Laweryson,Cody Laweryson,26429,689520,5012036,codylaweryson
1944,César Prieto,Cesar Prieto,30163,693409,5012056,cesarprieto
1945,Walter Pennington,Walter Pennington,27624,679156,5012066,walterpennington
1946,Christian Encarnacion-Strand,Christian Encarnacion-Strand,30011,687952,5012106,christianencarnacionstrand
1947,Tanner Murray,Tanner Murray,sa3016805,,5012115,tannermurray
1948,Carlos Narváez,Carlos Narvaez,19722,665966,5012120,carlosnarvaez
1949,T.J. Rumfield,T.J. Rumfield,sa3017330,,5014349,tjrumfield
1950,Zak Kent,Zak Kent,25703,687849,5014989,zakkent
1951,Luis Curvelo,Luis Curvelo,24710,681168,5015039,luiscurvelo
1952,Jesus Rodriguez,Jesus Rodriguez,sa3008916,,5015255,jesusrodriguez
1953,Luis Contreras,Luis Contreras,25839,664351,5015727,luiscontreras
1954,Jack Neely,Jack Neely,30106,680891,5016961,jackneely
1955,Damiano Palmegiani,Damiano Palmegiani,sa3017326,,5016964,damianopalmegiani
1956,Ben Rice,Ben Rice,29576,700250,5016968,benrice
1957,Anthony Molina,Anthony Molina,26952,683627,5016983,anthonymolina
1958,Justice Bigbie,Justice Bigbie,sa3016971,,5017024,justicebigbie
1959,Carlos Jorge,Carlos Jorge,sa3016722,,5017075,carlosjorge
1960,Hagen Smith,Hagen Smith,sa3025544,,5023126,hagensmith
1961,Gage Jump,Gage Jump,sa3034986,,5023852,gagejump
1962,Charlie Condon,Charlie Condon,sa3025257,,5033089,charliecondon
1963,Brody Brecht,Brody Brecht,sa3027632,,5061178,brodybrecht
1964,Adam Mazur,Adam Mazur,31900,800049,5061202,adammazur
1965,Brycen Mautz,Brycen Mautz,sa3020710,,5067321,brycenmautz
1966,Javier Sanoja,Javier Sanoja,28253,691594,5073992,javiersanoja
1967,Andrew Hoffmann,Andrew Hoffmann,29633,694851,5080514,andrewhoffmann
1968,Druw Jones,Druw Jones,sa3020676,,5080631,druwjones
1969,Termarr Johnson,Termarr Johnson,sa3020214,,5080632,termarrjohnson
1970,Jackson Holliday,Jackson Holliday,31781,702616,5080633,jacksonholliday
1971,Cam Collier,Cam Collier,sa3020131,,5080634,camcollier
1972,Elijah Green,Elijah Green,sa3032653,,5080635,elijahgreen
1973,Dylan Lesko,Dylan Lesko,sa3020677,,5080636,dylanlesko
1974,Jett Williams,Jett Williams,sa3020134,,5080638,jettwilliams
1975,Brandon Barriera,Brandon Barriera,sa3020683,,5080640,brandonbarriera
1976,Cole Young,Cole Young,31680,702284,5080641,coleyoung
1977,Justin Crawford,Justin Crawford,sa3020240,,5080642,justincrawford
1978,Owen Murphy,Owen Murphy,sa3020330,,5080750,owenmurphy
1979,Jackson Ferris,Jackson Ferris,sa3020891,,5080752,jacksonferris
1980,Robby Snelling,Robby Snelling,sa3020707,,5080753,robbysnelling
1981,Noah Schultz,Noah Schultz,sa3020949,,5080754,noahschultz
1982,Henry Bolte,Henry Bolte,sa3020006,,5080756,henrybolte
1983,JR Ritchie,JR Ritchie,sa3020395,,5080757,jrritchie
1984,Malcolm Moore,Malcolm Moore,sa3025250,,5080758,malcolmmoore
1985,Mikey Romero,Mikey Romero,sa3020216,,5080760,mikeyromero
1986,Jacob Misiorowski,Jacob Misiorowski,31623,694819,5080761,jacobmisiorowski
1987,Cam Smith,Cam Smith,35108,701358,5080766,camsmith
1988,Roman Anthony,Roman Anthony,31812,701350,5080767,romananthony
1989,Sal Stewart,Sal Stewart,31505,701398,5080771,salstewart
1990,Xavier Isaac,Xavier Isaac,sa3020498,,5080779,xavierisaac
1991,Karson Milbrandt,Karson Milbrandt,sa3020659,,5080781,karsonmilbrandt
1992,Jacob Reimer,Jacob Reimer,sa3020416,,5084716,jacobreimer
1993,Cade Povich,Cade Povich,30055,700249,5085743,cadepovich
1994,Tristan Peters,Tristan Peters,30063,671976,5085893,tristanpeters
1995,Jarlin Susana,Jarlin Susana,sa3018808,,5085894,jarlinsusana
1996,Mason Black,Mason Black,30171,696131,5099971,masonblack
1997,Josue De Paula,Josue De Paula,sa3018591,,5102682,josuedepaula
1998,Blair Calvo,Blair Calvo,25416,,5116817,blaircalvo
1999,Brent Headrick,Brent Headrick,27702,687396,5116839,brentheadrick
2000,Colin Selby,Colin Selby,24986,681882,5116841,colinselby
2001,Keaton Winn,Keaton Winn,23499,676775,5116843,keatonwinn
2002,Justin Martinez,Justin Martinez,24453,679885,5116851,justinmartinez
2003,Roddery Muñoz,Roddery Munoz,25311,682610,5116856,rodderymunoz
2004,Juan Brito,Juan Brito,sa3009808,,5116859,juanbrito
2005,Jose Ferrer,Jose Ferrer,24017,,5119607,joseferrer
2006,Blake Sabol,Blake Sabol,25805,666165,5120296,blakesabol
2007,Royber Salinas,Royber Salinas,sa3009243,,5120814,roybersalinas
2008,Hector Rodriguez,Hector Rodriguez,sa3040980,,5122878,hectorrodriguez
2009,Gordon Graceffo,Gordon Graceffo,29519,700669,5123582,gordongraceffo
2010,Mitch Bratt,Mitch Bratt,sa3017719,,5123768,mitchbratt
2011,Carlos Rodriguez,Carlos Rodriguez,30161,692230,5123999,carlosrodriguez
2012,Ethan Salas,Ethan Salas,sa3020881,,5124004,ethansalas
2013,Emiliano Teodo,Emiliano Teodo,sa3015158,,5124007,emilianoteodo
2014,Leonardo Bernal,Leonardo Bernal,sa3015773,,5124076,leonardobernal
2015,Michael Arroyo,Michael Arroyo,sa3018429,,5124097,michaelarroyo
2016,Yasser Mercedes,Yasser Mercedes,sa3019557,,5124099,yassermercedes
2017,Lazaro Montes,Lazaro Montes,sa3018409,,5124103,lazaromontes
2018,Roderick Arias,Roderick Arias,sa3019674,,5124108,roderickarias
2019,Cristhian Vaquero,Cristhian Vaquero,sa3018403,,5124110,cristhianvaquero
2020,Jaison Chourio,Jaison Chourio,sa3018399,,5124111,jaisonchourio
2021,Hao-Yu Lee,Hao-Yu Lee,sa3017863,,5124113,haoyulee
2022,David Festa,David Festa,30056,701581,5124114,davidfesta
2023,Thayron Liranzo,Thayron Liranzo,sa3015790,,5124162,thayronliranzo
2024,Ryan Loutos,Ryan Loutos,29521,702795,5124252,ryanloutos
2025,Evan McKendry,Evan McKendry,sa3010787,,5124532,evanmckendry
2026,Robert Garcia,Robert Garcia,23363,676395,5125167,robertgarcia
2027,Fraser Ellard,Fraser Ellard,29530,686642,5125257,fraserellard
2028,Declan Cronin,Declan Cronin,25645,686539,5125258,declancronin
2029,Gustavo Campero,Gustavo Campero,22707,672569,5125630,gustavocampero
2030,Jose Espada,Jose Espada,21131,664744,5125654,joseespada
2031,Kade Strowd,Kade Strowd,26191,669704,5125912,kadestrowd
2032,Cam Sanders,Cam Sanders,23479,676742,5126205,camsanders
2033,Jack O'Loughlin,Jack O'Loughlin,22690,672552,5126694,jackoloughlin
2034,Coleman Crow,Coleman Crow,sa3015142,,5127100,colemancrow
2035,Victor Mederos,Victor Mederos,31533,682989,5127102,victormederos
2036,Zach Brzykcy,Zach Brzykcy,27783,694350,5127801,zachbrzykcy
2037,Patrick Forbes,Patrick Forbes,sa3031537,,5128252,patrickforbes
2038,Gavin Kilen,Gavin Kilen,sa3035353,,5128254,gavinkilen
2039,Riley Quick,Riley Quick,sa3040326,,5128516,rileyquick
2040,Jurrangelo Cijntje,Jurrangelo Cijntje,sa3028930,,5128581,jurrangelocijntje
2041,Andrew Fischer,Andrew Fischer,sa3031366,,5128616,andrewfischer
2042,Marek Houston,Marek Houston,sa3034152,,5128689,marekhouston
2043,Ike Irish,Ike Irish,sa3034445,,5128734,ikeirish
2044,Jamie Arnold,Jamie Arnold,sa3026225,,5128820,jamiearnold
2045,Zach Root,Zach Root,sa3041130,,5128914,zachroot
2046,Nestor German,Nestor German,sa3023517,,5128973,nestorgerman
2047,Jace LaViolette,Jace LaViolette,sa3036058,,5129010,jacelaviolette
2048,Cam Cannarella,Cam Cannarella,sa3028360,,5129285,camcannarella
2049,Ryan Waldschmidt,Ryan Waldschmidt,sa3025261,,5129344,ryanwaldschmidt
2050,Gage Wood,Gage Wood,sa3045536,,5129556,gagewood
2051,Brody Hopkins,Brody Hopkins,sa3023515,,5130133,brodyhopkins
2052,Caden Bodine,Caden Bodine,sa3027305,,5130529,cadenbodine
2053,Liam Doyle,Liam Doyle,sa3030545,,5130533,liamdoyle
2054,Payton Eeles,Payton Eeles,sa3023622,,5130535,paytoneeles
2055,Chad Patrick,Chad Patrick,30113,694477,5131708,chadpatrick
2056,Daison Acosta,Daison Acosta,sa944989,,5131747,daisonacosta
2057,Troy Taylor,Troy Taylor,31883,700187,5131856,troytaylor
2058,Gabriel Rincones Jr.,Gabriel Rincones Jr.,sa3020758,,5131884,gabrielrinconesjr
2059,Rolddy Muñoz,Rolddy Munoz,27407,691548,5131982,rolddymunoz
2060,Ryan Gusto,Ryan Gusto,26440,687473,5131986,ryangusto
2061,Will Warren,Will Warren,30182,701542,5132011,willwarren
2062,Mickey Gasper,Mickey Gasper,24759,681508,5132012,mickeygasper
2063,Agustín Ramírez,Agustin Ramirez,26546,682663,5132014,agustinramirez
2064,Orlando Ribalta,Orlando Ribalta,26247,687377,5132036,orlandoribalta
2065,Jordan Leasure,Jordan Leasure,29950,673929,5132121,jordanleasure
2066,Andre Granillo,Andre Granillo,29542,701552,5132192,andregranillo
2067,Chase Hampton,Chase Hampton,sa3020682,,5132219,chasehampton
2068,Domingo Gonzalez,Domingo Gonzalez,sa3007495,,5132247,domingogonzalez
2069,Tanner Thach,Tanner Thach,sa3043649,805880,5132501,tannerthach
2070,Osvaldo Bido,Osvaldo Bido,23150,674370,5132624,osvaldobido
2071,Nacho Alvarez Jr.,Nacho Alvarez Jr.,31765,805373,5133834,nachoalvarezjr
2072,Colton Gordon,Colton Gordon,31312,676467,5133837,coltongordon
2073,Brett Harris,Brett Harris,29788,695391,5133869,brettharris
2074,Duke Ellis,Duke Ellis,27543,668752,5134021,dukeellis
2075,Anthony Veneziano,Anthony Veneziano,27453,685107,5134022,anthonyveneziano
2076,George Klassen,George Klassen,sa3023440,,5134517,georgeklassen
2077,Cam Schlittler,Cam Schlittler,32095,693645,5134581,camschlittler
2078,Woo-Suk Go,Woo-Suk Go,sa3012630,,5134609,woosukgo
2079,Hyeseong Kim,Hyeseong Kim,35322,808975,5134614,hyeseongkim
2080,Jung Hoo Lee,Jung Hoo Lee,33824,808982,5134621,junghoolee
2081,Shota Imanaga,Shota Imanaga,33829,684007,5134630,shotaimanaga
2082,Kazuma Okamoto,Kazuma Okamoto,sa3063134,,5134636,kazumaokamoto
2083,Roki Sasaki,Roki Sasaki,35323,808963,5134638,rokisasaki
2084,Jake Cook,Jake Cook,sa3029303,,5135107,jakecook
2085,Tim Elko,Tim Elko,31522,671284,5135493,timelko
2086,Ryan Miller,Ryan Miller,22187,668943,5135498,ryanmiller
2087,Khal Stephen,Khal Stephen,sa3043049,,5135839,khalstephen
2088,Jack Gurevitch,Jack Gurevitch,sa3032859,,5135856,jackgurevitch
2089,Michael Flynn,Michael Flynn,sa3006803,,5135948,michaelflynn
2090,Spencer Bivens,Spencer Bivens,30226,702352,5136077,spencerbivens
2091,Jack Dreyer,Jack Dreyer,30249,676263,5136082,jackdreyer
2092,Austin Pope,Austin Pope,26136,687166,5136132,austinpope
2093,Logan VanWey,Logan VanWey,31884,701121,5136495,loganvanwey
2094,Blas Castaño,Blas Castano,26117,680604,5136509,blascastano
2095,Zach Cole,Zach Cole,31583,805904,5136815,zachcole
2096,Otto Kemp,Otto Kemp,31792,805249,5136835,ottokemp
2097,Chase Meidroth,Chase Meidroth,31580,805367,5136929,chasemeidroth
2098,Jhostynxon Garcia,Jhostynxon Garcia,28142,691373,5136931,jhostynxongarcia
2099,Billy Cook,Billy Cook,29573,695257,5137038,billycook
2100,Jack Winkler,Jack Winkler,29830,676466,5137054,jackwinkler
2101,Ty Adcock,Ty Adcock,25651,686654,5137056,tyadcock
2102,Carlos Linarez,Carlos Linarez,sa3016346,,5137262,carloslinarez
2103,Michael Darrell-Hicks,Michael Darrell-Hicks,31501,690382,5137265,michaeldarrellhicks
2104,Austin Gauthier,Austin Gauthier,sa3017121,,5137678,austingauthier
2105,Ryan Clifford,Ryan Clifford,sa3020126,,5137882,ryanclifford
2106,Zach Dezenzo,Zach Dezenzo,31562,701305,5137883,zachdezenzo
2107,Jake Bloss,Jake Bloss,33168,814005,5137945,jakebloss
2108,Christian Montes De Oca,Christian Montes De Oca,30206,801216,5138677,christianmontesdeoca
2109,Tyler Bremner,Tyler Bremner,sa3027644,,5140115,tylerbremner
2110,Aiva Arquette,Aiva Arquette,sa3026235,,5140737,aivaarquette
2111,Mitch Voit,Mitch Voit,sa3044552,,5140797,mitchvoit
2112,Brendan Summerhill,Brendan Summerhill,sa3043325,,5140852,brendansummerhill
2113,Bryce Mayer,Bryce Mayer,sa3025558,,5143560,brycemayer
2114,Walker Jenkins,Walker Jenkins,sa3022894,,5148963,walkerjenkins
2115,Max Clark,Max Clark,sa3022683,,5148964,maxclark
2116,Arjun Nimmala,Arjun Nimmala,sa3022892,,5148966,arjunnimmala
2117,Noble Meyer,Noble Meyer,sa3022945,,5148967,noblemeyer
2118,Aidan Miller,Aidan Miller,sa3022609,,5148968,aidanmiller
2119,Blake Mitchell,Blake Mitchell,sa3022756,,5148985,blakemitchell
2120,Bryce Eldridge,Bryce Eldridge,33390,805811,5149064,bryceeldridge
2121,Thomas White,Thomas White,sa3023268,,5149065,thomaswhite
2122,Dillon Head,Dillon Head,sa3022753,,5149066,dillonhead
2123,Charlee Soto,Charlee Soto,sa3023450,,5149067,charleesoto
2124,Colt Emerson,Colt Emerson,sa3022923,,5149068,coltemerson
2125,George Lombard Jr.,George Lombard Jr.,sa3023233,,5149070,georgelombardjr
2126,Kevin McGonigle,Kevin McGonigle,sa3022895,,5149072,kevinmcgonigle
2127,Ralphy Velazquez,Ralphy Velazquez,sa3023013,,5149073,ralphyvelazquez
2128,Adrian Santana,Adrian Santana,sa3022890,,5149080,adriansantana
2129,Jonny Farmelo,Jonny Farmelo,sa3023362,,5149081,jonnyfarmelo
2130,Travis Sykora,Travis Sykora,sa3023557,,5149082,travissykora
2131,George Wolkow,George Wolkow,sa3022817,,5149086,georgewolkow
2132,Brandon Winokur,Brandon Winokur,sa3022613,,5149089,brandonwinokur
2133,Aidan Smith,Aidan Smith,sa3022611,806223,5149092,aidansmith
2134,Cooper Pratt,Cooper Pratt,sa3022867,,5149101,cooperpratt
2135,Cole Carrigg,Cole Carrigg,sa3022596,,5149102,colecarrigg
2136,Josh Knoth,Josh Knoth,sa3023420,,5149103,joshknoth
2137,Tai Peete,Tai Peete,sa3022966,,5149107,taipeete
2138,Myles Naylor,Myles Naylor,sa3022605,,5149109,mylesnaylor
2139,Kendall George,Kendall George,sa3022660,,5149110,kendallgeorge
2140,Felix Morrobel,Felix Morrobel,sa3021103,,5150885,felixmorrobel
2141,Jeremy Rodriguez,Jeremy Rodriguez,sa3021101,,5150898,jeremyrodriguez
2142,Felnin Celesten,Felnin Celesten,sa3023381,,5150934,felnincelesten
2143,Joendry Vargas,Joendry Vargas,sa3021067,,5150936,joendryvargas
2144,Alfredo Duno,Alfredo Duno,sa3021066,,5150938,alfredoduno
2145,Luis Morales,Luis Morales,32227,806960,5150939,luismorales
2146,Jeter Martinez,Jeter Martinez,sa3021738,,5150940,jetermartinez
2147,Derniche Valdez,Derniche Valdez,sa3021068,,5150942,dernichevaldez
2148,Sebastian Walcott,Sebastian Walcott,sa3021069,,5150947,sebastianwalcott
2149,Brando Mayea,Brando Mayea,sa3020679,,5150948,brandomayea
2150,Reiner Lopez,Reiner Lopez,sa3024885,,5150949,reinerlopez
2151,Brailer Guerrero,Brailer Guerrero,sa3021072,,5150951,brailerguerrero
2152,Starlyn Caba,Starlyn Caba,sa3021070,,5150952,starlyncaba
2153,Rayner Arias,Rayner Arias,sa3021076,,5150954,raynerarias
2154,Janero Miller,Janero Miller,sa3021077,,5150955,janeromiller
2155,Gian Zapata,Gian Zapata,sa3021079,,5150957,gianzapata
2156,Esmil Valencia,Esmil Valencia,sa3021082,,5150961,esmilvalencia
2157,Luis Guanipa,Luis Guanipa,sa3020884,,5150962,luisguanipa
2158,Yophery Rodriguez,Yophery Rodriguez,sa3021083,,5150963,yopheryrodriguez
2159,Arnaldo Lantigua,Arnaldo Lantigua,sa3021084,,5150964,arnaldolantigua
2160,Filippo Di Turi,Filippo Di Turi,sa3021093,,5150965,filippodituri
2161,Robert Calaz,Robert Calaz,sa3021078,,5150966,robertcalaz
2162,Enrique Jimenez,Enrique Jimenez,sa3021091,,5150967,enriquejimenez
2163,Yoeilin Cespedes,Yoeilin Cespedes,sa3021085,,5150968,yoeilincespedes
2164,Daiverson Gutierrez,Daiverson Gutierrez,sa3021086,,5150973,daiversongutierrez
2165,Welbyn Francisca,Welbyn Francisca,sa3021087,,5150975,welbynfrancisca
2166,John McMillon,John McMillon,27942,669111,5158434,johnmcmillon
2167,Carson Spiers,Carson Spiers,27685,686730,5165292,carsonspiers
2168,Keider Montero,Keider Montero,22630,672456,5182933,keidermontero
2169,Angel Chivilli,Angel Chivilli,26790,683409,5185106,angelchivilli
2170,Juan Mejia,Juan Mejia,23237,675848,5185107,juanmejia
2171,Yoniel Curet,Yoniel Curet,sa3015446,,5185124,yonielcuret
2172,Porter Hodge,Porter Hodge,26413,687863,5185133,porterhodge
2173,Michael Arias,Michael Arias,sa3017036,,5185134,michaelarias
2174,Trevor McDonald,Trevor McDonald,26448,686790,5185136,trevormcdonald
2175,Jairo Iriarte,Jairo Iriarte,26907,683568,5185140,jairoiriarte
2176,Stephen Kolek,Stephen Kolek,21487,663568,5190073,stephenkolek
2177,Kyle Brnovich,Kyle Brnovich,sa3014923,,5194331,kylebrnovich
2178,Erik Sabrowski,Erik Sabrowski,24978,681870,5194333,eriksabrowski
2179,Andrew Moore,Andrew Moore,sa3016795,,5194584,andrewmoore
2180,Naoyuki Uwasawa,Naoyuki Uwasawa,33828,683822,5194586,naoyukiuwasawa
2181,Elmer Cruz-Rodriguez,Elmer Cruz-Rodriguez,sa3019459,,5194637,elmercruzrodriguez
2182,Justin Armbruester,Justin Armbruester,sa3017548,,5194673,justinarmbruester
2183,Raimon Gomez,Raimon Gomez,sa3017645,,5194674,raimongomez
2184,Edgardo Henriquez,Edgardo Henriquez,26944,683618,5194684,edgardohenriquez
2185,Alexander Alberto,Alexander Alberto,sa3015986,,5194705,alexanderalberto
2186,Mason Barnett,Mason Barnett,31741,686930,5195197,masonbarnett
2187,Chandler Champlain,Chandler Champlain,sa3018138,,5195198,chandlerchamplain
2188,Julian Aguiar,Julian Aguiar,30031,687924,5195257,julianaguiar
2189,Zachary Maxwell,Zachary Maxwell,31610,,5195258,zacharymaxwell
2190,Ray Gaither,Ray Gaither,sa3017270,,5195676,raygaither
2191,Rhett Kouba,Rhett Kouba,sa3017544,,5195677,rhettkouba
2192,Adolfo Sanchez,Adolfo Sanchez,sa3023709,,5196117,adolfosanchez
2193,Humberto Cruz,Humberto Cruz,sa3025115,,5196119,humbertocruz
2194,Leo De Vries,Leo De Vries,sa3023363,,5196124,leodevries
2195,Paulino Santana,Paulino Santana,sa3023718,,5196125,paulinosantana
2196,Daiber De Los Santos,Daiber De Los Santos,sa3023885,,5196128,daiberdelossantos
2197,Jorge Quintana,Jorge Quintana,sa3024107,,5196129,jorgequintana
2198,Adriel Radney,Adriel Radney,sa3023886,,5196147,adrielradney
2199,Emil Morales,Emil Morales,sa3023887,,5196148,emilmorales
2200,Robert Arias,Robert Arias,sa3024304,,5196149,robertarias
2201,Yovanny Rodriguez,Yovanny Rodriguez,sa3023720,,5196152,yovannyrodriguez
2202,Jose Perdomo,Jose Perdomo,sa3025104,,5196153,joseperdomo
2203,Victor Hurtado,Victor Hurtado,sa3023888,,5196154,victorhurtado
2204,Eduardo Herrera,Eduardo Herrera,sa3002702,,5196155,eduardoherrera
2205,Yandel Ricardo,Yandel Ricardo,sa3024305,,5196156,yandelricardo
2206,Ashly Andujar,Ashly Andujar,sa3023890,,5196157,ashlyandujar
2207,Leonardo Pineda,Leonardo Pineda,sa3023721,,5196158,leonardopineda
2208,Angel Feliz,Angel Feliz,sa3023892,,5196160,angelfeliz
2209,Richard Matic,Richard Matic,sa3023749,,5196163,richardmatic
2210,Yolfran Castillo,Yolfran Castillo,sa3023726,,5196166,yolfrancastillo
2211,Jhonny Level,Jhonny Level,sa3023898,,5196168,jhonnylevel
2212,Edward Lantigua,Edward Lantigua,sa3024476,,5196169,edwardlantigua
2213,Eduardo Beltre,Eduardo Beltre,sa3024928,,5196173,eduardobeltre
2214,Franklin Rojas,Franklin Rojas,sa3025018,,5196176,franklinrojas
2215,Yohendry Sanchez,Yohendry Sanchez,sa3023896,,5196207,yohendrysanchez
2216,Branneli Franco,Branneli Franco,sa3023818,,5196210,brannelifranco
2217,Jesús Made,Jesus Made,sa3024108,,5196211,jesusmade
2218,Luis Cova,Luis Cova,sa3023723,,5196213,luiscova
2219,Francisco Vilorio,Francisco Vilorio,sa3023893,,5196214,franciscovilorio
2220,Angel Guzman,Angel Guzman,sa3021268,,5196215,angelguzman
2221,Edgar Montero,Edgar Montero,sa3024109,,5196216,edgarmontero
2222,Stiven Martinez,Stiven Martinez,sa3024627,,5196217,stivenmartinez
2223,Andres Arias,Andres Arias,sa3025145,,5196218,andresarias
2224,Joswa Lugo,Joswa Lugo,sa3023894,,5196219,joswalugo
2225,Emilio Sanchez,Emilio Sanchez,sa3024110,,5196220,emiliosanchez
2226,Alex Hoppe,Alex Hoppe,sa3020836,,5196247,alexhoppe
2227,Ryan Bergert,Ryan Bergert,29863,686701,5196249,ryanbergert
2228,Jayvien Sandridge,Jayvien Sandridge,25158,682144,5196252,jayviensandridge
2229,Nathan Wiles,Nathan Wiles,25474,686249,5196434,nathanwiles
2230,Ryan Ritter,Ryan Ritter,31500,690022,5196606,ryanritter
2231,Luarbert Arias,Luarbert Arias,23811,678215,5196880,luarbertarias
2232,Brant Hurter,Brant Hurter,30133,676428,5197093,branthurter
2233,Hayden Birdsong,Hayden Birdsong,31635,806185,5197166,haydenbirdsong
2234,Caden Dana,Caden Dana,31508,702674,5197473,cadendana
2235,Nelson Rada,Nelson Rada,sa3018421,,5197480,nelsonrada
2236,Wehiwa Aloy,Wehiwa Aloy,sa3025961,,5198677,wehiwaaloy
2237,Kade Anderson,Kade Anderson,sa3026056,,5198748,kadeanderson
2238,Luke Stevenson,Luke Stevenson,sa3043081,,5198828,lukestevenson
2239,Charles Davalan,Charles Davalan,sa3029860,,5199167,charlesdavalan
2240,Marcus Phillips,Marcus Phillips,sa3039870,,5199424,marcusphillips
2241,Kyson Witherspoon,Kyson Witherspoon,sa3045487,,5199621,kysonwitherspoon
2242,Sauryn Lao,Sauryn Lao,21922,666659,5200390,saurynlao
2243,Zach Penrod,Zach Penrod,25368,683068,5200487,zachpenrod
2244,Anderson Pilar,Anderson Pilar,sa917899,,5201180,andersonpilar
2245,Chris Roycroft,Chris Roycroft,31261,688297,5201199,chrisroycroft
2246,Juan Burgos,Juan Burgos,27271,686228,5201272,juanburgos
2247,Kristian Campbell,Kristian Campbell,33644,692225,5201569,kristiancampbell
2248,Jared Serna,Jared Serna,sa3015579,,5201581,jaredserna
2249,Connor Gillispie,Connor Gillispie,26171,687362,5201596,connorgillispie
2250,Shane Smith,Shane Smith,31687,681343,5201814,shanesmith
2251,Bryan King,Bryan King,25890,687911,5201821,bryanking
2252,Carlos Lagrange,Carlos Lagrange,sa3019390,,5201825,carloslagrange
2253,Josue Briceño,Josue Briceno,sa3018584,,5201953,josuebriceno
2254,Cooper Ingle,Cooper Ingle,sa3023069,,5201983,cooperingle
2255,Luinder Avila,Luinder Avila,24452,679883,5201985,luinderavila
2256,Logan Evans,Logan Evans,33699,688138,5202474,loganevans
2257,Brandyn Garcia,Brandyn Garcia,33568,805299,5202600,brandyngarcia
2258,Eduarniel Núñez,Eduarniel Nunez,23162,674384,5202976,eduarnielnunez
2259,Kyle Karros,Kyle Karros,33252,691720,5203102,kylekarros
2260,Tyler Owens,Tyler Owens,26030,687074,5203596,tylerowens
2261,Henry Lalane,Henry Lalane,sa3016066,,5204200,henrylalane
2262,Francis Pena,Francis Pena,sa3019374,,5204210,francispena
2263,Seth Halvorsen,Seth Halvorsen,33294,678020,5204400,sethhalvorsen
2264,Zyhir Hope,Zyhir Hope,sa3022703,,5204650,zyhirhope
2265,Jancel Villarroel,Jancel Villarroel,sa3020102,,5205472,jancelvillarroel
2266,Tre' Morgan,Tre' Morgan,sa3022919,,5205643,tremorgan
2267,RJ Schreck,RJ Schreck,sa3022602,,5205673,rjschreck
2268,Austin Charles,Austin Charles,sa3020497,,5205707,austincharles
2269,Seaver King,Seaver King,sa3025414,,5205764,seaverking
2270,Zach Agnos,Zach Agnos,31552,688642,5207459,zachagnos
2271,Hyun-Seok Jang,Hyun-Seok Jang,sa3023601,,5208179,hyunseokjang
2272,Jonah Tong,Jonah Tong,32157,804636,5214984,jonahtong
2273,Valente Bellozo,Valente Bellozo,23899,678368,5216700,valentebellozo
2274,Yilber Díaz,Yilber Diaz,29271,700270,5217798,yilberdiaz
2275,Konnor Griffin,Konnor Griffin,sa3065496,,5218285,konnorgriffin
2276,Bryce Rainer,Bryce Rainer,sa3066592,,5218286,brycerainer
2277,Cam Caminiti,Cam Caminiti,sa3025607,,5218289,camcaminiti
2278,Ryan Sloan,Ryan Sloan,sa3067131,,5218293,ryansloan
2279,Slade Caldwell,Slade Caldwell,sa3066460,,5218295,sladecaldwell
2280,Theo Gillen,Theo Gillen,sa3025565,,5218298,theogillen
2281,Kellon Lindsey,Kellon Lindsey,sa3067042,,5218299,kellonlindsey
2282,Kash Mayfield,Kash Mayfield,sa3067104,,5218300,kashmayfield
2283,Braylon Doughty,Braylon Doughty,sa3067030,,5218306,braylondoughty
2284,PJ Morlando,PJ Morlando,sa3025199,,5218348,pjmorlando
2285,Dante Nori,Dante Nori,sa3025411,,5218350,dantenori
2286,Braylon Payne,Braylon Payne,sa3025647,,5218354,braylonpayne
2287,Levi Sterling,Levi Sterling,sa3066664,,5218358,levisterling
2288,Caleb Bonemer,Caleb Bonemer,sa3067043,,5218360,calebbonemer
2289,JD Dix,JD Dix,sa3066859,,5218362,jddix
2290,Sam Aldegheri,Sam Aldegheri,26443,691951,5221123,samaldegheri
2291,Luis Peralta,Luis Peralta,24203,678821,5221476,luisperalta
2292,Moisés Chace,Moises Chace,sa3015346,,5221488,moiseschace
2293,Andrew Walters,Andrew Walters,33834,689958,5236382,andrewwalters
2294,Winston Santos,Winston Santos,sa3015952,,5255100,winstonsantos
2295,Jean Cabrera,Jean Cabrera,sa3015433,,5255102,jeancabrera
2296,Henry Baez,Henry Baez,sa3016584,,5255103,henrybaez
2297,Angel Bastardo,Angel Bastardo,sa3009716,,5259069,angelbastardo
2298,Eiberson Castellano,Eiberson Castellano,sa3015414,,5259072,eibersoncastellano
2299,Steven Zobac,Steven Zobac,sa3020875,,5263497,stevenzobac
2300,Lazaro Estrada,Lazaro Estrada,24914,681751,5264531,lazaroestrada
2301,Shinnosuke Ogasawara,Shinnosuke Ogasawara,35324,829272,5264585,shinnosukeogasawara
2302,Kohl Drake,Kohl Drake,sa3021723,,5264737,kohldrake
2303,Bradgley Rodriguez,Bradgley Rodriguez,29107,699134,5266086,bradgleyrodriguez
2304,Brandon Birdsell,Brandon Birdsell,sa3020797,,5266091,brandonbirdsell
2305,Andrew Morris,Andrew Morris,sa3020569,,5266690,andrewmorris
2306,Alejandro Carrillo,Alejandro Carrillo,26463,,5270370,alejandrocarrillo
2307,David Morgan,David Morgan,31616,688158,5270578,davidmorgan
2308,Drue Hackenberg,Drue Hackenberg,sa3023304,,5271396,druehackenberg
2309,Aroon Escobar,Aroon Escobar,sa3018463,,5271848,aroonescobar
2310,Drew Sommers,Drew Sommers,32026,805427,5272008,drewsommers
2311,Eduardo Quintero,Eduardo Quintero,sa3021208,,5272151,eduardoquintero
2312,Franklin Arias,Franklin Arias,sa3021845,,5273064,franklinarias
2313,Eduardo Tait,Eduardo Tait,sa3022162,,5273117,eduardotait
2314,Cade Gibson,Cade Gibson,31815,806188,5273591,cadegibson
2315,Mitch Farris,Mitch Farris,33628,815083,5273851,mitchfarris
2316,Lucas Braun,Lucas Braun,sa3022996,,5274874,lucasbraun
2317,Trey Gibson,Trey Gibson,sa3023250,,5274900,treygibson
2318,Ethan Conrad,Ethan Conrad,sa3029266,,5276362,ethanconrad
2319,Ryan Wideman,Ryan Wideman,sa3060916,834240,5278889,ryanwideman
2320,Andrew Salas,Andrew Salas,sa3067045,,5282180,andrewsalas
2321,Nick Dumesnil,Nick Dumesnil,sa3030644,825094,5282794,nickdumesnil
2322,Rainiel Rodriguez,Rainiel Rodriguez,sa3023987,,5289250,rainielrodriguez
2323,Josuar De Jesus Gonzalez,Josuar De Jesus Gonzalez,sa3067675,,5289843,josuardejesusgonzalez
2324,Didier Fuentes,Didier Fuentes,30661,800311,5291189,didierfuentes
2325,Jonathan Pintaro,Jonathan Pintaro,33980,702752,5291866,jonathanpintaro
2326,Ethan Holliday,Ethan Holliday,sa3069100,,5293136,ethanholliday
2327,Eli Willits,Eli Willits,sa3069164,,5293140,eliwillits
2328,Billy Carlson,Billy Carlson,sa3069250,815814,5293142,billycarlson
2329,Kayson Cunningham,Kayson Cunningham,sa3069148,,5293149,kaysoncunningham
2330,Kruz Schoolcraft,Kruz Schoolcraft,sa3069203,,5293150,kruzschoolcraft
2331,Gavin Fien,Gavin Fien,sa3069166,,5293155,gavinfien
2332,Tate Southisene,Tate Southisene,sa3069150,,5293161,tatesouthisene
2333,Dax Kilby,Dax Kilby,sa3069080,,5293184,daxkilby
2334,Troy Melton,Troy Melton,31807,675512,5294127,troymelton
2335,Ronny Cruz,Ronny Cruz,sa3067336,,5295855,ronnycruz
2336,Adam Serwinowski,Adam Serwinowski,sa3020626,,5295857,adamserwinowski
2337,Kendry Rojas,Kendry Rojas,sa3016746,,5296012,kendryrojas
2338,Edward Florentino,Edward Florentino,sa3023944,,5296638,edwardflorentino
2339,Nate George,Nate George,sa3067128,,5303972,nategeorge
2340,Dylan Ross,Dylan Ross,sa3025659,,5310960,dylanross
2341,Sung-Mun Song,Sung-Mun Song,sa3012529,,5329585,sungmunsong
2342,Tatsuya Imai,Tatsuya Imai,sa3062955,,5330833,tatsuyaimai
2343,Jose Franco,Jose Franco,sa3008714,,5332124,josefranco
2344,Yordanny Monegro,Yordanny Monegro,sa3015476,,5332366,yordannymonegro
2345,Yorman Gómez,Yorman Gomez,sa3015931,,5332448,yormangomez
2346,Harold Rivas,Harold Rivas,sa3067705,,5332622,haroldrivas
2347,Dorian Soto,Dorian Soto,sa3067678,,5332624,doriansoto
2348,Alimber Santa,Alimber Santa,sa3015478,,5332989,alimbersanta
2349,Wilber Dotel,Wilber Dotel,sa3015163,,5332991,wilberdotel
2350,Nate Payne,Nate Payne,sa3067390,,5332992,natepayne
2351,Gerelmi Maldonado,Gerelmi Maldonado,sa3016018,,5332993,gerelmimaldonado
2352,Jedixson Paez,Jedixson Paez,sa3016264,,5332994,jedixsonpaez
2353,Jose Olivares,Jose Olivares,sa3016267,,5332996,joseolivares
2354,David Davalillo,David Davalillo,sa3020448,,5332997,daviddavalillo
2355,Miguel Mendez,Miguel Mendez,sa3015506,,5332998,miguelmendez
2356,Ixan Henderson,Ixan Henderson,sa3022953,,5333206,ixanhenderson
2357,Devin Saltiban,Devin Saltiban,sa3022827,,5333211,devinsaltiban
2358,Ivan Luciano,Ivan Luciano,sa3067397,,5333212,ivanluciano
2359,Max Stassi,Max Stassi,10059,,,maxstassi
2360,Billy Hamilton,Billy Hamilton,10199,,,billyhamilton
2361,Domingo Santana,Domingo Santana,10348,,,domingosantana
2362,Andrew Bellatti,Andrew Bellatti,10657,,,andrewbellatti
2363,Michael Mariot,Michael Mariot,10835,,,michaelmariot
2364,Vince Velasquez,Vince Velasquez,11189,,,vincevelasquez
2365,Jake Marisnick,Jake Marisnick,11339,,,jakemarisnick
2366,Dixon Machado,Dixon Machado,11472,,,dixonmachado
2367,Noah Syndergaard,Noah Syndergaard,11762,,,noahsyndergaard
2368,Orlando Calixte,Orlando Calixte,11905,,,orlandocalixte
2369,Trevor Bauer,Trevor Bauer,12703,,,trevorbauer
2370,Raúl Alcántara,Raul Alcantara,12790,,,raulalcantara
2371,Gregory Polanco,Gregory Polanco,12907,,,gregorypolanco
2372,José Osuna,Jose Osuna,12937,,,joseosuna
2373,Michael Perez,Michael Perez,12977,,,michaelperez
2374,Jake Lamb,Jake Lamb,13329,,,jakelamb
2375,William Cuevas,William Cuevas,13331,,,williamcuevas
2376,Adrian Sampson,Adrian Sampson,13339,,,adriansampson
2377,Drew VerHagen,Drew VerHagen,13424,,,drewverhagen
2378,John Gant,John Gant,13684,,,johngant
2379,Joey Krehbiel,Joey Krehbiel,13707,,,joeykrehbiel
2380,Roberto Osuna,Roberto Osuna,13764,,,robertoosuna
2381,Albert Almora Jr.,Albert Almora Jr.,14109,,,albertalmorajr
2382,Andrew Velazquez,Andrew Velazquez,14196,,,andrewvelazquez
2383,Yasiel Puig,Yasiel Puig,14225,,,yasielpuig
2384,Joe Hudson,Joe Hudson,14412,621529,,joehudson
2385,J.B. Wendelken,J.B. Wendelken,14506,,,jbwendelken
2386,Rowan Wick,Rowan Wick,14646,,,rowanwick
2387,Keone Kela,Keone Kela,14696,,,keonekela
2388,Luke Voit,Luke Voit,14811,,,lukevoit
2389,Dylan Covey,Dylan Covey,14825,,,dylancovey
2390,Yacksel Rios,Yacksel Rios,15007,,,yackselrios
2391,Trevor Gott,Trevor Gott,15046,,,trevorgott
2392,Tim Locastro,Tim Locastro,15124,,,timlocastro
2393,Zack Weiss,Zack Weiss,15444,,,zackweiss
2394,Victor Reyes,Victor Reyes,15487,,,victorreyes
2395,Masahiro Tanaka,Masahiro Tanaka,15764,,,masahirotanaka
2396,Rob Kaminsky,Rob Kaminsky,15792,,,robkaminsky
2397,Adam Plutko,Adam Plutko,15846,,,adamplutko
2398,Oscar Mercado,Oscar Mercado,16375,,,oscarmercado
2399,Christian Arroyo,Christian Arroyo,16434,,,christianarroyo
2400,Jacob Nottingham,Jacob Nottingham,16448,,,jacobnottingham
2401,Ryan McBroom,Ryan McBroom,16524,,,ryanmcbroom
2402,Brian O'Keefe,Brian O'Keefe,16680,,,brianokeefe
2403,Javy Guerra,Javy Guerra,17292,,,javyguerra
2404,Luis Liberato,Luis Liberato,17307,,,luisliberato
2405,Michael Chavis,Michael Chavis,17321,,,michaelchavis
2406,Patrick Weigel,Patrick Weigel,17792,,,patrickweigel
2407,Isan Diaz,Isan Diaz,17922,,,isandiaz
2408,Andrew Stevenson,Andrew Stevenson,17932,,,andrewstevenson
2409,James Naile,James Naile,18186,,,jamesnaile
2410,Austin Dean,Austin Dean,18288,,,austindean
2411,Taylor Hearn,Taylor Hearn,18325,,,taylorhearn
2412,P.J. Higgins,P.J. Higgins,18433,,,pjhiggins
2413,ByungHo Park,ByungHo Park,18497,,,byunghopark
2414,Hyun Soo Kim,Hyun Soo Kim,18718,,,hyunsookim
2415,Seunghwan Oh,Seunghwan Oh,18719,,,seunghwanoh
2416,Guillermo Heredia,Guillermo Heredia,18721,,,guillermoheredia
2417,Robert Dugger,Robert Dugger,19191,,,robertdugger
2418,Wes Benjamin,Wes Benjamin,19243,,,wesbenjamin
2419,Justin Dunn,Justin Dunn,19268,,,justindunn
2420,Jose Rojas,Jose Rojas,19331,,,joserojas
2421,Jae-Gyun Hwang,Jae-Gyun Hwang,19369,,,jaegyunhwang
2422,Kyle Funkhouser,Kyle Funkhouser,19456,,,kylefunkhouser
2423,Alex De Goti,Alex De Goti,19477,,,alexdegoti
2424,Andrew Vasquez,Andrew Vasquez,19482,,,andrewvasquez
2425,Devin Smeltzer,Devin Smeltzer,19487,,,devinsmeltzer
2426,Ryan Hendrix,Ryan Hendrix,19535,,,ryanhendrix
2427,Jon Duplantier,Jon Duplantier,19546,,,jonduplantier
2428,Nate Mondou,Nate Mondou,19563,,,natemondou
2429,Patrick Murphy,Patrick Murphy,19712,,,patrickmurphy
2430,Darick Hall,Darick Hall,19717,,,darickhall
2431,Kodi Whitley,Kodi Whitley,19731,,,kodiwhitley
2432,Wil Crowe,Wil Crowe,19800,,,wilcrowe
2433,Charlie Barnes,Charlie Barnes,19865,,,charliebarnes
2434,Drew Ellis,Drew Ellis,19873,,,drewellis
2435,Adonis Medina,Adonis Medina,19903,,,adonismedina
2436,Trevor Stephan,Trevor Stephan,19932,,,trevorstephan
2437,Jared Oliva,Jared Oliva,19968,,,jaredoliva
2438,Tres Barrera,Tres Barrera,19977,,,tresbarrera
2439,Wyatt Mills,Wyatt Mills,20010,,,wyattmills
2440,Evan White,Evan White,20078,,,evanwhite
2441,Brendan McKay,Brendan McKay,20186,,,brendanmckay
2442,Jeremy Beasley,Jeremy Beasley,20205,,,jeremybeasley
2443,Gilberto Celestino,Gilberto Celestino,20233,,,gilbertocelestino
2444,Tyler Ivey,Tyler Ivey,20237,,,tylerivey
2445,Cory Abbott,Cory Abbott,20277,,,coryabbott
2446,Antonio Santos,Antonio Santos,20383,,,antoniosantos
2447,Nick Margevicius,Nick Margevicius,20395,,,nickmargevicius
2448,Eli Villalobos,Eli Villalobos,20408,681871,,elivillalobos
2449,Peter Solomon,Peter Solomon,20476,,,petersolomon
2450,CJ Alexander,CJ Alexander,20557,680769,,cjalexander
2451,Thomas Szapucki,Thomas Szapucki,21065,,,thomasszapucki
2452,Alejo Lopez,Alejo Lopez,21127,,,alejolopez
2453,Mark Kolozsvary,Mark Kolozsvary,21304,,,markkolozsvary
2454,Jordan Balazovic,Jordan Balazovic,21866,,,jordanbalazovic
2455,Hagen Danner,Hagen Danner,22116,,,hagendanner
2456,Payton Henry,Payton Henry,22164,,,paytonhenry
2457,Cal Mitchell,Cal Mitchell,22169,,,calmitchell
2458,Jeter Downs,Jeter Downs,22202,,,jeterdowns
2459,Chris Rodriguez,Chris Rodriguez,22310,,,chrisrodriguez
2460,Jose E. Hernandez,Jose E. Hernandez,22318,669796,,joseehernandez
2461,Stephen Ridings,Stephen Ridings,22358,,,stephenridings
2462,Tommy Romero,Tommy Romero,23465,,,tommyromero
2463,Chandler Seagle,Chandler Seagle,23552,,,chandlerseagle
2464,Jordan Groshans,Jordan Groshans,23794,,,jordangroshans
2465,Travis Swaggerty,Travis Swaggerty,24491,,,travisswaggerty
2466,Drew Rom,Drew Rom,24602,,,drewrom
2467,Nash Walters,Nash Walters,25413,,,nashwalters
2468,Levi Stoudt,Levi Stoudt,25650,,,levistoudt
2469,McKinley Moore,McKinley Moore,25663,,,mckinleymoore
2470,Cole Waites,Cole Waites,25665,,,colewaites
2471,Randy Wynne,Randy Wynne,25804,691094,,randywynne
2472,C.J. Stubbs,C.J. Stubbs,25814,,,cjstubbs
2473,Ethan Small,Ethan Small,26364,,,ethansmall
2474,Kwang Hyun Kim,Kwang Hyun Kim,27458,,,kwanghyunkim
2475,Yoshi Tsutsugo,Yoshi Tsutsugo,27459,,,yoshitsutsugo
2476,Shogo Akiyama,Shogo Akiyama,27461,,,shogoakiyama
2477,Karl Kauffmann,Karl Kauffmann,27488,,,karlkauffmann
2478,Kohei Arihara,Kohei Arihara,27505,,,koheiarihara
2479,Hyeon-Jong Yang,Hyeon-Jong Yang,27513,,,hyeonjongyang
2480,Hirokazu Sawamura,Hirokazu Sawamura,27515,,,hirokazusawamura
2481,Jake Palisch,Jake Palisch,31598,669449,,jakepalisch
2482,Rafael Flores Jr.,Rafael Flores Jr.,31991,804668,,rafaelfloresjr
2483,Dayan Viciedo,Dayan Viciedo,3917,,,dayanviciedo
2484,Rafael Dolis,Rafael Dolis,4185,,,rafaeldolis
2485,Nik Turley,Nik Turley,5530,,,nikturley
2486,Neftali Soto,Neftali Soto,5663,,,neftalisoto
2487,Daniel Bard,Daniel Bard,7115,,,danielbard
2488,Matt Davidson,Matt Davidson,7226,,,mattdavidson
2489,Brian Moran,Brian Moran,9646,,,brianmoran
2490,Trayce Thompson,Trayce Thompson,9952,,,traycethompson
2491,Anthony Prato,Anthony Prato,sa1052903,,,anthonyprato
2492,Nick Kahle,Nick Kahle,sa1115979,,,nickkahle
2493,Marcus Smith,Marcus Smith,sa1169620,,,marcussmith
2494,Ryan Ward,Ryan Ward,sa1169792,,,ryanward
2495,Cody Milligan,Cody Milligan,sa1169818,,,codymilligan
2496,Matt Lloyd,Matt Lloyd,sa1169978,,,mattlloyd
2497,Edgar Barclay,Edgar Barclay,sa1170012,,,edgarbarclay
2498,Matt O'Neill,Matt O'Neill,sa1170279,,,mattoneill
2499,Jack Cushing,Jack Cushing,sa1170342,,,jackcushing
2500,Trey McGough,Trey McGough,sa1170436,,,treymcgough
2501,Chris Kachmar,Chris Kachmar,sa1170503,,,chriskachmar
2502,David Leal,David Leal,sa1171029,,,davidleal
2503,Ryan Anderson,Ryan Anderson,sa1172845,,,ryananderson
2504,Rodolfo Martinez,Rodolfo Martinez,sa206642,,,rodolfomartinez
2505,Luis Pacheco,Luis Pacheco,sa3002678,,,luispacheco
2506,Juan Mercedes,Juan Mercedes,sa3002818,,,juanmercedes
2507,Leonardo Taveras,Leonardo Taveras,sa3002934,,,leonardotaveras
2508,Luis Palacios,Luis Palacios,sa3003021,,,luispalacios
2509,Carlos Romero,Carlos Romero,sa3003106,,,carlosromero
2510,Ernesto Martinez Jr.,Ernesto Martinez Jr.,sa3003173,,,ernestomartinezjr
2511,Eliezer Alfonzo,Eliezer Alfonzo,sa3003262,,,eliezeralfonzo
2512,Francisco Acuna,Francisco Acuna,sa3003291,,,franciscoacuna
2513,Anderson Bido,Anderson Bido,sa3004204,,,andersonbido
2514,Blake Weiman,Blake Weiman,sa3004211,,,blakeweiman
2515,Matt Seelinger,Matt Seelinger,sa3004483,,,mattseelinger
2516,Brody Rodning,Brody Rodning,sa3004591,,,brodyrodning
2517,Osvaldo Berrios,Osvaldo Berrios,sa3004702,,,osvaldoberrios
2518,Bryce Conley,Bryce Conley,sa3004704,,,bryceconley
2519,Tim Naughton,Tim Naughton,sa3004713,,,timnaughton
2520,Sam Carlson,Sam Carlson,sa3005015,,,samcarlson
2521,Gerald Ogando,Gerald Ogando,sa3005026,,,geraldogando
2522,Matt Turner,Matt Turner,sa3005029,,,mattturner
2523,Adam Hall,Adam Hall,sa3005077,,,adamhall
2524,Dalvin Rosario,Dalvin Rosario,sa3005144,,,dalvinrosario
2525,Gabriel Yanez,Gabriel Yanez,sa3005332,,,gabrielyanez
2526,Leonardo Pestana,Leonardo Pestana,sa3005456,,,leonardopestana
2527,Jeferson Morales,Jeferson Morales,sa3005472,,,jefersonmorales
2528,Carlos D. Rodriguez,Carlos D. Rodriguez,sa3005478,,,carlosdrodriguez
2529,Keyber Rodriguez,Keyber Rodriguez,sa3005488,,,keyberrodriguez
2530,Jesus Valdez,Jesus Valdez,sa3005492,,,jesusvaldez
2531,Rainer Nunez,Rainer Nunez,sa3005551,,,rainernunez
2532,Ronaiker Palma,Ronaiker Palma,sa3005624,,,ronaikerpalma
2533,Cruz Noriega,Cruz Noriega,sa3005702,,,cruznoriega
2534,Viandel Pena,Viandel Pena,sa3005775,,,viandelpena
2535,Joshua Cornielly,Joshua Cornielly,sa3005890,,,joshuacornielly
2536,Wilkin Ramos,Wilkin Ramos,sa3006487,,,wilkinramos
2537,Alfred Vega,Alfred Vega,sa3006495,,,alfredvega
2538,Eddy Yean,Eddy Yean,sa3006543,,,eddyyean
2539,Brayan Castillo,Brayan Castillo,sa3006544,,,brayancastillo
2540,Valentin Linarez,Valentin Linarez,sa3006557,,,valentinlinarez
2541,Eduardo Valencia,Eduardo Valencia,sa3006622,,,eduardovalencia
2542,Jake Anchia,Jake Anchia,sa3006674,,,jakeanchia
2543,Gabe Mosser,Gabe Mosser,sa3006834,,,gabemosser
2544,Devin Mann,Devin Mann,sa3006869,,,devinmann
2545,Frainyer Chavez,Frainyer Chavez,sa3007019,,,frainyerchavez
2546,Chris Williams,Chris Williams,sa3007028,,,chriswilliams
2547,Bobby Milacki,Bobby Milacki,sa3007216,,,bobbymilacki
2548,Troy Watson,Troy Watson,sa3007249,,,troywatson
2549,Raynel Delgado,Raynel Delgado,sa3007288,,,rayneldelgado
2550,Clay Helvey,Clay Helvey,sa3007459,,,clayhelvey
2551,Matt Kroon,Matt Kroon,sa3007502,,,mattkroon
2552,Ruben Cardenas,Ruben Cardenas,sa3007505,,,rubencardenas
2553,Austin Schulfer,Austin Schulfer,sa3007585,,,austinschulfer
2554,Jake Higginbotham,Jake Higginbotham,sa3007590,,,jakehigginbotham
2555,Sean Boyle,Sean Boyle,sa3007618,,,seanboyle
2556,Max Burt,Max Burt,sa3007631,,,maxburt
2557,Nick Schnell,Nick Schnell,sa3007639,,,nickschnell
2558,Justin Jarvis,Justin Jarvis,sa3007775,,,justinjarvis
2559,Elih Marrero,Elih Marrero,sa3007822,,,elihmarrero
2560,Cody Roberts,Cody Roberts,sa3007869,,,codyroberts
2561,Brennen Davis,Brennen Davis,sa3007876,,,brennendavis
2562,Onix Vega,Onix Vega,sa3008007,,,onixvega
2563,Kyle Datres,Kyle Datres,sa3008029,,,kyledatres
2564,Peyton Gray,Peyton Gray,sa3008046,,,peytongray
2565,Josh Breaux,Josh Breaux,sa3008051,,,joshbreaux
2566,Antonio Jimenez,Antonio Jimenez,sa3008074,,,antoniojimenez
2567,Hunter Stovall,Hunter Stovall,sa3008181,,,hunterstovall
2568,Korey Holland,Korey Holland,sa3008249,,,koreyholland
2569,Jax Biggers,Jax Biggers,sa3008251,,,jaxbiggers
2570,Joander Suarez,Joander Suarez,sa3008263,,,joandersuarez
2571,Andy Weber,Andy Weber,sa3008282,,,andyweber
2572,Brendan Hardy,Brendan Hardy,sa3008290,,,brendanhardy
2573,Jaylen Palmer,Jaylen Palmer,sa3008297,,,jaylenpalmer
2574,Lenny Torres Jr.,Lenny Torres Jr.,sa3008329,,,lennytorresjr
2575,Steven Pérez,Steven Perez,sa3008362,,,stevenperez
2576,Gustavo Rodriguez,Gustavo Rodriguez,sa3008438,,,gustavorodriguez
2577,Omar Martinez,Omar Martinez,sa3008573,,,omarmartinez
2578,Dayan Frias,Dayan Frias,sa3008768,,,dayanfrias
2579,Noelberth Romero,Noelberth Romero,sa3008808,,,noelberthromero
2580,Jose Ramos,Jose Ramos,sa3008845,,,joseramos
2581,J.J. D'Orazio,J.J. D'Orazio,sa3008876,,,jjdorazio
2582,Leandro Pineda,Leandro Pineda,sa3008905,,,leandropineda
2583,Omar De Los Santos,Omar De Los Santos,sa3008938,,,omardelossantos
2584,Carlos Mendoza,Carlos Mendoza,sa3008944,,,carlosmendoza
2585,Stiven Acevedo,Stiven Acevedo,sa3008952,,,stivenacevedo
2586,Frank Rodriguez,Frank Rodriguez,sa3009330,,,frankrodriguez
2587,Gabriel Jackson,Gabriel Jackson,sa3009463,,,gabrieljackson
2588,Carlos Pena,Carlos Pena,sa3009519,,,carlospena
2589,Eddinson Paulino,Eddinson Paulino,sa3009538,,,eddinsonpaulino
2590,Hancel Rincon,Hancel Rincon,sa3009629,,,hancelrincon
2591,Listher Sosa,Listher Sosa,sa3009725,,,listhersosa
2592,Andrew Quezada,Andrew Quezada,sa3009858,,,andrewquezada
2593,Luke Ritter,Luke Ritter,sa3009878,,,lukeritter
2594,Stephen Jones,Stephen Jones,sa3009935,,,stephenjones
2595,Edgar Isea,Edgar Isea,sa3009936,,,edgarisea
2596,Chase Solesky,Chase Solesky,sa3009940,,,chasesolesky
2597,Luis Moreno,Luis Moreno,sa3009950,,,luismoreno
2598,Kody Hoese,Kody Hoese,sa3010021,,,kodyhoese
2599,Jack Dunn,Jack Dunn,sa3010029,,,jackdunn
2600,J.T. Arruda,J.T. Arruda,sa3010036,,,jtarruda
2601,Andrew Misiaszek,Andrew Misiaszek,sa3010118,,,andrewmisiaszek
2602,Florencio Serrano,Florencio Serrano,sa3010124,,,florencioserrano
2603,Blake Townsend,Blake Townsend,sa3010125,,,blaketownsend
2604,Woo Young Jin,Woo Young Jin,sa3010132,,,wooyoungjin
2605,Luis Velasquez,Luis Velasquez,sa3010135,,,luisvelasquez
2606,Daniel Cope,Daniel Cope,sa3010157,,,danielcope
2607,Ripken Reyes,Ripken Reyes,sa3010159,,,ripkenreyes
2608,Anthony Nunez,Anthony Nunez,sa3010171,,,anthonynunez
2609,Jarod Bayless,Jarod Bayless,sa3010236,,,jarodbayless
2610,Garvin Alston,Garvin Alston,sa3010238,,,garvinalston
2611,Connor Van Scoyoc,Connor Van Scoyoc,sa3010243,,,connorvanscoyoc
2612,Nick Fraze,Nick Fraze,sa3010250,,,nickfraze
2613,Austin Roberts,Austin Roberts,sa3010254,,,austinroberts
2614,Andrew Bash,Andrew Bash,sa3010259,,,andrewbash
2615,Kellen Strahm,Kellen Strahm,sa3010278,,,kellenstrahm
2616,Jason Blanchard,Jason Blanchard,sa3010313,,,jasonblanchard
2617,Jake Walkinshaw,Jake Walkinshaw,sa3010317,,,jakewalkinshaw
2618,Trevor Boone,Trevor Boone,sa3010336,,,trevorboone
2619,Darius Hill,Darius Hill,sa3010395,,,dariushill
2620,Ryan Shreve,Ryan Shreve,sa3010555,,,ryanshreve
2621,Ben Anderson,Ben Anderson,sa3010560,,,benanderson
2622,Dalton Roach,Dalton Roach,sa3010567,,,daltonroach
2623,Cooper Johnson,Cooper Johnson,sa3010584,,,cooperjohnson
2624,Randy Labaut,Randy Labaut,sa3010615,,,randylabaut
2625,Brandon Komar,Brandon Komar,sa3010630,,,brandonkomar
2626,Cade Bunnell,Cade Bunnell,sa3010702,,,cadebunnell
2627,Andrew Navigato,Andrew Navigato,sa3010703,,,andrewnavigato
2628,Morgan McSweeney,Morgan McSweeney,sa3010781,,,morganmcsweeney
2629,Fineas Del Bonta-Smith,Fineas Del Bonta-Smith,sa3010821,,,fineasdelbontasmith
2630,Justin Yeager,Justin Yeager,sa3010825,,,justinyeager
2631,Bradley Hanner,Bradley Hanner,sa3010837,,,bradleyhanner
2632,Chase Strumpf,Chase Strumpf,sa3010845,,,chasestrumpf
2633,Austin Bergner,Austin Bergner,sa3011122,,,austinbergner
2634,Daniel Juarez,Daniel Juarez,sa3011139,,,danieljuarez
2635,Seth Shuman,Seth Shuman,sa3011187,,,sethshuman
2636,Ryan Garcia,Ryan Garcia,sa3011190,,,ryangarcia
2637,Will Holland,Will Holland,sa3011204,,,willholland
2638,Alec Gamboa,Alec Gamboa,sa3011249,,,alecgamboa
2639,Aidan Anderson,Aidan Anderson,sa3011250,,,aidananderson
2640,Jase Bowen,Jase Bowen,sa3011267,,,jasebowen
2641,Jack Ralston,Jack Ralston,sa3011296,,,jackralston
2642,Todd Peterson,Todd Peterson,sa3011334,,,toddpeterson
2643,Hansel Marcelino,Hansel Marcelino,sa3011376,,,hanselmarcelino
2644,Phil Clarke,Phil Clarke,sa3011379,,,philclarke
2645,Drew Parrish,Drew Parrish,sa3011395,,,drewparrish
2646,Joel Valdez,Joel Valdez,sa3011397,,,joelvaldez
2647,Hunter Bishop,Hunter Bishop,sa3011413,,,hunterbishop
2648,Michael Cuevas,Michael Cuevas,sa3011437,,,michaelcuevas
2649,Stephen Scott,Stephen Scott,sa3011469,,,stephenscott
2650,J.C. Flowers,J.C. Flowers,sa3011493,,,jcflowers
2651,Houston Roth,Houston Roth,sa3011527,,,houstonroth
2652,Nick Richmond,Nick Richmond,sa3011538,,,nickrichmond
2653,Jared Johnson,Jared Johnson,sa3011626,,,jaredjohnson
2654,Yosber Sanchez,Yosber Sanchez,sa3011636,,,yosbersanchez
2655,Conor Grammes,Conor Grammes,sa3011651,,,conorgrammes
2656,Gabriel Sosa,Gabriel Sosa,sa3011682,,,gabrielsosa
2657,Noah Song,Noah Song,sa3011695,,,noahsong
2658,Avery Short,Avery Short,sa3011712,,,averyshort
2659,Ryan Harbin,Ryan Harbin,sa3011733,,,ryanharbin
2660,Karson Simas,Karson Simas,sa3011739,,,karsonsimas
2661,Gavin Collyer,Gavin Collyer,sa3011742,,,gavincollyer
2662,Erick Brito,Erick Brito,sa3011753,,,erickbrito
2663,Shane Sasaki,Shane Sasaki,sa3011754,,,shanesasaki
2664,Alexander Cornielle,Alexander Cornielle,sa3011779,,,alexandercornielle
2665,Ben Peoples,Ben Peoples,sa3011784,,,benpeoples
2666,Hun Gon Kim,Hun Gon Kim,sa3011906,,,hungonkim
2667,Byeong-woo Jeon,Byeong-woo Jeon,sa3011926,,,byeongwoojeon
2668,Kih-Yun Yang,Kih-Yun Yang,sa3011929,,,kihyunyang
2669,Seongmin Kim,Seongmin Kim,sa3011930,,,seongminkim
2670,Kyu-min Woo,Kyu-min Woo,sa3012000,,,kyuminwoo
2671,Yongkyu Lee,Yongkyu Lee,sa3012015,,,yongkyulee
2672,Jaeho Kim,Jaeho Kim,sa3012016,,,jaehokim
2673,Minho Kang,Minho Kang,sa3012023,,,minhokang
2674,Jeong Choi,Jeong Choi,sa3012034,,,jeongchoi
2675,Jong-hyun Won,Jong-hyun Won,sa3012035,,,jonghyunwon
2676,Euiji Yang,Euiji Yang,sa3012037,,,euijiyang
2677,Yongchan Lee,Yongchan Lee,sa3012046,,,yongchanlee
2678,Ah-seop Son,Ah-seop Son,sa3012050,,,ahseopson
2679,Taegun Kim,Taegun Kim,sa3012057,,,taegunkim
2680,Geonchang Seo,Geonchang Seo,sa3012058,,,geonchangseo
2681,Junwoo Jeon,Junwoo Jeon,sa3012061,,,junwoojeon
2682,Kyoung-min Hur,Kyoung-min Hur,sa3012064,,,kyoungminhur
2683,Sang-soo Kim,Sang-soo Kim,sa3012065,,,sangsookim
2684,Seung-hyun Lee,Seung-hyun Lee,sa3012166,,,seunghyunlee
2685,Dae-yu Kim,Dae-yu Kim,sa3012179,,,daeyukim
2686,Hoon Jung,Hoon Jung,sa3012191,,,hoonjung
2687,Tae-gon Oh,Tae-gon Oh,sa3012193,,,taegonoh
2688,Si-young Park,Si-young Park,sa3012194,,,siyoungpark
2689,Tae-yang Lee,Tae-yang Lee,sa3012211,,,taeyanglee
2690,Jong-hun Park,Jong-hun Park,sa3012213,,,jonghunpark
2691,Chan-kyu Im,Chan-kyu Im,sa3012220,,,chankyuim
2692,Kang-nam Yoo,Kang-nam Yoo,sa3012221,,,kangnamyoo
2693,Woo-chan Lee,Woo-chan Lee,sa3012225,,,woochanlee
2694,Hyun Yang,Hyun Yang,sa3012238,,,hyunyang
2695,Jong-wook Ko,Jong-wook Ko,sa3012243,,,jongwookko
2696,Dae-woo Kim,Dae-woo Kim,sa3012247,,,daewookim
2697,Geon-hui Hong,Geon-hui Hong,sa3012262,,,geonhuihong
2698,Seung-hyuk Han,Seung-hyuk Han,sa3012265,,,seunghyukhan
2699,Jin-yong Seo,Jin-yong Seo,sa3012277,,,jinyongseo
2700,Sung-hoon Choi,Sung-hoon Choi,sa3012284,,,sunghoonchoi
2701,Ji-hyuk Ryu,Ji-hyuk Ryu,sa3012288,,,jihyukryu
2702,Sei-hyok Park,Sei-hyok Park,sa3012290,,,seihyokpark
2703,Jae-hyun Kim,Jae-hyun Kim,sa3012294,,,jaehyunkim
2704,Tae-hoon Kim,Tae-hoon Kim,sa3012298,,,taehoonkim
2705,Hyun-hee Han,Hyun-hee Han,sa3012299,,,hyunheehan
2706,Ja-wook Koo,Ja-wook Koo,sa3012300,,,jawookkoo
2707,Hae-min Park,Hae-min Park,sa3012304,,,haeminpark
2708,Won-jung Kim,Won-jung Kim,sa3012308,,,wonjungkim
2709,Jun-tae Kim,Jun-tae Kim,sa3012310,,,juntaekim
2710,Ju-suk Ha,Ju-suk Ha,sa3012320,,,jusukha
2711,Gi-yeong Im,Gi-yeong Im,sa3012323,,,giyeongim
2712,Seung-wook Park,Seung-wook Park,sa3012327,,,seungwookpark
2713,Seung-won Moon,Seung-won Moon,sa3012330,,,seungwonmoon
2714,Hang Choi,Hang Choi,sa3012332,,,hangchoi
2715,Yoo-seom Han,Yoo-seom Han,sa3012336,,,yooseomhan
2716,Min-woo Park,Min-woo Park,sa3012337,,,minwoopark
2717,Jin-sung Kang,Jin-sung Kang,sa3012344,,,jinsungkang
2718,Jin-hyuk No,Jin-hyuk No,sa3012348,,,jinhyukno
2719,Seong-uk Kim,Seong-uk Kim,sa3012349,,,seongukkim
2720,Sung-bum Na,Sung-bum Na,sa3012352,,,sungbumna
2721,Hyeong-beom Lee,Hyeong-beom Lee,sa3012353,,,hyeongbeomlee
2722,Seung-ho Kang,Seung-ho Kang,sa3012361,,,seunghokang
2723,Jae-june Bae,Jae-june Bae,sa3012364,,,jaejunebae
2724,Seung-hyun Jang,Seung-hyun Jang,sa3012365,,,seunghyunjang
2725,Deok-ju Ham,Deok-ju Ham,sa3012366,,,deokjuham
2726,In-tae Kim,In-tae Kim,sa3012367,,,intaekim
2727,Woo-sung Lee,Woo-sung Lee,sa3012368,,,woosunglee
2728,Sang-woo Cho,Sang-woo Cho,sa3012372,,,sangwoocho
2729,Jin-hyung Park,Jin-hyung Park,sa3012378,,,jinhyungpark
2730,Seung-min Koo,Seung-min Koo,sa3012379,,,seungminkoo
2731,Seung-taek Han,Seung-taek Han,sa3012396,,,seungtaekhan
2732,Jong-soo Kim,Jong-soo Kim,sa3012399,,,jongsookim
2733,Hyun-sik Jang,Hyun-sik Jang,sa3012411,,,hyunsikjang
2734,Jung-ho Lim,Jung-ho Lim,sa3012412,,,jungholim
2735,Sang-min Lee,Sang-min Lee,sa3012413,,,sangminlee
2736,Hui-dong Kwon,Hui-dong Kwon,sa3012415,,,huidongkwon
2737,Young-pyo Ko,Young-pyo Ko,sa3012418,,,youngpyoko
2738,Min-hyuck Kim,Min-hyuck Kim,sa3012419,,,minhyuckkim
2739,Woo-jun Shim,Woo-jun Shim,sa3012420,,,woojunshim
2740,Sang-chul Moon,Sang-chul Moon,sa3012421,,,sangchulmoon
2741,Min-sub Song,Min-sub Song,sa3012423,,,minsubsong
2742,Jae-min Shim,Jae-min Shim,sa3012426,,,jaeminshim
2743,Se-woong Park,Se-woong Park,sa3012427,,,sewoongpark
2744,Joong-yeol Ahn,Joong-yeol Ahn,sa3012428,,,joongyeolahn
2745,Jun-won Jang,Jun-won Jang,sa3012436,,,junwonjang
2746,Suk-hwan Yang,Suk-hwan Yang,sa3012438,,,sukhwanyang
2747,Jung-dae Bae,Jung-dae Bae,sa3012441,,,jungdaebae
2748,Ji-yeol Im,Ji-yeol Im,sa3012449,,,jiyeolim
2749,Byeong-wuk Lim,Byeong-wuk Lim,sa3012450,,,byeongwuklim
2750,Yeong-min Ha,Yeong-min Ha,sa3012451,,,yeongminha
2751,Gye-beom Park,Gye-beom Park,sa3012458,,,gyebeompark
2752,Yoon-suk Oh,Yoon-suk Oh,sa3012464,,,yoonsukoh
2753,Chang-jin Lee,Chang-jin Lee,sa3012466,,,changjinlee
2754,Yu-yeong Kim,Yu-yeong Kim,sa3012469,,,yuyeongkim
2755,Chan-ho Park,Chan-ho Park,sa3012474,,,chanhopark
2756,Yeong-u Jo,Yeong-u Jo,sa3012483,,,yeongujo
2757,Tae-jin Kim,Tae-jin Kim,sa3012499,,,taejinkim
2758,Jae-whan Bae,Jae-whan Bae,sa3012500,,,jaewhanbae
2759,Min-su Kim,Min-su Kim,sa3012504,,,minsukim
2760,Sang-baek Eom,Sang-baek Eom,sa3012505,,,sangbaekeom
2761,Kwon Ju,Kwon Ju,sa3012508,,,kwonju
2762,Seung-hyeon Baek,Seung-hyeon Baek,sa3012512,,,seunghyeonbaek
2763,Sang-kyu Lee,Sang-kyu Lee,sa3012514,,,sangkyulee
2764,Jae-seong Kim,Jae-seong Kim,sa3012516,,,jaeseongkim
2765,Min-jae Shin,Min-jae Shin,sa3012520,,,minjaeshin
2766,Min-hyeok Kim,Min-hyeok Kim,sa3012522,,,minhyeokkim
2767,Won-tae Choi,Won-tae Choi,sa3012525,,,wontaechoi
2768,Taek-hyeong Kim,Taek-hyeong Kim,sa3012526,,,taekhyeongkim
2769,Jeong-yong Choi,Jeong-yong Choi,sa3012537,,,jeongyongchoi
2770,Je-seong Bae,Je-seong Bae,sa3012544,,,jeseongbae
2771,Dae-in Hwang,Dae-in Hwang,sa3012545,,,daeinhwang
2772,Jung-soo Park,Jung-soo Park,sa3012548,,,jungsoopark
2773,Ho-ryung Kim,Ho-ryung Kim,sa3012550,,,horyungkim
2774,Jun-young Lee,Jun-young Lee,sa3012552,,,junyounglee
2775,Do-yun Lee,Do-yun Lee,sa3012554,,,doyunlee
2776,Hyun-sang Joo,Hyun-sang Joo,sa3012555,,,hyunsangjoo
2777,Beom-su Kim,Beom-su Kim,sa3012557,,,beomsukim
2778,Woong-bin Kim,Woong-bin Kim,sa3012561,,,woongbinkim
2779,Seung-min Choi,Seung-min Choi,sa3012562,,,seungminchoi
2780,Chang-mo Koo,Chang-mo Koo,sa3012564,,,changmokoo
2781,Chang-ki Hong,Chang-ki Hong,sa3012570,,,changkihong
2782,Ki-yeon Kim,Ki-yeon Kim,sa3012571,,,kiyeonkim
2783,Ju-sung Kim,Ju-sung Kim,sa3012574,,,jusungkim
2784,Soo-haeng Jo,Soo-haeng Jo,sa3012578,,,soohaengjo
2785,Young-ha Lee,Young-ha Lee,sa3012579,,,younghalee
2786,Hyo-sang Joo,Hyo-sang Joo,sa3012583,,,hyosangjoo
2787,Ju-hyeong An,Ju-hyeong An,sa3012586,,,juhyeongan
2788,Sung-gyu Lee,Sung-gyu Lee,sa3012587,,,sunggyulee
2789,Chung-yeon Choi,Chung-yeon Choi,sa3012589,,,chungyeonchoi
2790,Won-jun Choi,Won-jun Choi,sa3012595,,,wonjunchoi
2791,Sang-hyun Jeon,Sang-hyun Jeon,sa3012596,,,sanghyunjeon
2792,Jin-young Lee,Jin-young Lee,sa3012598,,,jinyounglee
2793,Beom-soo Shin,Beom-soo Shin,sa3012601,,,beomsooshin
2794,Tae-yean Kim,Tae-yean Kim,sa3012603,,,taeyeankim
2795,Jin-hyuk Jang,Jin-hyuk Jang,sa3012604,,,jinhyukjang
2796,In-hwan Kim,In-hwan Kim,sa3012607,,,inhwankim
2797,Dong-yoon Chung,Dong-yoon Chung,sa3012614,,,dongyoonchung
2798,Sang-hyeon Ahn,Sang-hyeon Ahn,sa3012616,,,sanghyeonahn
2799,Chan-hyung Kim,Chan-hyung Kim,sa3012617,,,chanhyungkim
2800,Sung-young Choi,Sung-young Choi,sa3012618,,,sungyoungchoi
2801,Jun-young Park,Jun-young Park,sa3012619,,,junyoungpark
2802,Tae-hun Do,Tae-hun Do,sa3012620,,,taehundo
2803,Hyeon-bin Hong,Hyeon-bin Hong,sa3012624,,,hyeonbinhong
2804,Chi-young An,Chi-young An,sa3012625,,,chiyoungan
2805,Jung-hyun Lee,Jung-hyun Lee,sa3012626,,,junghyunlee
2806,Seok-joo Oh,Seok-joo Oh,sa3012629,,,seokjoooh
2807,Ju-young Son,Ju-young Son,sa3012633,,,juyoungson
2808,Yu-chan Lee,Yu-chan Lee,sa3012635,,,yuchanlee
2809,Myeong-sin Kim,Myeong-sin Kim,sa3012636,,,myeongsinkim
2810,Won-joon Choi,Won-joon Choi,sa3012637,,,wonjoonchoi
2811,Chi-guk Park,Chi-guk Park,sa3012638,,,chigukpark
2812,Seong-yoon Kim,Seong-yoon Kim,sa3012644,,,seongyoonkim
2813,Jong-deok Na,Jong-deok Na,sa3012648,,,jongdeokna
2814,Seong-pin Yoon,Seong-pin Yoon,sa3012649,,,seongpinyoon
2815,Seok-hwan Kim,Seok-hwan Kim,sa3012653,,,seokhwankim
2816,Seung-cheol Yoo,Seung-cheol Yoo,sa3012654,,,seungcheolyoo
2817,Jeong-hun Lee,Jeong-hun Lee,sa3012655,,,jeonghunlee
2818,Sang-won Park,Sang-won Park,sa3012657,,,sangwonpark
2819,Seong-han Park,Seong-han Park,sa3012661,,,seonghanpark
2820,Rhee-hyun So,Rhee-hyun So,sa3012662,,,rheehyunso
2821,Min Kim,Min Kim,sa3012664,,,minkim
2822,Baek-ho Kang,Baek-ho Kang,sa3012665,,,baekhokang
2823,Sung-ju Moon,Sung-ju Moon,sa3012668,,,sungjumoon
2824,Dong-hyun Sung,Dong-hyun Sung,sa3012670,,,donghyunsung
2825,Min-gyu Kim,Min-gyu Kim,sa3012671,,,mingyukim
2826,Min-jae Jeon,Min-jae Jeon,sa3012673,,,minjaejeon
2827,Been Gwak,Been Gwak,sa3012674,,,beengwak
2828,Shin-zi Park,Shin-zi Park,sa3012675,,,shinzipark
2829,Jae-hyun Choo,Jae-hyun Choo,sa3012679,,,jaehyunchoo
2830,Chang-seop Yang,Chang-seop Yang,sa3012682,,,changseopyang
2831,Chae-heung Choi,Chae-heung Choi,sa3012683,,,chaeheungchoi
2832,Sung-jong Chung,Sung-jong Chung,sa3012688,,,sungjongchung
2833,Jun-young Ha,Jun-young Ha,sa3012691,,,junyoungha
2834,Won-seok Lee,Won-seok Lee,sa3012693,,,wonseoklee
2835,Jeong-woo Kim,Jeong-woo Kim,sa3012696,,,jeongwookim
2836,Min-jun Choi,Min-jun Choi,sa3012698,,,minjunchoi
2837,Jun-woo Choi,Jun-woo Choi,sa3012699,,,junwoochoi
2838,Young-kyu Kim,Young-kyu Kim,sa3012700,,,youngkyukim
2839,Young-soo Oh,Young-soo Oh,sa3012702,,,youngsoooh
2840,Hyung-jun Kim,Hyung-jun Kim,sa3012705,,,hyungjunkim
2841,Dong-hyun Son,Dong-hyun Son,sa3012706,,,donghyunson
2842,Yong-ju Jeon,Yong-ju Jeon,sa3012707,,,yongjujeon
2843,Sang-dong Lee,Sang-dong Lee,sa3012708,,,sangdonglee
2844,Min-seok Park,Min-seok Park,sa3012709,,,minseokpark
2845,Bon-hyeok Gu,Bon-hyeok Gu,sa3012711,,,bonhyeokgu
2846,Woo-young Jung,Woo-young Jung,sa3012714,,,wooyoungjung
2847,Seung-hwan Song,Seung-hwan Song,sa3012716,,,seunghwansong
2848,Tae-keun Kim,Tae-keun Kim,sa3012717,,,taekeunkim
2849,Dae-han Kim,Dae-han Kim,sa3012718,,,daehankim
2850,Ju-seong Park,Ju-seong Park,sa3012719,,,juseongpark
2851,Young-gun Cho,Young-gun Cho,sa3012720,,,youngguncho
2852,Seung-kyu Park,Seung-kyu Park,sa3012721,,,seungkyupark
2853,Do-hwan Kim,Do-hwan Kim,sa3012722,,,dohwankim
2854,Tae-in Won,Tae-in Won,sa3012723,,,taeinwon
2855,Yong-su Shin,Yong-su Shin,sa3012724,,,yongsushin
2856,Hyeon-su Kim,Hyeon-su Kim,sa3012725,,,hyeonsukim
2857,Seung-min Go,Seung-min Go,sa3012726,,,seungmingo
2858,Jin Park,Jin Park,sa3012728,,,jinpark
2859,Ki-hoon Kim,Ki-hoon Kim,sa3012729,,,kihoonkim
2860,Sun-woo Oh,Sun-woo Oh,sa3012730,,,sunwoooh
2861,Woo-hyuk Byun,Woo-hyuk Byun,sa3012733,,,woohyukbyun
2862,Si-hwan Roh,Si-hwan Roh,sa3012734,,,sihwanroh
2863,Yi-hwan Kim,Yi-hwan Kim,sa3012735,,,yihwankim
2864,Jang-hyeok Yoo,Jang-hyeok Yoo,sa3012737,,,janghyeokyoo
2865,Hyun-woo Chae,Hyun-woo Chae,sa3012739,,,hyunwoochae
2866,Chang-pyeong Kim,Chang-pyeong Kim,sa3012740,,,changpyeongkim
2867,Sa-min Chun,Sa-min Chun,sa3012744,,,saminchun
2868,Kang-min Kim,Kang-min Kim,sa3012834,,,kangminkim
2869,Hyoung-woo Choi,Hyoung-woo Choi,sa3012871,,,hyoungwoochoi
2870,Hyo-jun Ko,Hyo-jun Ko,sa3012882,,,hyojunko
2871,Kyung-su Park,Kyung-su Park,sa3012911,,,kyungsupark
2872,Kyung-eun Noh,Kyung-eun Noh,sa3012918,,,kyungeunnoh
2873,Eun-beom Song,Eun-beom Song,sa3012960,,,eunbeomsong
2874,Jin-sung Kim,Jin-sung Kim,sa3013091,,,jinsungkim
2875,Keon-kuk Kim,Keon-kuk Kim,sa3013098,,,keonkukkim
2876,Joo-hwan Choi,Joo-hwan Choi,sa3013103,,,joohwanchoi
2877,Sang-su Kim,Sang-su Kim,sa3013115,,,sangsukim
2878,Sung-hyun Kim,Sung-hyun Kim,sa3013146,,,sunghyunkim
2879,Jae-won Lee,Jae-won Lee,sa3013147,,,jaewonlee
2880,Kang-ryul Kim,Kang-ryul Kim,sa3013163,,,kangryulkim
2881,Jung-hyun Baek,Jung-hyun Baek,sa3013166,,,junghyunbaek
2882,Min-sung Kim,Min-sung Kim,sa3013175,,,minsungkim
2883,Hyung-jong Lee,Hyung-jong Lee,sa3013195,,,hyungjonglee
2884,Jae-hwan Kim,Jae-hwan Kim,sa3013200,,,jaehwankim
2885,Jae-hoon Choi,Jae-hoon Choi,sa3013205,,,jaehoonchoi
2886,Chang-min Lim,Chang-min Lim,sa3013206,,,changminlim
2887,Sung-woo Jang,Sung-woo Jang,sa3013216,,,sungwoojang
2888,Sun-bin Kim,Sun-bin Kim,sa3013220,,,sunbinkim
2889,Sun-jin Oh,Sun-jin Oh,sa3013231,,,sunjinoh
2890,Ji-hwan Oh,Ji-hwan Oh,sa3013245,,,jihwanoh
2891,Dong-hwan Choi,Dong-hwan Choi,sa3013250,,,donghwanchoi
2892,Eun-seong Chae,Eun-seong Chae,sa3013253,,,eunseongchae
2893,Kun-woo Park,Kun-woo Park,sa3013255,,,kunwoopark
2894,Soo-bin Jung,Soo-bin Jung,sa3013258,,,soobinjung
2895,Dong-won Park,Dong-won Park,sa3013271,,,dongwonpark
2896,Ji-young Lee,Ji-young Lee,sa3013276,,,jiyounglee
2897,Chi-hong An,Chi-hong An,sa3013286,,,chihongan
2898,Bo-keun Jeong,Bo-keun Jeong,sa3014210,,,bokeunjeong
2899,Jun-su Han,Jun-su Han,sa3014211,,,junsuhan
2900,Woo-hyun Yang,Woo-hyun Yang,sa3014212,,,woohyunyang
2901,Hyeon-woo Kang,Hyeon-woo Kang,sa3014272,,,hyeonwookang
2902,Ji-chan Kim,Ji-chan Kim,sa3014279,,,jichankim
2903,Ji-hoon Choi,Ji-hoon Choi,sa3014282,,,jihoonchoi
2904,Joo-on Kim,Joo-on Kim,sa3014287,,,jooonkim
2905,Jeong-won Choi,Jeong-won Choi,sa3014290,,,jeongwonchoi
2906,Hyeong Jun So,Hyeong Jun So,sa3014303,,,hyeongjunso
2907,Kyu-sung Kim,Kyu-sung Kim,sa3014306,,,kyusungkim
2908,Sang-kwon Byeon,Sang-kwon Byeon,sa3014307,,,sangkwonbyeon
2909,Dong Jae Hwang,Dong Jae Hwang,sa3014313,,,dongjaehwang
2910,Kang Jun Lee,Kang Jun Lee,sa3014315,,,kangjunlee
2911,Suk-hyun Han,Suk-hyun Han,sa3014319,,,sukhyunhan
2912,Ho-cheol Seo,Ho-cheol Seo,sa3014321,,,hocheolseo
2913,Seong Ho Cheon,Seong Ho Cheon,sa3014323,,,seonghocheon
2914,In Ho Choi,In Ho Choi,sa3014330,,,inhochoi
2915,Jung Hyun Park,Jung Hyun Park,sa3014331,,,junghyunpark
2916,Jae Min Kang,Jae Min Kang,sa3014332,,,jaeminkang
2917,Seung Min Lee,Seung Min Lee,sa3014336,,,seungminlee
2918,Jin-ho Kim,Jin-ho Kim,sa3014341,,,jinhokim
2919,Ji Hoon Park,Ji Hoon Park,sa3014342,,,jihoonpark
2920,Myeong Jin Oh,Myeong Jin Oh,sa3014344,,,myeongjinoh
2921,Kyo-hoon Lee,Kyo-hoon Lee,sa3014347,,,kyohoonlee
2922,Byeong Hwi Kim,Byeong Hwi Kim,sa3014351,,,byeonghwikim
2923,Hai Young Jung,Hai Young Jung,sa3014352,,,haiyoungjung
2924,Jong Pyo Hong,Jong Pyo Hong,sa3014355,,,jongpyohong
2925,Won Hoe Hyun,Won Hoe Hyun,sa3014356,,,wonhoehyun
2926,Jae-ik Lee,Jae-ik Lee,sa3014357,,,jaeiklee
2927,Ju Hong Park,Ju Hong Park,sa3014359,,,juhongpark
2928,Jong Chan Lim,Jong Chan Lim,sa3014361,,,jongchanlim
2929,Jun Yong Choi,Jun Yong Choi,sa3014362,,,junyongchoi
2930,Jung Yong Yi,Jung Yong Yi,sa3014366,,,jungyongyi
2931,Min-hyeok Shin,Min-hyeok Shin,sa3014368,,,minhyeokshin
2932,Min Park,Min Park,sa3014371,,,minpark
2933,Won Seok Oh,Won Seok Oh,sa3014380,,,wonseokoh
2934,Gang-hyun Kim,Gang-hyun Kim,sa3014382,,,ganghyunkim
2935,Jae-yeol Kim,Jae-yeol Kim,sa3014394,,,jaeyeolkim
2936,Hyo Seung Ryu,Hyo Seung Ryu,sa3014398,,,hyoseungryu
2937,Si Won Park,Si Won Park,sa3014404,,,siwonpark
2938,Won Pyo Hong,Won Pyo Hong,sa3014405,,,wonpyohong
2939,In San An,In San An,sa3014407,,,insanan
2940,Tae Gyeong Kim,Tae Gyeong Kim,sa3014408,,,taegyeongkim
2941,Jin Oug Ryou,Jin Oug Ryou,sa3014409,,,jinougryou
2942,Tae-hyun Kim,Tae-hyun Kim,sa3014410,,,taehyunkim
2943,Ho-yeon Lee,Ho-yeon Lee,sa3014412,,,hoyeonlee
2944,Trei Cruz,Trei Cruz,sa3014420,,,treicruz
2945,Hayden Cantrelle,Hayden Cantrelle,sa3014426,,,haydencantrelle
2946,Shane Drohan,Shane Drohan,sa3014447,,,shanedrohan
2947,Trevor Hauver,Trevor Hauver,sa3014448,,,trevorhauver
2948,Carson Taylor,Carson Taylor,sa3014468,,,carsontaylor
2949,Zach McCambley,Zach McCambley,sa3014478,,,zachmccambley
2950,Tekoah Roby,Tekoah Roby,sa3014519,,,tekoahroby
2951,A.J. Vukovich,A.J. Vukovich,sa3014525,,,ajvukovich
2952,Dax Fulton,Dax Fulton,sa3014535,,,daxfulton
2953,Ian Bedell,Ian Bedell,sa3014538,,,ianbedell
2954,Po-Yu Chen,Po-Yu Chen,sa3014699,,,poyuchen
2955,CJ Van Eyk,CJ Van Eyk,sa3014713,,,cjvaneyk
2956,Adisyn Coffey,Adisyn Coffey,sa3014738,,,adisyncoffey
2957,Ju Hyoung Lee,Ju Hyoung Lee,sa3014742,,,juhyounglee
2958,Dong Jin Kwon,Dong Jin Kwon,sa3014744,,,dongjinkwon
2959,Cha Hyeon Han,Cha Hyeon Han,sa3014746,,,chahyeonhan
2960,Jin Su Kim,Jin Su Kim,sa3014748,,,jinsukim
2961,Jae Seok An,Jae Seok An,sa3014749,,,jaeseokan
2962,Jae Young Jang,Jae Young Jang,sa3014751,,,jaeyoungjang
2963,Jin Uk Kim,Jin Uk Kim,sa3014753,,,jinukkim
2964,Eui Lee Lee,Eui Lee Lee,sa3014756,,,euileelee
2965,Chae-ho Lee,Chae-ho Lee,sa3014763,,,chaeholee
2966,Myeong Jun Ko,Myeong Jun Ko,sa3014774,,,myeongjunko
2967,Doo-sung Chang,Doo-sung Chang,sa3014778,,,doosungchang
2968,Cesar Gomez,Cesar Gomez,sa3014799,,,cesargomez
2969,Braxton Roxby,Braxton Roxby,sa3014811,,,braxtonroxby
2970,Carson Rudd,Carson Rudd,sa3014812,,,carsonrudd
2971,Carter Loewen,Carter Loewen,sa3014844,,,carterloewen
2972,Adam Laskey,Adam Laskey,sa3014851,,,adamlaskey
2973,Holden Powell,Holden Powell,sa3014854,,,holdenpowell
2974,Carson Coleman,Carson Coleman,sa3014857,,,carsoncoleman
2975,Sahid Valenzuela,Sahid Valenzuela,sa3014882,,,sahidvalenzuela
2976,TJ Shook,TJ Shook,sa3014915,,,tjshook
2977,Cole Percival,Cole Percival,sa3014919,,,colepercival
2978,Dane Acker,Dane Acker,sa3014924,,,daneacker
2979,Kale Emshoff,Kale Emshoff,sa3014934,,,kaleemshoff
2980,Brett Auerbach,Brett Auerbach,sa3014941,,,brettauerbach
2981,Brady Lindsly,Brady Lindsly,sa3014942,,,bradylindsly
2982,Francisco Urbaez,Francisco Urbaez,sa3014944,,,franciscourbaez
2983,Paul Witt,Paul Witt,sa3014949,,,paulwitt
2984,Young Bin Lee,Young Bin Lee,sa3015000,,,youngbinlee
2985,Logan Boyer,Logan Boyer,sa3015002,,,loganboyer
2986,Nick Krauth,Nick Krauth,sa3015006,,,nickkrauth
2987,Jon Olsen,Jon Olsen,sa3015032,,,jonolsen
2988,Mason Hickman,Mason Hickman,sa3015033,,,masonhickman
2989,Jack Dashwood,Jack Dashwood,sa3015035,,,jackdashwood
2990,Bo-gyeong Moon,Bo-gyeong Moon,sa3015048,,,bogyeongmoon
2991,Woo Jun Jeong,Woo Jun Jeong,sa3015053,,,woojunjeong
2992,Seung Yeup Na,Seung Yeup Na,sa3015054,,,seungyeupna
2993,Jae Young Song,Jae Young Song,sa3015055,,,jaeyoungsong
2994,Victor Labrada,Victor Labrada,sa3015062,,,victorlabrada
2995,Joong-hyeon Yoon,Joong-hyeon Yoon,sa3015067,,,joonghyeonyoon
2996,Ryan Watson,Ryan Watson,sa3015070,,,ryanwatson
2997,Jose Davila,Jose Davila,sa3015092,,,josedavila
2998,TT Bowens,TT Bowens,sa3015107,,,ttbowens
2999,Ki Joong Kim,Ki Joong Kim,sa3015113,,,kijoongkim
3000,Whee Jip Kim,Whee Jip Kim,sa3015123,,,wheejipkim
3001,Geon Hyoung Kim,Geon Hyoung Kim,sa3015138,,,geonhyoungkim
3002,Ju Won Kim,Ju Won Kim,sa3015141,,,juwonkim
3003,Juan Corniel,Juan Corniel,sa3015169,,,juancorniel
3004,Yerlin Confidan,Yerlin Confidan,sa3015176,,,yerlinconfidan
3005,Wilfred Veras,Wilfred Veras,sa3015178,,,wilfredveras
3006,Kala'i Rosario,Kala'i Rosario,sa3015199,,,kalairosario
3007,Jose Fernandez,Jose Fernandez,sa3015204,,,josefernandez
3008,Drake Fellows,Drake Fellows,sa3015208,,,drakefellows
3009,Joe Elbis,Joe Elbis,sa3015216,,,joeelbis
3010,Aaron Rozek,Aaron Rozek,sa3015224,,,aaronrozek
3011,Ricardo Olivar,Ricardo Olivar,sa3015234,,,ricardoolivar
3012,Brandan Bidois,Brandan Bidois,sa3015277,,,brandanbidois
3013,Dahian  Santos,Dahian  Santos,sa3015282,,,dahiansantos
3014,Josh Stephan,Josh Stephan,sa3015286,,,joshstephan
3015,Elison Joseph,Elison Joseph,sa3015306,,,elisonjoseph
3016,Nolan Clenney,Nolan Clenney,sa3015328,,,nolanclenney
3017,Jose Acuna,Jose Acuna,sa3015331,,,joseacuna
3018,Alonzo Richardson,Alonzo Richardson,sa3015333,,,alonzorichardson
3019,Aidan Curry,Aidan Curry,sa3015334,,,aidancurry
3020,Yerlin Rodriguez,Yerlin Rodriguez,sa3015362,,,yerlinrodriguez
3021,Min-soo Kim,Min-soo Kim,sa3015366,,,minsookim
3022,Yujanyer Herrera,Yujanyer Herrera,sa3015370,,,yujanyerherrera
3023,Adrian Rodriguez,Adrian Rodriguez,sa3015385,,,adrianrodriguez
3024,Juan Nuñez,Juan Nunez,sa3015464,,,juannunez
3025,Antwone Kelly,Antwone Kelly,sa3015489,,,antwonekelly
3026,Joel Díaz,Joel Diaz,sa3015500,,,joeldiaz
3027,Yaqui Rivera,Yaqui Rivera,sa3015504,,,yaquirivera
3028,Fernando Caldera,Fernando Caldera,sa3015547,,,fernandocaldera
3029,Jesus Castillo,Jesus Castillo,sa3015587,,,jesuscastillo
3030,Jeral Toledo,Jeral Toledo,sa3015590,,,jeraltoledo
3031,Christian Cerda,Christian Cerda,sa3015623,,,christiancerda
3032,Victor Arias,Victor Arias,sa3015636,,,victorarias
3033,Omar Alfonzo,Omar Alfonzo,sa3015665,,,omaralfonzo
3034,Felix Reyes,Felix Reyes,sa3015688,,,felixreyes
3035,Ronald Hernandez,Ronald Hernandez,sa3015738,,,ronaldhernandez
3036,Esmerlyn Valdez,Esmerlyn Valdez,sa3015768,,,esmerlynvaldez
3037,Leo Balcazar,Leo Balcazar,sa3015798,,,leobalcazar
3038,Gregory Barrios,Gregory Barrios,sa3015800,,,gregorybarrios
3039,Jadher Areinamo,Jadher Areinamo,sa3015802,,,jadherareinamo
3040,Gleider Figueroa,Gleider Figueroa,sa3015813,,,gleiderfigueroa
3041,Pedro Ramirez,Pedro Ramirez,sa3015834,,,pedroramirez
3042,Andy Perez,Andy Perez,sa3015857,,,andyperez
3043,Kenny Castillo,Kenny Castillo,sa3015863,,,kennycastillo
3044,John Stankiewicz,John Stankiewicz,sa3016001,,,johnstankiewicz
3045,Randel Clemente,Randel Clemente,sa3016003,,,randelclemente
3046,Jordy Vargas,Jordy Vargas,sa3016052,,,jordyvargas
3047,Ricardo Yan,Ricardo Yan,sa3016056,,,ricardoyan
3048,Welinton Herrera,Welinton Herrera,sa3016061,,,welintonherrera
3049,Felipe De La Cruz,Felipe De La Cruz,sa3016065,,,felipedelacruz
3050,Diego Velasquez,Diego Velasquez,sa3016144,,,diegovelasquez
3051,Enderso Lira,Enderso Lira,sa3016145,,,endersolira
3052,Carlos Avila,Carlos Avila,sa3016161,,,carlosavila
3053,Victor Juarez,Victor Juarez,sa3016226,,,victorjuarez
3054,Jaydenn  Estanista,Jaydenn  Estanista,sa3016230,,,jaydennestanista
3055,Christian Romero,Christian Romero,sa3016260,,,christianromero
3056,Keythel Key,Keythel Key,sa3016282,,,keythelkey
3057,Yendy Gomez,Yendy Gomez,sa3016287,,,yendygomez
3058,David Leon,David Leon,sa3016336,,,davidleon
3059,Luis Gutierrez,Luis Gutierrez,sa3016469,,,luisgutierrez
3060,Jarold Rosado,Jarold Rosado,sa3016502,,,jaroldrosado
3061,Miguel Ullola,Miguel Ullola,sa3016504,,,miguelullola
3062,Felix Arronde,Felix Arronde,sa3016526,,,felixarronde
3063,Luis Serna,Luis Serna,sa3016528,,,luisserna
3064,Edinson Duran,Edinson Duran,sa3016561,,,edinsonduran
3065,Elio Campos,Elio Campos,sa3016645,,,eliocampos
3066,Jhoniel Serrano,Jhoniel Serrano,sa3016710,,,jhonielserrano
3067,Luis Suisbel,Luis Suisbel,sa3016717,,,luissuisbel
3068,Edward Duran,Edward Duran,sa3016719,,,edwardduran
3069,Frederick Bencosme,Frederick Bencosme,sa3016779,,,frederickbencosme
3070,Spencer Packard,Spencer Packard,sa3016803,,,spencerpackard
3071,Colin Davis,Colin Davis,sa3016806,,,colindavis
3072,Konner Piotto,Konner Piotto,sa3016810,,,konnerpiotto
3073,Douglas Orellana,Douglas Orellana,sa3016817,,,douglasorellana
3074,Marcos Castanon,Marcos Castanon,sa3016818,,,marcoscastanon
3075,Gabriel Reyes,Gabriel Reyes,sa3016833,,,gabrielreyes
3076,Kenyon Yovan,Kenyon Yovan,sa3016839,,,kenyonyovan
3077,Luis Alvarez,Luis Alvarez,sa3016847,,,luisalvarez
3078,Zach Humphreys,Zach Humphreys,sa3016853,,,zachhumphreys
3079,Myles Emmerson,Myles Emmerson,sa3016862,,,mylesemmerson
3080,Mike Antico,Mike Antico,sa3016922,,,mikeantico
3081,Abimelec  Ortiz,Abimelec  Ortiz,sa3016926,,,abimelecortiz
3082,Garrett Schoenle,Garrett Schoenle,sa3016937,,,garrettschoenle
3083,Corey Rosier,Corey Rosier,sa3016961,,,coreyrosier
3084,Grant Richardson,Grant Richardson,sa3016964,,,grantrichardson
3085,Austin Murr,Austin Murr,sa3016967,,,austinmurr
3086,Benjamin Cowles,Benjamin Cowles,sa3016976,,,benjamincowles
3087,Noah Mendlinger,Noah Mendlinger,sa3017001,,,noahmendlinger
3088,Ismael Agreda,Ismael Agreda,sa3017010,,,ismaelagreda
3089,Jack Rogers,Jack Rogers,sa3017017,,,jackrogers
3090,Adam Hackenberg,Adam Hackenberg,sa3017041,,,adamhackenberg
3091,Ethan Murray,Ethan Murray,sa3017051,,,ethanmurray
3092,Ross Carver,Ross Carver,sa3017069,,,rosscarver
3093,Austin Smith,Austin Smith,sa3017071,,,austinsmith
3094,Drake Osborn,Drake Osborn,sa3017077,,,drakeosborn
3095,Riley Tirotta,Riley Tirotta,sa3017078,,,rileytirotta
3096,Hayden Juenger,Hayden Juenger,sa3017103,,,haydenjuenger
3097,Peyton Wilson,Peyton Wilson,sa3017110,,,peytonwilson
3098,Phillip Sikes,Phillip Sikes,sa3017113,,,phillipsikes
3099,Bennett Hostetler,Bennett Hostetler,sa3017120,,,bennetthostetler
3100,Austin Vernon,Austin Vernon,sa3017138,,,austinvernon
3101,Tyson Guerrero,Tyson Guerrero,sa3017140,,,tysonguerrero
3102,Connor Pavolony,Connor Pavolony,sa3017156,,,connorpavolony
3103,Juan Gonzalez,Juan Gonzalez,sa3017166,,,juangonzalez
3104,Garrett Spain,Garrett Spain,sa3017174,,,garrettspain
3105,Andrew Baker,Andrew Baker,sa3017196,,,andrewbaker
3106,Nick Dombkowski,Nick Dombkowski,sa3017201,,,nickdombkowski
3107,Tommy McCollum,Tommy McCollum,sa3017204,,,tommymccollum
3108,Ethan Routzahn,Ethan Routzahn,sa3017206,,,ethanroutzahn
3109,Rowdey Jordan,Rowdey Jordan,sa3017214,,,rowdeyjordan
3110,Adam Zebrowski,Adam Zebrowski,sa3017221,,,adamzebrowski
3111,Luis R. Rodriguez,Luis R. Rodriguez,sa3017275,,,luisrrodriguez
3112,Shane McGuire,Shane McGuire,sa3017284,,,shanemcguire
3113,BJ Murray Jr.,BJ Murray Jr.,sa3017287,,,bjmurrayjr
3114,Anthony Simonelli,Anthony Simonelli,sa3017312,,,anthonysimonelli
3115,Logan Workman,Logan Workman,sa3017313,,,loganworkman
3116,William Fleming,William Fleming,sa3017314,,,williamfleming
3117,Sean Hunley,Sean Hunley,sa3017316,,,seanhunley
3118,Patrick Halligan,Patrick Halligan,sa3017319,,,patrickhalligan
3119,Dru Baker,Dru Baker,sa3017331,,,drubaker
3120,Jimmy Burnette,Jimmy Burnette,sa3017367,,,jimmyburnette
3121,Paul McIntosh,Paul McIntosh,sa3017372,,,paulmcintosh
3122,Yong-ik Moon,Yong-ik Moon,sa3017380,,,yongikmoon
3123,Garrett Hawkins,Garrett Hawkins,sa3017383,,,garretthawkins
3124,Antonio Knowles,Antonio Knowles,sa3017387,,,antonioknowles
3125,Brett Kerry,Brett Kerry,sa3017390,,,brettkerry
3126,Jose Torres,Jose Torres,sa3017396,,,josetorres
3127,Mike Jarvis,Mike Jarvis,sa3017401,,,mikejarvis
3128,Jay Allen II,Jay Allen II,sa3017403,,,jayallenii
3129,Yong Jun Choi,Yong Jun Choi,sa3017444,,,yongjunchoi
3130,Ju Hyeong Lee,Ju Hyeong Lee,sa3017446,,,juhyeonglee
3131,Jeong-woo Park,Jeong-woo Park,sa3017450,,,jeongwoopark
3132,Ryan Cardona,Ryan Cardona,sa3017470,,,ryancardona
3133,Tristan Garnett,Tristan Garnett,sa3017473,,,tristangarnett
3134,Manuel Castro,Manuel Castro,sa3017493,,,manuelcastro
3135,Jae Hee Lee,Jae Hee Lee,sa3017497,,,jaeheelee
3136,Aaron Brown,Aaron Brown,sa3017500,,,aaronbrown
3137,Alex Cornwell,Alex Cornwell,sa3017501,,,alexcornwell
3138,Lael Lockhart,Lael Lockhart,sa3017502,,,laellockhart
3139,Trent Baker,Trent Baker,sa3017504,,,trentbaker
3140,Casey Opitz,Casey Opitz,sa3017509,,,caseyopitz
3141,Tucker Mitchell,Tucker Mitchell,sa3017511,,,tuckermitchell
3142,Noah Miller,Noah Miller,sa3017512,,,noahmiller
3143,Zane Mills,Zane Mills,sa3017535,,,zanemills
3144,Carlos Tavera,Carlos Tavera,sa3017536,,,carlostavera
3145,Wyatt Olds,Wyatt Olds,sa3017539,,,wyattolds
3146,Tyler Myrick,Tyler Myrick,sa3017541,,,tylermyrick
3147,Peter Van Loon,Peter Van Loon,sa3017543,,,petervanloon
3148,Tyler Schoff,Tyler Schoff,sa3017545,,,tylerschoff
3149,Alex Pham,Alex Pham,sa3017550,,,alexpham
3150,Patrick Winkel,Patrick Winkel,sa3017556,,,patrickwinkel
3151,Kyler Fedko,Kyler Fedko,sa3017561,,,kylerfedko
3152,Creed Willems,Creed Willems,sa3017562,,,creedwillems
3153,Luke Albright,Luke Albright,sa3017592,,,lukealbright
3154,Jake Rice,Jake Rice,sa3017593,,,jakerice
3155,Jack Sinclair,Jack Sinclair,sa3017596,,,jacksinclair
3156,Riley Martin,Riley Martin,sa3017601,,,rileymartin
3157,Aaron Davenport,Aaron Davenport,sa3017615,,,aarondavenport
3158,Ryan Long,Ryan Long,sa3017616,,,ryanlong
3159,Noah Cardenas,Noah Cardenas,sa3017624,,,noahcardenas
3160,Hunter Parks,Hunter Parks,sa3017640,,,hunterparks
3161,Tyler Uberstine,Tyler Uberstine,sa3017643,,,tyleruberstine
3162,Luke Murphy,Luke Murphy,sa3017653,,,lukemurphy
3163,Kenny Piper,Kenny Piper,sa3017664,,,kennypiper
3164,Mason Erla,Mason Erla,sa3017685,,,masonerla
3165,Keagan Gillies,Keagan Gillies,sa3017686,,,keagangillies
3166,Mario Gomez,Mario Gomez,sa3017696,,,mariogomez
3167,Mason Green,Mason Green,sa3017717,,,masongreen
3168,Frankie Scalzo Jr.,Frankie Scalzo Jr.,sa3017724,,,frankiescalzojr
3169,Jake Fox,Jake Fox,sa3017734,,,jakefox
3170,Trenton Wallace,Trenton Wallace,sa3017748,,,trentonwallace
3171,Ronan Kopp,Ronan Kopp,sa3017751,,,ronankopp
3172,Hunter Gregory,Hunter Gregory,sa3017754,,,huntergregory
3173,Gavin Conticello,Gavin Conticello,sa3017770,,,gavinconticello
3174,Ben Harris,Ben Harris,sa3017779,,,benharris
3175,Ryan Sublette,Ryan Sublette,sa3017781,,,ryansublette
3176,Bryce McGowan,Bryce McGowan,sa3017786,,,brycemcgowan
3177,Walker Powell,Walker Powell,sa3017815,,,walkerpowell
3178,Houston Harding,Houston Harding,sa3017820,,,houstonharding
3179,Connor Cooke,Connor Cooke,sa3017822,,,connorcooke
3180,Chase Watkins,Chase Watkins,sa3017842,,,chasewatkins
3181,Seth Lonsway,Seth Lonsway,sa3017857,,,sethlonsway
3182,Seoung Bin Son,Seoung Bin Son,sa3017864,,,seoungbinson
3183,Nick Zwack,Nick Zwack,sa3017867,,,nickzwack
3184,Seung Yong Choi,Seung Yong Choi,sa3017870,,,seungyongchoi
3185,Jack Anderson,Jack Anderson,sa3017872,,,jackanderson
3186,Zac Leigh,Zac Leigh,sa3017873,,,zacleigh
3187,Joon-hyeong Lim,Joon-hyeong Lim,sa3017878,,,joonhyeonglim
3188,Kevin Abel,Kevin Abel,sa3017879,,,kevinabel
3189,Keon Woo Kim,Keon Woo Kim,sa3017893,,,keonwookim
3190,Tae Yang Oh,Tae Yang Oh,sa3017911,,,taeyangoh
3191,Jonny Cuevas,Jonny Cuevas,sa3017931,,,jonnycuevas
3192,Parker Chavers,Parker Chavers,sa3017939,,,parkerchavers
3193,Bailey Dees,Bailey Dees,sa3017946,,,baileydees
3194,Mike Paredes,Mike Paredes,sa3017968,,,mikeparedes
3195,Jaylen Nowlin,Jaylen Nowlin,sa3017978,,,jaylennowlin
3196,Jeong-bum Lee,Jeong-bum Lee,sa3017983,,,jeongbumlee
3197,Chase Plymell,Chase Plymell,sa3017985,,,chaseplymell
3198,Blake Beers,Blake Beers,sa3018004,,,blakebeers
3199,Christian MacLeod,Christian MacLeod,sa3018005,,,christianmacleod
3200,Kyu Hyun Chang,Kyu Hyun Chang,sa3018018,,,kyuhyunchang
3201,Byeong Hyeon Jo,Byeong Hyeon Jo,sa3018029,,,byeonghyeonjo
3202,Min Ki Hong,Min Ki Hong,sa3018038,,,minkihong
3203,San Heum Yun,San Heum Yun,sa3018040,,,sanheumyun
3204,Seoung Jae Park,Seoung Jae Park,sa3018050,,,seoungjaepark
3205,Han Byul Kim,Han Byul Kim,sa3018055,,,hanbyulkim
3206,Jae Hyeon Lee,Jae Hyeon Lee,sa3018058,,,jaehyeonlee
3207,Do Yeong Kim,Do Yeong Kim,sa3018059,,,doyeongkim
3208,Ji Min Choi,Ji Min Choi,sa3018061,,,jiminchoi
3209,Se Jin Cho,Se Jin Cho,sa3018072,,,sejincho
3210,Min Suk Cho,Min Suk Cho,sa3018076,,,minsukcho
3211,See-hoon Kim,See-hoon Kim,sa3018077,,,seehoonkim
3212,Yeong Hyun Park,Yeong Hyun Park,sa3018085,,,yeonghyunpark
3213,Jae Hyuk Kim,Jae Hyuk Kim,sa3018086,,,jaehyukkim
3214,Zach Messinger,Zach Messinger,sa3018093,,,zachmessinger
3215,Trenton Denholm,Trenton Denholm,sa3018139,,,trentondenholm
3216,Blake Holub,Blake Holub,sa3018147,,,blakeholub
3217,Ryan Boyer,Ryan Boyer,sa3018151,,,ryanboyer
3218,Jason Matthews,Jason Matthews,sa3018152,,,jasonmatthews
3219,Jack Leftwich,Jack Leftwich,sa3018169,,,jackleftwich
3220,Jake Miller,Jake Miller,sa3018171,,,jakemiller
3221,Sean Sullivan,Sean Sullivan,sa3018185,,,seansullivan
3222,Robby Ahlstrom,Robby Ahlstrom,sa3018193,,,robbyahlstrom
3223,Chan-ui Song,Chan-ui Song,sa3018197,,,chanuisong
3224,Jeong-bin Yoon,Jeong-bin Yoon,sa3018198,,,jeongbinyoon
3225,In Seo Heo,In Seo Heo,sa3018204,,,inseoheo
3226,Seung Ki Song,Seung Ki Song,sa3018211,,,seungkisong
3227,Kyle Hayes,Kyle Hayes,sa3018212,,,kylehayes
3228,Sang-min Choi,Sang-min Choi,sa3018216,,,sangminchoi
3229,Ji Min Lim,Ji Min Lim,sa3018217,,,jiminlim
3230,Seong Bin Hwang,Seong Bin Hwang,sa3018222,,,seongbinhwang
3231,Du-sol Han,Du-sol Han,sa3018227,,,dusolhan
3232,Cheol-won Chung,Cheol-won Chung,sa3018228,,,cheolwonchung
3233,Dong Ju Moon,Dong Ju Moon,sa3018231,,,dongjumoon
3234,Jee-kang Lee,Jee-kang Lee,sa3018232,,,jeekanglee
3235,Frank Mozzicato,Frank Mozzicato,sa3018242,,,frankmozzicato
3236,Jun Kyu Ryu,Jun Kyu Ryu,sa3018249,,,junkyuryu
3237,Jack Hartman,Jack Hartman,sa3018250,,,jackhartman
3238,Tae Yang Han,Tae Yang Han,sa3018255,,,taeyanghan
3239,Hyun Gu Kang,Hyun Gu Kang,sa3018256,,,hyungukang
3240,Jun Yeong Park,Jun Yeong Park,sa3018258,,,junyeongpark
3241,Dong Hee Yoon,Dong Hee Yoon,sa3018265,,,dongheeyoon
3242,Jeung Woo Seok,Jeung Woo Seok,sa3018268,,,jeungwooseok
3243,Young Jun Jeon,Young Jun Jeon,sa3018269,,,youngjunjeon
3244,Sung-ho Hong,Sung-ho Hong,sa3018270,,,sunghohong
3245,Hae-seung Lee,Hae-seung Lee,sa3018272,,,haeseunglee
3246,Justin King,Justin King,sa3018278,,,justinking
3247,Walbert Urena,Walbert Urena,sa3018298,,,walberturena
3248,Reynaldo Yean,Reynaldo Yean,sa3018303,,,reynaldoyean
3249,Luichi Casilla,Luichi Casilla,sa3018332,,,luichicasilla
3250,Kendeglys Virguez,Kendeglys Virguez,sa3018351,,,kendeglysvirguez
3251,Riskiel Tineo,Riskiel Tineo,sa3018375,,,riskieltineo
3252,Keiner Delgado,Keiner Delgado,sa3018397,,,keinerdelgado
3253,Samuel Munoz,Samuel Munoz,sa3018407,,,samuelmunoz
3254,Yordany De Los Santos,Yordany De Los Santos,sa3018408,,,yordanydelossantos
3255,Jhonny Severino,Jhonny Severino,sa3018415,,,jhonnyseverino
3256,Leandro Arias,Leandro Arias,sa3018433,,,leandroarias
3257,Victor Ortega,Victor Ortega,sa3018439,,,victorortega
3258,Carlos Pacheco,Carlos Pacheco,sa3018455,,,carlospacheco
3259,Dario Laverde,Dario Laverde,sa3018470,,,dariolaverde
3260,Kelvin Hidalgo,Kelvin Hidalgo,sa3018472,,,kelvinhidalgo
3261,Capri Ortiz,Capri Ortiz,sa3018473,,,capriortiz
3262,Derek Bernard,Derek Bernard,sa3018477,,,derekbernard
3263,Axiel Plaz,Axiel Plaz,sa3018480,,,axielplaz
3264,Estuar Suero,Estuar Suero,sa3018481,,,estuarsuero
3265,Luis Baez,Luis Baez,sa3018482,,,luisbaez
3266,Juan Villavicencio,Juan Villavicencio,sa3018494,,,juanvillavicencio
3267,Roynier Hernandez,Roynier Hernandez,sa3018495,,,roynierhernandez
3268,Jesus Baez,Jesus Baez,sa3018507,,,jesusbaez
3269,Jansel Luis,Jansel Luis,sa3018508,,,janselluis
3270,Luis Lara,Luis Lara,sa3018514,,,luislara
3271,Fernando Peguero,Fernando Peguero,sa3018546,,,fernandopeguero
3272,Yeremy Cabrera,Yeremy Cabrera,sa3018549,,,yeremycabrera
3273,Jeral Perez,Jeral Perez,sa3018557,,,jeralperez
3274,Marvin Alcantara,Marvin Alcantara,sa3018558,,,marvinalcantara
3275,Jose Alpuria,Jose Alpuria,sa3018562,,,josealpuria
3276,Thomas Sosa,Thomas Sosa,sa3018566,,,thomassosa
3277,Jefferson Rojas,Jefferson Rojas,sa3018571,,,jeffersonrojas
3278,Luis Sanchez,Luis Sanchez,sa3018578,,,luissanchez
3279,Franyerber Montilla,Franyerber Montilla,sa3018580,,,franyerbermontilla
3280,Alberto Hernandez,Alberto Hernandez,sa3018582,,,albertohernandez
3281,Alberto Barriga,Alberto Barriga,sa3018595,,,albertobarriga
3282,Juan Matheus,Juan Matheus,sa3018611,,,juanmatheus
3283,Chris Suero,Chris Suero,sa3018614,,,chrissuero
3284,Marco Vargas,Marco Vargas,sa3018632,,,marcovargas
3285,Byron Chourio,Byron Chourio,sa3018644,,,byronchourio
3286,Antonio Menendez,Antonio Menendez,sa3018799,,,antoniomenendez
3287,Joseph Montalvo,Joseph Montalvo,sa3018802,,,josephmontalvo
3288,Fernando Perez,Fernando Perez,sa3018826,,,fernandoperez
3289,Jose Chirinos,Jose Chirinos,sa3018859,,,josechirinos
3290,Christian Zazueta,Christian Zazueta,sa3018867,,,christianzazueta
3291,Alfred Morillo,Alfred Morillo,sa3018870,,,alfredmorillo
3292,Richard Fernandez,Richard Fernandez,sa3018898,,,richardfernandez
3293,Cristofer Torin,Cristofer Torin,sa3018938,,,cristofertorin
3294,Alexander Albertus,Alexander Albertus,sa3018950,,,alexanderalbertus
3295,Juan Amarante,Juan Amarante,sa3019048,,,juanamarante
3296,Dylan Heid,Dylan Heid,sa3019113,,,dylanheid
3297,Aldrin Batista,Aldrin Batista,sa3019119,,,aldrinbatista
3298,Anyer Laureano,Anyer Laureano,sa3019123,,,anyerlaureano
3299,Enrique Segura,Enrique Segura,sa3019147,,,enriquesegura
3300,Reylin Perez,Reylin Perez,sa3019204,,,reylinperez
3301,Hansel Rosario,Hansel Rosario,sa3019247,,,hanselrosario
3302,Jose Fleury,Jose Fleury,sa3019255,,,josefleury
3303,Wellington Aracena,Wellington Aracena,sa3019265,,,wellingtonaracena
3304,Leonel Sequera,Leonel Sequera,sa3019268,,,leonelsequera
3305,Sean Paul Liñan,Sean Paul Linan,sa3019270,,,seanpaullinan
3306,Yu-Min Lin,Yu-Min Lin,sa3019278,,,yuminlin
3307,Luis De León,Luis De Leon,sa3019283,,,luisdeleon
3308,Jhancarlos  Lara,Jhancarlos  Lara,sa3019367,,,jhancarloslara
3309,Chalniel Arias,Chalniel Arias,sa3019370,,,chalnielarias
3310,Santiago Suarez,Santiago Suarez,sa3019386,,,santiagosuarez
3311,Wilmy Sanchez,Wilmy Sanchez,sa3019396,,,wilmysanchez
3312,Abdias De La Cruz,Abdias De La Cruz,sa3019401,,,abdiasdelacruz
3313,Sabier Marte,Sabier Marte,sa3019431,,,sabiermarte
3314,Jorgelys Mota,Jorgelys Mota,sa3019465,,,jorgelysmota
3315,Jae Hyouk Jang,Jae Hyouk Jang,sa3019472,,,jaehyoukjang
3316,Hyeong Woo Cho,Hyeong Woo Cho,sa3019473,,,hyeongwoocho
3317,Ryan Middendorf,Ryan Middendorf,sa3019506,,,ryanmiddendorf
3318,Elis Cuevas,Elis Cuevas,sa3019509,,,eliscuevas
3319,Franyer Herrera,Franyer Herrera,sa3019520,,,franyerherrera
3320,Carlos Espinosa,Carlos Espinosa,sa3019549,,,carlosespinosa
3321,Yeri Perez,Yeri Perez,sa3019566,,,yeriperez
3322,Si Hoo Park,Si Hoo Park,sa3019592,,,sihoopark
3323,Liomar Martinez,Liomar Martinez,sa3019612,,,liomarmartinez
3324,Juan Bello,Juan Bello,sa3019615,,,juanbello
3325,Jogly Garcia,Jogly Garcia,sa3019633,,,joglygarcia
3326,Davis Polo,Davis Polo,sa3019637,,,davispolo
3327,Yoffry Solano,Yoffry Solano,sa3019638,,,yoffrysolano
3328,Yordy Herrera,Yordy Herrera,sa3019643,,,yordyherrera
3329,Ovis Portes,Ovis Portes,sa3019644,,,ovisportes
3330,Min Seok Lee,Min Seok Lee,sa3019715,,,minseoklee
3331,Tony Blanco Jr.,Tony Blanco Jr.,sa3019722,,,tonyblancojr
3332,Jae-hwan Chun,Jae-hwan Chun,sa3019748,,,jaehwanchun
3333,Dae-hyeon Cho,Dae-hyeon Cho,sa3019749,,,daehyeoncho
3334,Joel Hurtado,Joel Hurtado,sa3019774,,,joelhurtado
3335,William Bergolla,William Bergolla,sa3019777,,,williambergolla
3336,Anders Tolhurst,Anders Tolhurst,sa3019818,,,anderstolhurst
3337,Dale Stanavich,Dale Stanavich,sa3019833,,,dalestanavich
3338,Brody Moore,Brody Moore,sa3019839,,,brodymoore
3339,Tucker Flint,Tucker Flint,sa3019856,,,tuckerflint
3340,Dylan Phillips,Dylan Phillips,sa3019862,,,dylanphillips
3341,Romeo Sanabria,Romeo Sanabria,sa3019865,,,romeosanabria
3342,Ben Gobbel,Ben Gobbel,sa3019870,,,bengobbel
3343,Nick Biddison,Nick Biddison,sa3019888,,,nickbiddison
3344,Kevin Kilpatrick Jr.,Kevin Kilpatrick Jr.,sa3019891,,,kevinkilpatrickjr
3345,Ian Mejia,Ian Mejia,sa3019911,,,ianmejia
3346,Cade Fergus,Cade Fergus,sa3019919,,,cadefergus
3347,Jack Brannigan,Jack Brannigan,sa3019922,,,jackbrannigan
3348,Matthew Wood,Matthew Wood,sa3019924,,,matthewwood
3349,Robert Moore,Robert Moore,sa3019928,,,robertmoore
3350,Logan Wagner,Logan Wagner,sa3019932,,,loganwagner
3351,Collin Price,Collin Price,sa3019935,,,collinprice
3352,Drake Logan,Drake Logan,sa3019936,,,drakelogan
3353,Jared Southard,Jared Southard,sa3019951,,,jaredsouthard
3354,Josh White,Josh White,sa3019953,,,joshwhite
3355,Matt Pushard,Matt Pushard,sa3019955,,,mattpushard
3356,Jordan Geber,Jordan Geber,sa3019958,,,jordangeber
3357,David McCabe,David McCabe,sa3019964,,,davidmccabe
3358,Zach Morgan,Zach Morgan,sa3019968,,,zachmorgan
3359,Brennan Milone,Brennan Milone,sa3019974,,,brennanmilone
3360,Silas Ardoin,Silas Ardoin,sa3019976,,,silasardoin
3361,Nathan Martorella,Nathan Martorella,sa3019978,,,nathanmartorella
3362,Andrew Jenkins,Andrew Jenkins,sa3019979,,,andrewjenkins
3363,Kody Huff,Kody Huff,sa3019982,,,kodyhuff
3364,Spencer Bramwell,Spencer Bramwell,sa3020000,,,spencerbramwell
3365,Tanner Schobel,Tanner Schobel,sa3020009,,,tannerschobel
3366,T.J. Brock,T.J. Brock,sa3020079,,,tjbrock
3367,John Michael Bertrand,John Michael Bertrand,sa3020082,,,johnmichaelbertrand
3368,Kevin Graham,Kevin Graham,sa3020087,,,kevingraham
3369,Harrison Spohn,Harrison Spohn,sa3020093,,,harrisonspohn
3370,Jacob Miller,Jacob Miller,sa3020111,,,jacobmiller
3371,Tyler Guilfoil,Tyler Guilfoil,sa3020113,,,tylerguilfoil
3372,Trey Faltine,Trey Faltine,sa3020118,,,treyfaltine
3373,Thomas Gavello,Thomas Gavello,sa3020122,,,thomasgavello
3374,Tommy Sacco Jr.,Tommy Sacco Jr.,sa3020125,,,tommysaccojr
3375,Luke Adams,Luke Adams,sa3020135,,,lukeadams
3376,Billy Corcoran,Billy Corcoran,sa3020172,,,billycorcoran
3377,Ben Sears,Ben Sears,sa3020178,,,bensears
3378,Devonte Brown,Devonte Brown,sa3020189,,,devontebrown
3379,Gavin Logan,Gavin Logan,sa3020191,,,gavinlogan
3380,Mario Camilletti,Mario Camilletti,sa3020192,,,mariocamilletti
3381,Dominic Keegan,Dominic Keegan,sa3020194,,,dominickeegan
3382,Michael Turconi,Michael Turconi,sa3020195,,,michaelturconi
3383,Josh Kasevich,Josh Kasevich,sa3020203,,,joshkasevich
3384,Jalen Battles,Jalen Battles,sa3020205,,,jalenbattles
3385,Bryan Rincon,Bryan Rincon,sa3020221,,,bryanrincon
3386,Ryan McCarty,Ryan McCarty,sa3020244,,,ryanmccarty
3387,Roel Garcia III,Roel Garcia III,sa3020253,,,roelgarciaiii
3388,Liam Simon,Liam Simon,sa3020256,,,liamsimon
3389,Devereaux Harrison,Devereaux Harrison,sa3020259,,,devereauxharrison
3390,Tyler Stuart,Tyler Stuart,sa3020264,,,tylerstuart
3391,Brian Fitzpatrick,Brian Fitzpatrick,sa3020265,,,brianfitzpatrick
3392,Dalton Shuffield,Dalton Shuffield,sa3020270,,,daltonshuffield
3393,Lamar King Jr.,Lamar King Jr.,sa3020279,,,lamarkingjr
3394,Marquis Grissom Jr.,Marquis Grissom Jr.,sa3020312,,,marquisgrissomjr
3395,Ryan Brady,Ryan Brady,sa3020313,,,ryanbrady
3396,Alex Williams,Alex Williams,sa3020314,,,alexwilliams
3397,Daniel Harper,Daniel Harper,sa3020316,,,danielharper
3398,Andrew Walling,Andrew Walling,sa3020319,,,andrewwalling
3399,Cy Nielson,Cy Nielson,sa3020321,,,cynielson
3400,Marcus Johnson,Marcus Johnson,sa3020324,,,marcusjohnson
3401,Wilian Bormie,Wilian Bormie,sa3020327,,,wilianbormie
3402,Braden Nett,Braden Nett,sa3020336,,,bradennett
3403,Ben Ross,Ben Ross,sa3020353,,,benross
3404,Kyle Luckham,Kyle Luckham,sa3020378,,,kyleluckham
3405,Blake Burkhalter,Blake Burkhalter,sa3020382,,,blakeburkhalter
3406,Mason Adams,Mason Adams,sa3020388,,,masonadams
3407,Shane Murphy,Shane Murphy,sa3020389,,,shanemurphy
3408,Dylan Ray,Dylan Ray,sa3020392,,,dylanray
3409,Joe Miller,Joe Miller,sa3020393,,,joemiller
3410,Duncan Davitt,Duncan Davitt,sa3020394,,,duncandavitt
3411,Chris Campos,Chris Campos,sa3020396,,,chriscampos
3412,Trevin Michael,Trevin Michael,sa3020400,,,trevinmichael
3413,Spencer Giesting,Spencer Giesting,sa3020402,,,spencergiesting
3414,John Klein,John Klein,sa3020405,,,johnklein
3415,Tyler Vogel,Tyler Vogel,sa3020406,,,tylervogel
3416,Jack Choate,Jack Choate,sa3020407,,,jackchoate
3417,Max Wagner,Max Wagner,sa3020415,,,maxwagner
3418,Jared Kollar,Jared Kollar,sa3020439,,,jaredkollar
3419,Carson Skipper,Carson Skipper,sa3020451,,,carsonskipper
3420,Hayden Wynja,Hayden Wynja,sa3020464,,,haydenwynja
3421,Chazz Martinez,Chazz Martinez,sa3020468,,,chazzmartinez
3422,Spencer Miles,Spencer Miles,sa3020475,,,spencermiles
3423,Dalton Rogers,Dalton Rogers,sa3020479,,,daltonrogers
3424,Jared Lyons,Jared Lyons,sa3020483,,,jaredlyons
3425,Michael Prosecky,Michael Prosecky,sa3020526,,,michaelprosecky
3426,William Kempner,William Kempner,sa3020527,,,williamkempner
3427,Cameron Weston,Cameron Weston,sa3020528,,,cameronweston
3428,Carter Young,Carter Young,sa3020534,,,carteryoung
3429,Trace Bright,Trace Bright,sa3020558,,,tracebright
3430,C.J. Culpepper,C.J. Culpepper,sa3020563,,,cjculpepper
3431,Preston Johnson,Preston Johnson,sa3020565,,,prestonjohnson
3432,Jonathan Brand,Jonathan Brand,sa3020567,,,jonathanbrand
3433,Eric Adler,Eric Adler,sa3020592,,,ericadler
3434,Austin Krob,Austin Krob,sa3020594,,,austinkrob
3435,Brody McCullough,Brody McCullough,sa3020599,,,brodymccullough
3436,Zach Jacobs,Zach Jacobs,sa3020600,,,zachjacobs
3437,Ryan Ramsey,Ryan Ramsey,sa3020605,,,ryanramsey
3438,David Sandlin,David Sandlin,sa3020606,,,davidsandlin
3439,Trevor Martin,Trevor Martin,sa3020608,,,trevormartin
3440,Kenya Huggins,Kenya Huggins,sa3020609,,,kenyahuggins
3441,Brandon Johnson,Brandon Johnson,sa3020610,,,brandonjohnson
3442,Eric Reyzelman ,Eric Reyzelman ,sa3020611,,,ericreyzelman
3443,Ryan Jennings,Ryan Jennings,sa3020634,,,ryanjennings
3444,Ji Kang Choi,Ji Kang Choi,sa3020640,,,jikangchoi
3445,Joe Lampe,Joe Lampe,sa3020642,,,joelampe
3446,Seung Woo Ju,Seung Woo Ju,sa3020643,,,seungwooju
3447,Byung-heon Lee,Byung-heon Lee,sa3020656,,,byungheonlee
3448,Byeong Heon Lee,Byeong Heon Lee,sa3020664,,,byeongheonlee
3449,Young Woong Kim,Young Woong Kim,sa3020665,,,youngwoongkim
3450,Young Chan You,Young Chan You,sa3020687,,,youngchanyou
3451,Myung Geun Park,Myung Geun Park,sa3020692,,,myunggeunpark
3452,Ho Sung Lee,Ho Sung Lee,sa3020693,,,hosunglee
3453,Min Suk Kim,Min Suk Kim,sa3020694,,,minsukkim
3454,Hyun Bin Moon,Hyun Bin Moon,sa3020698,,,hyunbinmoon
3455,Ro Un Lee,Ro Un Lee,sa3020699,,,rounlee
3456,Young Jin Song,Young Jin Song,sa3020700,,,youngjinsong
3457,Cory Lewis,Cory Lewis,sa3020702,,,corylewis
3458,Lucas Wepf,Lucas Wepf,sa3020704,,,lucaswepf
3459,Tyler Schweitzer,Tyler Schweitzer,sa3020712,,,tylerschweitzer
3460,Andrew Pintar,Andrew Pintar,sa3020715,,,andrewpintar
3461,Maddux Houghton,Maddux Houghton,sa3020716,,,madduxhoughton
3462,Cameron Foster,Cameron Foster,sa3020735,,,cameronfoster
3463,Jake Bennett,Jake Bennett,sa3020737,,,jakebennett
3464,Marques Johnson,Marques Johnson,sa3020741,,,marquesjohnson
3465,Peyton Pallette,Peyton Pallette,sa3020742,,,peytonpallette
3466,Shawn Rapp,Shawn Rapp,sa3020743,,,shawnrapp
3467,Max Rajcic,Max Rajcic,sa3020746,,,maxrajcic
3468,Cole Paplham,Cole Paplham,sa3020749,,,colepaplham
3469,Mason Vinyard,Mason Vinyard,sa3020753,,,masonvinyard
3470,Nate Furman,Nate Furman,sa3020763,,,natefurman
3471,Guy Lipscomb,Guy Lipscomb,sa3020764,,,guylipscomb
3472,Pete Hansen,Pete Hansen,sa3020798,,,petehansen
3473,Nate Peterson,Nate Peterson,sa3020804,,,natepeterson
3474,Harrison Cohen,Harrison Cohen,sa3020811,,,harrisoncohen
3475,Miguel Cienfuegos,Miguel Cienfuegos,sa3020816,,,miguelcienfuegos
3476,Riley Cornelio,Riley Cornelio,sa3020830,,,rileycornelio
3477,Trey Dombroski,Trey Dombroski,sa3020833,,,treydombroski
3478,Connor Noland,Connor Noland,sa3020834,,,connornoland
3479,Dominic Perachi,Dominic Perachi,sa3020841,,,dominicperachi
3480,Joey Mancini,Joey Mancini,sa3020858,,,joeymancini
3481,Jared Karros,Jared Karros,sa3020859,,,jaredkarros
3482,Thomas  Balboni Jr.,Thomas  Balboni Jr.,sa3020861,,,thomasbalbonijr
3483,Samy Natera Jr.,Samy Natera Jr.,sa3020862,,,samynaterajr
3484,Isaiah Lowe,Isaiah Lowe,sa3020864,,,isaiahlowe
3485,Tyler Gough,Tyler Gough,sa3020865,,,tylergough
3486,Austin Peterson,Austin Peterson,sa3020868,,,austinpeterson
3487,Payton Martin,Payton Martin,sa3020869,,,paytonmartin
3488,Michael Knorr,Michael Knorr,sa3020872,,,michaelknorr
3489,Andrew Taylor,Andrew Taylor,sa3020873,,,andrewtaylor
3490,Wen-Hui Pan,Wen-Hui Pan,sa3020878,,,wenhuipan
3491,Adam Maier,Adam Maier,sa3020883,,,adammaier
3492,Yu Seong Kim,Yu Seong Kim,sa3020886,,,yuseongkim
3493,Baron Stuart,Baron Stuart,sa3020888,,,baronstuart
3494,Marcelo Perez,Marcelo Perez,sa3020889,,,marceloperez
3495,Sung-won Choo,Sung-won Choo,sa3020897,,,sungwonchoo
3496,Jarret Whorff,Jarret Whorff,sa3020905,,,jarretwhorff
3497,Seung Won Lee,Seung Won Lee,sa3020910,,,seungwonlee
3498,Gun Hee Kim,Gun Hee Kim,sa3020912,,,gunheekim
3499,Dong Heon Kim,Dong Heon Kim,sa3020913,,,dongheonkim
3500,Do Gyu Kwak,Do Gyu Kwak,sa3020916,,,dogyukwak
3501,Young Cheol Yoon,Young Cheol Yoon,sa3020917,,,youngcheolyoon
3502,Seo Hyeon Kim,Seo Hyeon Kim,sa3020919,,,seohyeonkim
3503,Min-sung Kang,Min-sung Kang,sa3020924,,,minsungkang
3504,Ho-joon Kim,Ho-joon Kim,sa3020941,,,hojoonkim
3505,Turner Hill,Turner Hill,sa3020943,,,turnerhill
3506,Darren Bowen,Darren Bowen,sa3020945,,,darrenbowen
3507,Shawn Ross,Shawn Ross,sa3020951,,,shawnross
3508,Luis Gastelum,Luis Gastelum,sa3020964,,,luisgastelum
3509,Gary Gill Hill,Gary Gill Hill,sa3020972,,,garygillhill
3510,Yereny Teus,Yereny Teus,sa3020978,,,yerenyteus
3511,Luis Carias,Luis Carias,sa3021006,,,luiscarias
3512,Samuel Sanchez,Samuel Sanchez,sa3021008,,,samuelsanchez
3513,Francis Texido,Francis Texido,sa3021028,,,francistexido
3514,Sandy Ozuna,Sandy Ozuna,sa3021041,,,sandyozuna
3515,Yeferson Vargas,Yeferson Vargas,sa3021044,,,yefersonvargas
3516,Yunior Tur,Yunior Tur,sa3021045,,,yuniortur
3517,Demetrio Crisantes,Demetrio Crisantes,sa3021051,,,demetriocrisantes
3518,Pedro Catuy,Pedro Catuy,sa3021061,,,pedrocatuy
3519,Yeiker Reyes,Yeiker Reyes,sa3021126,,,yeikerreyes
3520,Andruw  Musett,Andruw  Musett,sa3021175,,,andruwmusett
3521,Anyelo Marquez,Anyelo Marquez,sa3021178,,,anyelomarquez
3522,Juan Flores,Juan Flores,sa3021185,,,juanflores
3523,Joshua Liranzo,Joshua Liranzo,sa3021198,,,joshualiranzo
3524,Javier Herrera,Javier Herrera,sa3021203,,,javierherrera
3525,Carlos Taveras,Carlos Taveras,sa3021209,,,carlostaveras
3526,Luiyin Alastre,Luiyin Alastre,sa3021210,,,luiyinalastre
3527,Starlyn Nunez,Starlyn Nunez,sa3021216,,,starlynnunez
3528,Miguel Rodríguez,Miguel Rodriguez,sa3021226,,,miguelrodriguez
3529,Braylin  Morel,Braylin  Morel,sa3021229,,,braylinmorel
3530,Heriberto Rincon,Heriberto Rincon,sa3021238,,,heribertorincon
3531,Andres Valor,Andres Valor,sa3021278,,,andresvalor
3532,John Gil,John Gil,sa3021284,,,johngil
3533,Mario Baez,Mario Baez,sa3021286,,,mariobaez
3534,Daniel  Jose Lopez,Daniel  Jose Lopez,sa3021298,,,danieljoselopez
3535,Dashyll Tejeda,Dashyll Tejeda,sa3021315,,,dashylltejeda
3536,Heriberto Caraballo,Heriberto Caraballo,sa3021317,,,heribertocaraballo
3537,Carlos Caro,Carlos Caro,sa3021325,,,carloscaro
3538,Edgleen Perez,Edgleen Perez,sa3021330,,,edgleenperez
3539,Jackson Lancaster,Jackson Lancaster,sa3021468,,,jacksonlancaster
3540,Mavis Graves,Mavis Graves,sa3021472,,,mavisgraves
3541,Adrian  Bohorquez,Adrian  Bohorquez,sa3021501,,,adrianbohorquez
3542,Yordin Chalas,Yordin Chalas,sa3021508,,,yordinchalas
3543,Luis Arestigueta,Luis Arestigueta,sa3021521,,,luisarestigueta
3544,Jose Bello,Jose Bello,sa3021530,,,josebello
3545,Kelvis Salcedo,Kelvis Salcedo,sa3021531,,,kelvissalcedo
3546,Jerson Alejandro,Jerson Alejandro,sa3021533,,,jersonalejandro
3547,Marlon Nieves,Marlon Nieves,sa3021567,,,marlonnieves
3548,Juan Valera,Juan Valera,sa3021570,,,juanvalera
3549,Bryan Martinez,Bryan Martinez,sa3021600,,,bryanmartinez
3550,Dameury  Pena,Dameury  Pena,sa3021624,,,dameurypena
3551,Ramon Ramirez,Ramon Ramirez,sa3021637,,,ramonramirez
3552,Asbel Gonzalez,Asbel Gonzalez,sa3021639,,,asbelgonzalez
3553,Will Childers,Will Childers,sa3021720,,,willchilders
3554,Mitch Neunborn,Mitch Neunborn,sa3021722,,,mitchneunborn
3555,Michael Kennedy,Michael Kennedy,sa3021728,,,michaelkennedy
3556,Jackson  Humphries,Jackson  Humphries,sa3021729,,,jacksonhumphries
3557,David Matoma,David Matoma,sa3021761,,,davidmatoma
3558,Keyner Benitez,Keyner Benitez,sa3021795,,,keynerbenitez
3559,Jacob Wosinski,Jacob Wosinski,sa3021825,,,jacobwosinski
3560,Emil Turbi,Emil Turbi,sa3021836,,,emilturbi
3561,Javier Mogollon,Javier Mogollon,sa3021855,,,javiermogollon
3562,Colin Fields,Colin Fields,sa3021985,,,colinfields
3563,Ubaldo Soto,Ubaldo Soto,sa3022015,,,ubaldosoto
3564,Jose Vasquez,Jose Vasquez,sa3022116,,,josevasquez
3565,Brayan Narvaez,Brayan Narvaez,sa3022133,,,brayannarvaez
3566,Yohanfer Santana,Yohanfer Santana,sa3022143,,,yohanfersantana
3567,Michael Valverde,Michael Valverde,sa3022157,,,michaelvalverde
3568,Robert Brooks,Robert Brooks,sa3022160,,,robertbrooks
3569,Kyle Bischoff,Kyle Bischoff,sa3022176,,,kylebischoff
3570,Jose Urbina,Jose Urbina,sa3022218,,,joseurbina
3571,Ashton Izzi,Ashton Izzi,sa3022230,,,ashtonizzi
3572,Keeler Morfe,Keeler Morfe,sa3022239,,,keelermorfe
3573,Eriandys Ramon,Eriandys Ramon,sa3022256,,,eriandysramon
3574,Yassel Soler,Yassel Soler,sa3022281,,,yasselsoler
3575,Joe Adametz,Joe Adametz,sa3022323,,,joeadametz
3576,Carlos Gutierrez,Carlos Gutierrez,sa3022336,,,carlosgutierrez
3577,Kolton Curtis,Kolton Curtis,sa3022381,,,koltoncurtis
3578,Lisbel Diaz,Lisbel Diaz,sa3022399,,,lisbeldiaz
3579,Jeremiah Boyd,Jeremiah Boyd,sa3022402,,,jeremiahboyd
3580,Maikel Miralles,Maikel Miralles,sa3022418,,,maikelmiralles
3581,Brock Rodden,Brock Rodden,sa3022432,,,brockrodden
3582,Homer Bush Jr.,Homer Bush Jr.,sa3022480,,,homerbushjr
3583,Nik McClaughry,Nik McClaughry,sa3022484,,,nikmcclaughry
3584,Rio Foster,Rio Foster,sa3022491,,,riofoster
3585,Johnny Olmstead,Johnny Olmstead,sa3022494,,,johnnyolmstead
3586,Sabin Ceballos,Sabin Ceballos,sa3022500,,,sabinceballos
3587,Trent Harris,Trent Harris,sa3022526,,,trentharris
3588,Luke Mann,Luke Mann,sa3022529,,,lukemann
3589,Will Simpson,Will Simpson,sa3022530,,,willsimpson
3590,Colby Halter,Colby Halter,sa3022531,,,colbyhalter
3591,Nate Nankil,Nate Nankil,sa3022532,,,natenankil
3592,Mark Coley II,Mark Coley II,sa3022534,,,markcoleyii
3593,Ryan Lasko,Ryan Lasko,sa3022539,,,ryanlasko
3594,Jonah Cox,Jonah Cox,sa3022541,,,jonahcox
3595,Nick Schwartz,Nick Schwartz,sa3022542,,,nickschwartz
3596,Tony Bullard,Tony Bullard,sa3022556,,,tonybullard
3597,Jack Hurley,Jack Hurley,sa3022564,,,jackhurley
3598,Ryan Ignoffo,Ryan Ignoffo,sa3022573,,,ryanignoffo
3599,Paul Bonzagni,Paul Bonzagni,sa3022587,,,paulbonzagni
3600,Josh Rivera,Josh Rivera,sa3022590,,,joshrivera
3601,Brett Bateman,Brett Bateman,sa3022603,,,brettbateman
3602,Keaton Anthony,Keaton Anthony,sa3022608,,,keatonanthony
3603,Caleb Hobson,Caleb Hobson,sa3022610,805931,,calebhobson
3604,Sammy Stafura,Sammy Stafura,sa3022612,,,sammystafura
3605,Jace Bohrofen,Jace Bohrofen,sa3022653,,,jacebohrofen
3606,Mike Boeve,Mike Boeve,sa3022658,,,mikeboeve
3607,Andrew Pinckney,Andrew Pinckney,sa3022670,,,andrewpinckney
3608,Braylen Wimmer,Braylen Wimmer,sa3022671,,,braylenwimmer
3609,Cole Foster,Cole Foster,sa3022673,,,colefoster
3610,Phillip Glasser,Phillip Glasser,sa3022680,,,phillipglasser
3611,Drew Cavanaugh,Drew Cavanaugh,sa3022682,,,drewcavanaugh
3612,Charlie Szykowny,Charlie Szykowny,sa3022689,,,charlieszykowny
3613,Anthony Huezo,Anthony Huezo,sa3022691,,,anthonyhuezo
3614,Yahil Melendez,Yahil Melendez,sa3022692,,,yahilmelendez
3615,Will Bush,Will Bush,sa3022698,,,willbush
3616,Chase Jaworsky,Chase Jaworsky,sa3022700,,,chasejaworsky
3617,Bo Davidson,Bo Davidson,sa3022706,,,bodavidson
3618,Camden Minacci,Camden Minacci,sa3022728,,,camdenminacci
3619,Luke Bell,Luke Bell,sa3022731,,,lukebell
3620,Hayden Durke,Hayden Durke,sa3022733,,,haydendurke
3621,Andrew Lindsey,Andrew Lindsey,sa3022734,,,andrewlindsey
3622,Zach Franklin,Zach Franklin,sa3022735,,,zachfranklin
3623,Roman Angelo,Roman Angelo,sa3022737,,,romanangelo
3624,Casey Anderson,Casey Anderson,sa3022742,,,caseyanderson
3625,Ryan Lobus,Ryan Lobus,sa3022744,,,ryanlobus
3626,Roc Riggio,Roc Riggio,sa3022750,,,rocriggio
3627,Dylan Campbell,Dylan Campbell,sa3022751,,,dylancampbell
3628,Caden Connor,Caden Connor,sa3022755,,,cadenconnor
3629,Carlson Reed,Carlson Reed,sa3022793,,,carlsonreed
3630,Alec Baker,Alec Baker,sa3022794,,,alecbaker
3631,Colby Langford,Colby Langford,sa3022800,,,colbylangford
3632,Tavian Josenberger,Tavian Josenberger,sa3022808,,,tavianjosenberger
3633,Matthew Etzel,Matthew Etzel,sa3022815,,,matthewetzel
3634,Sheng-En  Lin,Sheng-En  Lin,sa3022820,,,shengenlin
3635,Charles McAdoo,Charles McAdoo,sa3022823,,,charlesmcadoo
3636,Dustin Dickerson,Dustin Dickerson,sa3022828,,,dustindickerson
3637,Eric Bitonti,Eric Bitonti,sa3022866,,,ericbitonti
3638,Alfonsin Rosario,Alfonsin Rosario,sa3022868,,,alfonsinrosario
3639,Carson Jacobs,Carson Jacobs,sa3022872,,,carsonjacobs
3640,Izack Tiger,Izack Tiger,sa3022875,,,izacktiger
3641,Chen-Wei Lin,Chen-Wei Lin,sa3022876,,,chenweilin
3642,Jacob Odle,Jacob Odle,sa3022877,,,jacobodle
3643,Luis De La Torre,Luis De La Torre,sa3022880,,,luisdelatorre
3644,Mac Horvath,Mac Horvath,sa3022885,,,machorvath
3645,LuJames Groover,LuJames Groover,sa3022887,,,lujamesgroover
3646,Sam Shaw,Sam Shaw,sa3022889,,,samshaw
3647,Jim Jarvis,Jim Jarvis,sa3022891,,,jimjarvis
3648,John Peck,John Peck,sa3022896,,,johnpeck
3649,Colton Ledbetter,Colton Ledbetter,sa3022897,,,coltonledbetter
3650,Kyle Amendt,Kyle Amendt,sa3022904,,,kyleamendt
3651,Matt Jachec,Matt Jachec,sa3022906,,,mattjachec
3652,Carson Rucker,Carson Rucker,sa3022926,,,carsonrucker
3653,Weston Eberly,Weston Eberly,sa3022928,,,westoneberly
3654,Thomas Schultz,Thomas Schultz,sa3022936,,,thomasschultz
3655,K.C. Hunt,K.C. Hunt,sa3022937,,,kchunt
3656,Bo Bonds,Bo Bonds,sa3022938,,,bobonds
3657,Will Johnston,Will Johnston,sa3022940,,,willjohnston
3658,Seth Keener,Seth Keener,sa3022949,,,sethkeener
3659,Christian Oppor,Christian Oppor,sa3022950,,,christianoppor
3660,Matthew Bollenbacher,Matthew Bollenbacher,sa3022954,,,matthewbollenbacher
3661,Boston Baro,Boston Baro,sa3022962,,,bostonbaro
3662,A.J. Ewing,A.J. Ewing,sa3022963,,,ajewing
3663,Collin Baumgartner,Collin Baumgartner,sa3023002,,,collinbaumgartner
3664,Kyle Henley,Kyle Henley,sa3023012,,,kylehenley
3665,Patrick Reilly,Patrick Reilly,sa3023038,,,patrickreilly
3666,T.J. Nichols,T.J. Nichols,sa3023039,,,tjnichols
3667,Jaden Woods,Jaden Woods,sa3023064,,,jadenwoods
3668,Jacob Bresnahan,Jacob Bresnahan,sa3023066,,,jacobbresnahan
3669,Barrett Kent,Barrett Kent,sa3023082,,,barrettkent
3670,Andrew Dunford,Andrew Dunford,sa3023086,,,andrewdunford
3671,Tate Kuehner,Tate Kuehner,sa3023099,,,tatekuehner
3672,Dakota Hawkins,Dakota Hawkins,sa3023103,,,dakotahawkins
3673,Junior Ciprian,Junior Ciprian,sa3023107,,,juniorciprian
3674,Ty Weatherly,Ty Weatherly,sa3023130,,,tyweatherly
3675,Joe Whitman,Joe Whitman,sa3023131,,,joewhitman
3676,Jaden Hamm,Jaden Hamm,sa3023134,,,jadenhamm
3677,Kiefer Lord,Kiefer Lord,sa3023135,,,kieferlord
3678,Isaiah Coupet,Isaiah Coupet,sa3023156,,,isaiahcoupet
3679,Jack Mahoney,Jack Mahoney,sa3023157,,,jackmahoney
3680,Josh Hansell,Josh Hansell,sa3023158,,,joshhansell
3681,James Hicks,James Hicks,sa3023161,,,jameshicks
3682,Ethan Bosacker,Ethan Bosacker,sa3023163,,,ethanbosacker
3683,Caden Grice,Caden Grice,sa3023166,,,cadengrice
3684,Josh Adamczewski,Josh Adamczewski,sa3023168,,,joshadamczewski
3685,Matt Wilkinson,Matt Wilkinson,sa3023171,,,mattwilkinson
3686,Cody Adcock,Cody Adcock,sa3023175,,,codyadcock
3687,Cale Lansville,Cale Lansville,sa3023176,,,calelansville
3688,Nigel Belgrave,Nigel Belgrave,sa3023180,,,nigelbelgrave
3689,Josh Ekness,Josh Ekness,sa3023204,,,joshekness
3690,Kade Morris,Kade Morris,sa3023206,,,kademorris
3691,Brady Choban,Brady Choban,sa3023212,,,bradychoban
3692,Hayden Mullins,Hayden Mullins,sa3023218,,,haydenmullins
3693,Blake Wehunt,Blake Wehunt,sa3023220,,,blakewehunt
3694,Owen Wild,Owen Wild,sa3023278,,,owenwild
3695,Jack Wenninger,Jack Wenninger,sa3023282,,,jackwenninger
3696,Patrick Copen,Patrick Copen,sa3023283,,,patrickcopen
3697,Joe Olsavsky,Joe Olsavsky,sa3023289,,,joeolsavsky
3698,Braxton Bragg,Braxton Bragg,sa3023303,,,braxtonbragg
3699,Cade Kuehler,Cade Kuehler,sa3023306,,,cadekuehler
3700,Garrett Baumann,Garrett Baumann,sa3023310,,,garrettbaumann
3701,Hwan Yu Je,Hwan Yu Je,sa3023312,,,hwanyuje
3702,Young Bin Park,Young Bin Park,sa3023313,,,youngbinpark
3703,Kang Hoon Woo,Kang Hoon Woo,sa3023314,,,kanghoonwoo
3704,Byeong Jun Kim,Byeong Jun Kim,sa3023317,,,byeongjunkim
3705,Soo Jong Park,Soo Jong Park,sa3023318,,,soojongpark
3706,Seok Won Yun,Seok Won Yun,sa3023319,,,seokwonyun
3707,Dong Hyeok Kim,Dong Hyeok Kim,sa3023320,,,donghyeokkim
3708,Dong Ha Hwang,Dong Ha Hwang,sa3023321,,,donghahwang
3709,Do Hyun Yoon,Do Hyun Yoon,sa3023322,,,dohyunyoon
3710,Sang Hyuk Lee,Sang Hyuk Lee,sa3023323,,,sanghyuklee
3711,Geon Kang,Geon Kang,sa3023325,,,geonkang
3712,Dong Kyu Kim,Dong Kyu Kim,sa3023329,,,dongkyukim
3713,Han Gyeol Park,Han Gyeol Park,sa3023339,,,hangyeolpark
3714,Landen Maroudis,Landen Maroudis,sa3023351,,,landenmaroudis
3715,Juaron Watts-Brown,Juaron Watts-Brown,sa3023352,,,juaronwattsbrown
3716,Ty Cummings,Ty Cummings,sa3023365,,,tycummings
3717,Brett Wichrowski,Brett Wichrowski,sa3023366,,,brettwichrowski
3718,Sam Brown,Sam Brown,sa3023367,,,sambrown
3719,Maui Ahuna,Maui Ahuna,sa3023373,,,mauiahuna
3720,Matt Hogan,Matt Hogan,sa3023375,,,matthogan
3721,Hyun Jong Kim,Hyun Jong Kim,sa3023382,,,hyunjongkim
3722,Taek Yeon Kim,Taek Yeon Kim,sa3023383,,,taekyeonkim
3723,Jae Sang Lee,Jae Sang Lee,sa3023384,,,jaesanglee
3724,Young Woo Ko,Young Woo Ko,sa3023385,,,youngwooko
3725,Jun Pyo Jhun,Jun Pyo Jhun,sa3023386,,,junpyojhun
3726,Hyeon Gi Son,Hyeon Gi Son,sa3023387,,,hyeongison
3727,Yeon Ju Kim,Yeon Ju Kim,sa3023388,,,yeonjukim
3728,Ji Hwan Park,Ji Hwan Park,sa3023390,,,jihwanpark
3729,Yun Ha Kim,Yun Ha Kim,sa3023397,,,yunhakim
3730,De Jesus Enmanuel,De Jesus Enmanuel,sa3023398,,,dejesusenmanuel
3731,Sang Hyun Weon,Sang Hyun Weon,sa3023401,,,sanghyunweon
3732,Jun Seo Hwang,Jun Seo Hwang,sa3023402,,,junseohwang
3733,Ho Jin Kim,Ho Jin Kim,sa3023403,,,hojinkim
3734,Ty Johnson,Ty Johnson,sa3023410,,,tyjohnson
3735,Jackson Nezuh,Jackson Nezuh,sa3023411,,,jacksonnezuh
3736,Tommy Vail,Tommy Vail,sa3023413,,,tommyvail
3737,Alex Clemmey,Alex Clemmey,sa3023421,,,alexclemmey
3738,Nelly Taylor,Nelly Taylor,sa3023426,,,nellytaylor
3739,Jong In Choi,Jong In Choi,sa3023435,,,jonginchoi
3740,Ryan Birchard,Ryan Birchard,sa3023449,,,ryanbirchard
3741,Kai Peterson,Kai Peterson,sa3023453,,,kaipeterson
3742,Sam Knowlton,Sam Knowlton,sa3023467,,,samknowlton
3743,Jackson Baumeister,Jackson Baumeister,sa3023471,,,jacksonbaumeister
3744,Khristian Curtis,Khristian Curtis,sa3023473,,,khristiancurtis
3745,Jojo Ingrassia,Jojo Ingrassia,sa3023475,,,jojoingrassia
3746,Carter Spivey,Carter Spivey,sa3023477,,,carterspivey
3747,Josh Grosz,Josh Grosz,sa3023478,,,joshgrosz
3748,Michael Forret,Michael Forret,sa3023479,,,michaelforret
3749,Ben Shields,Ben Shields,sa3023483,,,benshields
3750,Young Mook Hwang,Young Mook Hwang,sa3023498,,,youngmookhwang
3751,Nick Dean,Nick Dean,sa3023506,,,nickdean
3752,Zach Fruit,Zach Fruit,sa3023507,,,zachfruit
3753,Will Sanders,Will Sanders,sa3023508,,,willsanders
3754,Drew Dowd,Drew Dowd,sa3023509,,,drewdowd
3755,Blake Wolters,Blake Wolters,sa3023513,,,blakewolters
3756,Eriq Swan,Eriq Swan,sa3023514,,,eriqswan
3757,Hyeon Su Jeong,Hyeon Su Jeong,sa3023521,,,hyeonsujeong
3758,Grant Rogers,Grant Rogers,sa3023522,,,grantrogers
3759,Alonzo Tredwell,Alonzo Tredwell,sa3023524,,,alonzotredwell
3760,Bishop Letson,Bishop Letson,sa3023526,,,bishopletson
3761,Jun Ho Choi,Jun Ho Choi,sa3023533,,,junhochoi
3762,Jong Jun Lee,Jong Jun Lee,sa3023535,,,jongjunlee
3763,Alejandro Rosario,Alejandro Rosario,sa3023538,,,alejandrorosario
3764,Ji Hoo Song,Ji Hoo Song,sa3023539,,,jihoosong
3765,Da Min Jeon,Da Min Jeon,sa3023543,,,daminjeon
3766,Yun Sung Park,Yun Sung Park,sa3023552,,,yunsungpark
3767,Won Yeong Choi,Won Yeong Choi,sa3023554,,,wonyeongchoi
3768,Sun Yeop Yook,Sun Yeop Yook,sa3023555,,,sunyeopyook
3769,Chris Villaman,Chris Villaman,sa3023559,,,chrisvillaman
3770,Steven Echavarria,Steven Echavarria,sa3023560,,,stevenechavarria
3771,Yeong Woo Shin,Yeong Woo Shin,sa3023562,,,yeongwooshin
3772,Jun Jae Jeong,Jun Jae Jeong,sa3023563,,,junjaejeong
3773,Nazier Mulé,Nazier Mule,sa3023566,,,naziermule
3774,Cole Schoenwetter,Cole Schoenwetter,sa3023567,,,coleschoenwetter
3775,Zander Mueth,Zander Mueth,sa3023569,,,zandermueth
3776,Chris Kean,Chris Kean,sa3023576,,,chriskean
3777,Paul Wilson,Paul Wilson,sa3023596,,,paulwilson
3778,Hiro Wyatt,Hiro Wyatt,sa3023613,,,hirowyatt
3779,Adrian Herrera,Adrian Herrera,sa3023627,,,adrianherrera
3780,Trevor Harrison,Trevor Harrison,sa3023629,,,trevorharrison
3781,Keyner Martinez,Keyner Martinez,sa3023631,,,keynermartinez
3782,Alex Makarewich,Alex Makarewich,sa3023642,,,alexmakarewich
3783,Dong Uk Cho,Dong Uk Cho,sa3023645,,,dongukcho
3784,Hyun Seok Choi,Hyun Seok Choi,sa3023648,,,hyunseokchoi
3785,Hudson Leach,Hudson Leach,sa3023649,,,hudsonleach
3786,Seong Woo Kang,Seong Woo Kang,sa3023656,,,seongwookang
3787,Min Jae Kim,Min Jae Kim,sa3023657,,,minjaekim
3788,Woo Seok Choi,Woo Seok Choi,sa3023661,,,wooseokchoi
3789,Wyatt Crowell,Wyatt Crowell,sa3023662,,,wyattcrowell
3790,Hyeon Seung Jung,Hyeon Seung Jung,sa3023678,,,hyeonseungjung
3791,Travis Honeyman,Travis Honeyman,sa3023679,,,travishoneyman
3792,Hyun Min Ahn,Hyun Min Ahn,sa3023680,,,hyunminahn
3793,Dexters Peralta,Dexters Peralta,sa3023745,,,dextersperalta
3794,Jirvin Morillo,Jirvin Morillo,sa3023751,,,jirvinmorillo
3795,Jose Castro,Jose Castro,sa3023752,,,josecastro
3796,Enddy Azocar,Enddy Azocar,sa3023764,,,enddyazocar
3797,Angel Brachi,Angel Brachi,sa3023784,,,angelbrachi
3798,Yoel Roque,Yoel Roque,sa3023834,,,yoelroque
3799,Josueth Quinonez ,Josueth Quinonez ,sa3023882,,,josuethquinonez
3800,Hayden Alvarez,Hayden Alvarez,sa3023906,,,haydenalvarez
3801,Yairo Padilla,Yairo Padilla,sa3023925,,,yairopadilla
3802,Pedro Blanco,Pedro Blanco,sa3023945,,,pedroblanco
3803,Anthony Marquez,Anthony Marquez,sa3023960,,,anthonymarquez
3804,Jose Feliz,Jose Feliz,sa3024069,,,josefeliz
3805,Kifraidy Encarnacion,Kifraidy Encarnacion,sa3024081,,,kifraidyencarnacion
3806,Jordan Sanchez,Jordan Sanchez,sa3024112,,,jordansanchez
3807,José Anderson,Jose Anderson,sa3024133,,,joseanderson
3808,Elvin Garcia,Elvin Garcia,sa3024147,,,elvingarcia
3809,Sung Jun Won,Sung Jun Won,sa3024193,,,sungjunwon
3810,Sang Hyeon Lim,Sang Hyeon Lim,sa3024194,,,sanghyeonlim
3811,Anderson Brito,Anderson Brito,sa3024232,,,andersonbrito
3812,Luis Maracara,Luis Maracara,sa3024260,,,luismaracara
3813,Gregory Sanchez,Gregory Sanchez,sa3024267,,,gregorysanchez
3814,Yhoiker Fajardo,Yhoiker Fajardo,sa3024273,,,yhoikerfajardo
3815,Dauri Fernandez,Dauri Fernandez,sa3024327,,,daurifernandez
3816,Juneiker Caceres,Juneiker Caceres,sa3024329,,,juneikercaceres
3817,Juan Mateo,Juan Mateo,sa3024340,,,juanmateo
3818,Johan Rodriguez,Johan Rodriguez,sa3024364,,,johanrodriguez
3819,Reinold Navarro,Reinold Navarro,sa3024459,,,reinoldnavarro
3820,Manuel Genao,Manuel Genao,sa3024519,,,manuelgenao
3821,Esteban Mejia,Esteban Mejia,sa3024583,,,estebanmejia
3822,Almen Tolentino,Almen Tolentino,sa3024628,,,almentolentino
3823,Manuel Davila,Manuel Davila,sa3024787,,,manueldavila
3824,Oliver Gonzalez,Oliver Gonzalez,sa3024789,,,olivergonzalez
3825,JeanPierre Ortiz,JeanPierre Ortiz,sa3024922,,,jeanpierreortiz
3826,Jun Hyeok Yun,Jun Hyeok Yun,sa3024944,,,junhyeokyun
3827,Chang Yong Lee,Chang Yong Lee,sa3024945,,,changyonglee
3828,Chang Geon Ham,Chang Geon Ham,sa3024963,,,changgeonham
3829,Sterling Patick,Sterling Patick,sa3024981,,,sterlingpatick
3830,Min Jun Park,Min Jun Park,sa3024996,,,minjunpark
3831,Argenis Cayama,Argenis Cayama,sa3025006,,,argeniscayama
3832,Wilberson De Pena,Wilberson De Pena,sa3025019,,,wilbersondepena
3833,Grayson Hitt,Grayson Hitt,sa3025020,,,graysonhitt
3834,Bryan Balzer,Bryan Balzer,sa3025047,,,bryanbalzer
3835,Caden Scarborough,Caden Scarborough,sa3025060,,,cadenscarborough
3836,Sung Woo Kim,Sung Woo Kim,sa3025088,,,sungwookim
3837,Ho Jun Lee,Ho Jun Lee,sa3025090,,,hojunlee
3838,Cade McGee,Cade McGee,sa3025153,,,cademcgee
3839,Elijah Hainline,Elijah Hainline,sa3025157,,,elijahhainline
3840,Mitchell Daly,Mitchell Daly,sa3025169,,,mitchelldaly
3841,Ju Hwan Son,Ju Hwan Son,sa3025180,,,juhwanson
3842,Bridger Holmes,Bridger Holmes,sa3025189,,,bridgerholmes
3843,Payton Green,Payton Green,sa3025195,,,paytongreen
3844,John Spikerman,John Spikerman,sa3025197,,,johnspikerman
3845,Carter Johnson,Carter Johnson,sa3025203,,,carterjohnson
3846,Teddy McGraw,Teddy McGraw,sa3025220,,,teddymcgraw
3847,Ching-Hsien Ko,Ching-Hsien Ko,sa3025230,,,chinghsienko
3848,Zach Ehrhard,Zach Ehrhard,sa3025247,,,zachehrhard
3849,Billy Amick,Billy Amick,sa3025249,,,billyamick
3850,Dylan Dreiling,Dylan Dreiling,sa3025251,,,dylandreiling
3851,Jared Thomas,Jared Thomas,sa3025252,,,jaredthomas
3852,Khadim Diaw,Khadim Diaw,sa3025259,,,khadimdiaw
3853,Brandon Butterworth,Brandon Butterworth,sa3025264,,,brandonbutterworth
3854,Hunter Cranton,Hunter Cranton,sa3025298,,,huntercranton
3855,Fulton Lockhart,Fulton Lockhart,sa3025301,,,fultonlockhart
3856,Colby Martin,Colby Martin,sa3025304,,,colbymartin
3857,Nick Mitchell,Nick Mitchell,sa3025315,,,nickmitchell
3858,Sean Keys,Sean Keys,sa3025317,,,seankeys
3859,Najer Victor,Najer Victor,sa3025330,,,najervictor
3860,David Mershon,David Mershon,sa3025335,,,davidmershon
3861,Caden Powell,Caden Powell,sa3025361,,,cadenpowell
3862,Tommy White,Tommy White,sa3025383,,,tommywhite
3863,Josh Kuroda-Grauer,Josh Kuroda-Grauer,sa3025386,,,joshkurodagrauer
3864,Émilien Pitre,Emilien Pitre,sa3025391,,,emilienpitre
3865,Callan Moss,Callan Moss,sa3025392,,,callanmoss
3866,Ryan Stafford,Ryan Stafford,sa3025405,,,ryanstafford
3867,Eli Serrano III,Eli Serrano III,sa3025407,,,eliserranoiii
3868,Austin Overn,Austin Overn,sa3025408,,,austinovern
3869,Ethan Anderson,Ethan Anderson,sa3025410,,,ethananderson
3870,Joseph Sullivan,Joseph Sullivan,sa3025413,,,josephsullivan
3871,Griffin Burkholder,Griffin Burkholder,sa3025418,,,griffinburkholder
3872,Jacob Cozart,Jacob Cozart,sa3025434,,,jacobcozart
3873,Colton Becker,Colton Becker,sa3025438,,,coltonbecker
3874,Caden Favors,Caden Favors,sa3025446,,,cadenfavors
3875,Omar Montano,Omar Montano,sa3025468,,,omarmontano
3876,Cameron Pferrer,Cameron Pferrer,sa3025489,,,cameronpferrer
3877,Marco Dinges,Marco Dinges,sa3025495,,,marcodinges
3878,Luke Hayden,Luke Hayden,sa3025504,,,lukehayden
3879,Nate Ackenhausen,Nate Ackenhausen,sa3025507,,,nateackenhausen
3880,Kevin Bazzell,Kevin Bazzell,sa3025511,,,kevinbazzell
3881,Peyton Stovall,Peyton Stovall,sa3025512,,,peytonstovall
3882,Pierce George,Pierce George,sa3025520,,,piercegeorge
3883,Evan Yates,Evan Yates,sa3025545,,,evanyates
3884,Micah Ashman,Micah Ashman,sa3025559,,,micahashman
3885,Josh Mallitz,Josh Mallitz,sa3025568,,,joshmallitz
3886,Logan Samuels,Logan Samuels,sa3025571,,,logansamuels
3887,Tyson Hardin,Tyson Hardin,sa3025574,,,tysonhardin
3888,Ji Sung You,Ji Sung You,sa3025583,,,jisungyou
3889,Josh Randall,Josh Randall,sa3025585,,,joshrandall
3890,Herick Hernandez,Herick Hernandez,sa3025588,,,herickhernandez
3891,Will Watson,Will Watson,sa3025592,,,willwatson
3892,Carter Holton,Carter Holton,sa3025599,,,carterholton
3893,Dakota Jordan,Dakota Jordan,sa3025601,,,dakotajordan
3894,Ryan Lambert,Ryan Lambert,sa3025613,,,ryanlambert
3895,Aidan Foeller,Aidan Foeller,sa3025616,,,aidanfoeller
3896,Twine Palmer,Twine Palmer,sa3025618,,,twinepalmer
3897,Tong Keon Yeo,Tong Keon Yeo,sa3025620,,,tongkeonyeo
3898,Do Geun Yang,Do Geun Yang,sa3025621,,,dogeunyang
3899,Josh Hartle,Josh Hartle,sa3025623,,,joshhartle
3900,Bum-joon Kim,Bum-joon Kim,sa3025625,,,bumjoonkim
3901,Miguel Santos,Miguel Santos,sa3025631,,,miguelsantos
3902,Frank Elissalt,Frank Elissalt,sa3025634,,,frankelissalt
3903,Cole Hertzler,Cole Hertzler,sa3025638,,,colehertzler
3904,Brock Moore,Brock Moore,sa3025654,,,brockmoore
3905,Ethan Bagwell,Ethan Bagwell,sa3025661,,,ethanbagwell
3906,Joon Woo Park,Joon Woo Park,sa3025666,,,joonwoopark
3907,Garrett Gainey,Garrett Gainey,sa3025668,,,garrettgainey
3908,Nolan Clifford,Nolan Clifford,sa3025670,,,nolanclifford
3909,In Han Lee,In Han Lee,sa3025671,,,inhanlee
3910,Seung Il Kim,Seung Il Kim,sa3025672,,,seungilkim
3911,Hyun Jun Ryu,Hyun Jun Ryu,sa3025673,,,hyunjunryu
3912,Jae Hwan Han,Jae Hwan Han,sa3025674,,,jaehwanhan
3913,Dae Ho Kim,Dae Ho Kim,sa3025675,,,daehokim
3914,Ju Heon Lee,Ju Heon Lee,sa3025677,,,juheonlee
3915,Seung Gu Kang,Seung Gu Kang,sa3025678,,,seunggukang
3916,Min Ju Kim,Min Ju Kim,sa3025680,,,minjukim
3917,Jong Sung Im,Jong Sung Im,sa3025682,,,jongsungim
3918,Jude Abbadessa,Jude Abbadessa,sa3025689,,,judeabbadessa
3919,Levi Abbott,Levi Abbott,sa3025695,,,leviabbott
3920,Malik Abdul,Malik Abdul,sa3025698,,,malikabdul
3921,Trent Abel,Trent Abel,sa3025699,,,trentabel
3922,Mark Abell,Mark Abell,sa3025702,,,markabell
3923,Jackson Abernathy,Jackson Abernathy,sa3025705,,,jacksonabernathy
3924,Andrew Abler,Andrew Abler,sa3025707,,,andrewabler
3925,John Abraham,John Abraham,sa3025709,,,johnabraham
3926,Todd Abraham,Todd Abraham,sa3025710,,,toddabraham
3927,Joe Abramson,Joe Abramson,sa3025714,,,joeabramson
3928,Marques Abulhosn,Marques Abulhosn,sa3025721,,,marquesabulhosn
3929,Jess Ackerman,Jess Ackerman,sa3025727,,,jessackerman
3930,Ty Acker,Ty Acker,sa3025730,,,tyacker
3931,Riley Acosta,Riley Acosta,sa3025738,,,rileyacosta
3932,Brandon Adams,Brandon Adams,sa3025748,,,brandonadams
3933,Charlie Adamson,Charlie Adamson,sa3025749,,,charlieadamson
3934,Christian Adams,Christian Adams,sa3025750,,,christianadams
3935,Gage Adams,Gage Adams,sa3025757,,,gageadams
3936,Matthew Adams,Matthew Adams,sa3025764,,,matthewadams
3937,Reyfield Adams III,Reyfield Adams III,sa3025766,,,reyfieldadamsiii
3938,Seth Adams,Seth Adams,sa3025768,,,sethadams
3939,TJ Adams,TJ Adams,sa3025770,,,tjadams
3940,Zane Adams,Zane Adams,sa3025773,,,zaneadams
3941,Jonathan Adelmann,Jonathan Adelmann,sa3025776,,,jonathanadelmann
3942,Trent Adelman,Trent Adelman,sa3025777,,,trentadelman
3943,Grant Adler,Grant Adler,sa3025783,,,grantadler
3944,Ehinger Adrianza,Ehinger Adrianza,sa3025787,,,ehingeradrianza
3945,Jarren Advincula,Jarren Advincula,sa3025789,,,jarrenadvincula
3946,Brady Afthim,Brady Afthim,sa3025791,808833,,bradyafthim
3947,James Agabedis,James Agabedis,sa3025792,,,jamesagabedis
3948,Joey Agar,Joey Agar,sa3025793,,,joeyagar
3949,Justus Agosto,Justus Agosto,sa3025800,,,justusagosto
3950,Adam Agresti,Adam Agresti,sa3025801,,,adamagresti
3951,Ivan Aguirre,Ivan Aguirre,sa3025807,,,ivanaguirre
3952,Brett Ahalt,Brett Ahalt,sa3025808,,,brettahalt
3953,Qwynn Ahearn,Qwynn Ahearn,sa3025810,,,qwynnahearn
3954,Garrett Ahern,Garrett Ahern,sa3025811,,,garrettahern
3955,Fareed Ahmed,Fareed Ahmed,sa3025813,,,fareedahmed
3956,Davis Aiken,Davis Aiken,sa3025817,,,davisaiken
3957,TJ Aiken,TJ Aiken,sa3025818,,,tjaiken
3958,Addison Ainsworth,Addison Ainsworth,sa3025819,,,addisonainsworth
3959,Parker Airhart,Parker Airhart,sa3025821,,,parkerairhart
3960,Blake Aita,Blake Aita,sa3025822,,,blakeaita
3961,Ollie Akens,Ollie Akens,sa3025827,,,ollieakens
3962,Chris Akers,Chris Akers,sa3025828,,,chrisakers
3963,DJ Akiyama,DJ Akiyama,sa3025829,,,djakiyama
3964,Jaden Alba,Jaden Alba,sa3025835,,,jadenalba
3965,Tyler Albanese,Tyler Albanese,sa3025839,,,tyleralbanese
3966,Alex Alberico,Alex Alberico,sa3025841,,,alexalberico
3967,Eddie Albert,Eddie Albert,sa3025843,,,eddiealbert
3968,Kaden Alberghini,Kaden Alberghini,sa3025847,,,kadenalberghini
3969,Tyler Albright,Tyler Albright,sa3025853,,,tyleralbright
3970,Tucker Alch,Tucker Alch,sa3025856,,,tuckeralch
3971,Bobby Alcock,Bobby Alcock,sa3025857,,,bobbyalcock
3972,Chandler Alderman,Chandler Alderman,sa3025863,,,chandleralderman
3973,Nick Alderfer,Nick Alderfer,sa3025864,,,nickalderfer
3974,Matt Alduino,Matt Alduino,sa3025869,,,mattalduino
3975,Hector Alejandro,Hector Alejandro,sa3025870,,,hectoralejandro
3976,Ben Alekson,Ben Alekson,sa3025872,,,benalekson
3977,Angelo Aleman,Angelo Aleman,sa3025873,,,angeloaleman
3978,Ayden Alexander,Ayden Alexander,sa3025875,,,aydenalexander
3979,Hunter Alexander,Hunter Alexander,sa3025880,,,hunteralexander
3980,Kyree Alexander,Kyree Alexander,sa3025884,,,kyreealexander
3981,Matt Alexander,Matt Alexander,sa3025885,,,mattalexander
3982,Sebastian Alexander,Sebastian Alexander,sa3025886,,,sebastianalexander
3983,Adam Alexis,Adam Alexis,sa3025888,,,adamalexis
3984,Slate Alford,Slate Alford,sa3025895,695477,,slatealford
3985,Marco Ali,Marco Ali,sa3025897,,,marcoali
3986,Alex Alicea,Alex Alicea,sa3025898,,,alexalicea
3987,Johnny Alkire,Johnny Alkire,sa3025899,,,johnnyalkire
3988,Tyler Alleman,Tyler Alleman,sa3025906,,,tyleralleman
3989,Cam Allen,Cam Allen,sa3025908,,,camallen
3990,Chase Allen,Chase Allen,sa3025909,,,chaseallen
3991,Colby Allen,Colby Allen,sa3025911,,,colbyallen
3992,Cooper Allen,Cooper Allen,sa3025912,,,cooperallen
3993,Courtney Allen,Courtney Allen,sa3025913,,,courtneyallen
3994,Destin Allen-Fox,Destin Allen-Fox,sa3025914,,,destinallenfox
3995,Dwight Allen II,Dwight Allen II,sa3025916,,,dwightallenii
3996,Joe Allen,Joe Allen,sa3025919,,,joeallen
3997,Keegan Allen,Keegan Allen,sa3025920,,,keeganallen
3998,Lee Allen Jr.,Lee Allen Jr.,sa3025921,,,leeallenjr
3999,Payton Allen,Payton Allen,sa3025927,,,paytonallen
4000,Ty Allen,Ty Allen,sa3025932,,,tyallen
4001,Zeb Allen,Zeb Allen,sa3025935,,,zeballen
4002,Price Allman,Price Allman,sa3025941,,,priceallman
4003,Tommy Allman,Tommy Allman,sa3025942,,,tommyallman
4004,Gavin Alloway,Gavin Alloway,sa3025944,,,gavinalloway
4005,Jackson Allred,Jackson Allred,sa3025945,,,jacksonallred
4006,Chase Allsup,Chase Allsup,sa3025950,,,chaseallsup
4007,Jose Almazan,Jose Almazan,sa3025954,,,josealmazan
4008,Kuhio Aloy,Kuhio Aloy,sa3025960,,,kuhioaloy
4009,Jake Altman,Jake Altman,sa3025968,,,jakealtman
4010,Julian Alvarez,Julian Alvarez,sa3025976,,,julianalvarez
4011,Ledy Alvarez,Ledy Alvarez,sa3025977,,,ledyalvarez
4012,Noah Alvarez,Noah Alvarez,sa3025980,,,noahalvarez
4013,Gavin Alveti,Gavin Alveti,sa3025983,,,gavinalveti
4014,Evan Alwine,Evan Alwine,sa3025986,,,evanalwine
4015,Luke Alwood,Luke Alwood,sa3025987,,,lukealwood
4016,Dre Amaral,Dre Amaral,sa3025988,,,dreamaral
4017,JT Amaral,JT Amaral,sa3025989,,,jtamaral
4018,Kristian Amaro,Kristian Amaro,sa3025990,,,kristianamaro
4019,Andrew Amato,Andrew Amato,sa3025991,,,andrewamato
4020,Cal Amborn,Cal Amborn,sa3025993,,,calamborn
4021,Andy Ambriz,Andy Ambriz,sa3025995,,,andyambriz
4022,Chase Ambrose,Chase Ambrose,sa3025997,,,chaseambrose
4023,Lee Amedee,Lee Amedee,sa3026000,,,leeamedee
4024,Brock Amelung,Brock Amelung,sa3026002,,,brockamelung
4025,Ryan Ament,Ryan Ament,sa3026003,,,ryanament
4026,Kaden Amundson,Kaden Amundson,sa3026015,,,kadenamundson
4027,Maxwell Andeel,Maxwell Andeel,sa3026018,,,maxwellandeel
4028,Aedan Anderson,Aedan Anderson,sa3026020,,,aedananderson
4029,Aric Anderson,Aric Anderson,sa3026021,,,aricanderson
4030,Austin Anderson,Austin Anderson,sa3026023,,,austinanderson
4031,Brandon Anderson,Brandon Anderson,sa3026030,,,brandonanderson
4032,Brandin Anderson,Brandin Anderson,sa3026031,,,brandinanderson
4033,Caleb Anderson,Caleb Anderson,sa3026033,,,calebanderson
4034,Dom Anderson,Dom Anderson,sa3026038,,,domanderson
4035,Drake Anderson,Drake Anderson,sa3026039,,,drakeanderson
4036,Garner Anderson,Garner Anderson,sa3026040,,,garneranderson
4037,Jacob Anderson,Jacob Anderson,sa3026052,,,jacobanderson
4038,Jaden Anderson,Jaden Anderson,sa3026053,,,jadenanderson
4039,Luke Anderson,Luke Anderson,sa3026061,,,lukeanderson
4040,Matthew Anderson,Matthew Anderson,sa3026064,,,matthewanderson
4041,Michael Anderson,Michael Anderson,sa3026065,,,michaelanderson
4042,Nate Anderson,Nate Anderson,sa3026066,,,nateanderson
4043,David Andolina,David Andolina,sa3026075,,,davidandolina
4044,Chris Andrews,Chris Andrews,sa3026080,,,chrisandrews
4045,Heath Andrews,Heath Andrews,sa3026082,,,heathandrews
4046,Jake Andrews,Jake Andrews,sa3026084,,,jakeandrews
4047,Steven Andrews,Steven Andrews,sa3026088,,,stevenandrews
4048,Will Andrews,Will Andrews,sa3026090,,,willandrews
4049,David Andrus,David Andrus,sa3026093,,,davidandrus
4050,Paul Andrzejewski,Paul Andrzejewski,sa3026095,,,paulandrzejewski
4051,Beau Ankeney,Beau Ankeney,sa3026106,801954,,beauankeney
4052,Jack Anker,Jack Anker,sa3026107,804985,,jackanker
4053,Chaz Anthony,Chaz Anthony,sa3026112,,,chazanthony
4054,Ariel Antigua,Ariel Antigua,sa3026114,,,arielantigua
4055,Gunner Antillon,Gunner Antillon,sa3026115,,,gunnerantillon
4056,Anthony Anzaldi,Anthony Anzaldi,sa3026124,,,anthonyanzaldi
4057,Caden Aoki,Caden Aoki,sa3026126,,,cadenaoki
4058,Enzo Apodaca,Enzo Apodaca,sa3026129,,,enzoapodaca
4059,Evan Appelwick,Evan Appelwick,sa3026132,,,evanappelwick
4060,Carson Applegate,Carson Applegate,sa3026133,,,carsonapplegate
4061,James Appleford,James Appleford,sa3026134,,,jamesappleford
4062,Issac Araiza,Issac Araiza,sa3026136,,,issacaraiza
4063,Marcus Aranda,Marcus Aranda,sa3026140,,,marcusaranda
4064,Caio Araujo,Caio Araujo,sa3026141,,,caioaraujo
4065,Reece Arbogast,Reece Arbogast,sa3026144,,,reecearbogast
4066,Jack Arcamone,Jack Arcamone,sa3026146,,,jackarcamone
4067,Ganon Archer,Ganon Archer,sa3026151,,,ganonarcher
4068,Bryce Archie,Bryce Archie,sa3026155,804643,,brycearchie
4069,Sam Ardoin,Sam Ardoin,sa3026161,,,samardoin
4070,Bryan Arendt,Bryan Arendt,sa3026168,701699,,bryanarendt
4071,Brock Arender,Brock Arender,sa3026169,,,brockarender
4072,Andrew Argenziano,Andrew Argenziano,sa3026174,,,andrewargenziano
4073,Nick Argento,Nick Argento,sa3026175,,,nickargento
4074,Nick Arias,Nick Arias,sa3026184,,,nickarias
4075,Joe Ariola,Joe Ariola,sa3026188,813409,,joeariola
4076,JW Armistead,JW Armistead,sa3026193,,,jwarmistead
4077,Jake Armsey,Jake Armsey,sa3026197,,,jakearmsey
4078,Dane Armson,Dane Armson,sa3026198,,,danearmson
4079,Bryce Armstrong,Bryce Armstrong,sa3026202,,,brycearmstrong
4080,Chase Armstrong,Chase Armstrong,sa3026203,,,chasearmstrong
4081,John Armstrong,John Armstrong,sa3026208,,,johnarmstrong
4082,Tyce Armstrong,Tyce Armstrong,sa3026212,,,tycearmstrong
4083,Kade Arn,Kade Arn,sa3026214,,,kadearn
4084,Bryson Arnette,Bryson Arnette,sa3026217,,,brysonarnette
4085,Jeremiah Arnett,Jeremiah Arnett,sa3026218,,,jeremiaharnett
4086,Noah Arnett,Noah Arnett,sa3026219,,,noaharnett
4087,Luke Arnold,Luke Arnold,sa3026227,,,lukearnold
4088,Tristan Arnold,Tristan Arnold,sa3026229,,,tristanarnold
4089,Anson Aroz,Anson Aroz,sa3026234,695484,,ansonaroz
4090,Victor Arreola,Victor Arreola,sa3026236,,,victorarreola
4091,Chris Arroyo,Chris Arroyo,sa3026239,,,chrisarroyo
4092,Adam Arther,Adam Arther,sa3026243,,,adamarther
4093,Jack Arthur,Jack Arthur,sa3026244,,,jackarthur
4094,Casey Artigues,Casey Artigues,sa3026245,,,caseyartigues
4095,Michelle Artzberger,Michelle Artzberger,sa3026249,,,michelleartzberger
4096,Will Asby,Will Asby,sa3026252,,,willasby
4097,Jayden Asencio,Jayden Asencio,sa3026255,,,jaydenasencio
4098,Ryan Ash,Ryan Ash,sa3026259,,,ryanash
4099,Connor Ashby,Connor Ashby,sa3026261,,,connorashby
4100,Kyle Ashworth,Kyle Ashworth,sa3026270,,,kyleashworth
4101,Trey Ates,Trey Ates,sa3026276,,,treyates
4102,George Athanasiadis,George Athanasiadis,sa3026277,,,georgeathanasiadis
4103,Kyle Athmer,Kyle Athmer,sa3026278,,,kyleathmer
4104,Alec Atkinson,Alec Atkinson,sa3026280,,,alecatkinson
4105,Bobby Atkinson,Bobby Atkinson,sa3026282,,,bobbyatkinson
4106,Charlie Atkinson,Charlie Atkinson,sa3026283,,,charlieatkinson
4107,Spencer Aubin,Spencer Aubin,sa3026295,,,spenceraubin
4108,Max Aude,Max Aude,sa3026296,,,maxaude
4109,Brooks Auger,Brooks Auger,sa3026300,,,brooksauger
4110,Tyler August,Tyler August,sa3026303,,,tyleraugust
4111,Matthew Aukerman,Matthew Aukerman,sa3026304,,,matthewaukerman
4112,Jack Austin,Jack Austin,sa3026310,,,jackaustin
4113,Jordan Austin,Jordan Austin,sa3026311,,,jordanaustin
4114,RJ Austin,RJ Austin,sa3026315,,,rjaustin
4115,Hunter Autrey,Hunter Autrey,sa3026319,,,hunterautrey
4116,Anthony Avalos,Anthony Avalos,sa3026320,,,anthonyavalos
4117,Blake Avila,Blake Avila,sa3026324,,,blakeavila
4118,Grant Aycock,Grant Aycock,sa3026334,,,grantaycock
4119,David Ayers,David Ayers,sa3026336,,,davidayers
4120,Robbie Ayers,Robbie Ayers,sa3026339,,,robbieayers
4121,Christian Azcona,Christian Azcona,sa3026343,,,christianazcona
4122,Nico Azpilcueta,Nico Azpilcueta,sa3026346,,,nicoazpilcueta
4123,Jack Bach,Jack Bach,sa3026355,,,jackbach
4124,Jordan Bach,Jordan Bach,sa3026356,,,jordanbach
4125,Nate Bach,Nate Bach,sa3026357,,,natebach
4126,Colby Backus,Colby Backus,sa3026369,,,colbybackus
4127,Jacob Badawi,Jacob Badawi,sa3026374,,,jacobbadawi
4128,Devan Bade,Devan Bade,sa3026375,,,devanbade
4129,Kyle Bade,Kyle Bade,sa3026376,,,kylebade
4130,Clay Badylak,Clay Badylak,sa3026383,,,claybadylak
4131,Nico Baez,Nico Baez,sa3026391,,,nicobaez
4132,B.J. Bailey,B.J. Bailey,sa3026400,,,bjbailey
4133,Gray Bailey,Gray Bailey,sa3026406,,,graybailey
4134,Kieran Bailey,Kieran Bailey,sa3026409,,,kieranbailey
4135,Lorenzo Bailey,Lorenzo Bailey,sa3026410,,,lorenzobailey
4136,Chris Baillargeon,Chris Baillargeon,sa3026413,,,chrisbaillargeon
4137,Tim Baird,Tim Baird,sa3026419,,,timbaird
4138,Brandon Bak,Brandon Bak,sa3026420,,,brandonbak
4139,Tyler Bak,Tyler Bak,sa3026422,,,tylerbak
4140,Benjamin Baker-Livingston,Benjamin Baker-Livingston,sa3026423,,,benjaminbakerlivingston
4141,Bowen Baker,Bowen Baker,sa3026424,,,bowenbaker
4142,Davis Baker,Davis Baker,sa3026433,,,davisbaker
4143,Dillon Baker,Dillon Baker,sa3026434,,,dillonbaker
4144,Holden Baker,Holden Baker,sa3026436,,,holdenbaker
4145,Jackson Baker,Jackson Baker,sa3026439,,,jacksonbaker
4146,Logan Baker,Logan Baker,sa3026445,,,loganbaker
4147,Trey Baker,Trey Baker,sa3026450,,,treybaker
4148,Trace Baker,Trace Baker,sa3026451,823994,,tracebaker
4149,Von Baker,Von Baker,sa3026454,,,vonbaker
4150,Xavier Baker,Xavier Baker,sa3026456,,,xavierbaker
4151,Ryan Bakes,Ryan Bakes,sa3026457,,,ryanbakes
4152,Jackson Baldrate,Jackson Baldrate,sa3026469,,,jacksonbaldrate
4153,Gavin Baldwin,Gavin Baldwin,sa3026471,,,gavinbaldwin
4154,Bryson Bales,Bryson Bales,sa3026476,,,brysonbales
4155,Connor Ball,Connor Ball,sa3026484,,,connorball
4156,Dawson Ball,Dawson Ball,sa3026485,,,dawsonball
4157,Michael Ball,Michael Ball,sa3026487,,,michaelball
4158,Nathan Ball,Nathan Ball,sa3026489,,,nathanball
4159,Carson Ballard,Carson Ballard,sa3026491,,,carsonballard
4160,Michael Ballard,Michael Ballard,sa3026492,,,michaelballard
4161,Thomas Ballard,Thomas Ballard,sa3026493,,,thomasballard
4162,Elian Balmaceda,Elian Balmaceda,sa3026497,,,elianbalmaceda
4163,Blake Balsz,Blake Balsz,sa3026500,,,blakebalsz
4164,Jason Ban,Jason Ban,sa3026506,,,jasonban
4165,Cristien Banda,Cristien Banda,sa3026507,,,cristienbanda
4166,Brady Banker,Brady Banker,sa3026512,,,bradybanker
4167,Hagan Banks,Hagan Banks,sa3026515,,,haganbanks
4168,Kalum Banks Jr.,Kalum Banks Jr.,sa3026517,,,kalumbanksjr
4169,Nyle Banks,Nyle Banks,sa3026519,,,nylebanks
4170,Will Banks,Will Banks,sa3026522,,,willbanks
4171,Dylan Banner,Dylan Banner,sa3026523,,,dylanbanner
4172,Jay Bant,Jay Bant,sa3026526,,,jaybant
4173,BJ Banyon,BJ Banyon,sa3026528,,,bjbanyon
4174,Danny Barbero,Danny Barbero,sa3026536,,,dannybarbero
4175,Luke Barbier,Luke Barbier,sa3026541,,,lukebarbier
4176,Jake Barbour,Jake Barbour,sa3026543,,,jakebarbour
4177,Colin Barczi,Colin Barczi,sa3026545,,,colinbarczi
4178,Luke Bard,Luke Bard,sa3026547,,,lukebard
4179,Matthew Bardowell,Matthew Bardowell,sa3026551,,,matthewbardowell
4180,Brett Barfield,Brett Barfield,sa3026554,,,brettbarfield
4181,Alex Barger,Alex Barger,sa3026555,,,alexbarger
4182,Dalton Bargo,Dalton Bargo,sa3026558,,,daltonbargo
4183,Simon Bargo,Simon Bargo,sa3026559,,,simonbargo
4184,Chris Barkasy,Chris Barkasy,sa3026565,,,chrisbarkasy
4185,Oliver Barkal,Oliver Barkal,sa3026566,,,oliverbarkal
4186,Blake Barker,Blake Barker,sa3026568,,,blakebarker
4187,Colby Barker,Colby Barker,sa3026571,,,colbybarker
4188,Isaiah Barkett,Isaiah Barkett,sa3026572,701373,,isaiahbarkett
4189,Trey Barkman,Trey Barkman,sa3026580,,,treybarkman
4190,Nathan Barksdale,Nathan Barksdale,sa3026581,,,nathanbarksdale
4191,Billy Barlow,Billy Barlow,sa3026584,,,billybarlow
4192,Branden Barna,Branden Barna,sa3026587,,,brandenbarna
4193,Cal Barna,Cal Barna,sa3026588,,,calbarna
4194,Bradyn Barnes,Bradyn Barnes,sa3026591,,,bradynbarnes
4195,Caden Barnett,Caden Barnett,sa3026592,,,cadenbarnett
4196,Jerry Barnes,Jerry Barnes,sa3026597,,,jerrybarnes
4197,Michael Barnett,Michael Barnett,sa3026603,,,michaelbarnett
4198,Rowen Barnes,Rowen Barnes,sa3026604,,,rowenbarnes
4199,Spencer Barnett,Spencer Barnett,sa3026605,,,spencerbarnett
4200,Josh Barnhouse,Josh Barnhouse,sa3026608,,,joshbarnhouse
4201,Nick Barone,Nick Barone,sa3026616,,,nickbarone
4202,Blake Barquin,Blake Barquin,sa3026617,,,blakebarquin
4203,Chris Barr,Chris Barr,sa3026619,,,chrisbarr
4204,Kurt Barr,Kurt Barr,sa3026623,,,kurtbarr
4205,Ty Barrango,Ty Barrango,sa3026625,,,tybarrango
4206,Ben Barrett,Ben Barrett,sa3026626,,,benbarrett
4207,David Barrett,David Barrett,sa3026627,,,davidbarrett
4208,Daren Barrera,Daren Barrera,sa3026629,,,darenbarrera
4209,Diego Barrett,Diego Barrett,sa3026630,,,diegobarrett
4210,Emilio Barreras,Emilio Barreras,sa3026631,808903,,emiliobarreras
4211,Gabriel Barrett,Gabriel Barrett,sa3026633,,,gabrielbarrett
4212,Hudson Barrett,Hudson Barrett,sa3026634,,,hudsonbarrett
4213,Ian Barrett,Ian Barrett,sa3026635,,,ianbarrett
4214,Walker Barron,Walker Barron,sa3026652,,,walkerbarron
4215,Aidan Barry,Aidan Barry,sa3026654,,,aidanbarry
4216,Blake Barthol,Blake Barthol,sa3026664,,,blakebarthol
4217,Tommy Barth,Tommy Barth,sa3026668,,,tommybarth
4218,Jeb Bartle,Jeb Bartle,sa3026673,,,jebbartle
4219,Blake Barton,Blake Barton,sa3026677,,,blakebarton
4220,Kaleb Baskin,Kaleb Baskin,sa3026690,,,kalebbaskin
4221,Peyton Basler,Peyton Basler,sa3026692,,,peytonbasler
4222,Jack Basseer,Jack Basseer,sa3026693,,,jackbasseer
4223,Reese Bassinger,Reese Bassinger,sa3026696,,,reesebassinger
4224,Jaden Bastian,Jaden Bastian,sa3026698,,,jadenbastian
4225,Camden Bates,Camden Bates,sa3026707,,,camdenbates
4226,Ethan Bates,Ethan Bates,sa3026711,,,ethanbates
4227,Finley Bates,Finley Bates,sa3026712,,,finleybates
4228,Jabin Bates,Jabin Bates,sa3026714,,,jabinbates
4229,Ryan Bates,Ryan Bates,sa3026716,,,ryanbates
4230,Sal Batres,Sal Batres,sa3026720,,,salbatres
4231,Corey Battey,Corey Battey,sa3026723,,,coreybattey
4232,Justin Battle,Justin Battle,sa3026724,,,justinbattle
4233,Ty Batusich,Ty Batusich,sa3026728,,,tybatusich
4234,Chris Batuyios,Chris Batuyios,sa3026729,,,chrisbatuyios
4235,Luke Bauer,Luke Bauer,sa3026734,,,lukebauer
4236,Shane Bauer,Shane Bauer,sa3026735,,,shanebauer
4237,Spencer Bauer,Spencer Bauer,sa3026736,,,spencerbauer
4238,Brant Baughcum,Brant Baughcum,sa3026739,,,brantbaughcum
4239,Carson Baugh,Carson Baugh,sa3026740,,,carsonbaugh
4240,Aiden Baumann,Aiden Baumann,sa3026746,,,aidenbaumann
4241,Baylor Baumann,Baylor Baumann,sa3026747,,,baylorbaumann
4242,Andrew Baumgart,Andrew Baumgart,sa3026752,,,andrewbaumgart
4243,Will Baumhofer,Will Baumhofer,sa3026757,,,willbaumhofer
4244,Robert Bavon,Robert Bavon,sa3026762,,,robertbavon
4245,Brady Baxter,Brady Baxter,sa3026765,,,bradybaxter
4246,Nate Baxter,Nate Baxter,sa3026766,,,natebaxter
4247,John Bay,John Bay,sa3026767,,,johnbay
4248,Max Bayles,Max Bayles,sa3026768,,,maxbayles
4249,Payton Baylis,Payton Baylis,sa3026770,,,paytonbaylis
4250,Carson Bayne,Carson Bayne,sa3026771,,,carsonbayne
4251,Hunter Baynes,Hunter Baynes,sa3026772,,,hunterbaynes
4252,Parrish Beagle,Parrish Beagle,sa3026776,,,parrishbeagle
4253,Ryan Beaird,Ryan Beaird,sa3026777,,,ryanbeaird
4254,Jacob Beall,Jacob Beall,sa3026783,,,jacobbeall
4255,Drew Beam,Drew Beam,sa3026785,,,drewbeam
4256,Jackson Beaman,Jackson Beaman,sa3026788,,,jacksonbeaman
4257,Brady Bean,Brady Bean,sa3026793,,,bradybean
4258,Jacob Bean,Jacob Bean,sa3026794,,,jacobbean
4259,Trey Beard,Trey Beard,sa3026802,,,treybeard
4260,Chase Beattie,Chase Beattie,sa3026808,,,chasebeattie
4261,Jackson Beattie,Jackson Beattie,sa3026809,,,jacksonbeattie
4262,Robert Beatty,Robert Beatty,sa3026810,,,robertbeatty
4263,Jake Beaty,Jake Beaty,sa3026811,,,jakebeaty
4264,Jack Beauchesne,Jack Beauchesne,sa3026814,,,jackbeauchesne
4265,Luis Becerra,Luis Becerra,sa3026825,,,luisbecerra
4266,Temo Becerra,Temo Becerra,sa3026826,,,temobecerra
4267,Jake Bechtel,Jake Bechtel,sa3026828,,,jakebechtel
4268,Chipper Beck,Chipper Beck,sa3026831,,,chipperbeck
4269,Dalton Beck,Dalton Beck,sa3026832,,,daltonbeck
4270,Sam Beck,Sam Beck,sa3026838,,,sambeck
4271,Colten Becker,Colten Becker,sa3026842,,,coltenbecker
4272,Eric Becker,Eric Becker,sa3026844,,,ericbecker
4273,Matthew Becker,Matthew Becker,sa3026849,801799,,matthewbecker
4274,Ryan Becker,Ryan Becker,sa3026851,,,ryanbecker
4275,Drew Beckner,Drew Beckner,sa3026857,,,drewbeckner
4276,Dylan Bedder,Dylan Bedder,sa3026860,,,dylanbedder
4277,Matt Bedford,Matt Bedford,sa3026863,,,mattbedford
4278,Chris Bedgood,Chris Bedgood,sa3026864,,,chrisbedgood
4279,Adam Beery,Adam Beery,sa3026871,,,adambeery
4280,Josh Beezley,Josh Beezley,sa3026874,,,joshbeezley
4281,Stiles Begnaud,Stiles Begnaud,sa3026877,,,stilesbegnaud
4282,Reese Beheler,Reese Beheler,sa3026878,,,reesebeheler
4283,Andrew Behnke,Andrew Behnke,sa3026880,,,andrewbehnke
4284,Adam Behrens,Adam Behrens,sa3026881,,,adambehrens
4285,Jeffrey Behrends,Jeffrey Behrends,sa3026882,,,jeffreybehrends
4286,Landon Beidelschies,Landon Beidelschies,sa3026885,,,landonbeidelschies
4287,Owen Beisty,Owen Beisty,sa3026887,,,owenbeisty
4288,Mauri Bejarano,Mauri Bejarano,sa3026888,,,mauribejarano
4289,Ethan Belk,Ethan Belk,sa3026893,,,ethanbelk
4290,Blaze Bell,Blaze Bell,sa3026896,,,blazebell
4291,Ethan Bell,Ethan Bell,sa3026903,,,ethanbell
4292,Jack Bell,Jack Bell,sa3026907,,,jackbell
4293,Logan Bell,Logan Bell,sa3026911,,,loganbell
4294,Sam Bell,Sam Bell,sa3026913,,,sambell
4295,Tadan Bell,Tadan Bell,sa3026915,,,tadanbell
4296,Matteo Bellisimo,Matteo Bellisimo,sa3026922,,,matteobellisimo
4297,Sam Belliveau,Sam Belliveau,sa3026923,,,sambelliveau
4298,Jack Bello,Jack Bello,sa3026925,,,jackbello
4299,Jess Bellows,Jess Bellows,sa3026926,,,jessbellows
4300,Jorge Bello,Jorge Bello,sa3026927,,,jorgebello
4301,Mike Bello,Mike Bello,sa3026928,,,mikebello
4302,Jacob Beltran,Jacob Beltran,sa3026935,,,jacobbeltran
4303,Cade Belyeu,Cade Belyeu,sa3026936,,,cadebelyeu
4304,Max Belyeu,Max Belyeu,sa3026937,,,maxbelyeu
4305,Kade Benavidez,Kade Benavidez,sa3026940,,,kadebenavidez
4306,Carter Benbrook,Carter Benbrook,sa3026941,,,carterbenbrook
4307,Brady Bendik,Brady Bendik,sa3026945,,,bradybendik
4308,Adam Benes,Adam Benes,sa3026948,,,adambenes
4309,Joel Benes,Joel Benes,sa3026949,,,joelbenes
4310,Seth Benes,Seth Benes,sa3026951,,,sethbenes
4311,Tysen Benford,Tysen Benford,sa3026952,,,tysenbenford
4312,Connor Benge,Connor Benge,sa3026953,,,connorbenge
4313,Alan Benhardt,Alan Benhardt,sa3026955,,,alanbenhardt
4314,Nic Benhardt,Nic Benhardt,sa3026956,,,nicbenhardt
4315,Tre Benjamin,Tre Benjamin,sa3026960,,,trebenjamin
4316,Patrick Benn,Patrick Benn,sa3026961,,,patrickbenn
4317,Gavin Bennett,Gavin Bennett,sa3026970,,,gavinbennett
4318,Jaylyn Bennett,Jaylyn Bennett,sa3026975,,,jaylynbennett
4319,Jack Bennett,Jack Bennett,sa3026976,,,jackbennett
4320,Jack Ben-Shoshan,Jack Ben-Shoshan,sa3026986,,,jackbenshoshan
4321,Cameron Benson,Cameron Benson,sa3026987,,,cameronbenson
4322,Chandler Benson,Chandler Benson,sa3026989,,,chandlerbenson
4323,Braden Benton,Braden Benton,sa3026995,,,bradenbenton
4324,Sebastian Bentz,Sebastian Bentz,sa3027002,,,sebastianbentz
4325,Derek Benzinger,Derek Benzinger,sa3027005,,,derekbenzinger
4326,Michael Benzor,Michael Benzor,sa3027006,,,michaelbenzor
4327,Bryant Beranek,Bryant Beranek,sa3027007,,,bryantberanek
4328,Eli Berch,Eli Berch,sa3027009,,,eliberch
4329,Thaxton Berch,Thaxton Berch,sa3027010,,,thaxtonberch
4330,Andrew Berg,Andrew Berg,sa3027014,,,andrewberg
4331,Aric Berg,Aric Berg,sa3027015,,,aricberg
4332,Jake Berg,Jake Berg,sa3027018,,,jakeberg
4333,Nick Bergamotto,Nick Bergamotto,sa3027019,,,nickbergamotto
4334,Jake Berger,Jake Berger,sa3027024,,,jakeberger
4335,Matt Bergevin,Matt Bergevin,sa3027026,,,mattbergevin
4336,Austin Berggren,Austin Berggren,sa3027029,,,austinberggren
4337,Adam Berghult,Adam Berghult,sa3027031,,,adamberghult
4338,Carter Bergman,Carter Bergman,sa3027033,,,carterbergman
4339,Caleb Bergman,Caleb Bergman,sa3027034,,,calebbergman
4340,Cooper Bergman,Cooper Bergman,sa3027035,,,cooperbergman
4341,Dean Bergmann,Dean Bergmann,sa3027037,,,deanbergmann
4342,Jackson Bergman,Jackson Bergman,sa3027039,,,jacksonbergman
4343,Max Bergmann,Max Bergmann,sa3027040,,,maxbergmann
4344,Austin Bergum,Austin Bergum,sa3027042,,,austinbergum
4345,Drew Berkland,Drew Berkland,sa3027046,,,drewberkland
4346,Garrison Berkley,Garrison Berkley,sa3027047,,,garrisonberkley
4347,Will Bermudez,Will Bermudez,sa3027051,,,willbermudez
4348,Cristian Bernardini,Cristian Bernardini,sa3027055,,,cristianbernardini
4349,Max Bernal,Max Bernal,sa3027057,,,maxbernal
4350,Rocco Bernadina,Rocco Bernadina,sa3027058,,,roccobernadina
4351,Wilbur Berrios,Wilbur Berrios,sa3027065,,,wilburberrios
4352,Noah Berry,Noah Berry,sa3027073,,,noahberry
4353,Philip Berstein,Philip Berstein,sa3027075,,,philipberstein
4354,Reid Bertram,Reid Bertram,sa3027081,,,reidbertram
4355,Jackson Bessette,Jackson Bessette,sa3027091,,,jacksonbessette
4356,Chandler Best,Chandler Best,sa3027093,,,chandlerbest
4357,Liam Best,Liam Best,sa3027094,807555,,liambest
4358,Matthew Best,Matthew Best,sa3027095,,,matthewbest
4359,Rafael Betancourt,Rafael Betancourt,sa3027099,,,rafaelbetancourt
4360,Tate Bethel,Tate Bethel,sa3027101,,,tatebethel
4361,Reece Beuter,Reece Beuter,sa3027106,,,reecebeuter
4362,Jack Beverly,Jack Beverly,sa3027108,,,jackbeverly
4363,Blake Bevis,Blake Bevis,sa3027110,,,blakebevis
4364,Logan Bevis,Logan Bevis,sa3027111,,,loganbevis
4365,Andrew Bianco,Andrew Bianco,sa3027120,,,andrewbianco
4366,Vincent Bianchina,Vincent Bianchina,sa3027125,,,vincentbianchina
4367,Ryan Bibb,Ryan Bibb,sa3027128,,,ryanbibb
4368,Tyler Bickers,Tyler Bickers,sa3027135,,,tylerbickers
4369,Drake Bicknell,Drake Bicknell,sa3027136,,,drakebicknell
4370,Aaron Biediger,Aaron Biediger,sa3027140,,,aaronbiediger
4371,Drew Biggerstaff,Drew Biggerstaff,sa3027147,,,drewbiggerstaff
4372,Ryan Bilka,Ryan Bilka,sa3027152,,,ryanbilka
4373,Sam Biller,Sam Biller,sa3027153,,,sambiller
4374,Ryker Billingsley,Ryker Billingsley,sa3027157,,,rykerbillingsley
4375,Blake Binderup,Blake Binderup,sa3027159,,,blakebinderup
4376,Gunnar Bingham,Gunnar Bingham,sa3027161,,,gunnarbingham
4377,Brady Birchmeier,Brady Birchmeier,sa3027163,,,bradybirchmeier
4378,Alex Birge,Alex Birge,sa3027167,,,alexbirge
4379,Radek Birkholz,Radek Birkholz,sa3027168,,,radekbirkholz
4380,Ryan Birr,Ryan Birr,sa3027170,,,ryanbirr
4381,Casey Bishop,Casey Bishop,sa3027175,,,caseybishop
4382,David Bishop,David Bishop,sa3027176,,,davidbishop
4383,Jaydon Bishop,Jaydon Bishop,sa3027177,,,jaydonbishop
4384,Owen Bishop,Owen Bishop,sa3027178,,,owenbishop
4385,Tyler Bishop,Tyler Bishop,sa3027180,,,tylerbishop
4386,Tristan Bissetta,Tristan Bissetta,sa3027182,,,tristanbissetta
4387,Tucker Biven,Tucker Biven,sa3027184,702712,,tuckerbiven
4388,Conner Bivins,Conner Bivins,sa3027185,,,connerbivins
4389,Mason Bixby,Mason Bixby,sa3027186,,,masonbixby
4390,Derek Blackmore,Derek Blackmore,sa3027193,,,derekblackmore
4391,Gavin Black,Gavin Black,sa3027195,,,gavinblack
4392,Miles Blackwell,Miles Blackwell,sa3027200,,,milesblackwell
4393,Michael Blackiston,Michael Blackiston,sa3027201,,,michaelblackiston
4394,Ryan Black,Ryan Black,sa3027205,,,ryanblack
4395,Ben Blair,Ben Blair,sa3027209,,,benblair
4396,Brett Blair,Brett Blair,sa3027210,,,brettblair
4397,Drew Blake,Drew Blake,sa3027221,,,drewblake
4398,Ethan Blakeney,Ethan Blakeney,sa3027222,,,ethanblakeney
4399,Evan Blake,Evan Blake,sa3027223,,,evanblake
4400,Colin Blanchard,Colin Blanchard,sa3027227,,,colinblanchard
4401,Evan Blanchard,Evan Blanchard,sa3027229,,,evanblanchard
4402,Evan Blanco,Evan Blanco,sa3027230,,,evanblanco
4403,Bobby Blandford,Bobby Blandford,sa3027232,,,bobbyblandford
4404,Yates Bland,Yates Bland,sa3027236,,,yatesbland
4405,Jackson Blank,Jackson Blank,sa3027238,,,jacksonblank
4406,Tyler Blankenship,Tyler Blankenship,sa3027240,,,tylerblankenship
4407,Luke Blas,Luke Blas,sa3027245,,,lukeblas
4408,Bryce Blaser,Bryce Blaser,sa3027246,,,bryceblaser
4409,Cooper Blauser,Cooper Blauser,sa3027252,,,cooperblauser
4410,Ian Blazier,Ian Blazier,sa3027257,,,ianblazier
4411,Bryce Blevins,Bryce Blevins,sa3027265,,,bryceblevins
4412,Jason Blood,Jason Blood,sa3027274,,,jasonblood
4413,Chase Bloomer,Chase Bloomer,sa3027276,,,chasebloomer
4414,Joshua Blount,Joshua Blount,sa3027282,,,joshuablount
4415,Kevin Blowers,Kevin Blowers,sa3027284,,,kevinblowers
4416,Folger Boaz,Folger Boaz,sa3027294,,,folgerboaz
4417,John-Howard Bobo,John-Howard Bobo,sa3027297,,,johnhowardbobo
4418,Tanner Boccabello,Tanner Boccabello,sa3027298,,,tannerboccabello
4419,Harrison Bodendorf,Harrison Bodendorf,sa3027303,823746,,harrisonbodendorf
4420,Jason Bodin,Jason Bodin,sa3027307,,,jasonbodin
4421,Lex Boedicker,Lex Boedicker,sa3027310,,,lexboedicker
4422,Garet Boehm,Garet Boehm,sa3027312,,,garetboehm
4423,JD Bogart,JD Bogart,sa3027318,,,jdbogart
4424,Gavin Bogdanchik,Gavin Bogdanchik,sa3027319,,,gavinbogdanchik
4425,Caden Bogenpohl,Caden Bogenpohl,sa3027320,,,cadenbogenpohl
4426,Matthew Bohnert,Matthew Bohnert,sa3027334,,,matthewbohnert
4427,David Boisvert,David Boisvert,sa3027339,,,davidboisvert
4428,Jake Bold,Jake Bold,sa3027342,,,jakebold
4429,Jake Bollin,Jake Bollin,sa3027348,,,jakebollin
4430,Cale Bolton,Cale Bolton,sa3027353,,,calebolton
4431,Hudson Boncal,Hudson Boncal,sa3027360,,,hudsonboncal
4432,Hayden Bond,Hayden Bond,sa3027361,,,haydenbond
4433,Owen Bond,Owen Bond,sa3027362,,,owenbond
4434,Peyton Bonds,Peyton Bonds,sa3027364,,,peytonbonds
4435,Robert Bonilla,Robert Bonilla,sa3027368,,,robertbonilla
4436,Timmy Bonin,Timmy Bonin,sa3027369,,,timmybonin
4437,Nick Bonn,Nick Bonn,sa3027372,,,nickbonn
4438,Colton Book,Colton Book,sa3027377,822795,,coltonbook
4439,Narvin Booker,Narvin Booker,sa3027382,,,narvinbooker
4440,Jake Books,Jake Books,sa3027383,,,jakebooks
4441,Casey Borba,Casey Borba,sa3027389,,,caseyborba
4442,Ryan Borberg,Ryan Borberg,sa3027390,,,ryanborberg
4443,Gunner Boree,Gunner Boree,sa3027394,,,gunnerboree
4444,Ty Borgogno,Ty Borgogno,sa3027401,,,tyborgogno
4445,Reese Borho,Reese Borho,sa3027403,,,reeseborho
4446,Chad Born,Chad Born,sa3027406,,,chadborn
4447,Clayton Boroski,Clayton Boroski,sa3027408,,,claytonboroski
4448,James Borsari,James Borsari,sa3027410,,,jamesborsari
4449,Dalton Boruff,Dalton Boruff,sa3027413,,,daltonboruff
4450,Bobby Boser,Bobby Boser,sa3027420,804119,,bobbyboser
4451,Justin Bosland,Justin Bosland,sa3027422,,,justinbosland
4452,Collin Bosley-Smith,Collin Bosley-Smith,sa3027423,,,collinbosleysmith
4453,Ben Bosse,Ben Bosse,sa3027426,,,benbosse
4454,Aaron Boster,Aaron Boster,sa3027429,,,aaronboster
4455,Evan Bottone,Evan Bottone,sa3027438,,,evanbottone
4456,Alex Bouche,Alex Bouche,sa3027440,,,alexbouche
4457,Alec Bouchard,Alec Bouchard,sa3027441,,,alecbouchard
4458,Tyler Bouchard,Tyler Bouchard,sa3027442,,,tylerbouchard
4459,Parks Bouck,Parks Bouck,sa3027443,,,parksbouck
4460,Tucker Bougie,Tucker Bougie,sa3027447,,,tuckerbougie
4461,Evan Bouldin,Evan Bouldin,sa3027448,,,evanbouldin
4462,Luke Boule,Luke Boule,sa3027451,,,lukeboule
4463,Bryan Boully,Bryan Boully,sa3027452,,,bryanboully
4464,Ethan Bowen,Ethan Bowen,sa3027470,,,ethanbowen
4465,Karson Bowen,Karson Bowen,sa3027471,,,karsonbowen
4466,Andrew Bowers,Andrew Bowers,sa3027473,,,andrewbowers
4467,Colton Bower,Colton Bower,sa3027475,,,coltonbower
4468,Eli Bowery,Eli Bowery,sa3027478,,,elibowery
4469,Jack Bowery,Jack Bowery,sa3027479,,,jackbowery
4470,Josh Bowerman,Josh Bowerman,sa3027481,,,joshbowerman
4471,Cody Bowker,Cody Bowker,sa3027486,,,codybowker
4472,Justin Bowman,Justin Bowman,sa3027491,,,justinbowman
4473,Max Bowman,Max Bowman,sa3027493,,,maxbowman
4474,Reid Bowyer,Reid Bowyer,sa3027497,,,reidbowyer
4475,Carter Boyd,Carter Boyd,sa3027502,,,carterboyd
4476,Cameron Boyd,Cameron Boyd,sa3027503,,,cameronboyd
4477,Darries Boyd,Darries Boyd,sa3027505,,,darriesboyd
4478,Landon Boyd,Landon Boyd,sa3027510,,,landonboyd
4479,Matt Boyer,Matt Boyer,sa3027515,,,mattboyer
4480,Reid Boyett,Reid Boyett,sa3027517,,,reidboyett
4481,Robbie Boykin,Robbie Boykin,sa3027521,,,robbieboykin
4482,Jed Boyle,Jed Boyle,sa3027522,,,jedboyle
4483,Nick Boyle,Nick Boyle,sa3027524,,,nickboyle
4484,Sam Boyle,Sam Boyle,sa3027525,,,samboyle
4485,Ty Boze,Ty Boze,sa3027529,,,tyboze
4486,JR Bozek,JR Bozek,sa3027531,,,jrbozek
4487,Ryland Bozenhard,Ryland Bozenhard,sa3027532,,,rylandbozenhard
4488,Gregory Bozzo,Gregory Bozzo,sa3027535,,,gregorybozzo
4489,Ty Brachbill,Ty Brachbill,sa3027539,,,tybrachbill
4490,Porter Braddy,Porter Braddy,sa3027544,,,porterbraddy
4491,Packy Bradley-Cooney,Packy Bradley-Cooney,sa3027550,,,packybradleycooney
4492,Ryan Bradley,Ryan Bradley,sa3027551,,,ryanbradley
4493,Michael Bradshaw,Michael Bradshaw,sa3027557,,,michaelbradshaw
4494,Cavan Brady,Cavan Brady,sa3027560,,,cavanbrady
4495,Carter Brady,Carter Brady,sa3027562,,,carterbrady
4496,Drew Brady,Drew Brady,sa3027565,,,drewbrady
4497,Gannon Brady,Gannon Brady,sa3027566,,,gannonbrady
4498,Sam Brady,Sam Brady,sa3027568,,,sambrady
4499,Jack Brafa,Jack Brafa,sa3027571,,,jackbrafa
4500,Dominic Brancel,Dominic Brancel,sa3027577,,,dominicbrancel
4501,Kolby Branch,Kolby Branch,sa3027580,,,kolbybranch
4502,Tommy Brandenburg,Tommy Brandenburg,sa3027588,,,tommybrandenburg
4503,Bowen Brantingham,Bowen Brantingham,sa3027596,,,bowenbrantingham
4504,Ben Brash,Ben Brash,sa3027598,,,benbrash
4505,Nathan Brasher,Nathan Brasher,sa3027601,,,nathanbrasher
4506,Gavin Brasosky,Gavin Brasosky,sa3027602,,,gavinbrasosky
4507,Michael Braswell,Michael Braswell,sa3027605,,,michaelbraswell
4508,Corey Braun,Corey Braun,sa3027612,701409,,coreybraun
4509,Gavin Braunecker,Gavin Braunecker,sa3027613,,,gavinbraunecker
4510,Logan Braunschweig,Logan Braunschweig,sa3027614,824742,,loganbraunschweig
4511,Reed Braundmeier,Reed Braundmeier,sa3027615,,,reedbraundmeier
4512,Damian Bravo,Damian Bravo,sa3027616,809720,,damianbravo
4513,Leonardo Bravo,Leonardo Bravo,sa3027618,,,leonardobravo
4514,Kewan Braziel,Kewan Braziel,sa3027628,,,kewanbraziel
4515,Pirmin Brechbuhl,Pirmin Brechbuhl,sa3027633,,,pirminbrechbuhl
4516,Gabe Breckenridge,Gabe Breckenridge,sa3027634,,,gabebreckenridge
4517,Mason Breidenbach,Mason Breidenbach,sa3027640,,,masonbreidenbach
4518,Joey Brenczewski,Joey Brenczewski,sa3027645,,,joeybrenczewski
4519,Easton Brenner,Easton Brenner,sa3027647,,,eastonbrenner
4520,Payton Brennan,Payton Brennan,sa3027650,,,paytonbrennan
4521,Phil Brennaman,Phil Brennaman,sa3027651,,,philbrennaman
4522,Teddy Brennan,Teddy Brennan,sa3027652,,,teddybrennan
4523,Aidan Bretschneider,Aidan Bretschneider,sa3027654,,,aidanbretschneider
4524,Brandon Brewer,Brandon Brewer,sa3027660,,,brandonbrewer
4525,Garrett Brewer,Garrett Brewer,sa3027662,,,garrettbrewer
4526,Nathan Brewer,Nathan Brewer,sa3027665,,,nathanbrewer
4527,Isaiah Brewington,Isaiah Brewington,sa3027669,,,isaiahbrewington
4528,Lane Brewster,Lane Brewster,sa3027670,,,lanebrewster
4529,Easton Breyfogle,Easton Breyfogle,sa3027672,,,eastonbreyfogle
4530,Eli Bridenthal,Eli Bridenthal,sa3027677,,,elibridenthal
4531,Trey Bridges,Trey Bridges,sa3027685,,,treybridges
4532,Anthony Brienza,Anthony Brienza,sa3027687,,,anthonybrienza
4533,Mason Bright,Mason Bright,sa3027692,,,masonbright
4534,Noah Bright,Noah Bright,sa3027693,,,noahbright
4535,Niko Brini,Niko Brini,sa3027697,,,nikobrini
4536,Jake Brink,Jake Brink,sa3027698,834673,,jakebrink
4537,Matt Brinker,Matt Brinker,sa3027700,,,mattbrinker
4538,Armando Briseno,Armando Briseno,sa3027704,,,armandobriseno
4539,Nate Brittain,Nate Brittain,sa3027708,,,natebrittain
4540,Sean Britt,Sean Britt,sa3027710,,,seanbritt
4541,Jackson Brockett,Jackson Brockett,sa3027720,,,jacksonbrockett
4542,Zach Brockner,Zach Brockner,sa3027725,,,zachbrockner
4543,Zach Broderick,Zach Broderick,sa3027732,,,zachbroderick
4544,Marcus Brodil,Marcus Brodil,sa3027733,,,marcusbrodil
4545,Walker Brodt,Walker Brodt,sa3027735,,,walkerbrodt
4546,Ryan Brome,Ryan Brome,sa3027739,,,ryanbrome
4547,Nic Bronzini,Nic Bronzini,sa3027742,,,nicbronzini
4548,Blake Brookins,Blake Brookins,sa3027746,,,blakebrookins
4549,Braxton Brooks,Braxton Brooks,sa3027749,,,braxtonbrooks
4550,Daniel Brooks,Daniel Brooks,sa3027752,,,danielbrooks
4551,Devin Brooks,Devin Brooks,sa3027753,,,devinbrooks
4552,Grant Brooks,Grant Brooks,sa3027757,,,grantbrooks
4553,Jamarie Brooks,Jamarie Brooks,sa3027758,,,jamariebrooks
4554,Jack Brooks,Jack Brooks,sa3027759,,,jackbrooks
4555,Jack Brooker,Jack Brooker,sa3027760,,,jackbrooker
4556,Lauden Brooks,Lauden Brooks,sa3027762,,,laudenbrooks
4557,Michael Brooks,Michael Brooks,sa3027764,,,michaelbrooks
4558,Noah Brooks,Noah Brooks,sa3027766,,,noahbrooks
4559,Ryder Brooks,Ryder Brooks,sa3027768,,,ryderbrooks
4560,TJ Brooks,TJ Brooks,sa3027772,,,tjbrooks
4561,Ty Brooks,Ty Brooks,sa3027773,,,tybrooks
4562,Brayden Broome,Brayden Broome,sa3027774,,,braydenbroome
4563,Parker Brosius,Parker Brosius,sa3027776,,,parkerbrosius
4564,Adam Broski,Adam Broski,sa3027777,,,adambroski
4565,Colby Brouillette,Colby Brouillette,sa3027785,,,colbybrouillette
4566,Adam Brouwer,Adam Brouwer,sa3027788,,,adambrouwer
4567,Carson Brower,Carson Brower,sa3027790,,,carsonbrower
4568,Blake Brown,Blake Brown,sa3027795,,,blakebrown
4569,Brady Browning,Brady Browning,sa3027798,,,bradybrowning
4570,Bryce Brownlee,Bryce Brownlee,sa3027799,,,brycebrownlee
4571,Chenar Brown,Chenar Brown,sa3027806,,,chenarbrown
4572,Chris Brown,Chris Brown,sa3027807,,,chrisbrown
4573,Colin Brown,Colin Brown,sa3027809,,,colinbrown
4574,Darrius Brown,Darrius Brown,sa3027813,,,darriusbrown
4575,Dillon Brown,Dillon Brown,sa3027816,,,dillonbrown
4576,Dylan Brown,Dylan Brown,sa3027818,832562,,dylanbrown
4577,Eli Brown,Eli Brown,sa3027820,,,elibrown
4578,Ely Brown,Ely Brown,sa3027822,836058,,elybrown
4579,Ethan Brown,Ethan Brown,sa3027825,,,ethanbrown
4580,Evan Brown,Evan Brown,sa3027826,,,evanbrown
4581,Gunnar Brown,Gunnar Brown,sa3027829,,,gunnarbrown
4582,Henry Brown,Henry Brown,sa3027831,,,henrybrown
4583,Jake Brown,Jake Brown,sa3027839,,,jakebrown
4584,Jason Brown,Jason Brown,sa3027840,,,jasonbrown
4585,Jayden Brown,Jayden Brown,sa3027845,,,jaydenbrown
4586,Jordan Brown,Jordan Brown,sa3027849,,,jordanbrown
4587,Josiah Brown,Josiah Brown,sa3027850,,,josiahbrown
4588,Kade Brown,Kade Brown,sa3027851,824044,,kadebrown
4589,Luke Brown,Luke Brown,sa3027855,,,lukebrown
4590,Matt Brown,Matt Brown,sa3027859,,,mattbrown
4591,Malcolm Brown,Malcolm Brown,sa3027860,,,malcolmbrown
4592,Michael Brown,Michael Brown,sa3027864,,,michaelbrown
4593,Oliver Brown,Oliver Brown,sa3027870,,,oliverbrown
4594,Peyton Brown,Peyton Brown,sa3027871,,,peytonbrown
4595,Scotty Brown,Scotty Brown,sa3027879,,,scottybrown
4596,Will Brown,Will Brown,sa3027884,,,willbrown
4597,Zach Brown,Zach Brown,sa3027886,,,zachbrown
4598,Gage Bruce,Gage Bruce,sa3027890,,,gagebruce
4599,Colin Brueggemann,Colin Brueggemann,sa3027893,,,colinbrueggemann
4600,Max Brulport,Max Brulport,sa3027897,,,maxbrulport
4601,Cayden Brumbaugh,Cayden Brumbaugh,sa3027898,,,caydenbrumbaugh
4602,Mikey Brunetti,Mikey Brunetti,sa3027899,,,mikeybrunetti
4603,Matt Bruno,Matt Bruno,sa3027907,,,mattbruno
4604,Nick Bruno,Nick Bruno,sa3027908,,,nickbruno
4605,Chase Brunson,Chase Brunson,sa3027910,,,chasebrunson
4606,Alex Bryant,Alex Bryant,sa3027918,,,alexbryant
4607,Brooks Bryan,Brooks Bryan,sa3027921,,,brooksbryan
4608,Cam Bryant,Cam Bryant,sa3027922,,,cambryant
4609,Theo Bryant IV,Theo Bryant IV,sa3027930,,,theobryantiv
4610,Tyler Bryan,Tyler Bryan,sa3027931,,,tylerbryan
4611,Dawson Bryce,Dawson Bryce,sa3027932,,,dawsonbryce
4612,Gavin Brzozowski,Gavin Brzozowski,sa3027935,,,gavinbrzozowski
4613,Daniel Bucciero,Daniel Bucciero,sa3027937,827759,,danielbucciero
4614,Matt Bucciero,Matt Bucciero,sa3027938,,,mattbucciero
4615,Coulson Buchanan,Coulson Buchanan,sa3027941,,,coulsonbuchanan
4616,Matthew Buchanan,Matthew Buchanan,sa3027942,,,matthewbuchanan
4617,Seth Buchanan,Seth Buchanan,sa3027943,,,sethbuchanan
4618,Walker Buchanan,Walker Buchanan,sa3027945,,,walkerbuchanan
4619,Ryan Buckler,Ryan Buckler,sa3027962,,,ryanbuckler
4620,Micah Bucknam,Micah Bucknam,sa3027969,,,micahbucknam
4621,Davis Budd,Davis Budd,sa3027973,,,davisbudd
4622,Will Budnick,Will Budnick,sa3027976,,,willbudnick
4623,Jacob Budzik,Jacob Budzik,sa3027977,,,jacobbudzik
4624,Brendan Buecker,Brendan Buecker,sa3027979,,,brendanbuecker
4625,Ben Buehring,Ben Buehring,sa3027982,,,benbuehring
4626,Reece Bueno,Reece Bueno,sa3027983,,,reecebueno
4627,Max Buettenback,Max Buettenback,sa3027985,,,maxbuettenback
4628,Matthew Buffington,Matthew Buffington,sa3027986,,,matthewbuffington
4629,Noah Bufford,Noah Bufford,sa3027989,,,noahbufford
4630,Jason Buhl,Jason Buhl,sa3027993,,,jasonbuhl
4631,Drew Buhr,Drew Buhr,sa3027994,,,drewbuhr
4632,Jared Bujanda McConnell,Jared Bujanda McConnell,sa3027995,,,jaredbujandamcconnell
4633,Jake Bullard,Jake Bullard,sa3027997,,,jakebullard
4634,Caleb Bunch,Caleb Bunch,sa3028008,,,calebbunch
4635,Wyatt Bunch,Wyatt Bunch,sa3028009,,,wyattbunch
4636,Jake Burcham,Jake Burcham,sa3028021,,,jakeburcham
4637,Landen Burch,Landen Burch,sa3028022,,,landenburch
4638,Brandon Burckel,Brandon Burckel,sa3028028,,,brandonburckel
4639,Alex Burden,Alex Burden,sa3028029,,,alexburden
4640,Cam Burdick,Cam Burdick,sa3028032,,,camburdick
4641,Casey Burfield,Casey Burfield,sa3028034,,,caseyburfield
4642,Bauer Burkart,Bauer Burkart,sa3028055,,,bauerburkart
4643,Brendan Burke,Brendan Burke,sa3028057,,,brendanburke
4644,Devin Burkes,Devin Burkes,sa3028059,,,devinburkes
4645,James Burke,James Burke,sa3028064,,,jamesburke
4646,Mac Burke,Mac Burke,sa3028066,,,macburke
4647,Noah Burkey,Noah Burkey,sa3028067,,,noahburkey
4648,Trenton Burkhalter,Trenton Burkhalter,sa3028071,,,trentonburkhalter
4649,Jacob Burley,Jacob Burley,sa3028073,,,jacobburley
4650,Robbie Burnett,Robbie Burnett,sa3028080,,,robbieburnett
4651,Thomas Burns,Thomas Burns,sa3028094,,,thomasburns
4652,William Burns,William Burns,sa3028096,,,williamburns
4653,Will Burns,Will Burns,sa3028097,,,willburns
4654,Drew Burress,Drew Burress,sa3028100,,,drewburress
4655,Jaylon Burrell,Jaylon Burrell,sa3028101,,,jaylonburrell
4656,Terry Burrell III,Terry Burrell III,sa3028102,,,terryburrelliii
4657,Daniel Burroway,Daniel Burroway,sa3028108,,,danielburroway
4658,Jared Burrows,Jared Burrows,sa3028109,,,jaredburrows
4659,Keeton Burroughs,Keeton Burroughs,sa3028110,,,keetonburroughs
4660,Michael Burroughs,Michael Burroughs,sa3028111,,,michaelburroughs
4661,Jake Burt,Jake Burt,sa3028114,,,jakeburt
4662,Jesse Burton III,Jesse Burton III,sa3028120,,,jesseburtoniii
4663,Wes Burton,Wes Burton,sa3028123,,,wesburton
4664,Luke Buscaglia,Luke Buscaglia,sa3028128,,,lukebuscaglia
4665,Sam Busch,Sam Busch,sa3028130,,,sambusch
4666,Zach Buschschulte,Zach Buschschulte,sa3028132,,,zachbuschschulte
4667,Cade Bush,Cade Bush,sa3028135,,,cadebush
4668,Trenton Bush,Trenton Bush,sa3028138,,,trentonbush
4669,Liam Bushey,Liam Bushey,sa3028139,,,liambushey
4670,Zack Busick,Zack Busick,sa3028142,,,zackbusick
4671,Mason Buss,Mason Buss,sa3028143,,,masonbuss
4672,Reggie Bussey,Reggie Bussey,sa3028144,,,reggiebussey
4673,Terry Busse,Terry Busse,sa3028145,,,terrybusse
4674,Trevor Busyn,Trevor Busyn,sa3028149,,,trevorbusyn
4675,Mason Butash,Mason Butash,sa3028150,,,masonbutash
4676,David Butler,David Butler,sa3028159,,,davidbutler
4677,DJ Butler,DJ Butler,sa3028160,,,djbutler
4678,Jake Butler,Jake Butler,sa3028165,,,jakebutler
4679,Josh Butler,Josh Butler,sa3028168,,,joshbutler
4680,Justin Butler,Justin Butler,sa3028169,,,justinbutler
4681,Rob Butler,Rob Butler,sa3028173,,,robbutler
4682,Ryan Butler,Ryan Butler,sa3028174,,,ryanbutler
4683,Nico Button,Nico Button,sa3028176,,,nicobutton
4684,Porter Buursema,Porter Buursema,sa3028181,,,porterbuursema
4685,Lathen Buzard,Lathen Buzard,sa3028183,,,lathenbuzard
4686,Blake Buzzeo,Blake Buzzeo,sa3028184,,,blakebuzzeo
4687,Ben Bybee,Ben Bybee,sa3028186,803286,,benbybee
4688,Brooks Byers,Brooks Byers,sa3028189,,,brooksbyers
4689,Carson Byers,Carson Byers,sa3028190,,,carsonbyers
4690,Evan Byers,Evan Byers,sa3028192,,,evanbyers
4691,Adam Byrd,Adam Byrd,sa3028197,,,adambyrd
4692,Jaxon Byrd,Jaxon Byrd,sa3028199,,,jaxonbyrd
4693,Kameron Byrd,Kameron Byrd,sa3028200,,,kameronbyrd
4694,Parker Byrd,Parker Byrd,sa3028202,,,parkerbyrd
4695,Connor Byrne,Connor Byrne,sa3028204,,,connorbyrne
4696,Toussaint Bythewood,Toussaint Bythewood,sa3028208,,,toussaintbythewood
4697,Aiven Cabral,Aiven Cabral,sa3028218,809685,,aivencabral
4698,Angelo Cabral,Angelo Cabral,sa3028219,,,angelocabral
4699,AC Cabrera,AC Cabrera,sa3028220,,,accabrera
4700,Isaac Cadena,Isaac Cadena,sa3028231,,,isaaccadena
4701,Nathan Cadena,Nathan Cadena,sa3028232,,,nathancadena
4702,Cole Cahill,Cole Cahill,sa3028238,,,colecahill
4703,Carson Cahoy,Carson Cahoy,sa3028239,,,carsoncahoy
4704,Daedrick Cail,Daedrick Cail,sa3028240,,,daedrickcail
4705,Andrew Cain,Andrew Cain,sa3028242,,,andrewcain
4706,Harry Cain,Harry Cain,sa3028246,,,harrycain
4707,Coleman Calabrese,Coleman Calabrese,sa3028249,,,colemancalabrese
4708,Daniel Calabrese,Daniel Calabrese,sa3028250,,,danielcalabrese
4709,Joey Calabretti,Joey Calabretti,sa3028251,,,joeycalabretti
4710,Alex Calarco,Alex Calarco,sa3028253,,,alexcalarco
4711,Ethan Calder,Ethan Calder,sa3028255,,,ethancalder
4712,Collin Caldwell,Collin Caldwell,sa3028257,,,collincaldwell
4713,Aaron Calhoun,Aaron Calhoun,sa3028262,,,aaroncalhoun
4714,Hudson Calhoun,Hudson Calhoun,sa3028264,,,hudsoncalhoun
4715,Kolby Calia,Kolby Calia,sa3028267,,,kolbycalia
4716,Braden Calise,Braden Calise,sa3028269,,,bradencalise
4717,Chase Call,Chase Call,sa3028273,813842,,chasecall
4718,Phoenix Call,Phoenix Call,sa3028274,,,phoenixcall
4719,Brendan Callanan,Brendan Callanan,sa3028277,,,brendancallanan
4720,Ryan Callahan,Ryan Callahan,sa3028284,,,ryancallahan
4721,Trevor Callahan,Trevor Callahan,sa3028285,,,trevorcallahan
4722,John Callis,John Callis,sa3028287,,,johncallis
4723,Bryce Calloway,Bryce Calloway,sa3028288,,,brycecalloway
4724,Ryan Calvert,Ryan Calvert,sa3028292,,,ryancalvert
4725,Reiss Calvin,Reiss Calvin,sa3028293,,,reisscalvin
4726,Gabe Camacho,Gabe Camacho,sa3028295,,,gabecamacho
4727,Sean Camacho,Sean Camacho,sa3028296,,,seancamacho
4728,Frank Camarillo,Frank Camarillo,sa3028299,805273,,frankcamarillo
4729,Dom Camera,Dom Camera,sa3028300,,,domcamera
4730,Griffin Cameron,Griffin Cameron,sa3028301,,,griffincameron
4731,Wyatt Cameron,Wyatt Cameron,sa3028303,,,wyattcameron
4732,Joey Cammarata,Joey Cammarata,sa3028306,,,joeycammarata
4733,Carter Campau,Carter Campau,sa3028310,,,cartercampau
4734,Iain Campa,Iain Campa,sa3028311,,,iaincampa
4735,Jesus Campa,Jesus Campa,sa3028313,,,jesuscampa
4736,Cason Campbell,Cason Campbell,sa3028320,,,casoncampbell
4737,Cade Campbell,Cade Campbell,sa3028321,,,cadecampbell
4738,Cole Campbell,Cole Campbell,sa3028323,,,colecampbell
4739,Jackson Campbell,Jackson Campbell,sa3028331,,,jacksoncampbell
4740,Justin Campbell,Justin Campbell,sa3028334,,,justincampbell
4741,Kayden Campbell,Kayden Campbell,sa3028335,,,kaydencampbell
4742,Saborn Campbell,Saborn Campbell,sa3028338,,,saborncampbell
4743,Tyler Campbell,Tyler Campbell,sa3028341,,,tylercampbell
4744,Jason Campo,Jason Campo,sa3028345,,,jasoncampo
4745,Chris Canada,Chris Canada,sa3028348,,,chriscanada
4746,Chris Canavan,Chris Canavan,sa3028352,,,chriscanavan
4747,Dominic Cancellieri,Dominic Cancellieri,sa3028353,,,dominiccancellieri
4748,Hector Candelas,Hector Candelas,sa3028355,,,hectorcandelas
4749,Matt Canizares,Matt Canizares,sa3028359,,,mattcanizares
4750,Jack Cannizzaro,Jack Cannizzaro,sa3028364,,,jackcannizzaro
4751,Bryce Cannon,Bryce Cannon,sa3028365,,,brycecannon
4752,Jack Cannon,Jack Cannon,sa3028366,,,jackcannon
4753,Carl Cano,Carl Cano,sa3028370,,,carlcano
4754,Cider Canon,Cider Canon,sa3028372,,,cidercanon
4755,Donavan Canterberry,Donavan Canterberry,sa3028373,,,donavancanterberry
4756,Sam Canton,Sam Canton,sa3028375,,,samcanton
4757,Luke Cantwell,Luke Cantwell,sa3028378,822877,,lukecantwell
4758,Alfredo Capacete,Alfredo Capacete,sa3028380,,,alfredocapacete
4759,Connor Capece,Connor Capece,sa3028382,,,connorcapece
4760,James Capellupo,James Capellupo,sa3028384,,,jamescapellupo
4761,Mark Capell,Mark Capell,sa3028385,,,markcapell
4762,Caden Capomaccio,Caden Capomaccio,sa3028393,,,cadencapomaccio
4763,Nick Capozzi,Nick Capozzi,sa3028394,,,nickcapozzi
4764,Dominic Capperella,Dominic Capperella,sa3028395,,,dominiccapperella
4765,Owen Carapellotti,Owen Carapellotti,sa3028401,,,owencarapellotti
4766,Joshua Caravalho,Joshua Caravalho,sa3028404,,,joshuacaravalho
4767,Trent Caraway,Trent Caraway,sa3028407,,,trentcaraway
4768,Dominick Carbone,Dominick Carbone,sa3028411,,,dominickcarbone
4769,Joseph Carbone,Joseph Carbone,sa3028412,,,josephcarbone
4770,Xavier Cardenas III,Xavier Cardenas III,sa3028415,702696,,xaviercardenasiii
4771,Christian Carew,Christian Carew,sa3028426,,,christiancarew
4772,Dylan Carey,Dylan Carey,sa3028427,,,dylancarey
4773,Matt Carey,Matt Carey,sa3028429,,,mattcarey
4774,Sean Carey,Sean Carey,sa3028430,,,seancarey
4775,Peyton Cariaco,Peyton Cariaco,sa3028433,,,peytoncariaco
4776,Cole Carlon,Cole Carlon,sa3028440,,,colecarlon
4777,Gunnett Carlson,Gunnett Carlson,sa3028449,,,gunnettcarlson
4778,Owen Carlson,Owen Carlson,sa3028451,,,owencarlson
4779,Parker Carlson,Parker Carlson,sa3028452,,,parkercarlson
4780,Tyson Carlton,Tyson Carlton,sa3028455,,,tysoncarlton
4781,Easton Carmichael,Easton Carmichael,sa3028459,,,eastoncarmichael
4782,Lucas Carmichael,Lucas Carmichael,sa3028460,,,lucascarmichael
4783,Frankie Carney,Frankie Carney,sa3028464,,,frankiecarney
4784,Dean Carpentier,Dean Carpentier,sa3028467,,,deancarpentier
4785,Jesiah carpenter,Jesiah carpenter,sa3028468,,,jesiahcarpenter
4786,Kaden Carpenter,Kaden Carpenter,sa3028471,,,kadencarpenter
4787,Will Carpenter,Will Carpenter,sa3028476,,,willcarpenter
4788,Cade Carr,Cade Carr,sa3028479,,,cadecarr
4789,Davis Carr,Davis Carr,sa3028480,,,daviscarr
4790,Tyree Carr,Tyree Carr,sa3028488,,,tyreecarr
4791,Luke Carrell,Luke Carrell,sa3028491,,,lukecarrell
4792,Akili Carris,Akili Carris,sa3028494,,,akilicarris
4793,Jordan Carrion,Jordan Carrion,sa3028496,,,jordancarrion
4794,Lorenzo Carrier,Lorenzo Carrier,sa3028498,,,lorenzocarrier
4795,Chris Carroll,Chris Carroll,sa3028503,,,chriscarroll
4796,Luke Carroll,Luke Carroll,sa3028508,,,lukecarroll
4797,Chase Carson,Chase Carson,sa3028512,,,chasecarson
4798,Christopher Carson,Christopher Carson,sa3028513,,,christophercarson
4799,Koen Carston,Koen Carston,sa3028516,,,koencarston
4800,Boone Cartee,Boone Cartee,sa3028519,,,boonecartee
4801,Bristol Carter,Bristol Carter,sa3028520,,,bristolcarter
4802,Charlie Carter,Charlie Carter,sa3028524,,,charliecarter
4803,Dylan Carter,Dylan Carter,sa3028528,,,dylancarter
4804,Regan Carter,Regan Carter,sa3028535,,,regancarter
4805,Seth Carter,Seth Carter,sa3028536,,,sethcarter
4806,Eli Cartwright,Eli Cartwright,sa3028542,,,elicartwright
4807,Cole Caruso,Cole Caruso,sa3028544,,,colecaruso
4808,JT Caruso,JT Caruso,sa3028545,,,jtcaruso
4809,Jake Carvajal,Jake Carvajal,sa3028549,,,jakecarvajal
4810,Chase Carver,Chase Carver,sa3028552,,,chasecarver
4811,Colin Carver,Colin Carver,sa3028553,,,colincarver
4812,Robbie Carvelli,Robbie Carvelli,sa3028555,,,robbiecarvelli
4813,Cody Carwile,Cody Carwile,sa3028556,,,codycarwile
4814,Alex Casarella,Alex Casarella,sa3028562,,,alexcasarella
4815,David Case,David Case,sa3028566,,,davidcase
4816,Jackson Case,Jackson Case,sa3028567,,,jacksoncase
4817,Zackarie Casebonne,Zackarie Casebonne,sa3028568,,,zackariecasebonne
4818,Jake Casey,Jake Casey,sa3028574,814457,,jakecasey
4819,Donovan Cash,Donovan Cash,sa3028579,,,donovancash
4820,Steven Cash,Steven Cash,sa3028581,,,stevencash
4821,Teddy Cashman,Teddy Cashman,sa3028585,,,teddycashman
4822,Benny Casillas,Benny Casillas,sa3028587,,,bennycasillas
4823,Campbell Cassidy,Campbell Cassidy,sa3028597,,,campbellcassidy
4824,Trae Cassidy,Trae Cassidy,sa3028599,,,traecassidy
4825,James Castagnola,James Castagnola,sa3028600,,,jamescastagnola
4826,MJ Castaneda,MJ Castaneda,sa3028603,,,mjcastaneda
4827,Andrew Castelluccio,Andrew Castelluccio,sa3028604,,,andrewcastelluccio
4828,Colin Casteel,Colin Casteel,sa3028605,,,colincasteel
4829,Diego Castellanos,Diego Castellanos,sa3028606,,,diegocastellanos
4830,Dominic Castellano,Dominic Castellano,sa3028607,,,dominiccastellano
4831,Kavi Caster,Kavi Caster,sa3028609,,,kavicaster
4832,Logan Castellano,Logan Castellano,sa3028610,,,logancastellano
4833,Ryan Castillo,Ryan Castillo,sa3028624,,,ryancastillo
4834,Caleb Castle,Caleb Castle,sa3028627,,,calebcastle
4835,Cortlan Castle,Cortlan Castle,sa3028629,,,cortlancastle
4836,Gavin Caston,Gavin Caston,sa3028632,,,gavincaston
4837,Tony Castonguay,Tony Castonguay,sa3028633,,,tonycastonguay
4838,Joe Castrichini,Joe Castrichini,sa3028638,,,joecastrichini
4839,Tyler Castro,Tyler Castro,sa3028641,,,tylercastro
4840,Luke Caucci,Luke Caucci,sa3028654,,,lukecaucci
4841,Carson Caudill,Carson Caudill,sa3028655,,,carsoncaudill
4842,Casey Caufield,Casey Caufield,sa3028656,,,caseycaufield
4843,Ciaran Caughey,Ciaran Caughey,sa3028658,,,ciarancaughey
4844,Garen Caulfield,Garen Caulfield,sa3028659,,,garencaulfield
4845,A.J. Causey,A.J. Causey,sa3028661,,,ajcausey
4846,Jackson Cauthron,Jackson Cauthron,sa3028663,,,jacksoncauthron
4847,Cooper Cavanaugh,Cooper Cavanaugh,sa3028665,,,coopercavanaugh
4848,Gabriel Cavazonni,Gabriel Cavazonni,sa3028669,,,gabrielcavazonni
4849,Blake Cavill,Blake Cavill,sa3028674,,,blakecavill
4850,Colin Caycedo,Colin Caycedo,sa3028677,,,colincaycedo
4851,Alejandro Cazorla,Alejandro Cazorla,sa3028680,,,alejandrocazorla
4852,Derek Cease,Derek Cease,sa3028681,,,derekcease
4853,Jack Cebert,Jack Cebert,sa3028683,701411,,jackcebert
4854,Trey Cehajic,Trey Cehajic,sa3028689,,,treycehajic
4855,CJ Cepicky,CJ Cepicky,sa3028695,,,cjcepicky
4856,Bryce Cermenelli,Bryce Cermenelli,sa3028700,,,brycecermenelli
4857,Tyler Cerny,Tyler Cerny,sa3028701,,,tylercerny
4858,John Cerwinski,John Cerwinski,sa3028710,,,johncerwinski
4859,Louis Cespedes,Louis Cespedes,sa3028711,,,louiscespedes
4860,Tyrelle Chadwick,Tyrelle Chadwick,sa3028716,692165,,tyrellechadwick
4861,Evan Chaffee,Evan Chaffee,sa3028717,,,evanchaffee
4862,Eric Chalus,Eric Chalus,sa3028720,,,ericchalus
4863,Brooks Chamberlin,Brooks Chamberlin,sa3028722,,,brookschamberlin
4864,Joseph Chambers,Joseph Chambers,sa3028723,,,josephchambers
4865,Zach Chamizo,Zach Chamizo,sa3028727,,,zachchamizo
4866,Alex Champagne,Alex Champagne,sa3028728,,,alexchampagne
4867,Brycen Champey,Brycen Champey,sa3028729,,,brycenchampey
4868,Bryce Chance,Bryce Chance,sa3028732,,,brycechance
4869,Devin Chandler,Devin Chandler,sa3028736,,,devinchandler
4870,Brandon Chang,Brandon Chang,sa3028743,,,brandonchang
4871,Ellis Chang,Ellis Chang,sa3028744,,,ellischang
4872,Lucas Chantres,Lucas Chantres,sa3028746,,,lucaschantres
4873,Chace Chaplin,Chace Chaplin,sa3028748,,,chacechaplin
4874,Manoah Chapman,Manoah Chapman,sa3028755,,,manoahchapman
4875,Noah Chapman,Noah Chapman,sa3028756,,,noahchapman
4876,Reese Chapman,Reese Chapman,sa3028757,,,reesechapman
4877,Dylan Chargo,Dylan Chargo,sa3028762,,,dylanchargo
4878,Joe Charles,Joe Charles,sa3028766,,,joecharles
4879,Tyler Charlton,Tyler Charlton,sa3028772,,,tylercharlton
4880,Drew Charney,Drew Charney,sa3028774,,,drewcharney
4881,Connor Charpiot,Connor Charpiot,sa3028776,,,connorcharpiot
4882,Kyle Chase,Kyle Chase,sa3028779,,,kylechase
4883,Davis Chastain,Davis Chastain,sa3028782,823803,,davischastain
4884,Matthew Chatelle,Matthew Chatelle,sa3028785,,,matthewchatelle
4885,Preston Chaudoin,Preston Chaudoin,sa3028793,,,prestonchaudoin
4886,Brady Chavez,Brady Chavez,sa3028796,,,bradychavez
4887,Carson Chavez,Carson Chavez,sa3028797,,,carsonchavez
4888,Connor Chavez,Connor Chavez,sa3028798,,,connorchavez
4889,Matthew Chavez,Matthew Chavez,sa3028801,,,matthewchavez
4890,Cole Cheatham,Cole Cheatham,sa3028805,,,colecheatham
4891,Cameron Chee-Aloy,Cameron Chee-Aloy,sa3028808,,,cameroncheealoy
4892,Jackson Cheek,Jackson Cheek,sa3028810,,,jacksoncheek
4893,Alex Cheeseman,Alex Cheeseman,sa3028815,,,alexcheeseman
4894,Jeremy Cheeseman,Jeremy Cheeseman,sa3028816,,,jeremycheeseman
4895,Luke Cheng,Luke Cheng,sa3028818,,,lukecheng
4896,Ben Cherico,Ben Cherico,sa3028820,,,bencherico
4897,Jackson Cherry,Jackson Cherry,sa3028823,,,jacksoncherry
4898,Nick Chiaia,Nick Chiaia,sa3028833,,,nickchiaia
4899,Anthony Chiappetta,Anthony Chiappetta,sa3028834,,,anthonychiappetta
4900,Michael Chiaravallo,Michael Chiaravallo,sa3028835,,,michaelchiaravallo
4901,Bobby Chicoine,Bobby Chicoine,sa3028838,,,bobbychicoine
4902,Gavin Chillot,Gavin Chillot,sa3028844,,,gavinchillot
4903,Eisig Chin,Eisig Chin,sa3028846,,,eisigchin
4904,Jackson Chirello,Jackson Chirello,sa3028850,,,jacksonchirello
4905,Andres Chirinos,Andres Chirinos,sa3028851,,,andreschirinos
4906,Connor Chisolm,Connor Chisolm,sa3028857,,,connorchisolm
4907,Tom Chmielewski,Tom Chmielewski,sa3028860,,,tomchmielewski
4908,Albert Choi,Albert Choi,sa3028863,,,albertchoi
4909,Ian Choi,Ian Choi,sa3028864,,,ianchoi
4910,Roch Cholowsky,Roch Cholowsky,sa3028866,,,rochcholowsky
4911,Eric Chorba,Eric Chorba,sa3028871,,,ericchorba
4912,Brandon Chorzelewski,Brandon Chorzelewski,sa3028872,,,brandonchorzelewski
4913,Evan Chrest,Evan Chrest,sa3028874,805971,,evanchrest
4914,Brady Christensen,Brady Christensen,sa3028880,,,bradychristensen
4915,Brody Chrisman,Brody Chrisman,sa3028881,,,brodychrisman
4916,Charlie Christensen,Charlie Christensen,sa3028883,835214,,charliechristensen
4917,Donovan Chriss,Donovan Chriss,sa3028888,,,donovanchriss
4918,Drew Christo,Drew Christo,sa3028889,,,drewchristo
4919,Hayden Christiansen,Hayden Christiansen,sa3028892,,,haydenchristiansen
4920,Ryan Christiansen,Ryan Christiansen,sa3028898,,,ryanchristiansen
4921,Tyler Christmas,Tyler Christmas,sa3028901,,,tylerchristmas
4922,Will Christopher,Will Christopher,sa3028903,,,willchristopher
4923,Ashton Chronister,Ashton Chronister,sa3028904,,,ashtonchronister
4924,Nate Chronis,Nate Chronis,sa3028905,,,natechronis
4925,Braxton Church,Braxton Church,sa3028916,,,braxtonchurch
4926,Frank Ciccone,Frank Ciccone,sa3028924,,,frankciccone
4927,Jacob Ciccone,Jacob Ciccone,sa3028925,,,jacobciccone
4928,Joe Cilea,Joe Cilea,sa3028931,,,joecilea
4929,Michael Ciminiello,Michael Ciminiello,sa3028934,,,michaelciminiello
4930,Vince Cimini,Vince Cimini,sa3028935,,,vincecimini
4931,Richie Cimpric,Richie Cimpric,sa3028936,,,richiecimpric
4932,Kyle Cincinnati,Kyle Cincinnati,sa3028937,,,kylecincinnati
4933,Joey Cirelli,Joey Cirelli,sa3028945,,,joeycirelli
4934,Mason Cisco,Mason Cisco,sa3028949,,,masoncisco
4935,Andrew Citron,Andrew Citron,sa3028953,,,andrewcitron
4936,Andrew Ciufo,Andrew Ciufo,sa3028957,,,andrewciufo
4937,Robert Ciulla,Robert Ciulla,sa3028959,,,robertciulla
4938,Addison Clark,Addison Clark,sa3028965,,,addisonclark
4939,Ben Clark,Ben Clark,sa3028967,,,benclark
4940,Carson Clark,Carson Clark,sa3028970,,,carsonclark
4941,Caleb Clark,Caleb Clark,sa3028971,,,calebclark
4942,Calvert Clark,Calvert Clark,sa3028972,,,calvertclark
4943,Cole Clark,Cole Clark,sa3028974,,,coleclark
4944,Cooper Clark,Cooper Clark,sa3028975,,,cooperclark
4945,Collin Clarke,Collin Clarke,sa3028976,,,collinclarke
4946,Evan Clark,Evan Clark,sa3028978,,,evanclark
4947,Jack Clark,Jack Clark,sa3028981,,,jackclark
4948,Wallace Clark,Wallace Clark,sa3028999,800712,,wallaceclark
4949,Clay Clatterbaugh,Clay Clatterbaugh,sa3029000,,,clayclatterbaugh
4950,Seth Clausen,Seth Clausen,sa3029003,703523,,sethclausen
4951,Canaan Clayton,Canaan Clayton,sa3029010,,,canaanclayton
4952,Ben Cleary,Ben Cleary,sa3029013,,,bencleary
4953,Cole Cleary,Cole Cleary,sa3029014,,,colecleary
4954,Ben Cleaver,Ben Cleaver,sa3029018,,,bencleaver
4955,Grant Cleavinger,Grant Cleavinger,sa3029019,,,grantcleavinger
4956,Jake Clemente,Jake Clemente,sa3029027,701361,,jakeclemente
4957,Madden Clement,Madden Clement,sa3029030,,,maddenclement
4958,Will Clements,Will Clements,sa3029031,,,willclements
4959,Alex Clemons,Alex Clemons,sa3029032,,,alexclemons
4960,Heath Clevenger,Heath Clevenger,sa3029039,,,heathclevenger
4961,Jackson Cleveland,Jackson Cleveland,sa3029040,,,jacksoncleveland
4962,Jack Cline,Jack Cline,sa3029054,,,jackcline
4963,Jude Clough,Jude Clough,sa3029058,,,judeclough
4964,Evan Cloyd,Evan Cloyd,sa3029063,,,evancloyd
4965,Nathan Cmeyla,Nathan Cmeyla,sa3029067,,,nathancmeyla
4966,Colton Coates,Colton Coates,sa3029070,,,coltoncoates
4967,Charlie Cochran,Charlie Cochran,sa3029082,,,charliecochran
4968,Ryan Cochran,Ryan Cochran,sa3029084,,,ryancochran
4969,Blaine Cockburn,Blaine Cockburn,sa3029087,,,blainecockburn
4970,Cameron Coco,Cameron Coco,sa3029088,,,cameroncoco
4971,Emmett Coco,Emmett Coco,sa3029089,,,emmettcoco
4972,Morgan Codron,Morgan Codron,sa3029091,,,morgancodron
4973,Hayden Cody,Hayden Cody,sa3029092,,,haydencody
4974,Aidan Cohall,Aidan Cohall,sa3029105,,,aidancohall
4975,Daniel Cohen,Daniel Cohen,sa3029106,,,danielcohen
4976,Trevor Cohen,Trevor Cohen,sa3029111,701906,,trevorcohen
4977,Cooper Cohn,Cooper Cohn,sa3029113,,,coopercohn
4978,Parker Coil,Parker Coil,sa3029116,702689,,parkercoil
4979,Aidan Colagrande,Aidan Colagrande,sa3029122,,,aidancolagrande
4980,A.J. Colarusso,A.J. Colarusso,sa3029125,,,ajcolarusso
4981,Gio Colasante,Gio Colasante,sa3029126,,,giocolasante
4982,Chris Cole,Chris Cole,sa3029130,,,chriscole
4983,Jordan Cole,Jordan Cole,sa3029135,,,jordancole
4984,Lawson Cole,Lawson Cole,sa3029136,,,lawsoncole
4985,Matt Colella,Matt Colella,sa3029146,,,mattcolella
4986,Aidan Coleman,Aidan Coleman,sa3029147,,,aidancoleman
4987,Parker Coley,Parker Coley,sa3029161,,,parkercoley
4988,Luke Coll,Luke Coll,sa3029165,,,lukecoll
4989,Dennis Colleran,Dennis Colleran,sa3029168,,,denniscolleran
4990,Christopher Collina,Christopher Collina,sa3029177,,,christophercollina
4991,Drew Collins,Drew Collins,sa3029179,,,drewcollins
4992,Gavin Collins,Gavin Collins,sa3029181,,,gavincollins
4993,Ian Collier,Ian Collier,sa3029184,,,iancollier
4994,Jack Collins,Jack Collins,sa3029187,,,jackcollins
4995,John Collins,John Collins,sa3029188,,,johncollins
4996,Joey Collier,Joey Collier,sa3029189,,,joeycollier
4997,Kain Collins,Kain Collins,sa3029190,,,kaincollins
4998,Ramsey Collins,Ramsey Collins,sa3029195,,,ramseycollins
4999,Sky Collins,Sky Collins,sa3029197,,,skycollins
5000,Jaden Collura,Jaden Collura,sa3029198,,,jadencollura
5001,Christian Colmery,Christian Colmery,sa3029200,,,christiancolmery
5002,Shadai Colon,Shadai Colon,sa3029213,,,shadaicolon
5003,Vidal Colon,Vidal Colon,sa3029214,,,vidalcolon
5004,Joey Colucci,Joey Colucci,sa3029216,,,joeycolucci
5005,Cooper Combs,Cooper Combs,sa3029219,,,coopercombs
5006,Grant Comeaux,Grant Comeaux,sa3029223,,,grantcomeaux
5007,Brandon Compton,Brandon Compton,sa3029229,,,brandoncompton
5008,Mason Compton,Mason Compton,sa3029233,,,masoncompton
5009,Grant Comstock,Grant Comstock,sa3029234,,,grantcomstock
5010,Henry Cone,Henry Cone,sa3029238,,,henrycone
5011,Nick Coniglio,Nick Coniglio,sa3029241,,,nickconiglio
5012,MacCallan Conklin,MacCallan Conklin,sa3029243,,,maccallanconklin
5013,Tyler Conklin,Tyler Conklin,sa3029244,,,tylerconklin
5014,Cam Conley,Cam Conley,sa3029246,,,camconley
5015,Trevor Conley,Trevor Conley,sa3029248,,,trevorconley
5016,Mikah Conner,Mikah Conner,sa3029254,,,mikahconner
5017,Braden Connors,Braden Connors,sa3029259,,,bradenconnors
5018,Caden Connolly,Caden Connolly,sa3029260,,,cadenconnolly
5019,Joel Connors,Joel Connors,sa3029262,,,joelconnors
5020,Keegan Connors,Keegan Connors,sa3029263,,,keeganconnors
5021,Braden Consaul,Braden Consaul,sa3029268,,,bradenconsaul
5022,Cooper Consiglio,Cooper Consiglio,sa3029269,,,cooperconsiglio
5023,Peyton Consigli,Peyton Consigli,sa3029270,,,peytonconsigli
5024,Gavin Constantine,Gavin Constantine,sa3029272,,,gavinconstantine
5025,Michael Conte,Michael Conte,sa3029279,,,michaelconte
5026,Daniel Contreras,Daniel Contreras,sa3029285,,,danielcontreras
5027,Nu'u Contrades,Nu'u Contrades,sa3029287,,,nuucontrades
5028,Elias Conway,Elias Conway,sa3029290,,,eliasconway
5029,Avery Cook,Avery Cook,sa3029294,,,averycook
5030,Lukas Cook,Lukas Cook,sa3029305,,,lukascook
5031,Will Cook,Will Cook,sa3029312,,,willcook
5032,Conor Cooke,Conor Cooke,sa3029313,,,conorcooke
5033,Cougar Cooke,Cougar Cooke,sa3029314,,,cougarcooke
5034,Evan Cooke,Evan Cooke,sa3029315,,,evancooke
5035,Henry Cooke,Henry Cooke,sa3029316,,,henrycooke
5036,Ian Cooke,Ian Cooke,sa3029317,,,iancooke
5037,Jackson Cooke,Jackson Cooke,sa3029318,,,jacksoncooke
5038,Cooper Cooksey,Cooper Cooksey,sa3029320,,,coopercooksey
5039,Hayden Coon,Hayden Coon,sa3029329,,,haydencoon
5040,Connor Cooney,Connor Cooney,sa3029331,,,connorcooney
5041,Ryan Cooney,Ryan Cooney,sa3029332,,,ryancooney
5042,George Cooper,George Cooper,sa3029336,,,georgecooper
5043,Jack Cooper,Jack Cooper,sa3029338,,,jackcooper
5044,Sammy Cooper,Sammy Cooper,sa3029344,,,sammycooper
5045,Thomas Cooper,Thomas Cooper,sa3029345,,,thomascooper
5046,Trey Cooper,Trey Cooper,sa3029347,,,treycooper
5047,Caden Copeland,Caden Copeland,sa3029353,,,cadencopeland
5048,David Coppedge,David Coppedge,sa3029360,,,davidcoppedge
5049,Zane Coppersmith,Zane Coppersmith,sa3029362,,,zanecoppersmith
5050,Christian Coppola,Christian Coppola,sa3029363,,,christiancoppola
5051,Pierce Coppola,Pierce Coppola,sa3029364,695518,,piercecoppola
5052,Austin Corbett,Austin Corbett,sa3029365,,,austincorbett
5053,Garrett Corbett,Garrett Corbett,sa3029366,,,garrettcorbett
5054,Caleb Corbin,Caleb Corbin,sa3029368,,,calebcorbin
5055,Antonio Cordeiro,Antonio Cordeiro,sa3029376,,,antoniocordeiro
5056,Joel Core,Joel Core,sa3029383,,,joelcore
5057,Hudson Cornett,Hudson Cornett,sa3029395,,,hudsoncornett
5058,Matt Cornelius,Matt Cornelius,sa3029396,,,mattcornelius
5059,Ethan Coronel,Ethan Coronel,sa3029400,,,ethancoronel
5060,Antonio Correa,Antonio Correa,sa3029405,,,antoniocorrea
5061,Juan Correa,Juan Correa,sa3029409,,,juancorrea
5062,Kyle Corso,Kyle Corso,sa3029414,,,kylecorso
5063,Vincent Corso,Vincent Corso,sa3029415,,,vincentcorso
5064,Angel Cortez,Angel Cortez,sa3029416,,,angelcortez
5065,Chris Cortez,Chris Cortez,sa3029417,,,chriscortez
5066,Jacob Cortez,Jacob Cortez,sa3029419,,,jacobcortez
5067,Cade Cosper,Cade Cosper,sa3029428,,,cadecosper
5068,Colton Cosper,Colton Cosper,sa3029429,,,coltoncosper
5069,Charlie Costello,Charlie Costello,sa3029435,,,charliecostello
5070,Corey Costello,Corey Costello,sa3029436,,,coreycostello
5071,Nick Costello,Nick Costello,sa3029440,,,nickcostello
5072,Miles Cota,Miles Cota,sa3029443,,,milescota
5073,Jake Cothran,Jake Cothran,sa3029446,,,jakecothran
5074,Jack Cotrone,Jack Cotrone,sa3029448,,,jackcotrone
5075,Keaton Cottam,Keaton Cottam,sa3029449,,,keatoncottam
5076,Andrew Cotten,Andrew Cotten,sa3029450,,,andrewcotten
5077,Tyler Cotten,Tyler Cotten,sa3029453,,,tylercotten
5078,Kai Cottle,Kai Cottle,sa3029454,,,kaicottle
5079,Josh Cottrill,Josh Cottrill,sa3029458,,,joshcottrill
5080,Van Coughlin,Van Coughlin,sa3029462,,,vancoughlin
5081,Brady Counsell,Brady Counsell,sa3029467,703519,,bradycounsell
5082,Jack Counsell,Jack Counsell,sa3029468,,,jackcounsell
5083,Max Coupe,Max Coupe,sa3029469,,,maxcoupe
5084,Zach Courson,Zach Courson,sa3029471,,,zachcourson
5085,Abbrie Covarrubias,Abbrie Covarrubias,sa3029476,,,abbriecovarrubias
5086,Alejandro Covas,Alejandro Covas,sa3029477,,,alejandrocovas
5087,Ty Cowan,Ty Cowan,sa3029483,,,tycowan
5088,Zac Cowan,Zac Cowan,sa3029484,,,zaccowan
5089,Carter Cowburn,Carter Cowburn,sa3029485,,,cartercowburn
5090,Baker Cox,Baker Cox,sa3029490,,,bakercox
5091,Cy Cox,Cy Cox,sa3029494,,,cycox
5092,Seth Cox,Seth Cox,sa3029498,,,sethcox
5093,Shane Cox,Shane Cox,sa3029499,,,shanecox
5094,Tyler Cox,Tyler Cox,sa3029501,,,tylercox
5095,Marty Coyne,Marty Coyne,sa3029505,,,martycoyne
5096,Brooks Craigue,Brooks Craigue,sa3029514,,,brookscraigue
5097,Gabe Craig,Gabe Craig,sa3029515,700582,,gabecraig
5098,Joey Craig,Joey Craig,sa3029517,,,joeycraig
5099,PJ Craig,PJ Craig,sa3029518,,,pjcraig
5100,Cole Cramer,Cole Cramer,sa3029522,,,colecramer
5101,Joey Craska,Joey Craska,sa3029528,,,joeycraska
5102,Carson Crawford,Carson Crawford,sa3029533,,,carsoncrawford
5103,Kasey Crawford,Kasey Crawford,sa3029537,,,kaseycrawford
5104,Trystan Crawford,Trystan Crawford,sa3029539,,,trystancrawford
5105,Luke Craytor,Luke Craytor,sa3029541,,,lukecraytor
5106,Aidan Cremarosa,Aidan Cremarosa,sa3029549,809093,,aidancremarosa
5107,Javier Crespo,Javier Crespo,sa3029553,,,javiercrespo
5108,Will Cresswell,Will Cresswell,sa3029556,701796,,willcresswell
5109,Jake Crews,Jake Crews,sa3029558,,,jakecrews
5110,Nate Crider,Nate Crider,sa3029561,,,natecrider
5111,Jack Crighton,Jack Crighton,sa3029563,,,jackcrighton
5112,Reese Crochet,Reese Crochet,sa3029574,,,reesecrochet
5113,Kam Croghan,Kam Croghan,sa3029576,,,kamcroghan
5114,Josiah Cromwick,Josiah Cromwick,sa3029580,,,josiahcromwick
5115,Dylan Crooks,Dylan Crooks,sa3029583,822043,,dylancrooks
5116,Brian Crooms,Brian Crooms,sa3029584,,,briancrooms
5117,Jordan Crosland,Jordan Crosland,sa3029593,,,jordancrosland
5118,Caleb Cross,Caleb Cross,sa3029595,,,calebcross
5119,Kerrington Cross,Kerrington Cross,sa3029598,701136,,kerringtoncross
5120,Michael Crossland,Michael Crossland,sa3029601,,,michaelcrossland
5121,Zach Crotchfelt,Zach Crotchfelt,sa3029603,,,zachcrotchfelt
5122,Cameron Crotte,Cameron Crotte,sa3029604,,,cameroncrotte
5123,Lane Crowden,Lane Crowden,sa3029608,,,lanecrowden
5124,Preston Crowl,Preston Crowl,sa3029616,,,prestoncrowl
5125,Ashton Crowther,Ashton Crowther,sa3029619,,,ashtoncrowther
5126,Landon Crumbley,Landon Crumbley,sa3029626,,,landoncrumbley
5127,Bryce Cruz,Bryce Cruz,sa3029635,,,brycecruz
5128,Juan Cruz,Juan Cruz,sa3029641,809397,,juancruz
5129,Trey Cruz,Trey Cruz,sa3029644,,,treycruz
5130,Jacob Crystal,Jacob Crystal,sa3029645,,,jacobcrystal
5131,Jake Cubbler,Jake Cubbler,sa3029647,,,jakecubbler
5132,Evan Cuervo,Evan Cuervo,sa3029652,,,evancuervo
5133,Connor Cuff,Connor Cuff,sa3029655,,,connorcuff
5134,Drew Culbertson,Drew Culbertson,sa3029657,,,drewculbertson
5135,Easton Culp,Easton Culp,sa3029666,,,eastonculp
5136,Casey Cumiskey,Casey Cumiskey,sa3029673,,,caseycumiskey
5137,Conner Cummiskey,Conner Cummiskey,sa3029677,,,connercummiskey
5138,Jake Cumming,Jake Cumming,sa3029679,,,jakecumming
5139,Mitchell Cummins,Mitchell Cummins,sa3029681,,,mitchellcummins
5140,Michael Cunneely,Michael Cunneely,sa3029685,,,michaelcunneely
5141,Bryce Cunningham,Bryce Cunningham,sa3029687,,,brycecunningham
5142,Braedyn Cunningham,Braedyn Cunningham,sa3029688,,,braedyncunningham
5143,Grant Cunningham,Grant Cunningham,sa3029691,,,grantcunningham
5144,Josh Cunningham,Josh Cunningham,sa3029694,,,joshcunningham
5145,Kai Cunningham,Kai Cunningham,sa3029695,,,kaicunningham
5146,Matt Cunningham,Matt Cunningham,sa3029696,,,mattcunningham
5147,Michael Cunningham,Michael Cunningham,sa3029697,,,michaelcunningham
5148,Austin Cupic,Austin Cupic,sa3029700,,,austincupic
5149,Dylan Cupp,Dylan Cupp,sa3029703,,,dylancupp
5150,Brian Curley,Brian Curley,sa3029705,,,briancurley
5151,Dean Curley,Dean Curley,sa3029706,,,deancurley
5152,Tristan Curless,Tristan Curless,sa3029708,,,tristancurless
5153,Joey Current,Joey Current,sa3029711,,,joeycurrent
5154,Collin Curry,Collin Curry,sa3029715,,,collincurry
5155,Colin Curry,Colin Curry,sa3029716,,,colincurry
5156,Michael Curry,Michael Curry,sa3029719,,,michaelcurry
5157,Thomas Curry,Thomas Curry,sa3029721,,,thomascurry
5158,Brayden Curtis,Brayden Curtis,sa3029722,,,braydencurtis
5159,Jeric Curtis,Jeric Curtis,sa3029727,,,jericcurtis
5160,Mathieu Curtis,Mathieu Curtis,sa3029729,813555,,mathieucurtis
5161,Preston Curtis,Preston Curtis,sa3029730,,,prestoncurtis
5162,Shane Curtin,Shane Curtin,sa3029732,,,shanecurtin
5163,Oliver Cush,Oliver Cush,sa3029733,,,olivercush
5164,Cade Cushing,Cade Cushing,sa3029734,,,cadecushing
5165,Stone Cushing,Stone Cushing,sa3029737,,,stonecushing
5166,Julian Custer,Julian Custer,sa3029739,,,juliancuster
5167,Andrew Cutler,Andrew Cutler,sa3029743,,,andrewcutler
5168,Garrett Cutting,Garrett Cutting,sa3029746,,,garrettcutting
5169,Brennyn Cutts,Brennyn Cutts,sa3029747,,,brennyncutts
5170,Daniel Cuvet,Daniel Cuvet,sa3029748,,,danielcuvet
5171,Blake Cyr,Blake Cyr,sa3029750,,,blakecyr
5172,Noah Czajkowski,Noah Czajkowski,sa3029755,,,noahczajkowski
5173,Colin Dailey,Colin Dailey,sa3029772,,,colindailey
5174,Casey Daiss,Casey Daiss,sa3029777,,,caseydaiss
5175,Brian Daker,Brian Daker,sa3029778,,,briandaker
5176,Maddix Dalena,Maddix Dalena,sa3029783,,,maddixdalena
5177,Andrew DAlessio,Andrew DAlessio,sa3029784,,,andrewdalessio
5178,Matthew Dallas,Matthew Dallas,sa3029790,,,matthewdallas
5179,Michael Dallas,Michael Dallas,sa3029791,,,michaeldallas
5180,Ty Dalley,Ty Dalley,sa3029792,,,tydalley
5181,Jake Dally,Jake Dally,sa3029794,,,jakedally
5182,Matthew Dalquist,Matthew Dalquist,sa3029795,801574,,matthewdalquist
5183,Alex DAmbrosio,Alex DAmbrosio,sa3029803,,,alexdambrosio
5184,Pat DAmico,Pat DAmico,sa3029805,,,patdamico
5185,Dante Damore,Dante Damore,sa3029807,,,dantedamore
5186,John Damozonio,John Damozonio,sa3029808,,,johndamozonio
5187,Marcus Danchision,Marcus Danchision,sa3029811,,,marcusdanchision
5188,Brady Daniels,Brady Daniels,sa3029819,,,bradydaniels
5189,Brock Daniels,Brock Daniels,sa3029820,,,brockdaniels
5190,Carter Daniels,Carter Daniels,sa3029821,,,carterdaniels
5191,Colin Daniel,Colin Daniel,sa3029823,824763,,colindaniel
5192,Pete Daniel,Pete Daniel,sa3029827,,,petedaniel
5193,Phillips Daniels,Phillips Daniels,sa3029828,,,phillipsdaniels
5194,Ryan Daniels,Ryan Daniels,sa3029829,804991,,ryandaniels
5195,Wyatt Danilowicz,Wyatt Danilowicz,sa3029833,,,wyattdanilowicz
5196,Luca Danos,Luca Danos,sa3029835,,,lucadanos
5197,Logan Danzeisen,Logan Danzeisen,sa3029837,,,logandanzeisen
5198,Chance Daquila,Chance Daquila,sa3029839,,,chancedaquila
5199,Gabe DArcy,Gabe DArcy,sa3029841,,,gabedarcy
5200,Seth Dardar,Seth Dardar,sa3029844,,,sethdardar
5201,Ethan Darden,Ethan Darden,sa3029845,,,ethandarden
5202,Michael Dattalo,Michael Dattalo,sa3029852,809633,,michaeldattalo
5203,Zach Daudet,Zach Daudet,sa3029854,836055,,zachdaudet
5204,Ian Daugherty,Ian Daugherty,sa3029855,,,iandaugherty
5205,Patrick Davidson,Patrick Davidson,sa3029867,,,patrickdavidson
5206,Sam Davies,Sam Davies,sa3029871,,,samdavies
5207,Alton Davis II,Alton Davis II,sa3029880,702671,,altondavisii
5208,Braden Davis,Braden Davis,sa3029886,,,bradendavis
5209,Cade Davis,Cade Davis,sa3029889,,,cadedavis
5210,Champ Davis,Champ Davis,sa3029893,,,champdavis
5211,Ethan Davis,Ethan Davis,sa3029906,,,ethandavis
5212,Gabe Davis,Gabe Davis,sa3029907,805031,,gabedavis
5213,Jayden Davis,Jayden Davis,sa3029911,,,jaydendavis
5214,Jakobi Davis,Jakobi Davis,sa3029912,,,jakobidavis
5215,Kellen Davis,Kellen Davis,sa3029919,,,kellendavis
5216,Keith Davis,Keith Davis,sa3029920,,,keithdavis
5217,Martell Davis,Martell Davis,sa3029923,,,martelldavis
5218,Micah Davis,Micah Davis,sa3029925,,,micahdavis
5219,Preston Davis,Preston Davis,sa3029930,,,prestondavis
5220,Ryan Davis,Ryan Davis,sa3029936,,,ryandavis
5221,Sean Davis,Sean Davis,sa3029939,,,seandavis
5222,Tyler Davis,Tyler Davis,sa3029945,,,tylerdavis
5223,Alex Day,Alex Day,sa3029952,,,alexday
5224,Lucas Day,Lucas Day,sa3029959,,,lucasday
5225,Blake Dean,Blake Dean,sa3029965,,,blakedean
5226,Rex DeAngelis,Rex DeAngelis,sa3029973,,,rexdeangelis
5227,Mayson Dear,Mayson Dear,sa3029976,,,maysondear
5228,Austin Dearing,Austin Dearing,sa3029978,,,austindearing
5229,Max Debiec,Max Debiec,sa3029985,,,maxdebiec
5230,Riley DeCandido,Riley DeCandido,sa3029989,,,rileydecandido
5231,Jason DeCaro,Jason DeCaro,sa3029991,,,jasondecaro
5232,Jorge DeCardenas,Jorge DeCardenas,sa3029992,,,jorgedecardenas
5233,Sam DeCarlo,Sam DeCarlo,sa3029994,,,samdecarlo
5234,Justin DeCastro,Justin DeCastro,sa3029995,,,justindecastro
5235,Sergio DeCello,Sergio DeCello,sa3029997,,,sergiodecello
5236,Aydan Decker-Petty,Aydan Decker-Petty,sa3030000,,,aydandeckerpetty
5237,Tyler DeClusin,Tyler DeClusin,sa3030009,,,tylerdeclusin
5238,Justin DeCriscio,Justin DeCriscio,sa3030012,813664,,justindecriscio
5239,Dante DeFranco,Dante DeFranco,sa3030022,,,dantedefranco
5240,Carter DeGondea,Carter DeGondea,sa3030029,,,carterdegondea
5241,Trey Deitelbaum,Trey Deitelbaum,sa3030035,,,treydeitelbaum
5242,Coby DeJesus,Coby DeJesus,sa3030037,,,cobydejesus
5243,Tony DeJesus,Tony DeJesus,sa3030038,,,tonydejesus
5244,Holden deJong,Holden deJong,sa3030040,834722,,holdendejong
5245,Juan De la Cruz,Juan De la Cruz,sa3030047,,,juandelacruz
5246,Trinidad DeLaGarza,Trinidad DeLaGarza,sa3030050,,,trinidaddelagarza
5247,Blake DeLamielleure,Blake DeLamielleure,sa3030052,,,blakedelamielleure
5248,Carter Delaney,Carter Delaney,sa3030054,,,carterdelaney
5249,Joseph Delanzo,Joseph Delanzo,sa3030057,,,josephdelanzo
5250,Ryan DeLaney,Ryan DeLaney,sa3030060,,,ryandelaney
5251,Tommy Delany,Tommy Delany,sa3030061,,,tommydelany
5252,Oliver De La Torre,Oliver De La Torre,sa3030066,,,oliverdelatorre
5253,Drew DelCollo,Drew DelCollo,sa3030071,,,drewdelcollo
5254,Tyler Deleskiewicz,Tyler Deleskiewicz,sa3030079,,,tylerdeleskiewicz
5255,Abdriel Delgado,Abdriel Delgado,sa3030080,,,abdrieldelgado
5256,David Delgadillo,David Delgadillo,sa3030083,,,daviddelgadillo
5257,Joe DElia,Joe DElia,sa3030090,,,joedelia
5258,Nick DeLisi,Nick DeLisi,sa3030093,,,nickdelisi
5259,Luke Delongchamp,Luke Delongchamp,sa3030098,,,lukedelongchamp
5260,Eddie Del Valle,Eddie Del Valle,sa3030106,,,eddiedelvalle
5261,Cody Delvecchio,Cody Delvecchio,sa3030108,805149,,codydelvecchio
5262,Dylan Delvecchio,Dylan Delvecchio,sa3030109,,,dylandelvecchio
5263,Alec DeMartino,Alec DeMartino,sa3030111,,,alecdemartino
5264,Nick DeMarco,Nick DeMarco,sa3030113,,,nickdemarco
5265,Tyler DeMartino,Tyler DeMartino,sa3030117,,,tylerdemartino
5266,AJ DeMastrie,AJ DeMastrie,sa3030118,,,ajdemastrie
5267,Ben DeMell,Ben DeMell,sa3030123,,,bendemell
5268,Kyle Demi,Kyle Demi,sa3030128,,,kyledemi
5269,Nick DeMonica,Nick DeMonica,sa3030130,,,nickdemonica
5270,Cam Demos,Cam Demos,sa3030132,,,camdemos
5271,Evan Dempsey,Evan Dempsey,sa3030134,,,evandempsey
5272,Joey DeMucci,Joey DeMucci,sa3030137,,,joeydemucci
5273,Aidan Denham,Aidan Denham,sa3030141,,,aidandenham
5274,Cortez Dennis,Cortez Dennis,sa3030156,,,cortezdennis
5275,Gunnar Dennis,Gunnar Dennis,sa3030158,,,gunnardennis
5276,Jackson Dennies,Jackson Dennies,sa3030159,,,jacksondennies
5277,Charlie Denomme,Charlie Denomme,sa3030161,,,charliedenomme
5278,Kevin Denty,Kevin Denty,sa3030169,,,kevindenty
5279,Anthony DePino,Anthony DePino,sa3030172,834962,,anthonydepino
5280,Brian Depman,Brian Depman,sa3030173,,,briandepman
5281,Drew DeSanto,Drew DeSanto,sa3030189,,,drewdesanto
5282,Ryan DeSanto,Ryan DeSanto,sa3030191,823756,,ryandesanto
5283,Dominic Desch,Dominic Desch,sa3030192,,,dominicdesch
5284,Nathan Deschryver,Nathan Deschryver,sa3030193,,,nathandeschryver
5285,Owen DeShazo,Owen DeShazo,sa3030196,,,owendeshazo
5286,Spencer Dessart,Spencer Dessart,sa3030204,,,spencerdessart
5287,Yohann Dessureault,Yohann Dessureault,sa3030205,,,yohanndessureault
5288,Benjamin DeTaeye,Benjamin DeTaeye,sa3030209,,,benjamindetaeye
5289,Teddy Deters,Teddy Deters,sa3030211,,,teddydeters
5290,Parker Detmers,Parker Detmers,sa3030212,,,parkerdetmers
5291,Jacob Devenny,Jacob Devenny,sa3030220,,,jacobdevenny
5292,Logen Devenport,Logen Devenport,sa3030221,,,logendevenport
5293,Kenton Deverman,Kenton Deverman,sa3030224,,,kentondeverman
5294,Gavin DeVooght,Gavin DeVooght,sa3030233,,,gavindevooght
5295,Amman Dewberry,Amman Dewberry,sa3030237,,,ammandewberry
5296,Myles Dews,Myles Dews,sa3030241,,,mylesdews
5297,Demitri Diamant,Demitri Diamant,sa3030247,,,demitridiamant
5298,Alexander Diaz,Alexander Diaz,sa3030252,,,alexanderdiaz
5299,Alex Diaz,Alex Diaz,sa3030253,,,alexdiaz
5300,Chris Diaz,Chris Diaz,sa3030255,,,chrisdiaz
5301,Colby Diaz,Colby Diaz,sa3030257,,,colbydiaz
5302,Diego Diaz,Diego Diaz,sa3030259,,,diegodiaz
5303,Michael Diaz,Michael Diaz,sa3030269,,,michaeldiaz
5304,Yoansell Diaz,Yoansell Diaz,sa3030272,,,yoanselldiaz
5305,Cardel Dick,Cardel Dick,sa3030278,,,cardeldick
5306,Korbyn Dickerson,Korbyn Dickerson,sa3030281,,,korbyndickerson
5307,Daniel Dickinson,Daniel Dickinson,sa3030286,,,danieldickinson
5308,Jack Dickinson,Jack Dickinson,sa3030287,,,jackdickinson
5309,Tim Dickinson,Tim Dickinson,sa3030288,,,timdickinson
5310,Harrison Didawick,Harrison Didawick,sa3030296,,,harrisondidawick
5311,Matthew Dieguez,Matthew Dieguez,sa3030299,,,matthewdieguez
5312,Jacob Dienes,Jacob Dienes,sa3030302,,,jacobdienes
5313,Brett Dietrich,Brett Dietrich,sa3030305,,,brettdietrich
5314,Tristan Dietrich,Tristan Dietrich,sa3030306,,,tristandietrich
5315,Hunter Dietz,Hunter Dietz,sa3030307,,,hunterdietz
5316,Erick Diez,Erick Diez,sa3030309,,,erickdiez
5317,Michael Diforte,Michael Diforte,sa3030313,,,michaeldiforte
5318,Chase Diggins,Chase Diggins,sa3030315,,,chasediggins
5319,Kendall Diggs,Kendall Diggs,sa3030316,,,kendalldiggs
5320,Fenix DiGiacomo,Fenix DiGiacomo,sa3030317,,,fenixdigiacomo
5321,Roman DiGiacomo,Roman DiGiacomo,sa3030319,,,romandigiacomo
5322,Drake Digiorno,Drake Digiorno,sa3030320,,,drakedigiorno
5323,Sam DiLella,Sam DiLella,sa3030324,,,samdilella
5324,Garrett Dill,Garrett Dill,sa3030327,,,garrettdill
5325,Jay Dill,Jay Dill,sa3030328,701839,,jaydill
5326,Jay Dillard,Jay Dillard,sa3030330,,,jaydillard
5327,Jayden Dillard,Jayden Dillard,sa3030331,,,jaydendillard
5328,DJ Dillehay,DJ Dillehay,sa3030334,,,djdillehay
5329,Jacob Dilley,Jacob Dilley,sa3030335,,,jacobdilley
5330,Parker Dillhoff,Parker Dillhoff,sa3030336,,,parkerdillhoff
5331,Ethan Dillinger,Ethan Dillinger,sa3030338,,,ethandillinger
5332,Cole Dillon,Cole Dillon,sa3030340,,,coledillon
5333,Mason Dillow,Mason Dillow,sa3030343,,,masondillow
5334,Jackson DiLorenzo,Jackson DiLorenzo,sa3030347,,,jacksondilorenzo
5335,Michael DiMartini,Michael DiMartini,sa3030355,,,michaeldimartini
5336,Joey DiMotta,Joey DiMotta,sa3030359,,,joeydimotta
5337,Luca DiPaolo,Luca DiPaolo,sa3030362,,,lucadipaolo
5338,Bryce DiPiero,Bryce DiPiero,sa3030364,,,brycedipiero
5339,Nick DiPietrantonio,Nick DiPietrantonio,sa3030365,,,nickdipietrantonio
5340,JD Diprima,JD Diprima,sa3030369,,,jddiprima
5341,Nick DiRito,Nick DiRito,sa3030371,,,nickdirito
5342,Chase Ditmar,Chase Ditmar,sa3030374,,,chaseditmar
5343,Ried Dittner,Ried Dittner,sa3030376,,,rieddittner
5344,Anthony Divittorio,Anthony Divittorio,sa3030382,,,anthonydivittorio
5345,Logan Dobberstein,Logan Dobberstein,sa3030395,,,logandobberstein
5346,Tyler Dobbs,Tyler Dobbs,sa3030397,,,tylerdobbs
5347,Mason Dobie,Mason Dobie,sa3030398,,,masondobie
5348,Kyle Dobos,Kyle Dobos,sa3030401,,,kyledobos
5349,Kyle Dobyns,Kyle Dobyns,sa3030404,,,kyledobyns
5350,Nate Dohm,Nate Dohm,sa3030418,,,natedohm
5351,Nick Dolan,Nick Dolan,sa3030421,,,nickdolan
5352,Bryce Dolby,Bryce Dolby,sa3030424,,,brycedolby
5353,Ryan Dollar,Ryan Dollar,sa3030426,,,ryandollar
5354,Jordan Donahue,Jordan Donahue,sa3030441,,,jordandonahue
5355,Scott Donahue,Scott Donahue,sa3030444,,,scottdonahue
5356,Ahmar Donatto,Ahmar Donatto,sa3030448,,,ahmardonatto
5357,Tanner Donati,Tanner Donati,sa3030450,,,tannerdonati
5358,Brody Donay,Brody Donay,sa3030451,701330,,brodydonay
5359,Josh Donegan,Josh Donegan,sa3030452,,,joshdonegan
5360,Ryan Donley,Ryan Donley,sa3030454,,,ryandonley
5361,Blake Donnan,Blake Donnan,sa3030458,,,blakedonnan
5362,Joey Donnelly,Joey Donnelly,sa3030463,,,joeydonnelly
5363,Matthew Donnison,Matthew Donnison,sa3030465,,,matthewdonnison
5364,Gavin Donohue,Gavin Donohue,sa3030468,,,gavindonohue
5365,Jesse Donohoe,Jesse Donohoe,sa3030469,,,jessedonohoe
5366,Ronan Donohue,Ronan Donohue,sa3030470,,,ronandonohue
5367,Ryan Dooley,Ryan Dooley,sa3030472,,,ryandooley
5368,Ty Dooley,Ty Dooley,sa3030473,,,tydooley
5369,Carter Doorn,Carter Doorn,sa3030474,,,carterdoorn
5370,Turner Doran,Turner Doran,sa3030478,,,turnerdoran
5371,Jake Dorety,Jake Dorety,sa3030482,,,jakedorety
5372,Rob Dorn,Rob Dorn,sa3030485,,,robdorn
5373,Chandler Dorsey,Chandler Dorsey,sa3030491,,,chandlerdorsey
5374,Kaiden Dossa,Kaiden Dossa,sa3030493,,,kaidendossa
5375,Luke Dotson,Luke Dotson,sa3030498,806060,,lukedotson
5376,Conner Doucet,Conner Doucet,sa3030502,,,connerdoucet
5377,Ty Doucette,Ty Doucette,sa3030503,802494,,tydoucette
5378,Kameron Douglas,Kameron Douglas,sa3030508,804854,,kamerondouglas
5379,Ryan Douglas,Ryan Douglas,sa3030511,,,ryandouglas
5380,Tanner Douglas,Tanner Douglas,sa3030512,,,tannerdouglas
5381,Kendall Dove,Kendall Dove,sa3030515,,,kendalldove
5382,Haden Dow,Haden Dow,sa3030516,,,hadendow
5383,Aidan Dowd,Aidan Dowd,sa3030519,,,aidandowd
5384,Brayden Dowd,Brayden Dowd,sa3030520,,,braydendowd
5385,Corey Dowdell,Corey Dowdell,sa3030521,,,coreydowdell
5386,Colin Dowdle,Colin Dowdle,sa3030523,,,colindowdle
5387,Easton Dowell,Easton Dowell,sa3030524,,,eastondowell
5388,Brian Dowling,Brian Dowling,sa3030527,,,briandowling
5389,Brian Downing,Brian Downing,sa3030532,,,briandowning
5390,John Downing,John Downing,sa3030533,,,johndowning
5391,Aaron Downs,Aaron Downs,sa3030535,,,aarondowns
5392,Chris Downs,Chris Downs,sa3030537,,,chrisdowns
5393,Gunnar Doyle,Gunnar Doyle,sa3030541,,,gunnardoyle
5394,Jack Doyle,Jack Doyle,sa3030542,,,jackdoyle
5395,Jacob Doyle,Jacob Doyle,sa3030543,,,jacobdoyle
5396,Michael Doyle,Michael Doyle,sa3030546,,,michaeldoyle
5397,Tyson Drake,Tyson Drake,sa3030555,,,tysondrake
5398,Matt Dreher,Matt Dreher,sa3030561,,,mattdreher
5399,Cade Dressler,Cade Dressler,sa3030563,,,cadedressler
5400,Jake Dresselhouse,Jake Dresselhouse,sa3030564,,,jakedresselhouse
5401,Graysen Drezek,Graysen Drezek,sa3030567,,,graysendrezek
5402,Dylan Driessen,Dylan Driessen,sa3030568,834897,,dylandriessen
5403,Hayden Driggs,Hayden Driggs,sa3030569,,,haydendriggs
5404,Clark Driscoll,Clark Driscoll,sa3030570,,,clarkdriscoll
5405,Brody Drost,Brody Drost,sa3030577,,,brodydrost
5406,Drew Druckenmiller,Drew Druckenmiller,sa3030580,,,drewdruckenmiller
5407,Ryan Drumm,Ryan Drumm,sa3030585,,,ryandrumm
5408,Maret Drye,Maret Drye,sa3030586,,,maretdrye
5409,Peter Dubie,Peter Dubie,sa3030589,,,peterdubie
5410,Antonio Ducatelli,Antonio Ducatelli,sa3030596,,,antonioducatelli
5411,Aidan Duda,Aidan Duda,sa3030599,,,aidanduda
5412,Jacob Dudan,Jacob Dudan,sa3030600,,,jacobdudan
5413,Nathaniel Dudeck,Nathaniel Dudeck,sa3030603,,,nathanieldudeck
5414,Zach Duenas,Zach Duenas,sa3030608,,,zachduenas
5415,Jake Duer,Jake Duer,sa3030609,,,jakeduer
5416,Dakota Duffalo,Dakota Duffalo,sa3030615,,,dakotaduffalo
5417,Alex Duffey,Alex Duffey,sa3030616,,,alexduffey
5418,Hayden Duffield,Hayden Duffield,sa3030618,,,haydenduffield
5419,Joseph Duffield,Joseph Duffield,sa3030619,,,josephduffield
5420,Trey Duffield,Trey Duffield,sa3030620,,,treyduffield
5421,Aaron Duffy,Aaron Duffy,sa3030622,,,aaronduffy
5422,Logan Duffy,Logan Duffy,sa3030626,,,loganduffy
5423,Nick Dugan,Nick Dugan,sa3030629,,,nickdugan
5424,Cashel Duggar,Cashel Duggar,sa3030631,,,cashelduggar
5425,Mason Duke,Mason Duke,sa3030637,,,masonduke
5426,Tanner Duke,Tanner Duke,sa3030638,,,tannerduke
5427,Andrew Dukesherer,Andrew Dukesherer,sa3030639,,,andrewdukesherer
5428,Caden Dulin,Caden Dulin,sa3030642,,,cadendulin
5429,Marco Dumsky,Marco Dumsky,sa3030647,,,marcodumsky
5430,Jack Duncan,Jack Duncan,sa3030653,,,jackduncan
5431,Kylan Duncan,Kylan Duncan,sa3030654,,,kylanduncan
5432,Brett Dunham,Brett Dunham,sa3030659,,,brettdunham
5433,JD Dunn,JD Dunn,sa3030673,,,jddunn
5434,Tyler Dunn,Tyler Dunn,sa3030678,,,tylerdunn
5435,Andre Duplantier II,Andre Duplantier II,sa3030680,,,andreduplantierii
5436,Jayden Duplantier,Jayden Duplantier,sa3030681,,,jaydenduplantier
5437,Kade Dupont,Kade Dupont,sa3030683,,,kadedupont
5438,Brandyn Durand,Brandyn Durand,sa3030687,,,brandyndurand
5439,Beau Durbin,Beau Durbin,sa3030689,,,beaudurbin
5440,Kam Durnin,Kam Durnin,sa3030695,,,kamdurnin
5441,Brian Duroff,Brian Duroff,sa3030697,,,brianduroff
5442,Konni Durschlag,Konni Durschlag,sa3030698,,,konnidurschlag
5443,Kenny Dutka,Kenny Dutka,sa3030701,,,kennydutka
5444,Trevor Dutra,Trevor Dutra,sa3030703,,,trevordutra
5445,Samuel Dutton,Samuel Dutton,sa3030705,695542,,samueldutton
5446,Nathan Dvorsky,Nathan Dvorsky,sa3030711,,,nathandvorsky
5447,Macaddin Dye,Macaddin Dye,sa3030717,,,macaddindye
5448,Caylon Dygert,Caylon Dygert,sa3030720,,,caylondygert
5449,Joseph Dzierwa,Joseph Dzierwa,sa3030726,,,josephdzierwa
5450,Daniel Eagen,Daniel Eagen,sa3030728,,,danieleagen
5451,Derik Eaquinto,Derik Eaquinto,sa3030732,,,derikeaquinto
5452,Jaxson Easterlin,Jaxson Easterlin,sa3030744,,,jaxsoneasterlin
5453,Reid Easterly,Reid Easterly,sa3030746,,,reideasterly
5454,Austin Eaton,Austin Eaton,sa3030750,,,austineaton
5455,Elliot Eaton,Elliot Eaton,sa3030751,,,ellioteaton
5456,Payton Ebbing,Payton Ebbing,sa3030755,,,paytonebbing
5457,Michael Ebner,Michael Ebner,sa3030763,,,michaelebner
5458,Miggy Echazarreta,Miggy Echazarreta,sa3030765,,,miggyechazarreta
5459,Kaden Echeman,Kaden Echeman,sa3030766,834989,,kadenecheman
5460,David Eckaus,David Eckaus,sa3030767,,,davideckaus
5461,Mason Eckelman,Mason Eckelman,sa3030769,,,masoneckelman
5462,Thad Ector,Thad Ector,sa3030773,,,thadector
5463,Noah Edders,Noah Edders,sa3030774,833415,,noahedders
5464,Kyle Eddington,Kyle Eddington,sa3030775,,,kyleeddington
5465,Blake Edmonds,Blake Edmonds,sa3030790,,,blakeedmonds
5466,Clay Edmondson,Clay Edmondson,sa3030792,,,clayedmondson
5467,Will Edmunson,Will Edmunson,sa3030796,,,willedmunson
5468,Brandon Edwards,Brandon Edwards,sa3030800,,,brandonedwards
5469,Cole Edwards,Cole Edwards,sa3030803,,,coleedwards
5470,Dante Edwardi,Dante Edwardi,sa3030804,,,danteedwardi
5471,Grant Edwards,Grant Edwards,sa3030809,,,grantedwards
5472,Jagger Edwards,Jagger Edwards,sa3030813,,,jaggeredwards
5473,Kameron Edwards,Kameron Edwards,sa3030815,,,kameronedwards
5474,Kyle Edwards,Kyle Edwards,sa3030816,,,kyleedwards
5475,Maurice Edwards,Maurice Edwards,sa3030818,,,mauriceedwards
5476,Mason Edwards,Mason Edwards,sa3030819,,,masonedwards
5477,Michael Edwards,Michael Edwards,sa3030821,,,michaeledwards
5478,Parker Edwards,Parker Edwards,sa3030822,,,parkeredwards
5479,Rett Edwards,Rett Edwards,sa3030823,,,rettedwards
5480,Blake Efird,Blake Efird,sa3030826,,,blakeefird
5481,Brayden Eftink,Brayden Eftink,sa3030827,,,braydeneftink
5482,Cole Egan,Cole Egan,sa3030828,,,coleegan
5483,Ryan Egan,Ryan Egan,sa3030831,,,ryanegan
5484,Tommy Egan,Tommy Egan,sa3030832,,,tommyegan
5485,Mike Eggert,Mike Eggert,sa3030835,,,mikeeggert
5486,CJ Egrie,CJ Egrie,sa3030839,,,cjegrie
5487,Anthony Ehly,Anthony Ehly,sa3030841,,,anthonyehly
5488,Joseph Eichelberger,Joseph Eichelberger,sa3030845,,,josepheichelberger
5489,Riley Eikhoff,Riley Eikhoff,sa3030851,694408,,rileyeikhoff
5490,George Eisenhardt,George Eisenhardt,sa3030856,,,georgeeisenhardt
5491,Tommy Eisenstat,Tommy Eisenstat,sa3030857,,,tommyeisenstat
5492,Jake Elbeery,Jake Elbeery,sa3030862,,,jakeelbeery
5493,Jackson Elder,Jackson Elder,sa3030866,,,jacksonelder
5494,Alek Elges,Alek Elges,sa3030869,,,alekelges
5495,Lawrence Elinson,Lawrence Elinson,sa3030872,,,lawrenceelinson
5496,Jackson Elizondo,Jackson Elizondo,sa3030874,,,jacksonelizondo
5497,Andrew Elkhill,Andrew Elkhill,sa3030875,,,andrewelkhill
5498,Michael Elko,Michael Elko,sa3030877,,,michaelelko
5499,Cooper Ellingworth,Cooper Ellingworth,sa3030879,,,cooperellingworth
5500,Easton Elliot,Easton Elliot,sa3030884,,,eastonelliot
5501,Eric Elliott,Eric Elliott,sa3030886,,,ericelliott
5502,Hunter Elliott,Hunter Elliott,sa3030887,695545,,hunterelliott
5503,Travis Elliott,Travis Elliott,sa3030889,,,traviselliott
5504,Chris Ellison,Chris Ellison,sa3030895,,,chrisellison
5505,Ethan Ellis,Ethan Ellis,sa3030896,,,ethanellis
5506,Lee Ellis,Lee Ellis,sa3030900,,,leeellis
5507,Luke Ellis,Luke Ellis,sa3030901,,,lukeellis
5508,Oliver Ellison,Oliver Ellison,sa3030904,,,oliverellison
5509,Thomas Ellisen,Thomas Ellisen,sa3030907,,,thomasellisen
5510,Tristan Ellis,Tristan Ellis,sa3030908,,,tristanellis
5511,James Ellwanger,James Ellwanger,sa3030911,,,jamesellwanger
5512,Luke Elmore,Luke Elmore,sa3030912,,,lukeelmore
5513,Kane Elmy,Kane Elmy,sa3030914,,,kaneelmy
5514,Josh Emanuels,Josh Emanuels,sa3030922,,,joshemanuels
5515,Thomas Emerich,Thomas Emerich,sa3030926,,,thomasemerich
5516,Kyle Emmons,Kyle Emmons,sa3030933,,,kyleemmons
5517,Zak Endres,Zak Endres,sa3030936,,,zakendres
5518,Cason Engert,Cason Engert,sa3030942,,,casonengert
5519,Aidan English,Aidan English,sa3030945,,,aidanenglish
5520,McCarty English,McCarty English,sa3030948,,,mccartyenglish
5521,Nick English,Nick English,sa3030949,,,nickenglish
5522,Patrick Engskov,Patrick Engskov,sa3030951,,,patrickengskov
5523,Hunter Ensley,Hunter Ensley,sa3030959,,,hunterensley
5524,Adam Enyart,Adam Enyart,sa3030963,,,adamenyart
5525,Sean Episcope,Sean Episcope,sa3030964,,,seanepiscope
5526,Andrew Eppinger,Andrew Eppinger,sa3030965,,,andreweppinger
5527,Tyler Epstein,Tyler Epstein,sa3030967,,,tylerepstein
5528,Ricky Erbeck,Ricky Erbeck,sa3030973,,,rickyerbeck
5529,Josiah Erd,Josiah Erd,sa3030974,,,josiaherd
5530,Drew Erdmann,Drew Erdmann,sa3030975,,,drewerdmann
5531,Zach Erdman,Zach Erdman,sa3030977,,,zacherdman
5532,Julio Ermigiotti,Julio Ermigiotti,sa3030987,,,julioermigiotti
5533,Zack Ernisse,Zack Ernisse,sa3030988,,,zackernisse
5534,Evan Esch,Evan Esch,sa3031004,,,evanesch
5535,Irvin Escobar,Irvin Escobar,sa3031008,,,irvinescobar
5536,Alex Esker,Alex Esker,sa3031011,,,alexesker
5537,Dylan Eskew,Dylan Eskew,sa3031012,,,dylaneskew
5538,Xavier Esquer,Xavier Esquer,sa3031032,,,xavieresquer
5539,Chris Esquivel,Chris Esquivel,sa3031033,,,chrisesquivel
5540,Owen Estabrook,Owen Estabrook,sa3031035,,,owenestabrook
5541,Brice Estep,Brice Estep,sa3031036,,,briceestep
5542,Caleb Estes,Caleb Estes,sa3031037,,,calebestes
5543,Hayden Estes,Hayden Estes,sa3031038,,,haydenestes
5544,Carson Estridge,Carson Estridge,sa3031045,,,carsonestridge
5545,Gaines Estridge,Gaines Estridge,sa3031047,,,gainesestridge
5546,Jase Evangelista,Jase Evangelista,sa3031055,,,jaseevangelista
5547,Aiden Evans,Aiden Evans,sa3031057,,,aidenevans
5548,Brayden Evans,Brayden Evans,sa3031060,,,braydenevans
5549,Charlie Evans,Charlie Evans,sa3031065,,,charlieevans
5550,Drew Evans,Drew Evans,sa3031070,,,drewevans
5551,Jarvis Evans,Jarvis Evans,sa3031074,,,jarvisevans
5552,Jimmy Evans,Jimmy Evans,sa3031076,,,jimmyevans
5553,Karson Evans,Karson Evans,sa3031078,,,karsonevans
5554,Robert Evans,Robert Evans,sa3031080,,,robertevans
5555,Rylan Evans,Rylan Evans,sa3031081,,,rylanevans
5556,Tate Evans,Tate Evans,sa3031082,,,tateevans
5557,Ty Evans,Ty Evans,sa3031083,,,tyevans
5558,J.D. Everett,J.D. Everett,sa3031087,,,jdeverett
5559,Guershon Exi,Guershon Exi,sa3031101,,,guershonexi
5560,Jacob Exum,Jacob Exum,sa3031102,,,jacobexum
5561,Brooks Ey,Brooks Ey,sa3031103,,,brooksey
5562,Anthony Eyanson,Anthony Eyanson,sa3031104,,,anthonyeyanson
5563,Deric Fabian,Deric Fabian,sa3031107,,,dericfabian
5564,Raoul Fabian,Raoul Fabian,sa3031108,,,raoulfabian
5565,Larson Fabre,Larson Fabre,sa3031110,,,larsonfabre
5566,Ryan Facinelli,Ryan Facinelli,sa3031112,,,ryanfacinelli
5567,Hunter Faildo,Hunter Faildo,sa3031125,,,hunterfaildo
5568,Chad Falcon,Chad Falcon,sa3031133,,,chadfalcon
5569,Jordan Falco,Jordan Falco,sa3031135,,,jordanfalco
5570,Adam Falinski,Adam Falinski,sa3031138,,,adamfalinski
5571,Callan Fang,Callan Fang,sa3031142,823765,,callanfang
5572,Ryne Farber,Ryne Farber,sa3031144,,,rynefarber
5573,Nolan Farley,Nolan Farley,sa3031152,,,nolanfarley
5574,Camden Farmer,Camden Farmer,sa3031154,,,camdenfarmer
5575,Jeremiah Farmer,Jeremiah Farmer,sa3031156,,,jeremiahfarmer
5576,Tommy Farmer IV,Tommy Farmer IV,sa3031162,,,tommyfarmeriv
5577,Seth Farni,Seth Farni,sa3031163,,,sethfarni
5578,Zac Farrell,Zac Farrell,sa3031173,,,zacfarrell
5579,Ethan Farris,Ethan Farris,sa3031174,,,ethanfarris
5580,Vincent Fattore,Vincent Fattore,sa3031182,,,vincentfattore
5581,Kayden Faulcon,Kayden Faulcon,sa3031184,,,kaydenfaulcon
5582,Gavin Faulkner,Gavin Faulkner,sa3031187,,,gavinfaulkner
5583,Jacob Faulkner,Jacob Faulkner,sa3031188,,,jacobfaulkner
5584,Ryan Faulks,Ryan Faulks,sa3031190,,,ryanfaulks
5585,Drew Faurot,Drew Faurot,sa3031193,,,drewfaurot
5586,Austin Fawley,Austin Fawley,sa3031196,,,austinfawley
5587,Tyler Fay,Tyler Fay,sa3031198,,,tylerfay
5588,Ryan Featherston,Ryan Featherston,sa3031203,,,ryanfeatherston
5589,Anthony Febo,Anthony Febo,sa3031205,,,anthonyfebo
5590,Ryan Feczko,Ryan Feczko,sa3031207,,,ryanfeczko
5591,Cole Fehrman,Cole Fehrman,sa3031214,,,colefehrman
5592,Harrison Feinberg,Harrison Feinberg,sa3031217,,,harrisonfeinberg
5593,Justin Feld,Justin Feld,sa3031222,,,justinfeld
5594,Ethan Felix,Ethan Felix,sa3031225,,,ethanfelix
5595,Sawyer Feller,Sawyer Feller,sa3031228,,,sawyerfeller
5596,Cole Fellows,Cole Fellows,sa3031229,,,colefellows
5597,Jett Feltman,Jett Feltman,sa3031232,,,jettfeltman
5598,Trey Fenderson,Trey Fenderson,sa3031237,,,treyfenderson
5599,Ryan Fenn,Ryan Fenn,sa3031239,,,ryanfenn
5600,Connor Fennell,Connor Fennell,sa3031240,,,connorfennell
5601,Nick Ferazzi,Nick Ferazzi,sa3031244,,,nickferazzi
5602,Jacob Ference,Jacob Ference,sa3031245,,,jacobference
5603,Garrett Ferguson,Garrett Ferguson,sa3031248,,,garrettferguson
5604,Noah Ferguson,Noah Ferguson,sa3031251,,,noahferguson
5605,Alex Fernandes,Alex Fernandes,sa3031256,,,alexfernandes
5606,Josh Fernald,Josh Fernald,sa3031262,,,joshfernald
5607,Robert Fernandez,Robert Fernandez,sa3031265,,,robertfernandez
5608,Dean Ferrara,Dean Ferrara,sa3031269,,,deanferrara
5609,Jameson Ferraro,Jameson Ferraro,sa3031271,,,jamesonferraro
5610,Frankie Ferrentino,Frankie Ferrentino,sa3031274,,,frankieferrentino
5611,Richard Ferrer-Westrop,Richard Ferrer-Westrop,sa3031276,,,richardferrerwestrop
5612,Ryan Ferremi,Ryan Ferremi,sa3031277,,,ryanferremi
5613,Jackson Ferrigno,Jackson Ferrigno,sa3031281,,,jacksonferrigno
5614,Nick Ferri,Nick Ferri,sa3031283,,,nickferri
5615,Thomas Ferroggiaro,Thomas Ferroggiaro,sa3031286,,,thomasferroggiaro
5616,Cohen Feser,Cohen Feser,sa3031288,,,cohenfeser
5617,Drew Fieger,Drew Fieger,sa3031300,,,drewfieger
5618,Nick Fields,Nick Fields,sa3031306,,,nickfields
5619,Ben Fierenzi,Ben Fierenzi,sa3031308,,,benfierenzi
5620,Abdriel Figueroa,Abdriel Figueroa,sa3031310,,,abdrielfigueroa
5621,Daniel Figueroa,Daniel Figueroa,sa3031313,,,danielfigueroa
5622,Josue Figueroa,Josue Figueroa,sa3031318,,,josuefigueroa
5623,Tyler Figueroa,Tyler Figueroa,sa3031321,,,tylerfigueroa
5624,Luke Filippi,Luke Filippi,sa3031326,,,lukefilippi
5625,Nick Finarelli,Nick Finarelli,sa3031330,,,nickfinarelli
5626,Aeden Finateri,Aeden Finateri,sa3031331,,,aedenfinateri
5627,Carter Fink,Carter Fink,sa3031340,,,carterfink
5628,Leighton Finley,Leighton Finley,sa3031345,803287,,leightonfinley
5629,Bobby Finn,Bobby Finn,sa3031346,,,bobbyfinn
5630,Jack Finn,Jack Finn,sa3031347,,,jackfinn
5631,Kyle Finn,Kyle Finn,sa3031348,,,kylefinn
5632,Sean Finn,Sean Finn,sa3031349,,,seanfinn
5633,Christian Finnigan,Christian Finnigan,sa3031355,,,christianfinnigan
5634,Ethan Firestein,Ethan Firestein,sa3031360,,,ethanfirestein
5635,Ethan Firoved,Ethan Firoved,sa3031363,,,ethanfiroved
5636,Samuel Fischer,Samuel Fischer,sa3031370,,,samuelfischer
5637,Brandon Fish,Brandon Fish,sa3031371,,,brandonfish
5638,Cade Fisher,Cade Fisher,sa3031376,702651,,cadefisher
5639,Cal Fisher,Cal Fisher,sa3031377,,,calfisher
5640,Colin Fisher,Colin Fisher,sa3031379,,,colinfisher
5641,Jordan Fisher,Jordan Fisher,sa3031383,,,jordanfisher
5642,Jalen Fithian,Jalen Fithian,sa3031393,,,jalenfithian
5643,Jonathan Fitz,Jonathan Fitz,sa3031394,,,jonathanfitz
5644,Chance Fitzgerald,Chance Fitzgerald,sa3031400,,,chancefitzgerald
5645,Colin Fitzgerald,Colin Fitzgerald,sa3031401,,,colinfitzgerald
5646,Jake Fitzgibbons,Jake Fitzgibbons,sa3031404,,,jakefitzgibbons
5647,Josh Fitzgerald,Josh Fitzgerald,sa3031405,,,joshfitzgerald
5648,JW Fitzgerald,JW Fitzgerald,sa3031406,,,jwfitzgerald
5649,Jack Fitzharris,Jack Fitzharris,sa3031410,,,jackfitzharris
5650,Sean Fitzpatrick,Sean Fitzpatrick,sa3031414,,,seanfitzpatrick
5651,Grayson Fitzwater,Grayson Fitzwater,sa3031417,,,graysonfitzwater
5652,Isaac Fix,Isaac Fix,sa3031418,,,isaacfix
5653,Zach Fjelstad,Zach Fjelstad,sa3031419,,,zachfjelstad
5654,Luc Fladda,Luc Fladda,sa3031421,,,lucfladda
5655,Matt Flaharty,Matt Flaharty,sa3031423,,,mattflaharty
5656,Matt Flaherty,Matt Flaherty,sa3031424,,,mattflaherty
5657,Boston Flannery,Boston Flannery,sa3031432,,,bostonflannery
5658,Nick Fleming,Nick Fleming,sa3031443,,,nickfleming
5659,Jackson Flora,Jackson Flora,sa3031459,,,jacksonflora
5660,Jalin Flores,Jalin Flores,sa3031465,,,jalinflores
5661,Matthew Flores,Matthew Flores,sa3031467,,,matthewflores
5662,Trace Florio,Trace Florio,sa3031474,,,traceflorio
5663,Ben Riley Flowers,Ben Riley Flowers,sa3031476,,,benrileyflowers
5664,Sean Flowers,Sean Flowers,sa3031481,,,seanflowers
5665,Conner Floyd,Conner Floyd,sa3031485,,,connerfloyd
5666,George Derrick Floyd,George Derrick Floyd,sa3031487,,,georgederrickfloyd
5667,Billy Fluharty,Billy Fluharty,sa3031491,,,billyfluharty
5668,Cameron Flukey,Cameron Flukey,sa3031493,,,cameronflukey
5669,Justin Fogel,Justin Fogel,sa3031504,,,justinfogel
5670,Nolan Fogg,Nolan Fogg,sa3031505,,,nolanfogg
5671,Brian Foley,Brian Foley,sa3031510,,,brianfoley
5672,Connor Foley,Connor Foley,sa3031511,,,connorfoley
5673,Lucas Foley,Lucas Foley,sa3031512,,,lucasfoley
5674,Michael Foltz,Michael Foltz,sa3031519,,,michaelfoltz
5675,Grant Fontenot,Grant Fontenot,sa3031528,,,grantfontenot
5676,Wyatt Fooks,Wyatt Fooks,sa3031533,,,wyattfooks
5677,Ryan Forcucci,Ryan Forcucci,sa3031539,,,ryanforcucci
5678,Henry Ford,Henry Ford,sa3031540,,,henryford
5679,Jermel Ford,Jermel Ford,sa3031543,,,jermelford
5680,Justin Ford,Justin Ford,sa3031544,,,justinford
5681,Kiki Ford Jr.,Kiki Ford Jr.,sa3031551,,,kikifordjr
5682,Logan Forsythe,Logan Forsythe,sa3031560,702649,,loganforsythe
5683,Michael Fortes,Michael Fortes,sa3031562,,,michaelfortes
5684,Peyton Fosher,Peyton Fosher,sa3031567,833439,,peytonfosher
5685,Carter Foss,Carter Foss,sa3031568,,,carterfoss
5686,Nile Foss,Nile Foss,sa3031569,,,nilefoss
5687,Kyle Fossum,Kyle Fossum,sa3031570,,,kylefossum
5688,Cam Foster,Cam Foster,sa3031572,,,camfoster
5689,Elijah Foster,Elijah Foster,sa3031575,,,elijahfoster
5690,Jakob Foster,Jakob Foster,sa3031580,,,jakobfoster
5691,Max Foster,Max Foster,sa3031584,,,maxfoster
5692,Nolan Foster,Nolan Foster,sa3031586,,,nolanfoster
5693,Eric Fouraker,Eric Fouraker,sa3031590,,,ericfouraker
5694,Christian Foutch,Christian Foutch,sa3031591,,,christianfoutch
5695,Bryce Fowler,Bryce Fowler,sa3031593,,,brycefowler
5696,Michael Fowler,Michael Fowler,sa3031597,,,michaelfowler
5697,Rory Fox,Rory Fox,sa3031610,812431,,roryfox
5698,Tate Foxson,Tate Foxson,sa3031613,,,tatefoxson
5699,Austin Francis,Austin Francis,sa3031621,,,austinfrancis
5700,Dale Francis Jr.,Dale Francis Jr.,sa3031624,,,dalefrancisjr
5701,Gage Franck,Gage Franck,sa3031626,,,gagefranck
5702,Ian Francis,Ian Francis,sa3031627,,,ianfrancis
5703,Jake Francis,Jake Francis,sa3031628,,,jakefrancis
5704,Johan Franco,Johan Franco,sa3031630,,,johanfranco
5705,Kai Francis,Kai Francis,sa3031631,,,kaifrancis
5706,Kevin Francella,Kevin Francella,sa3031633,,,kevinfrancella
5707,Ryan Franden,Ryan Franden,sa3031637,,,ryanfranden
5708,Cameron Franklin,Cameron Franklin,sa3031642,,,cameronfranklin
5709,Jack Frankovic,Jack Frankovic,sa3031649,,,jackfrankovic
5710,Tanner Franklin,Tanner Franklin,sa3031652,,,tannerfranklin
5711,Tyler Franks,Tyler Franks,sa3031654,,,tylerfranks
5712,Max Fraser,Max Fraser,sa3031660,,,maxfraser
5713,Zach Frasher,Zach Frasher,sa3031661,,,zachfrasher
5714,Brady Frederick,Brady Frederick,sa3031670,,,bradyfrederick
5715,Joseph Fredericks,Joseph Fredericks,sa3031675,,,josephfredericks
5716,Ty Fredo,Ty Fredo,sa3031677,,,tyfredo
5717,Chandler Freeman,Chandler Freeman,sa3031682,,,chandlerfreeman
5718,Gus Freeman,Gus Freeman,sa3031685,,,gusfreeman
5719,Jackson Freeman,Jackson Freeman,sa3031687,,,jacksonfreeman
5720,Kaleb Freeman,Kaleb Freeman,sa3031690,807461,,kalebfreeman
5721,Kolton Freeman,Kolton Freeman,sa3031692,,,koltonfreeman
5722,Zach Freeman,Zach Freeman,sa3031697,,,zachfreeman
5723,Gehrig Frei,Gehrig Frei,sa3031698,,,gehrigfrei
5724,Landon Frei,Landon Frei,sa3031699,,,landonfrei
5725,Bennett Freiter,Bennett Freiter,sa3031702,,,bennettfreiter
5726,Carter French,Carter French,sa3031706,,,carterfrench
5727,Wil French,Wil French,sa3031709,,,wilfrench
5728,Nick Frers,Nick Frers,sa3031711,,,nickfrers
5729,Kishon Frett,Kishon Frett,sa3031712,,,kishonfrett
5730,Ayden Frey,Ayden Frey,sa3031716,,,aydenfrey
5731,Ethan  Frey,Ethan  Frey,sa3031717,,,ethanfrey
5732,Jc Frias,Jc Frias,sa3031720,,,jcfrias
5733,Colby Frieda,Colby Frieda,sa3031723,,,colbyfrieda
5734,Jacob Fried,Jacob Fried,sa3031724,,,jacobfried
5735,Pierce Friedman,Pierce Friedman,sa3031726,,,piercefriedman
5736,Hayden Friese,Hayden Friese,sa3031732,835938,,haydenfriese
5737,Easton Fritcher,Easton Fritcher,sa3031733,,,eastonfritcher
5738,Dominic Fritton,Dominic Fritton,sa3031734,804571,,dominicfritton
5739,Daniel Frontera,Daniel Frontera,sa3031739,,,danielfrontera
5740,Ryan Frontera,Ryan Frontera,sa3031740,,,ryanfrontera
5741,Cael Frost,Cael Frost,sa3031742,,,caelfrost
5742,Isaiah Frost,Isaiah Frost,sa3031743,,,isaiahfrost
5743,Jacob Frost,Jacob Frost,sa3031744,815088,,jacobfrost
5744,Rayne Fry,Rayne Fry,sa3031746,,,raynefry
5745,Bradley Frye,Bradley Frye,sa3031747,,,bradleyfrye
5746,Cam Fuer,Cam Fuer,sa3031756,,,camfuer
5747,Legend Fugett,Legend Fugett,sa3031757,,,legendfugett
5748,Anderson Fulk,Anderson Fulk,sa3031761,,,andersonfulk
5749,Brady Fuller,Brady Fuller,sa3031764,,,bradyfuller
5750,Damon Fuller,Damon Fuller,sa3031766,,,damonfuller
5751,Garrett Fulmer,Garrett Fulmer,sa3031774,,,garrettfulmer
5752,Patrick Fultz,Patrick Fultz,sa3031775,,,patrickfultz
5753,Matty Fung,Matty Fung,sa3031779,,,mattyfung
5754,Evan Funkhouser,Evan Funkhouser,sa3031783,,,evanfunkhouser
5755,Noah Furcht,Noah Furcht,sa3031785,,,noahfurcht
5756,CJ Furey,CJ Furey,sa3031788,,,cjfurey
5757,Will Furniss,Will Furniss,sa3031794,,,willfurniss
5758,Josh Furtado,Josh Furtado,sa3031796,,,joshfurtado
5759,Alex Gabauer,Alex Gabauer,sa3031802,,,alexgabauer
5760,Jared Gadd,Jared Gadd,sa3031809,,,jaredgadd
5761,Gabe Gaeckle,Gabe Gaeckle,sa3031812,,,gabegaeckle
5762,Luke Gaffney,Luke Gaffney,sa3031815,,,lukegaffney
5763,Andrew Gaines,Andrew Gaines,sa3031823,,,andrewgaines
5764,Luke Gainer,Luke Gainer,sa3031827,,,lukegainer
5765,Garrett Gainous,Garrett Gainous,sa3031828,,,garrettgainous
5766,Damon Gaither,Damon Gaither,sa3031830,,,damongaither
5767,Matt Gaither,Matt Gaither,sa3031831,,,mattgaither
5768,Kaden Galason,Kaden Galason,sa3031835,,,kadengalason
5769,Ryker Galaska,Ryker Galaska,sa3031836,,,rykergalaska
5770,Joey Gale,Joey Gale,sa3031841,,,joeygale
5771,Chris Gallagher,Chris Gallagher,sa3031847,,,chrisgallagher
5772,Gavin Gallaher,Gavin Gallaher,sa3031849,,,gavingallaher
5773,Reed Gallant,Reed Gallant,sa3031854,,,reedgallant
5774,Ryan Gallagher,Ryan Gallagher,sa3031857,,,ryangallagher
5775,Will Gallagher,Will Gallagher,sa3031859,,,willgallagher
5776,Chase Gallegos,Chase Gallegos,sa3031860,,,chasegallegos
5777,Elliot Gallegos,Elliot Gallegos,sa3031861,,,elliotgallegos
5778,Patrick Galle,Patrick Galle,sa3031862,702642,,patrickgalle
5779,Tyler Galletti,Tyler Galletti,sa3031863,,,tylergalletti
5780,Jacob Galloway,Jacob Galloway,sa3031869,,,jacobgalloway
5781,Rashawn Galloway,Rashawn Galloway,sa3031872,,,rashawngalloway
5782,Alex Galvan,Alex Galvan,sa3031874,694453,,alexgalvan
5783,Marcus Galvan,Marcus Galvan,sa3031875,,,marcusgalvan
5784,Rylan Galvan,Rylan Galvan,sa3031877,805025,,rylangalvan
5785,Gavin Galy,Gavin Galy,sa3031880,,,gavingaly
5786,Tate Gambill,Tate Gambill,sa3031886,,,tategambill
5787,Marcos Gamboa,Marcos Gamboa,sa3031892,,,marcosgamboa
5788,Gianni Gambradella,Gianni Gambradella,sa3031893,,,giannigambradella
5789,Dennis Gamester,Dennis Gamester,sa3031894,,,dennisgamester
5790,Nathan Gamez,Nathan Gamez,sa3031896,,,nathangamez
5791,Jack Gannon,Jack Gannon,sa3031900,,,jackgannon
5792,Reed Gannon,Reed Gannon,sa3031901,,,reedgannon
5793,Gavin Ganun,Gavin Ganun,sa3031902,,,gavinganun
5794,Tyler Ganus,Tyler Ganus,sa3031903,,,tylerganus
5795,Nick Garagozzo,Nick Garagozzo,sa3031904,,,nickgaragozzo
5796,Carter Garate,Carter Garate,sa3031905,,,cartergarate
5797,Raul Garayzar,Raul Garayzar,sa3031906,814340,,raulgarayzar
5798,Zach Garber,Zach Garber,sa3031907,,,zachgarber
5799,Kyle Garbowski,Kyle Garbowski,sa3031909,,,kylegarbowski
5800,Matt Garbowski,Matt Garbowski,sa3031910,,,mattgarbowski
5801,AJ Garcia,AJ Garcia,sa3031915,,,ajgarcia
5802,EJ Garcia,EJ Garcia,sa3031930,,,ejgarcia
5803,Ellis Garcia,Ellis Garcia,sa3031931,,,ellisgarcia
5804,Guillermo Garcia Jr.,Guillermo Garcia Jr.,sa3031933,,,guillermogarciajr
5805,Isaac Garcia,Isaac Garcia,sa3031936,,,isaacgarcia
5806,Nathaniel Garcia,Nathaniel Garcia,sa3031945,,,nathanielgarcia
5807,Zach Garcia,Zach Garcia,sa3031955,,,zachgarcia
5808,Aries Gardner,Aries Gardner,sa3031961,,,ariesgardner
5809,Patrick Gardner,Patrick Gardner,sa3031967,,,patrickgardner
5810,Sam Garewal,Sam Garewal,sa3031971,,,samgarewal
5811,Kyuss Gargett,Kyuss Gargett,sa3031974,,,kyussgargett
5812,Keegan Garis,Keegan Garis,sa3031977,,,keegangaris
5813,Sam Garland,Sam Garland,sa3031978,,,samgarland
5814,Brian Garmon II,Brian Garmon II,sa3031980,,,briangarmonii
5815,Bradley Garner,Bradley Garner,sa3031981,,,bradleygarner
5816,Carson Garner,Carson Garner,sa3031982,,,carsongarner
5817,Hogan Garner,Hogan Garner,sa3031984,,,hogangarner
5818,Seth Garner,Seth Garner,sa3031986,,,sethgarner
5819,Christo Garrelts,Christo Garrelts,sa3031993,,,christogarrelts
5820,Miles Garrett,Miles Garrett,sa3031997,,,milesgarrett
5821,Reed Garris,Reed Garris,sa3032003,,,reedgarris
5822,Sebastian Garrido,Sebastian Garrido,sa3032004,,,sebastiangarrido
5823,Tripp Garrish,Tripp Garrish,sa3032007,,,trippgarrish
5824,Lucas Garton,Lucas Garton,sa3032012,,,lucasgarton
5825,Alejandro Garza,Alejandro Garza,sa3032018,,,alejandrogarza
5826,Eddie Garza,Eddie Garza,sa3032021,,,eddiegarza
5827,Manny Garza,Manny Garza,sa3032023,,,mannygarza
5828,Rocco Garza-Gongora,Rocco Garza-Gongora,sa3032027,,,roccogarzagongora
5829,Blake Gaskey,Blake Gaskey,sa3032028,,,blakegaskey
5830,Jackson Gaspard,Jackson Gaspard,sa3032032,,,jacksongaspard
5831,Taylor Gaspar,Taylor Gaspar,sa3032033,,,taylorgaspar
5832,Will Gasparino,Will Gasparino,sa3032034,,,willgasparino
5833,Camden Gasser,Camden Gasser,sa3032035,,,camdengasser
5834,Austin Gast,Austin Gast,sa3032037,,,austingast
5835,Brett Gastman,Brett Gastman,sa3032039,,,brettgastman
5836,Carter Gaston,Carter Gaston,sa3032040,,,cartergaston
5837,Sam Gates,Sam Gates,sa3032048,,,samgates
5838,J.J. Gatti,J.J. Gatti,sa3032052,,,jjgatti
5839,Caden Gaudette,Caden Gaudette,sa3032054,,,cadengaudette
5840,Jacob Gaudreau,Jacob Gaudreau,sa3032056,,,jacobgaudreau
5841,Andrew Gauna,Andrew Gauna,sa3032060,,,andrewgauna
5842,JP Gauthier,JP Gauthier,sa3032063,,,jpgauthier
5843,Bryce Gayan,Bryce Gayan,sa3032072,,,brycegayan
5844,Landon Gaz,Landon Gaz,sa3032074,,,landongaz
5845,Tyler Gebb,Tyler Gebb,sa3032080,,,tylergebb
5846,Braden Gebhardt,Braden Gebhardt,sa3032082,,,bradengebhardt
5847,Trevor Geddes,Trevor Geddes,sa3032083,,,trevorgeddes
5848,Jacob Gehring,Jacob Gehring,sa3032093,,,jacobgehring
5849,Owen Geiger,Owen Geiger,sa3032095,,,owengeiger
5850,Jake Geis,Jake Geis,sa3032096,,,jakegeis
5851,Jack Geiser,Jack Geiser,sa3032098,,,jackgeiser
5852,Rob Geisler,Rob Geisler,sa3032099,,,robgeisler
5853,Owen Geiss,Owen Geiss,sa3032100,,,owengeiss
5854,Aidan Gelbsman,Aidan Gelbsman,sa3032102,,,aidangelbsman
5855,Scott Gell,Scott Gell,sa3032103,,,scottgell
5856,Clifton Genge,Clifton Genge,sa3032110,,,cliftongenge
5857,Eric Genther,Eric Genther,sa3032114,,,ericgenther
5858,Jamal George,Jamal George,sa3032124,,,jamalgeorge
5859,Nolan George,Nolan George,sa3032126,,,nolangeorge
5860,Ryan Geraghty,Ryan Geraghty,sa3032128,,,ryangeraghty
5861,Tanner Gerdes,Tanner Gerdes,sa3032133,,,tannergerdes
5862,Cooper Gerecke,Cooper Gerecke,sa3032135,,,coopergerecke
5863,Ryan Gerety,Ryan Gerety,sa3032137,,,ryangerety
5864,John Gerfen,John Gerfen,sa3032139,,,johngerfen
5865,Billy Gerlott,Billy Gerlott,sa3032144,,,billygerlott
5866,Davis Germann,Davis Germann,sa3032145,,,davisgermann
5867,Jake Gernon,Jake Gernon,sa3032149,,,jakegernon
5868,Tyler Gerteisen,Tyler Gerteisen,sa3032151,,,tylergerteisen
5869,Jacob Gholston,Jacob Gholston,sa3032161,,,jacobgholston
5870,Arnav Ghuliani,Arnav Ghuliani,sa3032162,,,arnavghuliani
5871,Eric Gialloreto,Eric Gialloreto,sa3032164,,,ericgialloreto
5872,Nick Giamarusti,Nick Giamarusti,sa3032165,,,nickgiamarusti
5873,Drew Giannini,Drew Giannini,sa3032168,,,drewgiannini
5874,Evan Gibbons,Evan Gibbons,sa3032171,,,evangibbons
5875,Brent Gibbs,Brent Gibbs,sa3032176,,,brentgibbs
5876,Casey Gibbs,Casey Gibbs,sa3032177,,,caseygibbs
5877,Matt Giberti,Matt Giberti,sa3032180,,,mattgiberti
5878,Jonah Giblin,Jonah Giblin,sa3032181,,,jonahgiblin
5879,Ethan Gibson,Ethan Gibson,sa3032183,,,ethangibson
5880,Holt Gibson,Holt Gibson,sa3032184,,,holtgibson
5881,Hunter Gibson,Hunter Gibson,sa3032186,,,huntergibson
5882,Jayden Gibson,Jayden Gibson,sa3032187,,,jaydengibson
5883,Jack Gibson,Jack Gibson,sa3032188,,,jackgibson
5884,JT Gibson,JT Gibson,sa3032189,,,jtgibson
5885,Luke Gibson,Luke Gibson,sa3032190,,,lukegibson
5886,Michael Gibson,Michael Gibson,sa3032191,,,michaelgibson
5887,Murphy Gienger,Murphy Gienger,sa3032196,,,murphygienger
5888,Daniel Gierer,Daniel Gierer,sa3032197,,,danielgierer
5889,John Giesler,John Giesler,sa3032199,,,johngiesler
5890,Gabe Gifford,Gabe Gifford,sa3032202,,,gabegifford
5891,Ashtin Gilio,Ashtin Gilio,sa3032221,,,ashtingilio
5892,Ty Gill,Ty Gill,sa3032225,,,tygill
5893,Blake Gillespie,Blake Gillespie,sa3032227,805730,,blakegillespie
5894,Brayden Gilley,Brayden Gilley,sa3032228,,,braydengilley
5895,Cole Gilley,Cole Gilley,sa3032230,809126,,colegilley
5896,Davis Gillespie,Davis Gillespie,sa3032231,,,davisgillespie
5897,Jimmy Gilleran,Jimmy Gilleran,sa3032234,,,jimmygilleran
5898,Mac Gillespie,Mac Gillespie,sa3032235,,,macgillespie
5899,Michael Gillen,Michael Gillen,sa3032236,,,michaelgillen
5900,Tate Gillen,Tate Gillen,sa3032237,,,tategillen
5901,Emmett Gillies,Emmett Gillies,sa3032240,,,emmettgillies
5902,John Gillis,John Gillis,sa3032246,,,johngillis
5903,Jace Gillmore,Jace Gillmore,sa3032252,,,jacegillmore
5904,Clark Gilmore,Clark Gilmore,sa3032259,,,clarkgilmore
5905,Weston Gingerich,Weston Gingerich,sa3032267,,,westongingerich
5906,Ryan Ginther,Ryan Ginther,sa3032271,,,ryanginther
5907,Alex Giroux,Alex Giroux,sa3032280,,,alexgiroux
5908,Connor Giusti,Connor Giusti,sa3032288,,,connorgiusti
5909,James Gladden,James Gladden,sa3032292,,,jamesgladden
5910,Will Glatch,Will Glatch,sa3032297,,,willglatch
5911,Zach Gleason,Zach Gleason,sa3032301,,,zachgleason
5912,Dub Gleed,Dub Gleed,sa3032302,,,dubgleed
5913,Paul Glenchur,Paul Glenchur,sa3032304,,,paulglenchur
5914,Jared Glenn,Jared Glenn,sa3032308,,,jaredglenn
5915,Kenny Glover,Kenny Glover,sa3032318,,,kennyglover
5916,Braden Gluth,Braden Gluth,sa3032322,,,bradengluth
5917,Nick Gnardellis,Nick Gnardellis,sa3032323,,,nickgnardellis
5918,Jake Goble,Jake Goble,sa3032330,,,jakegoble
5919,Henry Godbout ,Henry Godbout ,sa3032331,,,henrygodbout
5920,Landon Godsey,Landon Godsey,sa3032336,,,landongodsey
5921,Dylan Goff,Dylan Goff,sa3032343,,,dylangoff
5922,Parker Goff,Parker Goff,sa3032344,,,parkergoff
5923,Evan Goforth,Evan Goforth,sa3032345,,,evangoforth
5924,Vincent Gohlke,Vincent Gohlke,sa3032346,,,vincentgohlke
5925,Ryan Gold,Ryan Gold,sa3032349,,,ryangold
5926,Will Goldberg,Will Goldberg,sa3032354,,,willgoldberg
5927,Liam Golden,Liam Golden,sa3032357,,,liamgolden
5928,Aleksei Goldhill,Aleksei Goldhill,sa3032360,,,alekseigoldhill
5929,Charlie Goldstein,Charlie Goldstein,sa3032363,,,charliegoldstein
5930,Jack Goleski,Jack Goleski,sa3032369,,,jackgoleski
5931,Grady Golier,Grady Golier,sa3032370,,,gradygolier
5932,Taeg Gollert,Taeg Gollert,sa3032373,,,taeggollert
5933,Jacob Gomberg,Jacob Gomberg,sa3032377,,,jacobgomberg
5934,Brandon Gomez,Brandon Gomez,sa3032382,,,brandongomez
5935,Franklin Gomez Jr.,Franklin Gomez Jr.,sa3032387,,,franklingomezjr
5936,Anthony Gonzalez,Anthony Gonzalez,sa3032402,,,anthonygonzalez
5937,Daniel Gonzalez,Daniel Gonzalez,sa3032408,,,danielgonzalez
5938,Dorian Gonzalez Jr.,Dorian Gonzalez Jr.,sa3032409,,,doriangonzalezjr
5939,Emiliano Gonzalez,Emiliano Gonzalez,sa3032410,,,emilianogonzalez
5940,Emilio Gonzalez,Emilio Gonzalez,sa3032411,,,emiliogonzalez
5941,Erick Gonzales,Erick Gonzales,sa3032412,,,erickgonzales
5942,Fernando Gonzalez,Fernando Gonzalez,sa3032413,,,fernandogonzalez
5943,Jayson Gonzalez,Jayson Gonzalez,sa3032420,,,jaysongonzalez
5944,Jeffrey Gonzalez,Jeffrey Gonzalez,sa3032422,,,jeffreygonzalez
5945,Jonathan Gonzalez,Jonathan Gonzalez,sa3032427,822499,,jonathangonzalez
5946,Jorge Gonzalez Febo,Jorge Gonzalez Febo,sa3032431,,,jorgegonzalezfebo
5947,Matt Gonzalez,Matt Gonzalez,sa3032435,,,mattgonzalez
5948,OJ Gonzalez,OJ Gonzalez,sa3032437,,,ojgonzalez
5949,Renzo Gonzalez,Renzo Gonzalez,sa3032438,,,renzogonzalez
5950,Roberto Gonzalez,Roberto Gonzalez,sa3032441,,,robertogonzalez
5951,Rudy Gonzalez,Rudy Gonzalez,sa3032442,,,rudygonzalez
5952,Sebastian Gonzalez,Sebastian Gonzalez,sa3032444,,,sebastiangonzalez
5953,Nic Good,Nic Good,sa3032450,,,nicgood
5954,Chris Goode,Chris Goode,sa3032453,,,chrisgoode
5955,Jack Goodman,Jack Goodman,sa3032460,806275,,jackgoodman
5956,Tommy Googins,Tommy Googins,sa3032471,,,tommygoogins
5957,Amari Gordon,Amari Gordon,sa3032477,,,amarigordon
5958,Austin Gordon,Austin Gordon,sa3032478,,,austingordon
5959,Kyle Gordon,Kyle Gordon,sa3032482,,,kylegordon
5960,Noah Gordon,Noah Gordon,sa3032484,,,noahgordon
5961,Rob Gordon,Rob Gordon,sa3032486,,,robgordon
5962,Tyler Gordon,Tyler Gordon,sa3032488,,,tylergordon
5963,Jake Gorelick,Jake Gorelick,sa3032492,,,jakegorelick
5964,Garrett Gores,Garrett Gores,sa3032493,,,garrettgores
5965,Grady Gorgen,Grady Gorgen,sa3032494,,,gradygorgen
5966,Brooks Gorman,Brooks Gorman,sa3032498,,,brooksgorman
5967,Greg Gorman,Greg Gorman,sa3032499,,,greggorman
5968,Zach Gorman,Zach Gorman,sa3032503,,,zachgorman
5969,TJ Gormley,TJ Gormley,sa3032504,,,tjgormley
5970,Javier Gorostola,Javier Gorostola,sa3032506,,,javiergorostola
5971,Justin Gorski,Justin Gorski,sa3032509,,,justingorski
5972,Miles Gosztola,Miles Gosztola,sa3032514,,,milesgosztola
5973,Santhosh Gottam,Santhosh Gottam,sa3032518,,,santhoshgottam
5974,Thomas Gould,Thomas Gould,sa3032528,,,thomasgould
5975,Zak Gould,Zak Gould,sa3032529,,,zakgould
5976,Alex Gouveia,Alex Gouveia,sa3032531,,,alexgouveia
5977,Ben Grable,Ben Grable,sa3032539,695066,,bengrable
5978,Matthew Grabmann,Matthew Grabmann,sa3032540,,,matthewgrabmann
5979,Ranard Grace,Ranard Grace,sa3032547,,,ranardgrace
5980,Rashard Grace,Rashard Grace,sa3032548,,,rashardgrace
5981,Ryan Grace,Ryan Grace,sa3032549,,,ryangrace
5982,AJ Gracia,AJ Gracia,sa3032552,,,ajgracia
5983,Clay Grady,Clay Grady,sa3032554,,,claygrady
5984,Keaton Grady,Keaton Grady,sa3032555,,,keatongrady
5985,Shea Grady,Shea Grady,sa3032556,,,sheagrady
5986,Aaron Graeber,Aaron Graeber,sa3032557,,,aarongraeber
5987,Brock Graf,Brock Graf,sa3032558,,,brockgraf
5988,Payton Graham,Payton Graham,sa3032565,804979,,paytongraham
5989,Gavin Grahovac,Gavin Grahovac,sa3032567,,,gavingrahovac
5990,Charlie Granatell,Charlie Granatell,sa3032569,,,charliegranatell
5991,Caleb Granger,Caleb Granger,sa3032573,,,calebgranger
5992,Corbin Grantham,Corbin Grantham,sa3032578,,,corbingrantham
5993,Cade Granzow,Cade Granzow,sa3032587,,,cadegranzow
5994,Alexis Gravel,Alexis Gravel,sa3032594,,,alexisgravel
5995,Griffin Graves,Griffin Graves,sa3032598,,,griffingraves
5996,Matthew Graveline,Matthew Graveline,sa3032600,,,matthewgraveline
5997,Braydon Gray,Braydon Gray,sa3032605,,,braydongray
5998,John Gray,John Gray,sa3032617,,,johngray
5999,Murf Gray,Murf Gray,sa3032619,,,murfgray
6000,Michael Graziano,Michael Graziano,sa3032623,,,michaelgraziano
6001,Caden Greanead,Caden Greanead,sa3032624,,,cadengreanead
6002,Cody Grebeck,Cody Grebeck,sa3032625,,,codygrebeck
6003,Anthony Greco,Anthony Greco,sa3032630,,,anthonygreco
6004,Garrett Greco,Garrett Greco,sa3032632,,,garrettgreco
6005,JD Greeley,JD Greeley,sa3032633,,,jdgreeley
6006,Bryan Green,Bryan Green,sa3032643,,,bryangreen
6007,Brody Green,Brody Green,sa3032644,,,brodygreen
6008,Bryce Greene,Bryce Greene,sa3032645,,,brycegreene
6009,Charles Green,Charles Green,sa3032649,,,charlesgreen
6010,Griffin Green,Griffin Green,sa3032657,,,griffingreen
6011,Jackson Green,Jackson Green,sa3032662,,,jacksongreen
6012,Jared Greenzang,Jared Greenzang,sa3032663,,,jaredgreenzang
6013,Jason Green,Jason Green,sa3032664,,,jasongreen
6014,Miller Green,Miller Green,sa3032672,,,millergreen
6015,Tyler Greenleaf,Tyler Greenleaf,sa3032675,,,tylergreenleaf
6016,Benjamin Greer,Benjamin Greer,sa3032676,,,benjamingreer
6017,Lucas Greer,Lucas Greer,sa3032678,,,lucasgreer
6018,Gavin Greger,Gavin Greger,sa3032681,,,gavingreger
6019,Simon Gregersen,Simon Gregersen,sa3032682,,,simongregersen
6020,Dylan Grego,Dylan Grego,sa3032686,834966,,dylangrego
6021,Edward Gregory,Edward Gregory,sa3032687,,,edwardgregory
6022,Gus Gregory,Gus Gregory,sa3032688,,,gusgregory
6023,JD Gregson,JD Gregson,sa3032692,,,jdgregson
6024,Nic Gregson,Nic Gregson,sa3032693,,,nicgregson
6025,Sebastian Greico,Sebastian Greico,sa3032695,,,sebastiangreico
6026,Noah Greise,Noah Greise,sa3032698,,,noahgreise
6027,Tyler Grenn,Tyler Grenn,sa3032703,,,tylergrenn
6028,Cole Griffith,Cole Griffith,sa3032712,,,colegriffith
6029,Conner Griffin,Conner Griffin,sa3032713,,,connergriffin
6030,Colton Griffin,Colton Griffin,sa3032714,,,coltongriffin
6031,Elijah Griffith,Elijah Griffith,sa3032715,,,elijahgriffith
6032,Evan Griffis,Evan Griffis,sa3032716,,,evangriffis
6033,Korbin Griffin,Korbin Griffin,sa3032719,,,korbingriffin
6034,Ryan Griffin,Ryan Griffin,sa3032724,,,ryangriffin
6035,Sam Griffith,Sam Griffith,sa3032725,,,samgriffith
6036,Tanner Griffith,Tanner Griffith,sa3032726,,,tannergriffith
6037,Jacob Grimes,Jacob Grimes,sa3032738,,,jacobgrimes
6038,Will Grimmett,Will Grimmett,sa3032741,,,willgrimmett
6039,Grayson Grinsell,Grayson Grinsell,sa3032742,804852,,graysongrinsell
6040,Adam Grintz,Adam Grintz,sa3032743,,,adamgrintz
6041,Bryce Grizzaffi,Bryce Grizzaffi,sa3032748,,,brycegrizzaffi
6042,Carter Groen,Carter Groen,sa3032754,,,cartergroen
6043,Mychal Grogan,Mychal Grogan,sa3032760,,,mychalgrogan
6044,Holden Groher,Holden Groher,sa3032761,,,holdengroher
6045,Tommy Groom,Tommy Groom,sa3032764,,,tommygroom
6046,Chazz Grossington,Chazz Grossington,sa3032769,,,chazzgrossington
6047,Chris Grothues,Chris Grothues,sa3032780,,,chrisgrothues
6048,Connor Grotyohann,Connor Grotyohann,sa3032782,,,connorgrotyohann
6049,Nick Groves,Nick Groves,sa3032788,,,nickgroves
6050,Max Grubbs,Max Grubbs,sa3032792,,,maxgrubbs
6051,Talor Grubbs,Talor Grubbs,sa3032793,,,talorgrubbs
6052,Garrett Gruell,Garrett Gruell,sa3032795,,,garrettgruell
6053,Gannon Grundman,Gannon Grundman,sa3032797,,,gannongrundman
6054,Kade Grundy,Kade Grundy,sa3032798,,,kadegrundy
6055,Ryan Grundy,Ryan Grundy,sa3032800,,,ryangrundy
6056,Nick Guachione,Nick Guachione,sa3032804,,,nickguachione
6057,Andrew Guardino,Andrew Guardino,sa3032807,,,andrewguardino
6058,Jakob Guardado,Jakob Guardado,sa3032808,,,jakobguardado
6059,Jake Guardiancic,Jake Guardiancic,sa3032809,,,jakeguardiancic
6060,Adam Guazzo,Adam Guazzo,sa3032815,,,adamguazzo
6061,Anthony Gubitosi,Anthony Gubitosi,sa3032816,,,anthonygubitosi
6062,Payton Gubler,Payton Gubler,sa3032817,,,paytongubler
6063,Braden Guentz,Braden Guentz,sa3032820,,,bradenguentz
6064,Blake Guerin,Blake Guerin,sa3032822,,,blakeguerin
6065,AJ Guerrero,AJ Guerrero,sa3032823,,,ajguerrero
6066,Jack Guerrero,Jack Guerrero,sa3032827,,,jackguerrero
6067,JT Guerrero,JT Guerrero,sa3032828,,,jtguerrero
6068,Sergio Guerra,Sergio Guerra,sa3032831,,,sergioguerra
6069,Daniel Guevara Castro,Daniel Guevara Castro,sa3032833,,,danielguevaracastro
6070,Eric Guevara,Eric Guevara,sa3032834,,,ericguevara
6071,Justin Guiliano,Justin Guiliano,sa3032843,,,justinguiliano
6072,Griffin Guinther,Griffin Guinther,sa3032844,,,griffinguinther
6073,Caleb Guisewite,Caleb Guisewite,sa3032845,,,calebguisewite
6074,Rocco Gump,Rocco Gump,sa3032848,,,roccogump
6075,Brady Gumpf,Brady Gumpf,sa3032849,,,bradygumpf
6076,Mike Gunning,Mike Gunning,sa3032855,,,mikegunning
6077,Josh Gunther,Josh Gunther,sa3032857,,,joshgunther
6078,Michael Gupton,Michael Gupton,sa3032858,,,michaelgupton
6079,Cameron Gurney,Cameron Gurney,sa3032862,,,camerongurney
6080,Chad Gurnea,Chad Gurnea,sa3032863,,,chadgurnea
6081,Jaden Gustafson,Jaden Gustafson,sa3032869,,,jadengustafson
6082,Luke Guth,Luke Guth,sa3032873,,,lukeguth
6083,Diego Gutierrez,Diego Gutierrez,sa3032876,,,diegogutierrez
6084,Gaby Gutierrez,Gaby Gutierrez,sa3032877,,,gabygutierrez
6085,Jacob Gutierrez,Jacob Gutierrez,sa3032879,,,jacobgutierrez
6086,Jesse Gutierrez,Jesse Gutierrez,sa3032881,,,jessegutierrez
6087,Colby Guy,Colby Guy,sa3032886,,,colbyguy
6088,James Guyette,James Guyette,sa3032890,,,jamesguyette
6089,Adonys Guzman,Adonys Guzman,sa3032892,,,adonysguzman
6090,Armani Guzman,Armani Guzman,sa3032893,,,armaniguzman
6091,Edwin Guzman,Edwin Guzman,sa3032896,,,edwinguzman
6092,Randy Guzman,Randy Guzman,sa3032903,,,randyguzman
6093,Seth Gwynn,Seth Gwynn,sa3032906,,,sethgwynn
6094,Daniel Haab,Daniel Haab,sa3032908,,,danielhaab
6095,Toby Haarer,Toby Haarer,sa3032910,,,tobyhaarer
6096,Matthias Haas,Matthias Haas,sa3032912,,,matthiashaas
6097,Peter Haas,Peter Haas,sa3032913,,,peterhaas
6098,Adam Haber,Adam Haber,sa3032918,,,adamhaber
6099,Elias Hachem,Elias Hachem,sa3032922,,,eliashachem
6100,Julien Hachem,Julien Hachem,sa3032923,,,julienhachem
6101,Christian Hack,Christian Hack,sa3032924,,,christianhack
6102,AJ Hacker,AJ Hacker,sa3032926,,,ajhacker
6103,John Hacker,John Hacker,sa3032930,,,johnhacker
6104,Justin Hackett,Justin Hackett,sa3032931,,,justinhackett
6105,Patrick Hackworth,Patrick Hackworth,sa3032935,,,patrickhackworth
6106,Christopher Hacopian,Christopher Hacopian,sa3032936,,,christopherhacopian
6107,Eddie Hacopian,Eddie Hacopian,sa3032937,,,eddiehacopian
6108,David Hagaman,David Hagaman,sa3032946,,,davidhagaman
6109,Jack Hagan,Jack Hagan,sa3032950,,,jackhagan
6110,Cole Hage,Cole Hage,sa3032952,,,colehage
6111,Joey Hagen,Joey Hagen,sa3032957,,,joeyhagen
6112,Kevin Hager,Kevin Hager,sa3032961,,,kevinhager
6113,Jake Haggard,Jake Haggard,sa3032962,,,jakehaggard
6114,Rylan Haider,Rylan Haider,sa3032971,,,rylanhaider
6115,Patrick Hail,Patrick Hail,sa3032975,,,patrickhail
6116,Carter Hain,Carter Hain,sa3032976,,,carterhain
6117,Dillon Haines,Dillon Haines,sa3032977,,,dillonhaines
6118,Tyler Haines,Tyler Haines,sa3032979,,,tylerhaines
6119,Nick Hainline,Nick Hainline,sa3032980,,,nickhainline
6120,Reid Haire,Reid Haire,sa3032981,,,reidhaire
6121,Dallas Hairfield,Dallas Hairfield,sa3032982,,,dallashairfield
6122,Ryan Halamicek,Ryan Halamicek,sa3032988,,,ryanhalamicek
6123,Josh Halcisak,Josh Halcisak,sa3032991,,,joshhalcisak
6124,Connor Hale,Connor Hale,sa3032995,,,connorhale
6125,Marshall Hale,Marshall Hale,sa3032997,,,marshallhale
6126,Royce Hale,Royce Hale,sa3032998,,,roycehale
6127,Gage Haley,Gage Haley,sa3032999,,,gagehaley
6128,Jacob Haley,Jacob Haley,sa3033002,,,jacobhaley
6129,Jacob Halford,Jacob Halford,sa3033008,,,jacobhalford
6130,Dawson Hall,Dawson Hall,sa3033020,,,dawsonhall
6131,Ed Hall,Ed Hall,sa3033023,,,edhall
6132,Hayden Hall,Hayden Hall,sa3033025,,,haydenhall
6133,Jude Hall,Jude Hall,sa3033033,,,judehall
6134,Kevin Hall,Kevin Hall,sa3033035,,,kevinhall
6135,Nathan Hall,Nathan Hall,sa3033038,703449,,nathanhall
6136,Quinton Hall,Quinton Hall,sa3033040,,,quintonhall
6137,Regan Hall,Regan Hall,sa3033041,,,reganhall
6138,Sam Hall,Sam Hall,sa3033043,,,samhall
6139,Austin Haller,Austin Haller,sa3033047,,,austinhaller
6140,Katcher Halligan,Katcher Halligan,sa3033048,,,katcherhalligan
6141,Jackson Halter,Jackson Halter,sa3033059,,,jacksonhalter
6142,Wyatt Halvorson,Wyatt Halvorson,sa3033062,,,wyatthalvorson
6143,Billy Ham,Billy Ham,sa3033063,,,billyham
6144,Spenser Hamblen,Spenser Hamblen,sa3033069,,,spenserhamblen
6145,Robert Hamchuk,Robert Hamchuk,sa3033070,,,roberthamchuk
6146,Brady Hamilton,Brady Hamilton,sa3033073,,,bradyhamilton
6147,Davis Hamilton,Davis Hamilton,sa3033076,,,davishamilton
6148,Hudson Hamilton,Hudson Hamilton,sa3033082,,,hudsonhamilton
6149,Jack Hamilton,Jack Hamilton,sa3033083,,,jackhamilton
6150,Jackson Hamilton,Jackson Hamilton,sa3033084,,,jacksonhamilton
6151,Sean Hamilton,Sean Hamilton,sa3033088,,,seanhamilton
6152,Logan Hamm,Logan Hamm,sa3033093,,,loganhamm
6153,Elijha Hammill,Elijha Hammill,sa3033096,,,elijhahammill
6154,Brycen Hammonds,Brycen Hammonds,sa3033098,,,brycenhammonds
6155,Eric Hammond,Eric Hammond,sa3033100,,,erichammond
6156,Luke Hammond,Luke Hammond,sa3033104,,,lukehammond
6157,Rhett Hammontree,Rhett Hammontree,sa3033106,,,rhetthammontree
6158,Jeremiah Hampton,Jeremiah Hampton,sa3033111,,,jeremiahhampton
6159,Parker Hampton,Parker Hampton,sa3033114,,,parkerhampton
6160,Max Handron,Max Handron,sa3033126,,,maxhandron
6161,EJ Hankerson,EJ Hankerson,sa3033133,,,ejhankerson
6162,Josh Hankins,Josh Hankins,sa3033134,,,joshhankins
6163,Andrew Hanlon,Andrew Hanlon,sa3033138,,,andrewhanlon
6164,Brett Hansen,Brett Hansen,sa3033154,,,bretthansen
6165,Carson Hansen,Carson Hansen,sa3033156,,,carsonhansen
6166,Cole Hansen,Cole Hansen,sa3033158,,,colehansen
6167,Trevor Hanselman,Trevor Hanselman,sa3033169,,,trevorhanselman
6168,Trevor Hansen,Trevor Hansen,sa3033170,,,trevorhansen
6169,Max Hansmann,Max Hansmann,sa3033175,,,maxhansmann
6170,Carter Hanson,Carter Hanson,sa3033176,,,carterhanson
6171,Gerald Hanson,Gerald Hanson,sa3033179,,,geraldhanson
6172,Jason Hanson,Jason Hanson,sa3033180,,,jasonhanson
6173,Jared Hanson,Jared Hanson,sa3033181,,,jaredhanson
6174,Jordan Hanson,Jordan Hanson,sa3033182,,,jordanhanson
6175,Luke Hanson,Luke Hanson,sa3033183,702630,,lukehanson
6176,Ahmad Harajli,Ahmad Harajli,sa3033190,,,ahmadharajli
6177,Andrew Harbour,Andrew Harbour,sa3033194,,,andrewharbour
6178,Kyle Hard,Kyle Hard,sa3033195,,,kylehard
6179,Ethan Harden,Ethan Harden,sa3033199,,,ethanharden
6180,Halton Hardy,Halton Hardy,sa3033214,,,haltonhardy
6181,Tyler Hare,Tyler Hare,sa3033220,,,tylerhare
6182,Hunter Hargett,Hunter Hargett,sa3033222,,,hunterhargett
6183,Garrett Harker,Garrett Harker,sa3033224,,,garrettharker
6184,Ryan Harland,Ryan Harland,sa3033227,,,ryanharland
6185,Trevor Harmon,Trevor Harmon,sa3033238,,,trevorharmon
6186,Nick Harnisch,Nick Harnisch,sa3033241,,,nickharnisch
6187,Blaine Harpenau,Blaine Harpenau,sa3033243,,,blaineharpenau
6188,Thomas Harper,Thomas Harper,sa3033250,,,thomasharper
6189,Michael Harpster,Michael Harpster,sa3033252,,,michaelharpster
6190,Ryan Harrahill,Ryan Harrahill,sa3033253,,,ryanharrahill
6191,Gage Harrelson,Gage Harrelson,sa3033254,702629,,gageharrelson
6192,Aidan Harrington,Aidan Harrington,sa3033255,,,aidanharrington
6193,Brendan Harrity,Brendan Harrity,sa3033260,,,brendanharrity
6194,Connor Harris,Connor Harris,sa3033263,,,connorharris
6195,Dasan Harris,Dasan Harris,sa3033270,,,dasanharris
6196,Dallin Harrison,Dallin Harrison,sa3033271,,,dallinharrison
6197,Everette Harris,Everette Harris,sa3033274,,,everetteharris
6198,Griffin Harrison,Griffin Harrison,sa3033278,,,griffinharrison
6199,James Harris,James Harris,sa3033284,,,jamesharris
6200,Jaden Harris,Jaden Harris,sa3033285,,,jadenharris
6201,Jackson Harris,Jackson Harris,sa3033286,,,jacksonharris
6202,KaiKea Harrison,KaiKea Harrison,sa3033288,,,kaikeaharrison
6203,Luke Harrison,Luke Harrison,sa3033295,,,lukeharrison
6204,Malik Harris,Malik Harris,sa3033296,,,malikharris
6205,Parker Harrison,Parker Harrison,sa3033299,,,parkerharrison
6206,Sam Harris,Sam Harris,sa3033301,,,samharris
6207,Shemar Harris,Shemar Harris,sa3033304,,,shemarharris
6208,Tommy Harrison,Tommy Harrison,sa3033306,,,tommyharrison
6209,Tyler Harrington,Tyler Harrington,sa3033313,,,tylerharrington
6210,Will Harrigan,Will Harrigan,sa3033315,,,willharrigan
6211,Zach Harris,Zach Harris,sa3033317,823226,,zachharris
6212,Brian Hart,Brian Hart,sa3033320,,,brianhart
6213,Edward Hart,Edward Hart,sa3033325,,,edwardhart
6214,Evan Hart,Evan Hart,sa3033326,,,evanhart
6215,Hudson Hart,Hudson Hart,sa3033329,,,hudsonhart
6216,River Hart,River Hart,sa3033333,,,riverhart
6217,Sam Hart,Sam Hart,sa3033334,,,samhart
6218,Cam Harthan,Cam Harthan,sa3033337,,,camharthan
6219,Jacob Hartlaub,Jacob Hartlaub,sa3033345,826935,,jacobhartlaub
6220,Tyler Hartley,Tyler Hartley,sa3033346,,,tylerhartley
6221,Wiley Hartley,Wiley Hartley,sa3033347,,,wileyhartley
6222,Colton Hartman,Colton Hartman,sa3033349,,,coltonhartman
6223,Erich Hartmann,Erich Hartmann,sa3033350,,,erichhartmann
6224,Lucas Hartman,Lucas Hartman,sa3033352,,,lucashartman
6225,Max Hartman,Max Hartman,sa3033353,,,maxhartman
6226,Austin Hartsell,Austin Hartsell,sa3033354,,,austinhartsell
6227,Warren Hartzell,Warren Hartzell,sa3033359,,,warrenhartzell
6228,Jake Harvey,Jake Harvey,sa3033361,,,jakeharvey
6229,Sam Hasegawa,Sam Hasegawa,sa3033365,,,samhasegawa
6230,Arren Hash,Arren Hash,sa3033367,,,arrenhash
6231,Logan Haskell,Logan Haskell,sa3033368,,,loganhaskell
6232,Trevor Haskins,Trevor Haskins,sa3033370,695579,,trevorhaskins
6233,Cameron Hassert,Cameron Hassert,sa3033375,,,cameronhassert
6234,Brandon Haston,Brandon Haston,sa3033380,,,brandonhaston
6235,Aidan Hatcher,Aidan Hatcher,sa3033384,,,aidanhatcher
6236,Jake Hatch,Jake Hatch,sa3033386,,,jakehatch
6237,Spencer Hatch,Spencer Hatch,sa3033389,,,spencerhatch
6238,Hayden Hattenbach,Hayden Hattenbach,sa3033392,,,haydenhattenbach
6239,Max Haug,Max Haug,sa3033398,,,maxhaug
6240,Aidan Haugh,Aidan Haugh,sa3033399,815063,,aidanhaugh
6241,Joe Hauser,Joe Hauser,sa3033407,,,joehauser
6242,Joseph Hauser,Joseph Hauser,sa3033408,,,josephhauser
6243,Anthony Hausner,Anthony Hausner,sa3033409,,,anthonyhausner
6244,Justin Hausser,Justin Hausser,sa3033410,,,justinhausser
6245,Peyton Havard,Peyton Havard,sa3033412,,,peytonhavard
6246,Jacob Havern,Jacob Havern,sa3033416,,,jacobhavern
6247,AJ Havrilla,AJ Havrilla,sa3033418,,,ajhavrilla
6248,Austin Hawke,Austin Hawke,sa3033421,,,austinhawke
6249,Dylan Hawkes,Dylan Hawkes,sa3033422,,,dylanhawkes
6250,Gavin Hawkes,Gavin Hawkes,sa3033423,,,gavinhawkes
6251,Brady Hawkins,Brady Hawkins,sa3033425,,,bradyhawkins
6252,Bryce Hawkins,Bryce Hawkins,sa3033426,,,brycehawkins
6253,Colin Hawkins,Colin Hawkins,sa3033427,,,colinhawkins
6254,Jason Hawkins,Jason Hawkins,sa3033431,,,jasonhawkins
6255,Mitch Hawkins,Mitch Hawkins,sa3033432,,,mitchhawkins
6256,Payton Hawkinson,Payton Hawkinson,sa3033433,,,paytonhawkinson
6257,Sawyer Hawks,Sawyer Hawks,sa3033436,700895,,sawyerhawks
6258,Nathan Hawley,Nathan Hawley,sa3033438,,,nathanhawley
6259,Lane Haworth,Lane Haworth,sa3033439,,,lanehaworth
6260,Connor Hayden,Connor Hayden,sa3033445,,,connorhayden
6261,Enas Hayden,Enas Hayden,sa3033446,,,enashayden
6262,Alex Hayes,Alex Hayes,sa3033447,,,alexhayes
6263,Nyan Hayes,Nyan Hayes,sa3033453,,,nyanhayes
6264,Aidan Haynes,Aidan Haynes,sa3033459,,,aidanhaynes
6265,James Hays,James Hays,sa3033463,,,jameshays
6266,Camden Hayslip,Camden Hayslip,sa3033468,,,camdenhayslip
6267,Connor Haywood,Connor Haywood,sa3033470,,,connorhaywood
6268,Ethan He,Ethan He,sa3033476,,,ethanhe
6269,Tristan Head,Tristan Head,sa3033480,,,tristanhead
6270,Andrew Healy,Andrew Healy,sa3033483,804986,,andrewhealy
6271,Jeffery Heard,Jeffery Heard,sa3033488,,,jefferyheard
6272,Cole Heath,Cole Heath,sa3033491,,,coleheath
6273,Matt Heavner,Matt Heavner,sa3033496,,,mattheavner
6274,Aiden Heberlie,Aiden Heberlie,sa3033499,,,aidenheberlie
6275,Curtis Hebert,Curtis Hebert,sa3033501,805222,,curtishebert
6276,Brian Heckelman,Brian Heckelman,sa3033507,,,brianheckelman
6277,Ethan Hedges,Ethan Hedges,sa3033512,,,ethanhedges
6278,Luke Heefner,Luke Heefner,sa3033516,,,lukeheefner
6279,Mitchell Heer,Mitchell Heer,sa3033518,,,mitchellheer
6280,Andrew Heffernan,Andrew Heffernan,sa3033519,,,andrewheffernan
6281,JP Hefft,JP Hefft,sa3033523,,,jphefft
6282,Chris Hege,Chris Hege,sa3033528,,,chrishege
6283,Colton Hegwood,Colton Hegwood,sa3033530,,,coltonhegwood
6284,Matthew Heiberger,Matthew Heiberger,sa3033531,,,matthewheiberger
6285,Dylan Heine,Dylan Heine,sa3033537,,,dylanheine
6286,Mason Heiskell,Mason Heiskell,sa3033549,,,masonheiskell
6287,Leighton Helfrick,Leighton Helfrick,sa3033555,,,leightonhelfrick
6288,Ryder Helfrick,Ryder Helfrick,sa3033556,,,ryderhelfrick
6289,Hogan Helligso,Hogan Helligso,sa3033560,,,hoganhelligso
6290,Cooper Hellman,Cooper Hellman,sa3033561,,,cooperhellman
6291,Dominic Hellman,Dominic Hellman,sa3033562,,,dominichellman
6292,Tristan Helmick,Tristan Helmick,sa3033569,,,tristanhelmick
6293,Blake Helmstetter,Blake Helmstetter,sa3033571,,,blakehelmstetter
6294,Garrett Helsel,Garrett Helsel,sa3033574,,,garretthelsel
6295,DJ Helwig,DJ Helwig,sa3033578,,,djhelwig
6296,Tyler Hemmesch,Tyler Hemmesch,sa3033583,,,tylerhemmesch
6297,Kameryn Henderson,Kameryn Henderson,sa3033589,,,kamerynhenderson
6298,Andrew Hendrickx,Andrew Hendrickx,sa3033593,,,andrewhendrickx
6299,Carter Hendrickson,Carter Hendrickson,sa3033594,,,carterhendrickson
6300,Cody Hendriks,Cody Hendriks,sa3033595,,,codyhendriks
6301,Evans Hendricks,Evans Hendricks,sa3033596,,,evanshendricks
6302,Rhett Hendricks,Rhett Hendricks,sa3033600,,,rhetthendricks
6303,Kellan Heney,Kellan Heney,sa3033602,,,kellanheney
6304,Ethan Hennessy,Ethan Hennessy,sa3033610,,,ethanhennessy
6305,Connor Hennings,Connor Hennings,sa3033614,,,connorhennings
6306,Elijah Henning,Elijah Henning,sa3033615,,,elijahhenning
6307,Mark Henning,Mark Henning,sa3033616,,,markhenning
6308,Tim Hennig,Tim Hennig,sa3033617,,,timhennig
6309,Hayden Henry,Hayden Henry,sa3033628,,,haydenhenry
6310,Zach Henry,Zach Henry,sa3033636,,,zachhenry
6311,Justin Henschel,Justin Henschel,sa3033637,832044,,justinhenschel
6312,Ryan Henschel,Ryan Henschel,sa3033638,,,ryanhenschel
6313,Wyatt Henseler,Wyatt Henseler,sa3033639,814809,,wyatthenseler
6314,Mark Henshon,Mark Henshon,sa3033640,,,markhenshon
6315,Tyler Henshaw,Tyler Henshaw,sa3033642,,,tylerhenshaw
6316,Reid Hensley,Reid Hensley,sa3033644,,,reidhensley
6317,Will Henson,Will Henson,sa3033650,,,willhenson
6318,Cole Hentschel,Cole Hentschel,sa3033652,,,colehentschel
6319,Cade Hentz,Cade Hentz,sa3033653,,,cadehentz
6320,James Hepp,James Hepp,sa3033656,,,jameshepp
6321,Kaleb Herbert,Kaleb Herbert,sa3033659,,,kalebherbert
6322,Aaron Herbst,Aaron Herbst,sa3033661,,,aaronherbst
6323,Caleb Herd,Caleb Herd,sa3033662,,,calebherd
6324,Carston Herman,Carston Herman,sa3033664,,,carstonherman
6325,Benny Hernandez,Benny Hernandez,sa3033669,,,bennyhernandez
6326,Francisco Hernandez,Francisco Hernandez,sa3033675,,,franciscohernandez
6327,Gabriel Hernandez,Gabriel Hernandez,sa3033676,,,gabrielhernandez
6328,Jaylen Hernandez,Jaylen Hernandez,sa3033679,,,jaylenhernandez
6329,Jedier Hernandez,Jedier Hernandez,sa3033680,,,jedierhernandez
6330,Mateo Hernandez,Mateo Hernandez,sa3033684,,,mateohernandez
6331,Ricky Hernandez,Ricky Hernandez,sa3033690,,,rickyhernandez
6332,Ryan Hernandez,Ryan Hernandez,sa3033694,,,ryanhernandez
6333,Ryder Hernandez,Ryder Hernandez,sa3033695,,,ryderhernandez
6334,Zach Hernandez,Zach Hernandez,sa3033696,,,zachhernandez
6335,Chase Herrell,Chase Herrell,sa3033700,,,chaseherrell
6336,Jesse Herrera,Jesse Herrera,sa3033701,,,jesseherrera
6337,Patrick Herrera,Patrick Herrera,sa3033702,,,patrickherrera
6338,JP Herrholz,JP Herrholz,sa3033703,,,jpherrholz
6339,Griffin Herring,Griffin Herring,sa3033707,,,griffinherring
6340,Andrew Herrmann,Andrew Herrmann,sa3033711,,,andrewherrmann
6341,Grant Herron,Grant Herron,sa3033717,,,grantherron
6342,Noah Hertzler,Noah Hertzler,sa3033724,,,noahhertzler
6343,Holden Hess,Holden Hess,sa3033727,,,holdenhess
6344,Kyle Hess,Kyle Hess,sa3033729,,,kylehess
6345,Tate Hess,Tate Hess,sa3033730,,,tatehess
6346,Ryan Hetzler,Ryan Hetzler,sa3033739,,,ryanhetzler
6347,Mac Heuer,Mac Heuer,sa3033740,806121,,macheuer
6348,Marcus Heusohn,Marcus Heusohn,sa3033741,,,marcusheusohn
6349,Carter Hewitt,Carter Hewitt,sa3033743,,,carterhewitt
6350,Josh Heyder,Josh Heyder,sa3033751,,,joshheyder
6351,Matthew Heyl,Matthew Heyl,sa3033753,,,matthewheyl
6352,Luke Heyman,Luke Heyman,sa3033754,701326,,lukeheyman
6353,Sam Heyman,Sam Heyman,sa3033755,,,samheyman
6354,Baylor Hicks,Baylor Hicks,sa3033768,,,baylorhicks
6355,Davion Hickson,Davion Hickson,sa3033771,701336,,davionhickson
6356,Ben Higdon,Ben Higdon,sa3033779,,,benhigdon
6357,Cal Higgins,Cal Higgins,sa3033784,,,calhiggins
6358,Kade Higgins,Kade Higgins,sa3033786,,,kadehiggins
6359,Nolan Higgins,Nolan Higgins,sa3033791,,,nolanhiggins
6360,Ryan Higgins,Ryan Higgins,sa3033792,,,ryanhiggins
6361,Conor Higgs,Conor Higgs,sa3033795,,,conorhiggs
6362,Hunter High,Hunter High,sa3033797,,,hunterhigh
6363,Ross Highfill,Ross Highfill,sa3033798,,,rosshighfill
6364,Mack Higuchi,Mack Higuchi,sa3033800,,,mackhiguchi
6365,Aden Hill,Aden Hill,sa3033804,,,adenhill
6366,Brock Hill,Brock Hill,sa3033808,,,brockhill
6367,Eli Hill,Eli Hill,sa3033817,,,elihill
6368,Jack Hill,Jack Hill,sa3033822,,,jackhill
6369,Jackson Hill,Jackson Hill,sa3033823,,,jacksonhill
6370,Luke Hill,Luke Hill,sa3033826,702619,,lukehill
6371,Sam Hill,Sam Hill,sa3033831,,,samhill
6372,Spencer Hill,Spencer Hill,sa3033832,,,spencerhill
6373,Trey Hill,Trey Hill,sa3033835,,,treyhill
6374,Trent Hillen,Trent Hillen,sa3033838,,,trenthillen
6375,Three Hillier,Three Hillier,sa3033841,,,threehillier
6376,Jackson Hinchliffe,Jackson Hinchliffe,sa3033849,,,jacksonhinchliffe
6377,Connor Hincks,Connor Hincks,sa3033850,,,connorhincks
6378,Ethan Hindle,Ethan Hindle,sa3033852,,,ethanhindle
6379,Will Hindle,Will Hindle,sa3033853,,,willhindle
6380,Aiden Hinds,Aiden Hinds,sa3033854,,,aidenhinds
6381,Mark Hindy,Mark Hindy,sa3033855,,,markhindy
6382,Hunter Hines,Hunter Hines,sa3033858,702309,,hunterhines
6383,Casey Hintz,Casey Hintz,sa3033864,808750,,caseyhintz
6384,Nick Hios,Nick Hios,sa3033865,,,nickhios
6385,Max Hippensteel,Max Hippensteel,sa3033869,,,maxhippensteel
6386,Mason Hirata,Mason Hirata,sa3033874,,,masonhirata
6387,Zach Hise,Zach Hise,sa3033879,,,zachhise
6388,Dalton Hitt,Dalton Hitt,sa3033881,,,daltonhitt
6389,Jamie Hitt,Jamie Hitt,sa3033882,699546,,jamiehitt
6390,Sam Hliboki,Sam Hliboki,sa3033884,,,samhliboki
6391,Chris Ho,Chris Ho,sa3033887,,,chrisho
6392,Chris Hoalcraft,Chris Hoalcraft,sa3033888,,,chrishoalcraft
6393,Jerek Hobb,Jerek Hobb,sa3033889,,,jerekhobb
6394,Aaron Hobson,Aaron Hobson,sa3033890,,,aaronhobson
6395,Jarrod Hocking,Jarrod Hocking,sa3033893,,,jarrodhocking
6396,Bradley Hodges,Bradley Hodges,sa3033896,,,bradleyhodges
6397,Clayton Hodges,Clayton Hodges,sa3033899,,,claytonhodges
6398,Ty Hodge,Ty Hodge,sa3033906,,,tyhodge
6399,Will Hodo,Will Hodo,sa3033907,,,willhodo
6400,Jack Hoeymans,Jack Hoeymans,sa3033914,,,jackhoeymans
6401,Billy Hoffacker,Billy Hoffacker,sa3033915,,,billyhoffacker
6402,Erik Hoffberg,Erik Hoffberg,sa3033917,,,erikhoffberg
6403,Braden Hofmeyer,Braden Hofmeyer,sa3033926,,,bradenhofmeyer
6404,Robert Hogan,Robert Hogan,sa3033932,,,roberthogan
6405,Jonathan Hogart,Jonathan Hogart,sa3033935,,,jonathanhogart
6406,Brant Hogue,Brant Hogue,sa3033937,,,branthogue
6407,Josh Hogue,Josh Hogue,sa3033938,803811,,joshhogue
6408,Cam Hoiland,Cam Hoiland,sa3033941,,,camhoiland
6409,Kris Hokenson,Kris Hokenson,sa3033944,,,krishokenson
6410,Dawson Hokuf,Dawson Hokuf,sa3033945,,,dawsonhokuf
6411,Nicholas Holbrook,Nicholas Holbrook,sa3033948,,,nicholasholbrook
6412,Reece Holbrook,Reece Holbrook,sa3033949,,,reeceholbrook
6413,Braden Holcomb,Braden Holcomb,sa3033951,,,bradenholcomb
6414,Huxley Holcombe,Huxley Holcombe,sa3033952,,,huxleyholcombe
6415,Grant Holderfield,Grant Holderfield,sa3033960,,,grantholderfield
6416,Jaxon Holder,Jaxon Holder,sa3033961,,,jaxonholder
6417,Jeremiah Holder,Jeremiah Holder,sa3033962,,,jeremiahholder
6418,Taylor Holder,Taylor Holder,sa3033964,,,taylorholder
6419,Al Holguin,Al Holguin,sa3033969,,,alholguin
6420,Carter Holjes,Carter Holjes,sa3033972,,,carterholjes
6421,Brendan Holland,Brendan Holland,sa3033973,,,brendanholland
6422,Luke Holland,Luke Holland,sa3033977,,,lukeholland
6423,Braley Hollins,Braley Hollins,sa3033985,,,braleyhollins
6424,Nick Hollifield,Nick Hollifield,sa3033990,824753,,nickhollifield
6425,Sean Hollister,Sean Hollister,sa3033992,,,seanhollister
6426,Brady Holloway,Brady Holloway,sa3033995,,,bradyholloway
6427,Kai Holm,Kai Holm,sa3034000,,,kaiholm
6428,Evan Holman,Evan Holman,sa3034001,,,evanholman
6429,Jack Holman,Jack Holman,sa3034002,,,jackholman
6430,Luke Holman,Luke Holman,sa3034003,,,lukeholman
6431,Derek Holmes,Derek Holmes,sa3034007,,,derekholmes
6432,Hunter Holmes,Hunter Holmes,sa3034009,,,hunterholmes
6433,Jackson Holmes,Jackson Holmes,sa3034010,,,jacksonholmes
6434,Will Holmes,Will Holmes,sa3034015,,,willholmes
6435,John Holobetz,John Holobetz,sa3034016,,,johnholobetz
6436,Brennan Holt,Brennan Holt,sa3034020,,,brennanholt
6437,Campbell Holt,Campbell Holt,sa3034022,,,campbellholt
6438,Sebastian Holt,Sebastian Holt,sa3034029,,,sebastianholt
6439,Mason Holton,Mason Holton,sa3034032,,,masonholton
6440,Sam Holtz,Sam Holtz,sa3034037,,,samholtz
6441,Hunter Holzemer,Hunter Holzemer,sa3034040,,,hunterholzemer
6442,Matthew Holzhammer,Matthew Holzhammer,sa3034042,,,matthewholzhammer
6443,Stevie Hom,Stevie Hom,sa3034045,,,steviehom
6444,CJ Hood,CJ Hood,sa3034053,,,cjhood
6445,Kyle Hoog,Kyle Hoog,sa3034057,,,kylehoog
6446,Jake Hooker,Jake Hooker,sa3034059,,,jakehooker
6447,Blake Hooks,Blake Hooks,sa3034060,,,blakehooks
6448,Chase Hoover,Chase Hoover,sa3034066,,,chasehoover
6449,Matt Hoover,Matt Hoover,sa3034069,,,matthoover
6450,Tyler Hoover,Tyler Hoover,sa3034070,,,tylerhoover
6451,Jack Hopko,Jack Hopko,sa3034078,,,jackhopko
6452,Kameron Hopson,Kameron Hopson,sa3034083,,,kameronhopson
6453,Zack Horky,Zack Horky,sa3034088,,,zackhorky
6454,Darin Horn,Darin Horn,sa3034091,,,darinhorn
6455,David Horn,David Horn,sa3034092,,,davidhorn
6456,Jackson Horn,Jackson Horn,sa3034095,,,jacksonhorn
6457,Sam Horn,Sam Horn,sa3034097,802413,,samhorn
6458,Ty Horn,Ty Horn,sa3034098,,,tyhorn
6459,Justin Hornschemeier,Justin Hornschemeier,sa3034102,,,justinhornschemeier
6460,Carson Hornung,Carson Hornung,sa3034103,,,carsonhornung
6461,Cullen Horowicz,Cullen Horowicz,sa3034104,,,cullenhorowicz
6462,Chase Horst,Chase Horst,sa3034105,,,chasehorst
6463,Brayden Horton,Brayden Horton,sa3034106,,,braydenhorton
6464,Andrew Horvath,Andrew Horvath,sa3034115,,,andrewhorvath
6465,David Horvath,David Horvath,sa3034116,,,davidhorvath
6466,Gianni Horvat,Gianni Horvat,sa3034117,,,giannihorvat
6467,Mason Horwat,Mason Horwat,sa3034119,,,masonhorwat
6468,Zach Hose,Zach Hose,sa3034122,,,zachhose
6469,Nick Hosie,Nick Hosie,sa3034123,,,nickhosie
6470,Luke Hoskins,Luke Hoskins,sa3034126,,,lukehoskins
6471,Matthew Hoskins,Matthew Hoskins,sa3034127,702614,,matthewhoskins
6472,Bayram Hot,Bayram Hot,sa3034135,,,bayramhot
6473,Ethan Hott,Ethan Hott,sa3034136,,,ethanhott
6474,Andrew Houghton,Andrew Houghton,sa3034137,,,andrewhoughton
6475,Bryce Houghton,Bryce Houghton,sa3034138,,,brycehoughton
6476,Brooks House,Brooks House,sa3034143,,,brookshouse
6477,Carson Howard,Carson Howard,sa3034156,,,carsonhoward
6478,Chandler Howard,Chandler Howard,sa3034158,,,chandlerhoward
6479,Cole Howarth,Cole Howarth,sa3034159,,,colehowarth
6480,Cody Howard,Cody Howard,sa3034160,,,codyhoward
6481,Drew Howard,Drew Howard,sa3034162,,,drewhoward
6482,Flynn Howard,Flynn Howard,sa3034165,,,flynnhoward
6483,Jed Howard,Jed Howard,sa3034168,,,jedhoward
6484,Tyler Howard,Tyler Howard,sa3034172,804946,,tylerhoward
6485,Christian Howe,Christian Howe,sa3034175,,,christianhowe
6486,Ryan Howe,Ryan Howe,sa3034177,,,ryanhowe
6487,Finn Howell,Finn Howell,sa3034180,,,finnhowell
6488,Griffin Howell,Griffin Howell,sa3034181,,,griffinhowell
6489,Kaleb Howell,Kaleb Howell,sa3034186,,,kalebhowell
6490,Jackson Hower,Jackson Hower,sa3034190,,,jacksonhower
6491,Cooper Hrbacek,Cooper Hrbacek,sa3034199,,,cooperhrbacek
6492,Brandon Hsu,Brandon Hsu,sa3034202,,,brandonhsu
6493,Ethan Hsu,Ethan Hsu,sa3034203,,,ethanhsu
6494,Bryce Hubbard,Bryce Hubbard,sa3034205,,,brycehubbard
6495,Grant Hubka,Grant Hubka,sa3034215,,,granthubka
6496,Brennan Hudson,Brennan Hudson,sa3034227,,,brennanhudson
6497,Todd Hudson,Todd Hudson,sa3034232,,,toddhudson
6498,Toby Hueber,Toby Hueber,sa3034236,,,tobyhueber
6499,Arjun Huerta,Arjun Huerta,sa3034239,,,arjunhuerta
6500,Levi Huesman,Levi Huesman,sa3034240,702612,,levihuesman
6501,Hollis Huff,Hollis Huff,sa3034244,,,hollishuff
6502,Kade Huff,Kade Huff,sa3034245,,,kadehuff
6503,Peyton Huff,Peyton Huff,sa3034246,,,peytonhuff
6504,Bryce Hughes,Bryce Hughes,sa3034258,,,brycehughes
6505,Collin Hughes,Collin Hughes,sa3034260,,,collinhughes
6506,Ian Hughes,Ian Hughes,sa3034264,,,ianhughes
6507,Jacob Hughes,Jacob Hughes,sa3034265,,,jacobhughes
6508,Logan Hughes,Logan Hughes,sa3034267,,,loganhughes
6509,Ryan Hughes,Ryan Hughes,sa3034271,,,ryanhughes
6510,Treyson Hughes,Treyson Hughes,sa3034273,,,treysonhughes
6511,Logan Hugo,Logan Hugo,sa3034274,,,loganhugo
6512,Griffin Hugus,Griffin Hugus,sa3034275,,,griffinhugus
6513,Jackson Hugus,Jackson Hugus,sa3034276,,,jacksonhugus
6514,Tucker Huhn,Tucker Huhn,sa3034277,,,tuckerhuhn
6515,Andres Hulfachor,Andres Hulfachor,sa3034282,,,andreshulfachor
6516,Davione Hull,Davione Hull,sa3034283,,,davionehull
6517,Owen Hull,Owen Hull,sa3034286,,,owenhull
6518,Henry Hultquist,Henry Hultquist,sa3034289,,,henryhultquist
6519,Connor Hults,Connor Hults,sa3034290,,,connorhults
6520,William Humphrey,William Humphrey,sa3034295,,,williamhumphrey
6521,Isaac Humphrey,Isaac Humphrey,sa3034296,,,isaachumphrey
6522,Jacob Humphrey,Jacob Humphrey,sa3034297,,,jacobhumphrey
6523,Kaden Humphrey,Kaden Humphrey,sa3034298,,,kadenhumphrey
6524,Nathan Humphreys,Nathan Humphreys,sa3034299,,,nathanhumphreys
6525,Cooper Hums,Cooper Hums,sa3034301,,,cooperhums
6526,Christopher Hund,Christopher Hund,sa3034302,,,christopherhund
6527,Chase Hungate,Chase Hungate,sa3034304,,,chasehungate
6528,Austin Hunley,Austin Hunley,sa3034306,,,austinhunley
6529,Riley Hunsaker,Riley Hunsaker,sa3034308,,,rileyhunsaker
6530,Alex Hunt,Alex Hunt,sa3034310,,,alexhunt
6531,Brant Hunt,Brant Hunt,sa3034311,,,branthunt
6532,Sam Hunt,Sam Hunt,sa3034317,,,samhunt
6533,Stephen Hunt,Stephen Hunt,sa3034318,,,stephenhunt
6534,Wyatt Hunt,Wyatt Hunt,sa3034320,,,wyatthunt
6535,Aidan Hunter,Aidan Hunter,sa3034321,,,aidanhunter
6536,Colin Hunter,Colin Hunter,sa3034322,,,colinhunter
6537,Henry Hunter,Henry Hunter,sa3034324,,,henryhunter
6538,Jake Hunter,Jake Hunter,sa3034326,,,jakehunter
6539,Ryan Hunter,Ryan Hunter,sa3034330,,,ryanhunter
6540,Shane Huntsberger,Shane Huntsberger,sa3034334,,,shanehuntsberger
6541,Jaedin Hurd,Jaedin Hurd,sa3034337,,,jaedinhurd
6542,Justin Hurd,Justin Hurd,sa3034338,,,justinhurd
6543,Logan Hurd,Logan Hurd,sa3034339,,,loganhurd
6544,Thatcher Hurd,Thatcher Hurd,sa3034340,,,thatcherhurd
6545,Bryker Hurdsman,Bryker Hurdsman,sa3034343,,,brykerhurdsman
6546,Evan Hurlburt,Evan Hurlburt,sa3034344,,,evanhurlburt
6547,Dalton Hurst,Dalton Hurst,sa3034349,,,daltonhurst
6548,Joe Husak,Joe Husak,sa3034353,,,joehusak
6549,Nick Husovsky,Nick Husovsky,sa3034356,,,nickhusovsky
6550,Grant Hussey,Grant Hussey,sa3034359,,,granthussey
6551,Jacob Hustedde,Jacob Hustedde,sa3034364,,,jacobhustedde
6552,AJ Hutcheson,AJ Hutcheson,sa3034365,,,ajhutcheson
6553,Connor Hutchinson,Connor Hutchinson,sa3034367,,,connorhutchinson
6554,Payton Hutchings,Payton Hutchings,sa3034371,,,paytonhutchings
6555,Ryan Hutchinson,Ryan Hutchinson,sa3034372,,,ryanhutchinson
6556,Sam Hutchinson,Sam Hutchinson,sa3034373,,,samhutchinson
6557,Tyler Hutson,Tyler Hutson,sa3034375,,,tylerhutson
6558,Parker Hutyra,Parker Hutyra,sa3034378,,,parkerhutyra
6559,Nathan Huy,Nathan Huy,sa3034380,,,nathanhuy
6560,Jake Hyde,Jake Hyde,sa3034382,,,jakehyde
6561,Jace Hyde,Jace Hyde,sa3034383,,,jacehyde
6562,Joey Hylinski,Joey Hylinski,sa3034388,,,joeyhylinski
6563,Jayden Hylton,Jayden Hylton,sa3034390,,,jaydenhylton
6564,Colin Hynek,Colin Hynek,sa3034393,,,colinhynek
6565,Michael Iannazzo,Michael Iannazzo,sa3034395,,,michaeliannazzo
6566,Jack Iannibelli,Jack Iannibelli,sa3034398,,,jackiannibelli
6567,Thomas Iaquinto,Thomas Iaquinto,sa3034400,,,thomasiaquinto
6568,Elijah Ickes,Elijah Ickes,sa3034405,,,elijahickes
6569,Riley Iffrig,Riley Iffrig,sa3034408,,,rileyiffrig
6570,Blake Ignaciak,Blake Ignaciak,sa3034410,,,blakeignaciak
6571,Matt Ilgenfritz,Matt Ilgenfritz,sa3034412,,,mattilgenfritz
6572,Patrick Ilitch,Patrick Ilitch,sa3034413,,,patrickilitch
6573,Travis Ilitch,Travis Ilitch,sa3034414,,,travisilitch
6574,Max Imhoff,Max Imhoff,sa3034415,,,maximhoff
6575,Jeffrey Ince,Jeffrey Ince,sa3034419,,,jeffreyince
6576,Danny Infante,Danny Infante,sa3034421,,,dannyinfante
6577,Fisher Ingersoll,Fisher Ingersoll,sa3034423,,,fisheringersoll
6578,Jack Ingino,Jack Ingino,sa3034424,,,jackingino
6579,Noah Ingle,Noah Ingle,sa3034427,,,noahingle
6580,Chase Ingram,Chase Ingram,sa3034429,,,chaseingram
6581,Reed Interdonato,Reed Interdonato,sa3034438,,,reedinterdonato
6582,Charlie Iriotakis,Charlie Iriotakis,sa3034444,,,charlieiriotakis
6583,Alex Irizarry,Alex Irizarry,sa3034446,,,alexirizarry
6584,Karson Irvin,Karson Irvin,sa3034451,,,karsonirvin
6585,Andrew Isdale,Andrew Isdale,sa3034455,,,andrewisdale
6586,Nate Isler,Nate Isler,sa3034457,,,nateisler
6587,Lucas Ismalli,Lucas Ismalli,sa3034458,,,lucasismalli
6588,Drew Iverson,Drew Iverson,sa3034463,,,drewiverson
6589,Luke Iverson,Luke Iverson,sa3034464,,,lukeiverson
6590,Victor Izquierdo,Victor Izquierdo,sa3034471,,,victorizquierdo
6591,Blake Jacklin,Blake Jacklin,sa3034476,,,blakejacklin
6592,Luke Jackman,Luke Jackman,sa3034477,,,lukejackman
6593,Blake Jackson,Blake Jackson,sa3034481,,,blakejackson
6594,Chance Jackson,Chance Jackson,sa3034484,,,chancejackson
6595,Core Jackson,Core Jackson,sa3034485,692110,,corejackson
6596,Evan Jackson,Evan Jackson,sa3034491,,,evanjackson
6597,Henry Jackson,Henry Jackson,sa3034492,,,henryjackson
6598,Isaiah Jackson,Isaiah Jackson,sa3034493,805365,,isaiahjackson
6599,Jake Jackson,Jake Jackson,sa3034498,,,jakejackson
6600,Kevin Jackson,Kevin Jackson,sa3034503,,,kevinjackson
6601,Kenny Jackson,Kenny Jackson,sa3034504,,,kennyjackson
6602,Lucas Jackson,Lucas Jackson,sa3034508,,,lucasjackson
6603,Matthew Jackson,Matthew Jackson,sa3034511,,,matthewjackson
6604,Miles Jackson,Miles Jackson,sa3034513,,,milesjackson
6605,Riley Jackson,Riley Jackson,sa3034515,,,rileyjackson
6606,Ben Jacobs,Ben Jacobs,sa3034527,,,benjacobs
6607,Clay Jacobs,Clay Jacobs,sa3034530,,,clayjacobs
6608,Dylan Jacobs,Dylan Jacobs,sa3034531,,,dylanjacobs
6609,Kaden Jacobi,Kaden Jacobi,sa3034532,,,kadenjacobi
6610,Keanu Jacobs-Guishard,Keanu Jacobs-Guishard,sa3034533,,,keanujacobsguishard
6611,Will Jacobson,Will Jacobson,sa3034537,,,willjacobson
6612,Jesse Jaconski,Jesse Jaconski,sa3034538,,,jessejaconski
6613,Joe Jaconski,Joe Jaconski,sa3034539,,,joejaconski
6614,Jordan Jaffe,Jordan Jaffe,sa3034540,,,jordanjaffe
6615,Jonathan Jaime,Jonathan Jaime,sa3034543,,,jonathanjaime
6616,Yash Jain,Yash Jain,sa3034544,,,yashjain
6617,Jake Jakubowski,Jake Jakubowski,sa3034546,,,jakejakubowski
6618,David James,David James,sa3034549,,,davidjames
6619,John James,John James,sa3034553,,,johnjames
6620,Matt James,Matt James,sa3034554,,,mattjames
6621,Justin Jang,Justin Jang,sa3034570,,,justinjang
6622,Alex Jankowski,Alex Jankowski,sa3034573,,,alexjankowski
6623,Evan Janner,Evan Janner,sa3034574,,,evanjanner
6624,Logan Janney,Logan Janney,sa3034575,,,loganjanney
6625,Josh Janove,Josh Janove,sa3034577,,,joshjanove
6626,Chase Jans,Chase Jans,sa3034580,,,chasejans
6627,Neil Jansen,Neil Jansen,sa3034585,,,neiljansen
6628,Chase Jarnagin,Chase Jarnagin,sa3034590,,,chasejarnagin
6629,Ryan Jaros,Ryan Jaros,sa3034592,,,ryanjaros
6630,Jacob Jarrell,Jacob Jarrell,sa3034595,,,jacobjarrell
6631,Jacob Jarvis,Jacob Jarvis,sa3034599,,,jacobjarvis
6632,Patrick Jarvis,Patrick Jarvis,sa3034601,,,patrickjarvis
6633,Austen Jaslove,Austen Jaslove,sa3034604,,,austenjaslove
6634,William Jaun,William Jaun,sa3034606,,,williamjaun
6635,Kevin Jaxel,Kevin Jaxel,sa3034610,,,kevinjaxel
6636,Grant Jay,Grant Jay,sa3034611,,,grantjay
6637,Carlos Jazmin,Carlos Jazmin,sa3034613,,,carlosjazmin
6638,Antoine Jean,Antoine Jean,sa3034614,683328,,antoinejean
6639,DM Jefferson,DM Jefferson,sa3034619,,,dmjefferson
6640,Emmett Jefferson,Emmett Jefferson,sa3034620,,,emmettjefferson
6641,Graham Jeffries,Graham Jeffries,sa3034626,,,grahamjeffries
6642,Jerrod Jenkins,Jerrod Jenkins,sa3034637,,,jerrodjenkins
6643,Leighton Jenkins,Leighton Jenkins,sa3034640,,,leightonjenkins
6644,Luke Jenkins,Luke Jenkins,sa3034641,,,lukejenkins
6645,Quentin Jenkins,Quentin Jenkins,sa3034644,,,quentinjenkins
6646,Will Jenkins,Will Jenkins,sa3034647,,,willjenkins
6647,Nathaniel Jennewein,Nathaniel Jennewein,sa3034649,,,nathanieljennewein
6648,Chancellor Jennings,Chancellor Jennings,sa3034650,,,chancellorjennings
6649,Collin Jennings,Collin Jennings,sa3034651,,,collinjennings
6650,Kayden Jennings,Kayden Jennings,sa3034653,,,kaydenjennings
6651,Max Jensen,Max Jensen,sa3034660,,,maxjensen
6652,Mikey Jensen,Mikey Jensen,sa3034661,,,mikeyjensen
6653,Eric Jeon,Eric Jeon,sa3034666,,,ericjeon
6654,Jace Jeremiah,Jace Jeremiah,sa3034667,,,jacejeremiah
6655,Andrew Jergins,Andrew Jergins,sa3034669,,,andrewjergins
6656,Ryder Jeske,Ryder Jeske,sa3034674,,,ryderjeske
6657,Will Jesske,Will Jesske,sa3034678,,,willjesske
6658,Jacob Jette,Jacob Jette,sa3034683,,,jacobjette
6659,Aiden Jimenez,Aiden Jimenez,sa3034689,804525,,aidenjimenez
6660,Kenneth Jimenez,Kenneth Jimenez,sa3034698,,,kennethjimenez
6661,RJ Jimerson,RJ Jimerson,sa3034702,,,rjjimerson
6662,Kayne Jinks,Kayne Jinks,sa3034704,,,kaynejinks
6663,Andrew Johnson,Andrew Johnson,sa3034709,,,andrewjohnson
6664,Brayden Johnson,Brayden Johnson,sa3034713,,,braydenjohnson
6665,Caleb Johnson,Caleb Johnson,sa3034718,,,calebjohnson
6666,Cam Johnson,Cam Johnson,sa3034720,,,camjohnson
6667,Camden Johnson,Camden Johnson,sa3034721,,,camdenjohnson
6668,Connor Johnson,Connor Johnson,sa3034726,,,connorjohnson
6669,Connor Johnston,Connor Johnston,sa3034727,,,connorjohnston
6670,Davis Johnson,Davis Johnson,sa3034732,,,davisjohnson
6671,Damien Johnson,Damien Johnson,sa3034733,,,damienjohnson
6672,Dylan Johnson,Dylan Johnson,sa3034740,,,dylanjohnson
6673,Garfield Johns,Garfield Johns,sa3034750,,,garfieldjohns
6674,Gavin Johnston,Gavin Johnston,sa3034751,,,gavinjohnston
6675,Gavin Johnson,Gavin Johnson,sa3034752,,,gavinjohnson
6676,Gunnar Johnson,Gunnar Johnson,sa3034753,,,gunnarjohnson
6677,Hasani Johnson,Hasani Johnson,sa3034756,,,hasanijohnson
6678,Hayden Johnson,Hayden Johnson,sa3034757,,,haydenjohnson
6679,Jack Johnston,Jack Johnston,sa3034760,,,jackjohnston
6680,Jake Johnson,Jake Johnson,sa3034761,,,jakejohnson
6681,Jack Johnson,Jack Johnson,sa3034762,,,jackjohnson
6682,Jeb Johnson,Jeb Johnson,sa3034765,,,jebjohnson
6683,Jett Johnston,Jett Johnston,sa3034766,,,jettjohnston
6684,Josh Johnson,Josh Johnson,sa3034770,,,joshjohnson
6685,Keegan Johnson,Keegan Johnson,sa3034774,,,keeganjohnson
6686,Kyle Johnson,Kyle Johnson,sa3034780,,,kylejohnson
6687,Lebarron Johnson Jr.,Lebarron Johnson Jr.,sa3034782,,,lebarronjohnsonjr
6688,Logan Johnstone,Logan Johnstone,sa3034783,,,loganjohnstone
6689,Lucas Johnson,Lucas Johnson,sa3034785,,,lucasjohnson
6690,Luke Johnson,Luke Johnson,sa3034786,,,lukejohnson
6691,Max Johnson,Max Johnson,sa3034788,,,maxjohnson
6692,Meade Johnson,Meade Johnson,sa3034789,,,meadejohnson
6693,Nolan Johnson,Nolan Johnson,sa3034795,,,nolanjohnson
6694,Olin Johnson,Olin Johnson,sa3034796,,,olinjohnson
6695,Parker Johnson,Parker Johnson,sa3034798,,,parkerjohnson
6696,Patrick Johnson,Patrick Johnson,sa3034799,,,patrickjohnson
6697,Rett Johnson,Rett Johnson,sa3034802,,,rettjohnson
6698,Rj Johnson,Rj Johnson,sa3034804,,,rjjohnson
6699,Ryley Johnson,Ryley Johnson,sa3034808,,,ryleyjohnson
6700,Tervell Johnson,Tervell Johnson,sa3034813,,,tervelljohnson
6701,Terrance Johnson,Terrance Johnson,sa3034814,,,terrancejohnson
6702,Tyrese Johnson,Tyrese Johnson,sa3034821,,,tyresejohnson
6703,Ty Johnsen,Ty Johnsen,sa3034823,,,tyjohnsen
6704,Tyler Johns,Tyler Johns,sa3034824,,,tylerjohns
6705,Zach Johnston,Zach Johnston,sa3034830,,,zachjohnston
6706,Marshal Jonas,Marshal Jonas,sa3034833,,,marshaljonas
6707,AJ Jones,AJ Jones,sa3034835,,,ajjones
6708,Andrew Jones,Andrew Jones,sa3034839,,,andrewjones
6709,Bobby Jones,Bobby Jones,sa3034845,,,bobbyjones
6710,Brendan Jones,Brendan Jones,sa3034848,,,brendanjones
6711,Bryce Jones,Bryce Jones,sa3034849,,,brycejones
6712,Brayden Jones,Brayden Jones,sa3034850,695584,,braydenjones
6713,Brady Jones,Brady Jones,sa3034851,805424,,bradyjones
6714,Caleb Jones,Caleb Jones,sa3034857,,,calebjones
6715,Charlie Jones,Charlie Jones,sa3034861,,,charliejones
6716,Cole Jones,Cole Jones,sa3034863,,,colejones
6717,Dylan Jones,Dylan Jones,sa3034865,,,dylanjones
6718,Easton Jones,Easton Jones,sa3034867,,,eastonjones
6719,Evan Jones,Evan Jones,sa3034871,,,evanjones
6720,Gavin Jones,Gavin Jones,sa3034872,,,gavinjones
6721,Jaden Jones,Jaden Jones,sa3034878,,,jadenjones
6722,Jayson Jones,Jayson Jones,sa3034880,,,jaysonjones
6723,Jake Jones,Jake Jones,sa3034882,,,jakejones
6724,Jalan Jones,Jalan Jones,sa3034883,,,jalanjones
6725,JD Jones,JD Jones,sa3034884,,,jdjones
6726,Kennedy Jones,Kennedy Jones,sa3034887,,,kennedyjones
6727,Kevin Jones,Kevin Jones,sa3034888,,,kevinjones
6728,Kyle Jones,Kyle Jones,sa3034889,,,kylejones
6729,LaMarcus Jones,LaMarcus Jones,sa3034890,,,lamarcusjones
6730,Levi Jones,Levi Jones,sa3034891,,,levijones
6731,Logan Jones,Logan Jones,sa3034892,,,loganjones
6732,Max Jones,Max Jones,sa3034896,,,maxjones
6733,Merit Jones,Merit Jones,sa3034898,809826,,meritjones
6734,Wesley Jones,Wesley Jones,sa3034923,,,wesleyjones
6735,Will Jones,Will Jones,sa3034924,,,willjones
6736,Zac Jones,Zac Jones,sa3034926,,,zacjones
6737,Harper Jordan,Harper Jordan,sa3034928,,,harperjordan
6738,Jaxon Jordan,Jaxon Jordan,sa3034929,,,jaxonjordan
6739,Kazuya Jordan,Kazuya Jordan,sa3034932,,,kazuyajordan
6740,Louis Jordan,Louis Jordan,sa3034936,,,louisjordan
6741,Nicho Jordan,Nicho Jordan,sa3034938,,,nichojordan
6742,Wesley Jordan,Wesley Jordan,sa3034939,,,wesleyjordan
6743,Dominic Joseph,Dominic Joseph,sa3034944,,,dominicjoseph
6744,Johnny Joseph,Johnny Joseph,sa3034946,,,johnnyjoseph
6745,Michael Joseph,Michael Joseph,sa3034947,,,michaeljoseph
6746,Elliot Joslin,Elliot Joslin,sa3034951,,,elliotjoslin
6747,Noah Jouras,Noah Jouras,sa3034955,,,noahjouras
6748,Justin Journette,Justin Journette,sa3034956,,,justinjournette
6749,Dylan Joyce,Dylan Joyce,sa3034962,,,dylanjoyce
6750,Matt Joyce,Matt Joyce,sa3034963,,,mattjoyce
6751,Whitt Joyce,Whitt Joyce,sa3034966,,,whittjoyce
6752,Cross Jumper,Cross Jumper,sa3034988,,,crossjumper
6753,Clay Jung,Clay Jung,sa3034991,,,clayjung
6754,Landry Jurecka,Landry Jurecka,sa3035000,800970,,landryjurecka
6755,Jack Kabel,Jack Kabel,sa3035006,,,jackkabel
6756,Colton Kachinsky,Colton Kachinsky,sa3035007,,,coltonkachinsky
6757,Henry Kaczmar,Henry Kaczmar,sa3035010,,,henrykaczmar
6758,Landon Kahl,Landon Kahl,sa3035015,,,landonkahl
6759,Sammy Kahler,Sammy Kahler,sa3035017,,,sammykahler
6760,Jack Kail,Jack Kail,sa3035024,,,jackkail
6761,JD Kaiser,JD Kaiser,sa3035031,,,jdkaiser
6762,Tanner Kaler,Tanner Kaler,sa3035037,,,tannerkaler
6763,Matt Kalfas,Matt Kalfas,sa3035038,,,mattkalfas
6764,Max Kalk,Max Kalk,sa3035041,,,maxkalk
6765,Myles Kallinger,Myles Kallinger,sa3035042,,,myleskallinger
6766,Titan Kamaka,Titan Kamaka,sa3035045,,,titankamaka
6767,Dean Kampschror,Dean Kampschror,sa3035051,,,deankampschror
6768,Connor Kane,Connor Kane,sa3035053,,,connorkane
6769,Doyle Kane,Doyle Kane,sa3035054,,,doylekane
6770,Nick Kane,Nick Kane,sa3035055,,,nickkane
6771,Sam Kane,Sam Kane,sa3035056,,,samkane
6772,Andrew Kanellis,Andrew Kanellis,sa3035058,,,andrewkanellis
6773,Ethan Kang,Ethan Kang,sa3035059,,,ethankang
6774,Jordan Kang,Jordan Kang,sa3035060,,,jordankang
6775,Sean Kang,Sean Kang,sa3035061,,,seankang
6776,Garret Kangas,Garret Kangas,sa3035062,,,garretkangas
6777,Kaleb Kantola,Kaleb Kantola,sa3035063,,,kalebkantola
6778,Marty Kaplan,Marty Kaplan,sa3035070,,,martykaplan
6779,Tyler Kapraun,Tyler Kapraun,sa3035073,,,tylerkapraun
6780,Camden Karczewski,Camden Karczewski,sa3035079,,,camdenkarczewski
6781,Cadyn Karl,Cadyn Karl,sa3035081,,,cadynkarl
6782,Caleb Karll,Caleb Karll,sa3035084,,,calebkarll
6783,Nick Karls,Nick Karls,sa3035085,,,nickkarls
6784,Alex Karns,Alex Karns,sa3035088,,,alexkarns
6785,Brady Karp,Brady Karp,sa3035089,,,bradykarp
6786,Joe Karpierz,Joe Karpierz,sa3035091,,,joekarpierz
6787,Zach Karson,Zach Karson,sa3035093,,,zachkarson
6788,Ryan Karst,Ryan Karst,sa3035095,,,ryankarst
6789,Jack Kartsonas,Jack Kartsonas,sa3035096,,,jackkartsonas
6790,Gavin Kash,Gavin Kash,sa3035097,,,gavinkash
6791,Cody Kashimoto,Cody Kashimoto,sa3035098,,,codykashimoto
6792,Joey Kasper,Joey Kasper,sa3035102,,,joeykasper
6793,Sean Kasper,Sean Kasper,sa3035104,,,seankasper
6794,Torin Kassebaum,Torin Kassebaum,sa3035106,,,torinkassebaum
6795,Stephen Katch,Stephen Katch,sa3035108,,,stephenkatch
6796,Hunter Katschke,Hunter Katschke,sa3035111,,,hunterkatschke
6797,Cooper Katskee,Cooper Katskee,sa3035112,,,cooperkatskee
6798,Adam Katz,Adam Katz,sa3035114,,,adamkatz
6799,Chris Katz,Chris Katz,sa3035116,,,chriskatz
6800,Josh Katz,Josh Katz,sa3035117,,,joshkatz
6801,Aidan Katzman,Aidan Katzman,sa3035118,,,aidankatzman
6802,Max Kaufer,Max Kaufer,sa3035119,,,maxkaufer
6803,Harrison Kaufman,Harrison Kaufman,sa3035121,,,harrisonkaufman
6804,Keagon Kaufmann,Keagon Kaufmann,sa3035122,,,keagonkaufmann
6805,Alex Kean,Alex Kean,sa3035131,,,alexkean
6806,Ben Keefe,Ben Keefe,sa3035145,,,benkeefe
6807,Christian Keel,Christian Keel,sa3035146,,,christiankeel
6808,Tre Keels,Tre Keels,sa3035148,,,trekeels
6809,Hunter Keen,Hunter Keen,sa3035150,,,hunterkeen
6810,Aidan Keenan,Aidan Keenan,sa3035151,,,aidankeenan
6811,Jimmy Keenan,Jimmy Keenan,sa3035154,,,jimmykeenan
6812,Tyler Kehoe,Tyler Kehoe,sa3035163,,,tylerkehoe
6813,Patrick Keighran,Patrick Keighran,sa3035164,,,patrickkeighran
6814,Carson Keithley,Carson Keithley,sa3035167,,,carsonkeithley
6815,Graham Kelham,Graham Kelham,sa3035173,,,grahamkelham
6816,Nelson Keljo,Nelson Keljo,sa3035174,804940,,nelsonkeljo
6817,Kevin Kell,Kevin Kell,sa3035175,,,kevinkell
6818,Danny Kelleher,Danny Kelleher,sa3035179,,,dannykelleher
6819,Jack Kelley,Jack Kelley,sa3035184,,,jackkelley
6820,Mick Kelley,Mick Kelley,sa3035192,,,mickkelley
6821,Noah Keller,Noah Keller,sa3035193,,,noahkeller
6822,Conor Kelly,Conor Kelly,sa3035210,,,conorkelly
6823,Frank Kelly,Frank Kelly,sa3035212,,,frankkelly
6824,Jordan Kelly,Jordan Kelly,sa3035219,,,jordankelly
6825,Owen Kelly,Owen Kelly,sa3035227,,,owenkelly
6826,Riley Kelly,Riley Kelly,sa3035229,804465,,rileykelly
6827,Trent Kelly,Trent Kelly,sa3035232,,,trentkelly
6828,Zach Kelly,Zach Kelly,sa3035235,,,zachkelly
6829,Zane Kelly,Zane Kelly,sa3035236,,,zanekelly
6830,Carter Kelsey,Carter Kelsey,sa3035237,,,carterkelsey
6831,James Kemp,James Kemp,sa3035241,,,jameskemp
6832,Nolan Kemp,Nolan Kemp,sa3035243,,,nolankemp
6833,Tyriq Kemp,Tyriq Kemp,sa3035244,822743,,tyriqkemp
6834,Caleb Kempler,Caleb Kempler,sa3035246,,,calebkempler
6835,Billy Kender,Billy Kender,sa3035249,,,billykender
6836,Jake Kendro,Jake Kendro,sa3035251,,,jakekendro
6837,Noah Kendrick,Noah Kendrick,sa3035254,,,noahkendrick
6838,Clay Kennedy,Clay Kennedy,sa3035260,,,claykennedy
6839,Colton Kennedy,Colton Kennedy,sa3035262,,,coltonkennedy
6840,Dee Kennedy,Dee Kennedy,sa3035263,,,deekennedy
6841,Ely Kennel,Ely Kennel,sa3035264,,,elykennel
6842,Jake Kennedy,Jake Kennedy,sa3035269,,,jakekennedy
6843,JJ Kennett,JJ Kennett,sa3035270,,,jjkennett
6844,Ryan Kennell,Ryan Kennell,sa3035276,,,ryankennell
6845,Craig Kenny,Craig Kenny,sa3035281,,,craigkenny
6846,Jackson Kent,Jackson Kent,sa3035282,,,jacksonkent
6847,Kaeden Kent,Kaeden Kent,sa3035283,,,kaedenkent
6848,Rees Kent,Rees Kent,sa3035284,,,reeskent
6849,Tommy Kent,Tommy Kent,sa3035285,,,tommykent
6850,Zack Kent,Zack Kent,sa3035287,,,zackkent
6851,Kane Kepley,Kane Kepley,sa3035293,,,kanekepley
6852,Dylan Kerbow,Dylan Kerbow,sa3035296,,,dylankerbow
6853,Carson Kerce,Carson Kerce,sa3035297,,,carsonkerce
6854,Jake Kernodle,Jake Kernodle,sa3035299,,,jakekernodle
6855,Drake Kerr,Drake Kerr,sa3035300,,,drakekerr
6856,Colin Kerrigan,Colin Kerrigan,sa3035301,,,colinkerrigan
6857,Richie Kerstetter,Richie Kerstetter,sa3035307,,,richiekerstetter
6858,Kyle Kesel,Kyle Kesel,sa3035308,,,kylekesel
6859,Cameron Keshock,Cameron Keshock,sa3035309,804999,,cameronkeshock
6860,Chandler Ketchup,Chandler Ketchup,sa3035315,,,chandlerketchup
6861,Cole Ketchum,Cole Ketchum,sa3035316,,,coleketchum
6862,Brooks Kettering,Brooks Kettering,sa3035318,,,brookskettering
6863,Cole Ketzner,Cole Ketzner,sa3035321,,,coleketzner
6864,Shane Keup,Shane Keup,sa3035323,,,shanekeup
6865,Justin Keuss,Justin Keuss,sa3035324,,,justinkeuss
6866,Hayde Key,Hayde Key,sa3035325,,,haydekey
6867,Brandon Keyster,Brandon Keyster,sa3035330,,,brandonkeyster
6868,Anthoni Kiafoulis,Anthoni Kiafoulis,sa3035334,,,anthonikiafoulis
6869,Kaena Kiakona,Kaena Kiakona,sa3035336,,,kaenakiakona
6870,Dom Kibler,Dom Kibler,sa3035338,,,domkibler
6871,Colin Kidd,Colin Kidd,sa3035340,,,colinkidd
6872,Ricky Kidd,Ricky Kidd,sa3035341,,,rickykidd
6873,Will Kiesel,Will Kiesel,sa3035349,,,willkiesel
6874,Cal Kilgore,Cal Kilgore,sa3035356,,,calkilgore
6875,Jack Killelea,Jack Killelea,sa3035359,,,jackkillelea
6876,Ben Kim,Ben Kim,sa3035370,,,benkim
6877,Cameron Kim,Cameron Kim,sa3035371,,,cameronkim
6878,Jonathan Kim,Jonathan Kim,sa3035373,,,jonathankim
6879,Justin Kim,Justin Kim,sa3035374,,,justinkim
6880,Ryan Kim,Ryan Kim,sa3035375,,,ryankim
6881,Roman Kimball,Roman Kimball,sa3035376,,,romankimball
6882,Luke Kimmel,Luke Kimmel,sa3035380,,,lukekimmel
6883,Devon King,Devon King,sa3035395,,,devonking
6884,Dylan King,Dylan King,sa3035396,695732,,dylanking
6885,Houston King,Houston King,sa3035401,,,houstonking
6886,Jake King,Jake King,sa3035403,,,jakeking
6887,Jimmy King,Jimmy King,sa3035404,,,jimmyking
6888,Matt King,Matt King,sa3035409,823153,,mattking
6889,Ryan King,Ryan King,sa3035414,,,ryanking
6890,Skylar King,Skylar King,sa3035415,703455,,skylarking
6891,Trey King,Trey King,sa3035419,,,treyking
6892,Wyatt King,Wyatt King,sa3035420,,,wyattking
6893,Eddie King Jr.,Eddie King Jr.,sa3035421,695652,,eddiekingjr
6894,Jaden Kinsler,Jaden Kinsler,sa3035428,,,jadenkinsler
6895,Kyle Kipp,Kyle Kipp,sa3035431,,,kylekipp
6896,Tyler Kipp,Tyler Kipp,sa3035432,,,tylerkipp
6897,Andrew Kirchner,Andrew Kirchner,sa3035437,,,andrewkirchner
6898,Eli Kirkendoll,Eli Kirkendoll,sa3035445,,,elikirkendoll
6899,Ryan Kittredge,Ryan Kittredge,sa3035473,,,ryankittredge
6900,Kole Klecker,Kole Klecker,sa3035480,,,koleklecker
6901,Brendan Kleiman,Brendan Kleiman,sa3035481,,,brendankleiman
6902,Anthony Klein,Anthony Klein,sa3035482,,,anthonyklein
6903,Casey Kleinman,Casey Kleinman,sa3035485,,,caseykleinman
6904,Evan Kleinhans,Evan Kleinhans,sa3035487,,,evankleinhans
6905,Matt Klein,Matt Klein,sa3035491,702600,,mattklein
6906,Noah Klein,Noah Klein,sa3035492,,,noahklein
6907,Shugy Klein,Shugy Klein,sa3035495,,,shugyklein
6908,Van Klein,Van Klein,sa3035497,,,vanklein
6909,Jack Kleveno,Jack Kleveno,sa3035502,,,jackkleveno
6910,Elie Kligman,Elie Kligman,sa3035504,,,eliekligman
6911,Brenden Kline,Brenden Kline,sa3035505,,,brendenkline
6912,Caden Kline,Caden Kline,sa3035506,,,cadenkline
6913,Corey Kling,Corey Kling,sa3035509,,,coreykling
6914,Kory Klingenbeck,Kory Klingenbeck,sa3035510,,,koryklingenbeck
6915,Paxton Kling,Paxton Kling,sa3035512,702265,,paxtonkling
6916,Hunter Klotz,Hunter Klotz,sa3035516,,,hunterklotz
6917,Josh Klug,Josh Klug,sa3035517,,,joshklug
6918,Aidan Knaak,Aidan Knaak,sa3035526,,,aidanknaak
6919,Jake Knapp,Jake Knapp,sa3035531,810830,,jakeknapp
6920,Christian Knight,Christian Knight,sa3035542,,,christianknight
6921,Lawson Knight,Lawson Knight,sa3035546,,,lawsonknight
6922,Logan Knight,Logan Knight,sa3035547,,,loganknight
6923,Malakhi Knight,Malakhi Knight,sa3035548,,,malakhiknight
6924,Max Knight,Max Knight,sa3035549,,,maxknight
6925,Preston Knott,Preston Knott,sa3035561,,,prestonknott
6926,Dylan Knowles,Dylan Knowles,sa3035563,,,dylanknowles
6927,Payton Knowles,Payton Knowles,sa3035567,,,paytonknowles
6928,Connor Knox,Connor Knox,sa3035569,835024,,connorknox
6929,Mason Koch,Mason Koch,sa3035577,,,masonkoch
6930,Drew Koenen,Drew Koenen,sa3035589,,,drewkoenen
6931,Landon Koenig,Landon Koenig,sa3035591,,,landonkoenig
6932,Logan Koester,Logan Koester,sa3035598,,,logankoester
6933,Tyson Kogel,Tyson Kogel,sa3035599,,,tysonkogel
6934,Will Koger,Will Koger,sa3035600,695572,,willkoger
6935,Andrew Kohl,Andrew Kohl,sa3035602,,,andrewkohl
6936,Pico Kohn,Pico Kohn,sa3035607,695560,,picokohn
6937,DJ Kojis,DJ Kojis,sa3035610,,,djkojis
6938,Ryan Kolben,Ryan Kolben,sa3035613,,,ryankolben
6939,Trevor Kole,Trevor Kole,sa3035615,,,trevorkole
6940,Jordan Kolenda,Jordan Kolenda,sa3035616,,,jordankolenda
6941,Nick Kolze,Nick Kolze,sa3035621,,,nickkolze
6942,Hunter Komine,Hunter Komine,sa3035622,,,hunterkomine
6943,Caden Konczak,Caden Konczak,sa3035625,,,cadenkonczak
6944,Cole Koniarsky,Cole Koniarsky,sa3035626,,,colekoniarsky
6945,Hayden Konkler,Hayden Konkler,sa3035629,,,haydenkonkler
6946,Quin Konuszewski,Quin Konuszewski,sa3035631,,,quinkonuszewski
6947,Cole Koonce,Cole Koonce,sa3035633,,,colekoonce
6948,Jake Koonin,Jake Koonin,sa3035634,,,jakekoonin
6949,Dylan Koontz,Dylan Koontz,sa3035635,,,dylankoontz
6950,Josh Kopetski,Josh Kopetski,sa3035639,,,joshkopetski
6951,Dylan Kordic,Dylan Kordic,sa3035642,,,dylankordic
6952,Andrew Koshy,Andrew Koshy,sa3035648,,,andrewkoshy
6953,Kaden Kosobucki,Kaden Kosobucki,sa3035650,,,kadenkosobucki
6954,Mason Kosowick,Mason Kosowick,sa3035652,,,masonkosowick
6955,Mike Koszewski,Mike Koszewski,sa3035654,,,mikekoszewski
6956,Caedon Kottinger,Caedon Kottinger,sa3035656,,,caedonkottinger
6957,Zack Kovalchik,Zack Kovalchik,sa3035660,,,zackkovalchik
6958,Rees Kozar,Rees Kozar,sa3035666,,,reeskozar
6959,Jackson Kraemer,Jackson Kraemer,sa3035671,,,jacksonkraemer
6960,Ryan Kraft,Ryan Kraft,sa3035673,,,ryankraft
6961,Jason Krakoski,Jason Krakoski,sa3035674,,,jasonkrakoski
6962,Kaden Kram,Kaden Kram,sa3035677,,,kadenkram
6963,John Kramer,John Kramer,sa3035683,,,johnkramer
6964,Owen Kramkowski,Owen Kramkowski,sa3035687,,,owenkramkowski
6965,Alex Kranzler,Alex Kranzler,sa3035688,,,alexkranzler
6966,Chayton Krauss,Chayton Krauss,sa3035692,,,chaytonkrauss
6967,Christian Krause,Christian Krause,sa3035693,,,christiankrause
6968,Charlie Krebs,Charlie Krebs,sa3035700,,,charliekrebs
6969,Logan Kreske,Logan Kreske,sa3035706,,,logankreske
6970,Brodie Kresser,Brodie Kresser,sa3035708,,,brodiekresser
6971,Niko Kreuzer,Niko Kreuzer,sa3035716,,,nikokreuzer
6972,Chase Krewson,Chase Krewson,sa3035717,,,chasekrewson
6973,Elliot Krewson,Elliot Krewson,sa3035718,,,elliotkrewson
6974,Chase Kriebel,Chase Kriebel,sa3035720,,,chasekriebel
6975,Jacob Krieg,Jacob Krieg,sa3035721,,,jacobkrieg
6976,Kevin Krill,Kevin Krill,sa3035723,,,kevinkrill
6977,Luke Krkovski,Luke Krkovski,sa3035727,,,lukekrkovski
6978,AJ Krodel,AJ Krodel,sa3035728,,,ajkrodel
6979,Ryan Kroepel,Ryan Kroepel,sa3035729,,,ryankroepel
6980,Koby Kropf,Koby Kropf,sa3035732,,,kobykropf
6981,Carter Krosky,Carter Krosky,sa3035733,,,carterkrosky
6982,Luke Krouse,Luke Krouse,sa3035734,,,lukekrouse
6983,Karson Krowka,Karson Krowka,sa3035735,,,karsonkrowka
6984,Landon Kruer,Landon Kruer,sa3035738,,,landonkruer
6985,Jack Kruger,Jack Kruger,sa3035740,,,jackkruger
6986,Dom Krupinski,Dom Krupinski,sa3035744,,,domkrupinski
6987,Ryan Kruse,Ryan Kruse,sa3035746,,,ryankruse
6988,Marcus Kruzan,Marcus Kruzan,sa3035748,,,marcuskruzan
6989,Brody Krzysiak,Brody Krzysiak,sa3035754,,,brodykrzysiak
6990,Nolan Kubilus,Nolan Kubilus,sa3035757,,,nolankubilus
6991,Ryan Kucherak,Ryan Kucherak,sa3035761,,,ryankucherak
6992,JP Kuczik,JP Kuczik,sa3035764,,,jpkuczik
6993,Brock Kuehler,Brock Kuehler,sa3035766,,,brockkuehler
6994,Carl Kuentzel,Carl Kuentzel,sa3035768,,,carlkuentzel
6995,Max Kuhle,Max Kuhle,sa3035770,,,maxkuhle
6996,Camden Kuhnke,Camden Kuhnke,sa3035771,,,camdenkuhnke
6997,Jake Kulikowski,Jake Kulikowski,sa3035778,,,jakekulikowski
6998,Matthew Kurata,Matthew Kurata,sa3035791,,,matthewkurata
6999,Brayden Kuriger,Brayden Kuriger,sa3035792,,,braydenkuriger
7000,Connor Kurki,Connor Kurki,sa3035793,,,connorkurki
7001,Cade Kurland,Cade Kurland,sa3035794,,,cadekurland
7002,Brayden Kurtz,Brayden Kurtz,sa3035795,,,braydenkurtz
7003,Darin Kuskie,Darin Kuskie,sa3035798,,,darinkuskie
7004,Austin Kutz,Austin Kutz,sa3035802,,,austinkutz
7005,Ryan Kutz,Ryan Kutz,sa3035803,,,ryankutz
7006,Zach Kwasny,Zach Kwasny,sa3035806,,,zachkwasny
7007,John Kwiatkowski,John Kwiatkowski,sa3035808,,,johnkwiatkowski
7008,Ryan Kysar,Ryan Kysar,sa3035811,,,ryankysar
7009,Jorhan LaBoy,Jorhan LaBoy,sa3035818,,,jorhanlaboy
7010,AJ Labrusciano,AJ Labrusciano,sa3035821,,,ajlabrusciano
7011,Marcus LaBuda,Marcus LaBuda,sa3035822,,,marcuslabuda
7012,Vahn Lackey,Vahn Lackey,sa3035829,,,vahnlackey
7013,Kobe Ladd,Kobe Ladd,sa3035836,,,kobeladd
7014,Raymond Ladd,Raymond Ladd,sa3035837,,,raymondladd
7015,Cade Ladehoff,Cade Ladehoff,sa3035838,,,cadeladehoff
7016,Austin Lafferty,Austin Lafferty,sa3035843,,,austinlafferty
7017,Drew Lafferty,Drew Lafferty,sa3035844,,,drewlafferty
7018,John LaFleur,John LaFleur,sa3035846,,,johnlafleur
7019,Alex Laird,Alex Laird,sa3035851,,,alexlaird
7020,Zac Laird,Zac Laird,sa3035852,,,zaclaird
7021,Josh Laisure,Josh Laisure,sa3035853,,,joshlaisure
7022,Josh Lajoie,Josh Lajoie,sa3035854,,,joshlajoie
7023,David Lally Jr.,David Lally Jr.,sa3035859,,,davidlallyjr
7024,Tristan LaMaison,Tristan LaMaison,sa3035861,,,tristanlamaison
7025,Ryan Lamar,Ryan Lamar,sa3035863,,,ryanlamar
7026,Tommy Lamar,Tommy Lamar,sa3035864,,,tommylamar
7027,Andrew Lamb,Andrew Lamb,sa3035867,,,andrewlamb
7028,Jake Lambdin,Jake Lambdin,sa3035873,,,jakelambdin
7029,Payton Labert,Payton Labert,sa3035882,,,paytonlabert
7030,Elijah Lambros,Elijah Lambros,sa3035883,,,elijahlambros
7031,Justin Lamkin,Justin Lamkin,sa3035887,,,justinlamkin
7032,Xaige Lancaster,Xaige Lancaster,sa3035893,,,xaigelancaster
7033,Nathan Lancianese,Nathan Lancianese,sa3035896,,,nathanlancianese
7034,Steven Lancia,Steven Lancia,sa3035897,,,stevenlancia
7035,Wyatt Land,Wyatt Land,sa3035900,,,wyattland
7036,Trevor Landen,Trevor Landen,sa3035904,,,trevorlanden
7037,Isaiah Landry,Isaiah Landry,sa3035908,,,isaiahlandry
7038,Alex Lane,Alex Lane,sa3035912,,,alexlane
7039,Bobby Lane,Bobby Lane,sa3035913,,,bobbylane
7040,Carson Lane,Carson Lane,sa3035914,,,carsonlane
7041,Isaiah Lane,Isaiah Lane,sa3035915,,,isaiahlane
7042,Jonathan Lane,Jonathan Lane,sa3035916,,,jonathanlane
7043,Max Lane,Max Lane,sa3035917,,,maxlane
7044,Michael Lane,Michael Lane,sa3035918,,,michaellane
7045,Sean Lane,Sean Lane,sa3035922,,,seanlane
7046,Tyler Lang,Tyler Lang,sa3035932,,,tylerlang
7047,L.P. Langevin,L.P. Langevin,sa3035936,,,lplangevin
7048,Kyle Langley,Kyle Langley,sa3035939,,,kylelangley
7049,Trenten Langley,Trenten Langley,sa3035942,,,trentenlangley
7050,Garrett Langrell,Garrett Langrell,sa3035946,836072,,garrettlangrell
7051,Brody Lanham,Brody Lanham,sa3035949,,,brodylanham
7052,Delshaun Lanier,Delshaun Lanier,sa3035950,,,delshaunlanier
7053,Brett Lanman,Brett Lanman,sa3035953,,,brettlanman
7054,Corbin Lanowitz,Corbin Lanowitz,sa3035956,,,corbinlanowitz
7055,Drew Lanphere,Drew Lanphere,sa3035957,,,drewlanphere
7056,Cooper Lanz,Cooper Lanz,sa3035963,,,cooperlanz
7057,Jake Lanzer,Jake Lanzer,sa3035965,,,jakelanzer
7058,Bennett LaPalm,Bennett LaPalm,sa3035967,,,bennettlapalm
7059,Dylan LaPointe,Dylan LaPointe,sa3035973,,,dylanlapointe
7060,Tommy LaPour,Tommy LaPour,sa3035976,,,tommylapour
7061,Michael Lareau,Michael Lareau,sa3035980,,,michaellareau
7062,Simon Larranaga,Simon Larranaga,sa3035988,,,simonlarranaga
7063,Garrett Larsen,Garrett Larsen,sa3035994,,,garrettlarsen
7064,Ashton Larson,Ashton Larson,sa3035995,,,ashtonlarson
7065,Brandon Larson,Brandon Larson,sa3035997,,,brandonlarson
7066,Connor Larson,Connor Larson,sa3035998,,,connorlarson
7067,Jake Larson,Jake Larson,sa3036000,,,jakelarson
7068,Van Larson,Van Larson,sa3036006,,,vanlarson
7069,Will Larson,Will Larson,sa3036007,,,willlarson
7070,Anthony LaSala,Anthony LaSala,sa3036013,,,anthonylasala
7071,Donovan LaSalle,Donovan LaSalle,sa3036014,,,donovanlasalle
7072,Bobby Lasbury,Bobby Lasbury,sa3036015,,,bobbylasbury
7073,Rene Lastres,Rene Lastres,sa3036026,,,renelastres
7074,RJ Latkowski,RJ Latkowski,sa3036030,,,rjlatkowski
7075,Maddox Latta,Maddox Latta,sa3036032,,,maddoxlatta
7076,Michael Latulas,Michael Latulas,sa3036035,,,michaellatulas
7077,John Lauinger,John Lauinger,sa3036042,,,johnlauinger
7078,AJ Lausten,AJ Lausten,sa3036046,,,ajlausten
7079,Lance Lauve,Lance Lauve,sa3036047,,,lancelauve
7080,Declan Lavelle,Declan Lavelle,sa3036052,,,declanlavelle
7081,Robbie Lavey,Robbie Lavey,sa3036054,,,robbielavey
7082,Luc Lavigueur,Luc Lavigueur,sa3036055,,,luclavigueur
7083,Luke Lavin,Luke Lavin,sa3036056,,,lukelavin
7084,Kyle Law,Kyle Law,sa3036061,,,kylelaw
7085,Reece Lawler,Reece Lawler,sa3036063,,,reecelawler
7086,Gardner Lawrence,Gardner Lawrence,sa3036066,,,gardnerlawrence
7087,Luke Lawrence,Luke Lawrence,sa3036069,,,lukelawrence
7088,John Lawson,John Lawson,sa3036077,,,johnlawson
7089,Nathan Lawson,Nathan Lawson,sa3036078,,,nathanlawson
7090,Ty Lawson,Ty Lawson,sa3036080,,,tylawson
7091,Chet Lax,Chet Lax,sa3036082,,,chetlax
7092,Graham Laxton,Graham Laxton,sa3036084,,,grahamlaxton
7093,James Layman,James Layman,sa3036085,,,jameslayman
7094,Jack Lazark,Jack Lazark,sa3036089,,,jacklazark
7095,Eli Lazio,Eli Lazio,sa3036090,,,elilazio
7096,Anton Lazits,Anton Lazits,sa3036091,,,antonlazits
7097,Charlie Lazo,Charlie Lazo,sa3036092,,,charlielazo
7098,Jason Lazo,Jason Lazo,sa3036093,,,jasonlazo
7099,Drew Leach,Drew Leach,sa3036102,,,drewleach
7100,Matt Leahy,Matt Leahy,sa3036110,,,mattleahy
7101,Cole Leaman,Cole Leaman,sa3036112,,,coleleaman
7102,Max LeBlanc,Max LeBlanc,sa3036126,,,maxleblanc
7103,Justin Lebron,Justin Lebron,sa3036129,,,justinlebron
7104,Kai Leckszas,Kai Leckszas,sa3036135,,,kaileckszas
7105,Ryan LeClair,Ryan LeClair,sa3036136,,,ryanleclair
7106,Talmadge LeCroy,Talmadge LeCroy,sa3036138,,,talmadgelecroy
7107,Parks Ledwell,Parks Ledwell,sa3036145,,,parksledwell
7108,Hudson Lee,Hudson Lee,sa3036155,,,hudsonlee
7109,Jeff Lee,Jeff Lee,sa3036158,,,jefflee
7110,Jehee Lee,Jehee Lee,sa3036159,,,jeheelee
7111,Justin Lee,Justin Lee,sa3036160,,,justinlee
7112,Ryan Lee,Ryan Lee,sa3036165,,,ryanlee
7113,Bryce Leedle,Bryce Leedle,sa3036170,,,bryceleedle
7114,Nick Leehey,Nick Leehey,sa3036171,,,nickleehey
7115,Haiden Leffew,Haiden Leffew,sa3036174,,,haidenleffew
7116,Tyler Legendre,Tyler Legendre,sa3036177,,,tylerlegendre
7117,Justin LeGuernic,Justin LeGuernic,sa3036183,,,justinleguernic
7118,Adam Lehmann,Adam Lehmann,sa3036184,,,adamlehmann
7119,Justin Lehman,Justin Lehman,sa3036186,,,justinlehman
7120,Blake Lehmbeck,Blake Lehmbeck,sa3036188,,,blakelehmbeck
7121,Matt Leikus,Matt Leikus,sa3036194,,,mattleikus
7122,Drew Leinenbach,Drew Leinenbach,sa3036196,,,drewleinenbach
7123,Nathan Leininger,Nathan Leininger,sa3036199,,,nathanleininger
7124,Cam Leiter,Cam Leiter,sa3036203,,,camleiter
7125,Brady LeJeune-DeAcutis,Brady LeJeune-DeAcutis,sa3036207,,,bradylejeunedeacutis
7126,Cameron Lejeune,Cameron Lejeune,sa3036208,,,cameronlejeune
7127,Luke LeMond,Luke LeMond,sa3036214,,,lukelemond
7128,Tyler Lender,Tyler Lender,sa3036216,,,tylerlender
7129,Andy Leon,Andy Leon,sa3036217,,,andyleon
7130,Eddie Leon,Eddie Leon,sa3036219,,,eddieleon
7131,Trevor Leon,Trevor Leon,sa3036221,,,trevorleon
7132,Bryce Leonard,Bryce Leonard,sa3036222,,,bryceleonard
7133,Brooks Leonard,Brooks Leonard,sa3036223,,,brooksleonard
7134,Caden Leonard,Caden Leonard,sa3036225,,,cadenleonard
7135,Cal Leonard,Cal Leonard,sa3036226,,,calleonard
7136,Samuel Leonard,Samuel Leonard,sa3036232,,,samuelleonard
7137,Tanner Leonard,Tanner Leonard,sa3036233,,,tannerleonard
7138,Mason Lerma,Mason Lerma,sa3036245,,,masonlerma
7139,Brando Leroux,Brando Leroux,sa3036246,,,brandoleroux
7140,Tyler Leroy,Tyler Leroy,sa3036247,,,tylerleroy
7141,Brett Lesher,Brett Lesher,sa3036249,,,brettlesher
7142,Kyle Lesler,Kyle Lesler,sa3036254,,,kylelesler
7143,Jared Lessman,Jared Lessman,sa3036256,,,jaredlessman
7144,Parker Lester,Parker Lester,sa3036258,,,parkerlester
7145,Teige Lethert,Teige Lethert,sa3036259,,,teigelethert
7146,Luke Leto,Luke Leto,sa3036261,,,lukeleto
7147,Lucas Letsinger,Lucas Letsinger,sa3036263,,,lucasletsinger
7148,Rohan Lettow,Rohan Lettow,sa3036265,,,rohanlettow
7149,Marco Levari,Marco Levari,sa3036271,,,marcolevari
7150,Luke Leverton,Luke Leverton,sa3036273,,,lukeleverton
7151,Trystan Levesque,Trystan Levesque,sa3036275,,,trystanlevesque
7152,Brody Levin,Brody Levin,sa3036277,,,brodylevin
7153,Jack Levine,Jack Levine,sa3036278,,,jacklevine
7154,Peter Levin,Peter Levin,sa3036281,,,peterlevin
7155,Mulivai Levu,Mulivai Levu,sa3036284,,,mulivailevu
7156,Colin Lewandowski,Colin Lewandowski,sa3036288,,,colinlewandowski
7157,Andreaus Lewis II,Andreaus Lewis II,sa3036289,,,andreauslewisii
7158,Bradley Lewis,Bradley Lewis,sa3036291,,,bradleylewis
7159,C.J. Lewis,C.J. Lewis,sa3036293,,,cjlewis
7160,David Lewis,David Lewis,sa3036295,,,davidlewis
7161,Ethan Lewis,Ethan Lewis,sa3036297,,,ethanlewis
7162,Gavin Lewis Jr.,Gavin Lewis Jr.,sa3036298,,,gavinlewisjr
7163,Hayden Lewis,Hayden Lewis,sa3036299,,,haydenlewis
7164,Jared Lewis,Jared Lewis,sa3036303,,,jaredlewis
7165,Jeriah Lewis,Jeriah Lewis,sa3036304,,,jeriahlewis
7166,Kade Lewis,Kade Lewis,sa3036307,,,kadelewis
7167,Shane Lewis,Shane Lewis,sa3036310,,,shanelewis
7168,Zach Lewis,Zach Lewis,sa3036314,,,zachlewis
7169,Caleb Leys,Caleb Leys,sa3036316,834393,,calebleys
7170,Ethan Liao,Ethan Liao,sa3036318,,,ethanliao
7171,Nico Libed,Nico Libed,sa3036320,,,nicolibed
7172,Robbie Liddington,Robbie Liddington,sa3036327,,,robbieliddington
7173,Brady Liddle,Brady Liddle,sa3036328,,,bradyliddle
7174,Karson Ligon,Karson Ligon,sa3036337,695704,,karsonligon
7175,Reese Ligtenberg,Reese Ligtenberg,sa3036338,,,reeseligtenberg
7176,Christian Lim,Christian Lim,sa3036340,,,christianlim
7177,Jacob Limas,Jacob Limas,sa3036341,,,jacoblimas
7178,Eric Lin,Eric Lin,sa3036343,,,ericlin
7179,Will Linberg,Will Linberg,sa3036344,,,willlinberg
7180,Nathan Lincoln,Nathan Lincoln,sa3036347,,,nathanlincoln
7181,Jackson Lind,Jackson Lind,sa3036348,,,jacksonlind
7182,Simon Linde,Simon Linde,sa3036349,,,simonlinde
7183,Michael Lindsey,Michael Lindsey,sa3036354,,,michaellindsey
7184,Tony Lindwedel,Tony Lindwedel,sa3036357,,,tonylindwedel
7185,Peter Link,Peter Link,sa3036360,,,peterlink
7186,Conner Linn,Conner Linn,sa3036364,,,connerlinn
7187,Jackson Linn,Jackson Linn,sa3036365,,,jacksonlinn
7188,Trent Liolios,Trent Liolios,sa3036371,,,trentliolios
7189,Reese Lipoma,Reese Lipoma,sa3036373,,,reeselipoma
7190,Michael Lippe,Michael Lippe,sa3036375,,,michaellippe
7191,Trey Lipsey,Trey Lipsey,sa3036378,,,treylipsey
7192,Dom Listi,Dom Listi,sa3036385,,,domlisti
7193,Lucas Litteral,Lucas Litteral,sa3036388,,,lucaslitteral
7194,Branton Little,Branton Little,sa3036391,,,brantonlittle
7195,Cody Little,Cody Little,sa3036395,,,codylittle
7196,Corban Little,Corban Little,sa3036396,,,corbanlittle
7197,Morgan Little,Morgan Little,sa3036401,,,morganlittle
7198,Ryan Little,Ryan Little,sa3036403,,,ryanlittle
7199,Arthur Liu,Arthur Liu,sa3036404,,,arthurliu
7200,Matthew Lively,Matthew Lively,sa3036406,,,matthewlively
7201,Josh Livingston,Josh Livingston,sa3036412,,,joshlivingston
7202,Ethan Lizama,Ethan Lizama,sa3036417,,,ethanlizama
7203,Jaxon Lloyd,Jaxon Lloyd,sa3036423,,,jaxonlloyd
7204,Victor Loa,Victor Loa,sa3036426,,,victorloa
7205,Jayden Lobliner,Jayden Lobliner,sa3036429,,,jaydenlobliner
7206,Connor Lockwood,Connor Lockwood,sa3036437,,,connorlockwood
7207,Nick Locurto,Nick Locurto,sa3036439,,,nicklocurto
7208,Kyan Lodice,Kyan Lodice,sa3036444,,,kyanlodice
7209,Alex Lodise,Alex Lodise,sa3036445,,,alexlodise
7210,Brixton Lofgren,Brixton Lofgren,sa3036451,,,brixtonlofgren
7211,Jackson Logar,Jackson Logar,sa3036455,,,jacksonlogar
7212,Chase Loggins,Chase Loggins,sa3036456,,,chaseloggins
7213,Dawson Logie,Dawson Logie,sa3036457,,,dawsonlogie
7214,Bradke Lohry,Bradke Lohry,sa3036464,,,bradkelohry
7215,Ian Lohse,Ian Lohse,sa3036465,,,ianlohse
7216,Drew Loikits,Drew Loikits,sa3036466,,,drewloikits
7217,Colton Lomanto,Colton Lomanto,sa3036469,,,coltonlomanto
7218,Michael Lombardi,Michael Lombardi,sa3036476,,,michaellombardi
7219,Richard Long,Richard Long,sa3036493,,,richardlong
7220,Adan Longoria,Adan Longoria,sa3036501,,,adanlongoria
7221,Joe Longo,Joe Longo,sa3036502,,,joelongo
7222,Zach Longshore,Zach Longshore,sa3036508,,,zachlongshore
7223,Landen Looper,Landen Looper,sa3036513,,,landenlooper
7224,Bobby Loper,Bobby Loper,sa3036518,,,bobbyloper
7225,Adrian Lopez,Adrian Lopez,sa3036523,,,adrianlopez
7226,David Lopez,David Lopez,sa3036530,,,davidlopez
7227,Eli Lopez,Eli Lopez,sa3036535,,,elilopez
7228,Isaac Lopez,Isaac Lopez,sa3036537,,,isaaclopez
7229,Jayden Lopez,Jayden Lopez,sa3036539,,,jaydenlopez
7230,Mark Lopez,Mark Lopez,sa3036547,,,marklopez
7231,Matthew Lopez,Matthew Lopez,sa3036548,,,matthewlopez
7232,Nelphie Lopez,Nelphie Lopez,sa3036549,,,nelphielopez
7233,Sebastian Lopez,Sebastian Lopez,sa3036554,,,sebastianlopez
7234,Tracer Lopez,Tracer Lopez,sa3036555,,,tracerlopez
7235,Joseph LoPinto,Joseph LoPinto,sa3036559,,,josephlopinto
7236,James Lordi,James Lordi,sa3036563,,,jameslordi
7237,Matthew Lorenzano,Matthew Lorenzano,sa3036567,,,matthewlorenzano
7238,Bryan Loriga,Bryan Loriga,sa3036572,,,bryanloriga
7239,Chris Lotito,Chris Lotito,sa3036575,,,chrislotito
7240,Malachi Lott,Malachi Lott,sa3036578,,,malachilott
7241,Nick Lottchea,Nick Lottchea,sa3036580,,,nicklottchea
7242,Brady Louck,Brady Louck,sa3036581,,,bradylouck
7243,Collin Loupe,Collin Loupe,sa3036582,,,collinloupe
7244,Je-andrick Lourens,Je-andrick Lourens,sa3036583,,,jeandricklourens
7245,Ethan Louthan,Ethan Louthan,sa3036585,,,ethanlouthan
7246,Carter Lovasz,Carter Lovasz,sa3036586,801921,,carterlovasz
7247,Jimmy Lovelace,Jimmy Lovelace,sa3036594,,,jimmylovelace
7248,Jett Lovett,Jett Lovett,sa3036598,,,jettlovett
7249,Xavier Lovett,Xavier Lovett,sa3036599,,,xavierlovett
7250,Jackson Lovich,Jackson Lovich,sa3036600,804944,,jacksonlovich
7251,Bryant Loving,Bryant Loving,sa3036602,,,bryantloving
7252,Dylan Loy,Dylan Loy,sa3036613,,,dylanloy
7253,Cooper Loyal,Cooper Loyal,sa3036615,,,cooperloyal
7254,Landen Lozier,Landen Lozier,sa3036625,,,landenlozier
7255,Brock Lucas,Brock Lucas,sa3036630,,,brocklucas
7256,Jaxon Lucas,Jaxon Lucas,sa3036633,,,jaxonlucas
7257,Noah Lucchesi,Noah Lucchesi,sa3036639,,,noahlucchesi
7258,Alex Luccini,Alex Luccini,sa3036640,,,alexluccini
7259,Brandon Lucek,Brandon Lucek,sa3036642,,,brandonlucek
7260,Adyn Lucero,Adyn Lucero,sa3036643,,,adynlucero
7261,Cole Luckey,Cole Luckey,sa3036649,,,coleluckey
7262,Nick Luckett,Nick Luckett,sa3036650,,,nickluckett
7263,Jaylon Lucky,Jaylon Lucky,sa3036652,,,jaylonlucky
7264,Andrew Luczak,Andrew Luczak,sa3036654,,,andrewluczak
7265,Eric Ludwick,Eric Ludwick,sa3036660,,,ericludwick
7266,Trey Ludy,Trey Ludy,sa3036662,,,treyludy
7267,Reese Lueck,Reese Lueck,sa3036663,,,reeselueck
7268,Johnny Luetzow,Johnny Luetzow,sa3036666,,,johnnyluetzow
7269,Wes Lug,Wes Lug,sa3036668,,,weslug
7270,Aaron Lugo,Aaron Lugo,sa3036669,,,aaronlugo
7271,Braden Luke,Braden Luke,sa3036678,,,bradenluke
7272,Kevin Luke,Kevin Luke,sa3036681,,,kevinluke
7273,Brock Lummus,Brock Lummus,sa3036684,,,brocklummus
7274,Reese Lumpkin,Reese Lumpkin,sa3036687,,,reeselumpkin
7275,Ben Lumsden,Ben Lumsden,sa3036689,,,benlumsden
7276,Logan Lunceford,Logan Lunceford,sa3036695,702583,,loganlunceford
7277,Colby Lunsford,Colby Lunsford,sa3036702,,,colbylunsford
7278,Luke Luskey,Luke Luskey,sa3036707,,,lukeluskey
7279,Matt Lussier,Matt Lussier,sa3036709,,,mattlussier
7280,Conner Lutes,Conner Lutes,sa3036712,,,connerlutes
7281,Travis Lutz,Travis Lutz,sa3036719,,,travislutz
7282,Brandon Luu,Brandon Luu,sa3036720,,,brandonluu
7283,Jack Lux,Jack Lux,sa3036723,,,jacklux
7284,Jackson Lux,Jackson Lux,sa3036724,,,jacksonlux
7285,Diego Luzardo,Diego Luzardo,sa3036726,,,diegoluzardo
7286,William Lybrook,William Lybrook,sa3036729,,,williamlybrook
7287,Ethan Lyke,Ethan Lyke,sa3036731,,,ethanlyke
7288,Zach Lyles,Zach Lyles,sa3036735,,,zachlyles
7289,Luke Lyman,Luke Lyman,sa3036737,,,lukelyman
7290,Jake Lynch,Jake Lynch,sa3036740,,,jakelynch
7291,Matt Lynch,Matt Lynch,sa3036741,,,mattlynch
7292,Ryan Lynch,Ryan Lynch,sa3036743,,,ryanlynch
7293,Will Lynch,Will Lynch,sa3036746,,,willlynch
7294,Tanner Lyne,Tanner Lyne,sa3036747,,,tannerlyne
7295,Alex Lyon,Alex Lyon,sa3036749,,,alexlyon
7296,Isaac Lyon,Isaac Lyon,sa3036750,805214,,isaaclyon
7297,Luke Lyon,Luke Lyon,sa3036752,,,lukelyon
7298,Kendall Lyons,Kendall Lyons,sa3036754,,,kendalllyons
7299,Trenton Lyons,Trenton Lyons,sa3036758,,,trentonlyons
7300,Thomas Lyssy,Thomas Lyssy,sa3036761,,,thomaslyssy
7301,Mason Lytle,Mason Lytle,sa3036762,,,masonlytle
7302,Parker MacCauley,Parker MacCauley,sa3036775,,,parkermaccauley
7303,Danny Macchiarola,Danny Macchiarola,sa3036776,809059,,dannymacchiarola
7304,Cort MacDonald,Cort MacDonald,sa3036781,,,cortmacdonald
7305,Ryan MacDougall,Ryan MacDougall,sa3036786,,,ryanmacdougall
7306,Dallas Macias,Dallas Macias,sa3036796,702582,,dallasmacias
7307,Jalon Mack,Jalon Mack,sa3036804,,,jalonmack
7308,Brayden Mackey,Brayden Mackey,sa3036811,,,braydenmackey
7309,Garrett Mackowiak,Garrett Mackowiak,sa3036815,,,garrettmackowiak
7310,Will MacLean,Will MacLean,sa3036817,,,willmaclean
7311,Blake MacMillan,Blake MacMillan,sa3036818,,,blakemacmillan
7312,Coleman MacRae,Coleman MacRae,sa3036822,,,colemanmacrae
7313,Griffin Madden,Griffin Madden,sa3036825,,,griffinmadden
7314,Riley Maddox,Riley Maddox,sa3036829,824600,,rileymaddox
7315,Alex Madera,Alex Madera,sa3036834,,,alexmadera
7316,Bear Madliak,Bear Madliak,sa3036835,,,bearmadliak
7317,Eddie Madrigal,Eddie Madrigal,sa3036840,,,eddiemadrigal
7318,Trey Maeker,Trey Maeker,sa3036844,,,treymaeker
7319,Isaiah Magdaleno,Isaiah Magdaleno,sa3036845,,,isaiahmagdaleno
7320,Connor Maggi,Connor Maggi,sa3036849,,,connormaggi
7321,Michael Maggio,Michael Maggio,sa3036850,,,michaelmaggio
7322,Michael Maginnis,Michael Maginnis,sa3036853,,,michaelmaginnis
7323,Dom Magliocca,Dom Magliocca,sa3036855,,,dommagliocca
7324,Ben Magovern,Ben Magovern,sa3036856,,,benmagovern
7325,Adam Magpoc,Adam Magpoc,sa3036857,,,adammagpoc
7326,Lucas Mahlstedt,Lucas Mahlstedt,sa3036871,822652,,lucasmahlstedt
7327,Garrett Maish,Garrett Maish,sa3036883,,,garrettmaish
7328,Zak Majer,Zak Majer,sa3036884,,,zakmajer
7329,Aidan Major,Aidan Major,sa3036887,,,aidanmajor
7330,Ryan Maka,Ryan Maka,sa3036891,,,ryanmaka
7331,Chance Mako,Chance Mako,sa3036894,,,chancemako
7332,Cam Maldonado,Cam Maldonado,sa3036900,809686,,cammaldonado
7333,Chris Maldonado,Chris Maldonado,sa3036901,,,chrismaldonado
7334,Evan Maldonado,Evan Maldonado,sa3036902,,,evanmaldonado
7335,John Maldonado Jr.,John Maldonado Jr.,sa3036904,,,johnmaldonadojr
7336,Andrew Malec,Andrew Malec,sa3036909,,,andrewmalec
7337,Michael Mallas,Michael Mallas,sa3036917,,,michaelmallas
7338,Brett Mallett,Brett Mallett,sa3036918,,,brettmallett
7339,Kenny Mallory Jr.,Kenny Mallory Jr.,sa3036923,,,kennymalloryjr
7340,Tanner Mally,Tanner Mally,sa3036924,,,tannermally
7341,Colin Maloney,Colin Maloney,sa3036930,,,colinmaloney
7342,Collin Maloney,Collin Maloney,sa3036931,,,collinmaloney
7343,Evan Maloney,Evan Maloney,sa3036932,,,evanmaloney
7344,James Malone,James Malone,sa3036934,,,jamesmalone
7345,John Malone,John Malone,sa3036935,,,johnmalone
7346,Matt Maloney,Matt Maloney,sa3036939,,,mattmaloney
7347,Maddox Malony,Maddox Malony,sa3036940,,,maddoxmalony
7348,Mike Maloney,Mike Maloney,sa3036941,,,mikemaloney
7349,Corbin Malott,Corbin Malott,sa3036945,,,corbinmalott
7350,JB Manarchuck,JB Manarchuck,sa3036948,,,jbmanarchuck
7351,Mike Mancini,Mike Mancini,sa3036951,,,mikemancini
7352,Pauly Mancino,Pauly Mancino,sa3036952,,,paulymancino
7353,Maddox Mandino,Maddox Mandino,sa3036956,,,maddoxmandino
7354,Leo Mangiamele,Leo Mangiamele,sa3036965,,,leomangiamele
7355,Grant Mangrum,Grant Mangrum,sa3036966,,,grantmangrum
7356,Hector Mangual,Hector Mangual,sa3036969,,,hectormangual
7357,Nate Manley,Nate Manley,sa3036979,,,natemanley
7358,Brandon Mann,Brandon Mann,sa3036982,,,brandonmann
7359,Andrew Mannelly,Andrew Mannelly,sa3036985,,,andrewmannelly
7360,Andrew Manning,Andrew Manning,sa3036987,,,andrewmanning
7361,Grant Manning,Grant Manning,sa3036989,,,grantmanning
7362,Lucas Manning,Lucas Manning,sa3036990,,,lucasmanning
7363,Robert Mannino,Robert Mannino,sa3036994,,,robertmannino
7364,Mason Manriquez,Mason Manriquez,sa3036997,,,masonmanriquez
7365,Luke Mansy,Luke Mansy,sa3036999,,,lukemansy
7366,Jimmy Mantuano,Jimmy Mantuano,sa3037004,,,jimmymantuano
7367,Andrew Marcello,Andrew Marcello,sa3037020,,,andrewmarcello
7368,Chris Marcellus,Chris Marcellus,sa3037021,,,chrismarcellus
7369,Landon Marchetti,Landon Marchetti,sa3037025,,,landonmarchetti
7370,Riley Marcotte,Riley Marcotte,sa3037032,,,rileymarcotte
7371,Will Marcy,Will Marcy,sa3037035,,,willmarcy
7372,Matthew Mariano,Matthew Mariano,sa3037043,,,matthewmariano
7373,Tre Mariano,Tre Mariano,sa3037044,,,tremariano
7374,James Marino,James Marino,sa3037046,,,jamesmarino
7375,Louis Marinaro,Louis Marinaro,sa3037048,,,louismarinaro
7376,Dylan Marionneaux,Dylan Marionneaux,sa3037053,,,dylanmarionneaux
7377,Bennett Markinson,Bennett Markinson,sa3037056,,,bennettmarkinson
7378,Drew Markle,Drew Markle,sa3037058,,,drewmarkle
7379,Brayden Marks,Brayden Marks,sa3037063,,,braydenmarks
7380,Easton Marks,Easton Marks,sa3037064,831560,,eastonmarks
7381,Alex Markus,Alex Markus,sa3037065,,,alexmarkus
7382,Parker Marlatt,Parker Marlatt,sa3037066,,,parkermarlatt
7383,Jacob Marlowe,Jacob Marlowe,sa3037069,,,jacobmarlowe
7384,Ethan Marmie,Ethan Marmie,sa3037072,,,ethanmarmie
7385,Caleb Marmo,Caleb Marmo,sa3037073,,,calebmarmo
7386,Ryan Marohn,Ryan Marohn,sa3037074,,,ryanmarohn
7387,Jake Maroney,Jake Maroney,sa3037077,,,jakemaroney
7388,Doug Marose,Doug Marose,sa3037078,,,dougmarose
7389,Jordan Marot,Jordan Marot,sa3037079,,,jordanmarot
7390,Alejandro Marquez,Alejandro Marquez,sa3037081,,,alejandromarquez
7391,Bobby Marsh,Bobby Marsh,sa3037099,,,bobbymarsh
7392,Carson Marsh,Carson Marsh,sa3037103,,,carsonmarsh
7393,Cam Marshall,Cam Marshall,sa3037104,,,cammarshall
7394,Connor Marshburn,Connor Marshburn,sa3037106,,,connormarshburn
7395,David Marshall,David Marshall,sa3037108,,,davidmarshall
7396,Jonah Marshall,Jonah Marshall,sa3037113,,,jonahmarshall
7397,Owen Marsh,Owen Marsh,sa3037116,,,owenmarsh
7398,Tanner Marsh,Tanner Marsh,sa3037119,,,tannermarsh
7399,Ty Marshall,Ty Marshall,sa3037121,,,tymarshall
7400,Bryce Martens,Bryce Martens,sa3037122,,,brycemartens
7401,A.J. Martin,A.J. Martin,sa3037126,,,ajmartin
7402,Ben Martin,Ben Martin,sa3037131,,,benmartin
7403,Bryce Martin-Grudzielanek,Bryce Martin-Grudzielanek,sa3037136,701727,,brycemartingrudzielanek
7404,Brayden Martin,Brayden Martin,sa3037139,,,braydenmartin
7405,Cade Martinez,Cade Martinez,sa3037143,,,cademartinez
7406,Cam Martindale,Cam Martindale,sa3037144,,,cammartindale
7407,Drew Martin,Drew Martin,sa3037153,,,drewmartin
7408,Erick Martinez,Erick Martinez,sa3037156,,,erickmartinez
7409,Hamilton Martinez,Hamilton Martinez,sa3037162,,,hamiltonmartinez
7410,Javier Martinez,Javier Martinez,sa3037170,,,javiermartinez
7411,Jack Martinez,Jack Martinez,sa3037172,822956,,jackmartinez
7412,Jafet Martinez,Jafet Martinez,sa3037173,,,jafetmartinez
7413,Jace Martinez,Jace Martinez,sa3037174,,,jacemartinez
7414,Jevarra Martin,Jevarra Martin,sa3037175,,,jevarramartin
7415,Joshua Martinez,Joshua Martinez,sa3037183,,,joshuamartinez
7416,Joseph Martin,Joseph Martin,sa3037184,,,josephmartin
7417,Kevin Martin,Kevin Martin,sa3037187,,,kevinmartin
7418,Mason Martinez,Mason Martinez,sa3037188,,,masonmartinez
7419,Matthew Martinez,Matthew Martinez,sa3037189,,,matthewmartinez
7420,Matthew Martinez II,Matthew Martinez II,sa3037191,,,matthewmartinezii
7421,Maison Martinez,Maison Martinez,sa3037192,824506,,maisonmartinez
7422,Max Martin,Max Martin,sa3037193,822317,,maxmartin
7423,Maximus Martin,Maximus Martin,sa3037194,703611,,maximusmartin
7424,Roman Martin,Roman Martin,sa3037203,,,romanmartin
7425,Ryan Martinez,Ryan Martinez,sa3037205,,,ryanmartinez
7426,Shannon Martin,Shannon Martin,sa3037208,,,shannonmartin
7427,Tommy Martin,Tommy Martin,sa3037211,,,tommymartin
7428,Anthony Martinez,Anthony Martinez,sa3037212,814452,,anthonymartinez
7429,Trent Martin,Trent Martin,sa3037214,,,trentmartin
7430,Victor Martinez,Victor Martinez,sa3037222,,,victormartinez
7431,Zach Martin,Zach Martin,sa3037226,,,zachmartin
7432,Kurt Marton,Kurt Marton,sa3037227,,,kurtmarton
7433,Max Martzolf,Max Martzolf,sa3037228,,,maxmartzolf
7434,Brayden Marx,Brayden Marx,sa3037232,,,braydenmarx
7435,Matt Masciangelo,Matt Masciangelo,sa3037239,,,mattmasciangelo
7436,Cole Mascott,Cole Mascott,sa3037241,,,colemascott
7437,Dalton Mashore,Dalton Mashore,sa3037245,,,daltonmashore
7438,Jason Masick,Jason Masick,sa3037246,,,jasonmasick
7439,Luke Masiuk,Luke Masiuk,sa3037248,,,lukemasiuk
7440,Jake Maske,Jake Maske,sa3037249,,,jakemaske
7441,Rowan Masse,Rowan Masse,sa3037260,,,rowanmasse
7442,Aaron Massie,Aaron Massie,sa3037262,,,aaronmassie
7443,Aidan Masters,Aidan Masters,sa3037265,,,aidanmasters
7444,Dillon Masters,Dillon Masters,sa3037269,,,dillonmasters
7445,Justin Masteralexis,Justin Masteralexis,sa3037270,,,justinmasteralexis
7446,Graham Mastros,Graham Mastros,sa3037272,,,grahammastros
7447,Marcello Mastroianni,Marcello Mastroianni,sa3037273,,,marcellomastroianni
7448,Patrick Mastrian IV,Patrick Mastrian IV,sa3037274,,,patrickmastrianiv
7449,Saul Mata,Saul Mata,sa3037277,,,saulmata
7450,Dan Mateffy,Dan Mateffy,sa3037278,,,danmateffy
7451,Bailey Matela,Bailey Matela,sa3037279,,,baileymatela
7452,Dylan Matela,Dylan Matela,sa3037280,,,dylanmatela
7453,Duncan Mathews,Duncan Mathews,sa3037288,,,duncanmathews
7454,Noah Matheny,Noah Matheny,sa3037295,,,noahmatheny
7455,Sam Matherly,Sam Matherly,sa3037297,,,sammatherly
7456,Cole Mathis,Cole Mathis,sa3037300,,,colemathis
7457,Dylan Mathiesen,Dylan Mathiesen,sa3037301,835481,,dylanmathiesen
7458,Andres Matias,Andres Matias,sa3037304,,,andresmatias
7459,Caden Matlon,Caden Matlon,sa3037305,,,cadenmatlon
7460,Kevin Matos,Kevin Matos,sa3037309,,,kevinmatos
7461,Sax Matson,Sax Matson,sa3037313,,,saxmatson
7462,Luke Matta,Luke Matta,sa3037316,,,lukematta
7463,Nicholas Mattera,Nicholas Mattera,sa3037318,,,nicholasmattera
7464,Caleb Matthews,Caleb Matthews,sa3037323,,,calebmatthews
7465,Mateo Matthews,Mateo Matthews,sa3037333,,,mateomatthews
7466,Matthew Matthijs,Matthew Matthijs,sa3037334,,,matthewmatthijs
7467,Michael Matthews,Michael Matthews,sa3037335,,,michaelmatthews
7468,Christopher Mattioli,Christopher Mattioli,sa3037338,,,christophermattioli
7469,Connor Mattison,Connor Mattison,sa3037339,,,connormattison
7470,Drew Mattox,Drew Mattox,sa3037342,,,drewmattox
7471,Seth Mattox,Seth Mattox,sa3037343,,,sethmattox
7472,Ty Mauldin,Ty Mauldin,sa3037350,,,tymauldin
7473,Matthew Maulik,Matthew Maulik,sa3037351,,,matthewmaulik
7474,Vincent Mauro,Vincent Mauro,sa3037354,,,vincentmauro
7475,Dylan Maxcey,Dylan Maxcey,sa3037358,,,dylanmaxcey
7476,Zach Maxey,Zach Maxey,sa3037360,,,zachmaxey
7477,Hadley Maxwell,Hadley Maxwell,sa3037363,,,hadleymaxwell
7478,Logan Maxwell,Logan Maxwell,sa3037364,,,loganmaxwell
7479,Aiden May,Aiden May,sa3037366,,,aidenmay
7480,Ian May,Ian May,sa3037368,,,ianmay
7481,Gabe Maya,Gabe Maya,sa3037371,,,gabemaya
7482,Cameron Mayer,Cameron Mayer,sa3037374,,,cameronmayer
7483,Dylan Mayer,Dylan Mayer,sa3037375,,,dylanmayer
7484,Jacob Mayers,Jacob Mayers,sa3037376,823808,,jacobmayers
7485,Justin Mayes,Justin Mayes,sa3037380,,,justinmayes
7486,Carson Mayfield,Carson Mayfield,sa3037381,,,carsonmayfield
7487,Jackson Mayo,Jackson Mayo,sa3037391,,,jacksonmayo
7488,Cam Mazell,Cam Mazell,sa3037397,,,cammazell
7489,Chris Mazza,Chris Mazza,sa3037400,,,chrismazza
7490,Joe Mazza,Joe Mazza,sa3037402,,,joemazza
7491,Niko Mazza,Niko Mazza,sa3037404,,,nikomazza
7492,Victor Mazzara,Victor Mazzara,sa3037406,,,victormazzara
7493,Reilly McAdams,Reilly McAdams,sa3037410,,,reillymcadams
7494,Dan McAliney,Dan McAliney,sa3037411,,,danmcaliney
7495,Josh McAlister,Josh McAlister,sa3037412,,,joshmcalister
7496,Shane McAlinden,Shane McAlinden,sa3037413,,,shanemcalinden
7497,Levi McAllister,Levi McAllister,sa3037417,,,levimcallister
7498,Tommy McAndrews,Tommy McAndrews,sa3037418,,,tommymcandrews
7499,Colter McAnelly,Colter McAnelly,sa3037419,,,coltermcanelly
7500,Aidan McAskie,Aidan McAskie,sa3037421,,,aidanmcaskie
7501,Daniel McAuliff,Daniel McAuliff,sa3037424,,,danielmcauliff
7502,Bobby McBride,Bobby McBride,sa3037427,,,bobbymcbride
7503,Joe McBride,Joe McBride,sa3037429,,,joemcbride
7504,Brian McBroom,Brian McBroom,sa3037430,,,brianmcbroom
7505,Kyle McCaffrey,Kyle McCaffrey,sa3037436,,,kylemccaffrey
7506,Liam McCallum,Liam McCallum,sa3037440,,,liammccallum
7507,Tanner McCammon,Tanner McCammon,sa3037442,,,tannermccammon
7508,David McCann,David McCann,sa3037443,,,davidmccann
7509,Derek McCarley,Derek McCarley,sa3037447,,,derekmccarley
7510,Dylan McCarthy,Dylan McCarthy,sa3037449,,,dylanmccarthy
7511,Nolan McCarthy,Nolan McCarthy,sa3037455,,,nolanmccarthy
7512,Riley McCarthy,Riley McCarthy,sa3037457,,,rileymccarthy
7513,Will McCausland,Will McCausland,sa3037464,823790,,willmccausland
7514,Nic McCay,Nic McCay,sa3037466,,,nicmccay
7515,Crew McChesney,Crew McChesney,sa3037467,,,crewmcchesney
7516,Jordan McCladdie,Jordan McCladdie,sa3037469,,,jordanmccladdie
7517,Tryston McCladdie,Tryston McCladdie,sa3037471,,,trystonmccladdie
7518,Brian McClellin,Brian McClellin,sa3037474,,,brianmcclellin
7519,Calvin McClendon,Calvin McClendon,sa3037475,,,calvinmcclendon
7520,Slade McCloud,Slade McCloud,sa3037481,,,slademccloud
7521,LeTrey McCollum,LeTrey McCollum,sa3037486,,,letreymccollum
7522,Luke McCollough,Luke McCollough,sa3037487,,,lukemccollough
7523,Jacob McCombs,Jacob McCombs,sa3037488,829643,,jacobmccombs
7524,Mac McCommons,Mac McCommons,sa3037489,,,macmccommons
7525,Mason McConnaughey,Mason McConnaughey,sa3037493,822415,,masonmcconnaughey
7526,Kevin McCormick,Kevin McCormick,sa3037499,,,kevinmccormick
7527,Cam'ron McCoy,Cam'ron McCoy,sa3037505,,,camronmccoy
7528,James McCoy,James McCoy,sa3037507,,,jamesmccoy
7529,Jackson McCoy,Jackson McCoy,sa3037508,,,jacksonmccoy
7530,Jake McCoy,Jake McCoy,sa3037509,,,jakemccoy
7531,Kyle McCoy,Kyle McCoy,sa3037510,702578,,kylemccoy
7532,J.D. McCracken,J.D. McCracken,sa3037512,,,jdmccracken
7533,Maximus McCrary,Maximus McCrary,sa3037514,,,maximusmccrary
7534,Connor McCreery,Connor McCreery,sa3037518,,,connormccreery
7535,Brennan McCune,Brennan McCune,sa3037526,,,brennanmccune
7536,Josh McCusker,Josh McCusker,sa3037529,,,joshmccusker
7537,Jake McCutcheon,Jake McCutcheon,sa3037531,823817,,jakemccutcheon
7538,Kyle McDaniel,Kyle McDaniel,sa3037536,,,kylemcdaniel
7539,Mason McDaniel,Mason McDaniel,sa3037537,,,masonmcdaniel
7540,Josh McDevitt,Josh McDevitt,sa3037542,,,joshmcdevitt
7541,Bobby McDonough,Bobby McDonough,sa3037545,,,bobbymcdonough
7542,Parker McDonald,Parker McDonald,sa3037556,,,parkermcdonald
7543,Tobey McDonough,Tobey McDonough,sa3037559,,,tobeymcdonough
7544,Reece McDuffie,Reece McDuffie,sa3037562,,,reecemcduffie
7545,Shamaar McDuffie,Shamaar McDuffie,sa3037563,,,shamaarmcduffie
7546,Owen McElfatrick,Owen McElfatrick,sa3037565,,,owenmcelfatrick
7547,Jake McElroy,Jake McElroy,sa3037567,,,jakemcelroy
7548,Ethan McElvain,Ethan McElvain,sa3037568,,,ethanmcelvain
7549,Thomas McElwee,Thomas McElwee,sa3037570,,,thomasmcelwee
7550,Will McEntire,Will McEntire,sa3037573,,,willmcentire
7551,Max McEwen,Max McEwen,sa3037575,,,maxmcewen
7552,Shea McGahan,Shea McGahan,sa3037583,,,sheamcgahan
7553,Cade McGarrh,Cade McGarrh,sa3037584,,,cademcgarrh
7554,Craig McGee,Craig McGee,sa3037588,,,craigmcgee
7555,Sean McGee,Sean McGee,sa3037592,,,seanmcgee
7556,Blake McGehee,Blake McGehee,sa3037593,,,blakemcgehee
7557,Cal McGinnis,Cal McGinnis,sa3037596,,,calmcginnis
7558,Troy McGirt,Troy McGirt,sa3037598,,,troymcgirt
7559,Cade McGlade,Cade McGlade,sa3037599,,,cademcglade
7560,Max McGlone,Max McGlone,sa3037600,,,maxmcglone
7561,Cole McGonigal,Cole McGonigal,sa3037602,,,colemcgonigal
7562,Jacob McGovern,Jacob McGovern,sa3037605,,,jacobmcgovern
7563,Cooper McGrath,Cooper McGrath,sa3037613,822824,,coopermcgrath
7564,James McGrady,James McGrady,sa3037614,,,jamesmcgrady
7565,Tristan McGregor,Tristan McGregor,sa3037617,,,tristanmcgregor
7566,Tate McGuire,Tate McGuire,sa3037622,,,tatemcguire
7567,Tim McGuire,Tim McGuire,sa3037623,,,timmcguire
7568,Matthew McGurk,Matthew McGurk,sa3037624,,,matthewmcgurk
7569,Chris McHugh,Chris McHugh,sa3037627,,,chrismchugh
7570,Nate McHugh,Nate McHugh,sa3037628,,,natemchugh
7571,Kyler McIntosh,Kyler McIntosh,sa3037640,,,kylermcintosh
7572,Alex McKay,Alex McKay,sa3037643,,,alexmckay
7573,Cullen McKay,Cullen McKay,sa3037647,,,cullenmckay
7574,Ryan McKay,Ryan McKay,sa3037650,,,ryanmckay
7575,Jake McKee,Jake McKee,sa3037651,,,jakemckee
7576,Tate McKee,Tate McKee,sa3037653,,,tatemckee
7577,Andrew Mckenna,Andrew Mckenna,sa3037656,,,andrewmckenna
7578,Brody McKenzie,Brody McKenzie,sa3037657,,,brodymckenzie
7579,Cooper McKenzie,Cooper McKenzie,sa3037661,,,coopermckenzie
7580,Liam Mckillop,Liam Mckillop,sa3037672,,,liammckillop
7581,Austin McKinney,Austin McKinney,sa3037673,,,austinmckinney
7582,Collin McKinney,Collin McKinney,sa3037674,,,collinmckinney
7583,Bryce McKnight,Bryce McKnight,sa3037677,,,brycemcknight
7584,Duncan McLaughlin,Duncan McLaughlin,sa3037682,,,duncanmclaughlin
7585,Garrett McLaughlin,Garrett McLaughlin,sa3037683,,,garrettmclaughlin
7586,Tyler McLoughlin,Tyler McLoughlin,sa3037700,823230,,tylermcloughlin
7587,Joey McMannis,Joey McMannis,sa3037704,,,joeymcmannis
7588,Quin McManmon,Quin McManmon,sa3037705,,,quinmcmanmon
7589,Cole McMichael,Cole McMichael,sa3037709,,,colemcmichael
7590,Cooper McMurray,Cooper McMurray,sa3037717,,,coopermcmurray
7591,Colby McNeely,Colby McNeely,sa3037730,,,colbymcneely
7592,Luke McNeillie,Luke McNeillie,sa3037734,,,lukemcneillie
7593,Sam McNulty,Sam McNulty,sa3037739,,,sammcnulty
7594,Matt McShane,Matt McShane,sa3037749,,,mattmcshane
7595,Landry Mead,Landry Mead,sa3037763,,,landrymead
7596,Davis Meche,Davis Meche,sa3037771,,,davismeche
7597,Jordan Medellin,Jordan Medellin,sa3037772,,,jordanmedellin
7598,Grady Mee,Grady Mee,sa3037784,,,gradymee
7599,Jack Meek,Jack Meek,sa3037785,,,jackmeek
7600,Chase Meggers,Chase Meggers,sa3037792,,,chasemeggers
7601,Charlie Meglio,Charlie Meglio,sa3037795,,,charliemeglio
7602,Evan Meier,Evan Meier,sa3037800,,,evanmeier
7603,Steven Meier,Steven Meier,sa3037803,,,stevenmeier
7604,Tyler Mejia,Tyler Mejia,sa3037807,,,tylermejia
7605,Gunnar Meland,Gunnar Meland,sa3037809,,,gunnarmeland
7606,Lex Melancon,Lex Melancon,sa3037810,,,lexmelancon
7607,TJ Melani,TJ Melani,sa3037811,,,tjmelani
7608,Frankie Melendez,Frankie Melendez,sa3037816,,,frankiemelendez
7609,Jayden Melendez,Jayden Melendez,sa3037817,,,jaydenmelendez
7610,Omar Melendez,Omar Melendez,sa3037818,,,omarmelendez
7611,Ryan Melendez,Ryan Melendez,sa3037819,,,ryanmelendez
7612,Ethan Melton,Ethan Melton,sa3037829,,,ethanmelton
7613,Jackson Melton,Jackson Melton,sa3037831,,,jacksonmelton
7614,Luke Melton,Luke Melton,sa3037832,,,lukemelton
7615,Nic Melton,Nic Melton,sa3037834,,,nicmelton
7616,Jake Memoli,Jake Memoli,sa3037838,,,jakememoli
7617,David Mendez,David Mendez,sa3037846,,,davidmendez
7618,Jonathan Mendez,Jonathan Mendez,sa3037848,,,jonathanmendez
7619,Wes Mendes,Wes Mendes,sa3037853,,,wesmendes
7620,Patrick Mendiola,Patrick Mendiola,sa3037856,,,patrickmendiola
7621,Edward Mendoza,Edward Mendoza,sa3037859,,,edwardmendoza
7622,Ethan Mendoza,Ethan Mendoza,sa3037860,,,ethanmendoza
7623,Mario Mendoza Jr.,Mario Mendoza Jr.,sa3037861,,,mariomendozajr
7624,Rey Mendoza,Rey Mendoza,sa3037862,,,reymendoza
7625,Frank Menendez,Frank Menendez,sa3037866,,,frankmenendez
7626,Caleb Menina,Caleb Menina,sa3037869,,,calebmenina
7627,Joseph Mennella,Joseph Mennella,sa3037871,,,josephmennella
7628,Jay Mentink,Jay Mentink,sa3037873,,,jaymentink
7629,Kyler Mentzel,Kyler Mentzel,sa3037874,,,kylermentzel
7630,Aidan Meola,Aidan Meola,sa3037875,,,aidanmeola
7631,Lorenzo Meola,Lorenzo Meola,sa3037876,823768,,lorenzomeola
7632,Brock Mercado,Brock Mercado,sa3037877,,,brockmercado
7633,Cohl Mercado,Cohl Mercado,sa3037878,,,cohlmercado
7634,Dustin Mercer,Dustin Mercer,sa3037883,,,dustinmercer
7635,Will Mercer,Will Mercer,sa3037890,,,willmercer
7636,LJ Mercurius,LJ Mercurius,sa3037892,,,ljmercurius
7637,Gianno Merlonghi,Gianno Merlonghi,sa3037901,,,giannomerlonghi
7638,DJ Merriweather,DJ Merriweather,sa3037905,,,djmerriweather
7639,Jack Messmore,Jack Messmore,sa3037921,,,jackmessmore
7640,Gage Mestas,Gage Mestas,sa3037922,,,gagemestas
7641,Joe Metcalf,Joe Metcalf,sa3037923,,,joemetcalf
7642,Jack Metcho,Jack Metcho,sa3037925,,,jackmetcho
7643,Jared Mettam,Jared Mettam,sa3037927,,,jaredmettam
7644,Sam Mettert,Sam Mettert,sa3037928,,,sammettert
7645,Logan Meusy,Logan Meusy,sa3037935,,,loganmeusy
7646,Sebastian Mexico,Sebastian Mexico,sa3037936,,,sebastianmexico
7647,Chase Meyer,Chase Meyer,sa3037938,,,chasemeyer
7648,Gavin Meyer,Gavin Meyer,sa3037940,,,gavinmeyer
7649,Jack Meyer,Jack Meyer,sa3037944,,,jackmeyer
7650,Ryan Meyer,Ryan Meyer,sa3037952,,,ryanmeyer
7651,Tyler Meyer,Tyler Meyer,sa3037954,,,tylermeyer
7652,Frank Micallef,Frank Micallef,sa3037962,,,frankmicallef
7653,Matt Miceli,Matt Miceli,sa3037965,,,mattmiceli
7654,Jake Michalak,Jake Michalak,sa3037968,,,jakemichalak
7655,Kenny Michaels,Kenny Michaels,sa3037970,,,kennymichaels
7656,Peter Michael,Peter Michael,sa3037973,,,petermichael
7657,Garrett Michel,Garrett Michel,sa3037976,,,garrettmichel
7658,Jackson Micheels,Jackson Micheels,sa3037978,,,jacksonmicheels
7659,Andrew Middleton,Andrew Middleton,sa3037983,,,andrewmiddleton
7660,JB Middleton,JB Middleton,sa3037985,,,jbmiddleton
7661,Andrew Miehe,Andrew Miehe,sa3037988,,,andrewmiehe
7662,Maddox Miesse,Maddox Miesse,sa3037989,,,maddoxmiesse
7663,Maddox Mihalakis,Maddox Mihalakis,sa3037994,,,maddoxmihalakis
7664,Talon Mihalinac,Talon Mihalinac,sa3037995,,,talonmihalinac
7665,Dean Mihos,Dean Mihos,sa3037997,,,deanmihos
7666,Brandon Mikos,Brandon Mikos,sa3038000,,,brandonmikos
7667,Steven Milam,Steven Milam,sa3038004,,,stevenmilam
7668,Devin Milberg,Devin Milberg,sa3038007,,,devinmilberg
7669,Isaac Milburn,Isaac Milburn,sa3038008,,,isaacmilburn
7670,Hayden Mileski,Hayden Mileski,sa3038015,,,haydenmileski
7671,Kevin Milewski,Kevin Milewski,sa3038018,,,kevinmilewski
7672,Nate Milk,Nate Milk,sa3038023,,,natemilk
7673,Jake Millan,Jake Millan,sa3038025,,,jakemillan
7674,Mauricio Millan,Mauricio Millan,sa3038027,,,mauriciomillan
7675,Andy Miller,Andy Miller,sa3038031,,,andymiller
7676,Ben Miller,Ben Miller,sa3038033,,,benmiller
7677,Chris Miller,Chris Miller,sa3038039,,,chrismiller
7678,Cody Miller,Cody Miller,sa3038041,811764,,codymiller
7679,Dalton Miller,Dalton Miller,sa3038044,,,daltonmiller
7680,Gavin Miller,Gavin Miller,sa3038050,,,gavinmiller
7681,Grant Miller,Grant Miller,sa3038055,,,grantmiller
7682,Griffin Miller,Griffin Miller,sa3038057,,,griffinmiller
7683,Hayden Miller,Hayden Miller,sa3038058,,,haydenmiller
7684,Jay Miller,Jay Miller,sa3038066,,,jaymiller
7685,Jace Miller,Jace Miller,sa3038067,,,jacemiller
7686,Joshua Milleville,Joshua Milleville,sa3038070,,,joshuamilleville
7687,Kameron Miller,Kameron Miller,sa3038072,,,kameronmiller
7688,Kyle Miller,Kyle Miller,sa3038075,,,kylemiller
7689,Perry Miller,Perry Miller,sa3038083,,,perrymiller
7690,Peyton Miller,Peyton Miller,sa3038084,,,peytonmiller
7691,Sam Miller,Sam Miller,sa3038088,,,sammiller
7692,Noah Millikan,Noah Millikan,sa3038095,,,noahmillikan
7693,Dylan Millman,Dylan Millman,sa3038097,,,dylanmillman
7694,Griffin Mills,Griffin Mills,sa3038100,,,griffinmills
7695,Zack Millsap,Zack Millsap,sa3038107,,,zackmillsap
7696,Beck Milner,Beck Milner,sa3038108,,,beckmilner
7697,Joey Milto,Joey Milto,sa3038113,,,joeymilto
7698,Hudson Mimbs,Hudson Mimbs,sa3038115,,,hudsonmimbs
7699,Jace Miner,Jace Miner,sa3038125,,,jaceminer
7700,Tyler Minick,Tyler Minick,sa3038127,,,tylerminick
7701,Tyler Minnick,Tyler Minnick,sa3038133,,,tylerminnick
7702,Chase Minor,Chase Minor,sa3038134,,,chaseminor
7703,Lawson Minshew,Lawson Minshew,sa3038135,,,lawsonminshew
7704,EJ Miramontes,EJ Miramontes,sa3038141,,,ejmiramontes
7705,Evan Miranda,Evan Miranda,sa3038145,,,evanmiranda
7706,Gabe Miranda,Gabe Miranda,sa3038146,,,gabemiranda
7707,Connor Misch,Connor Misch,sa3038152,,,connormisch
7708,Luke Mistone,Luke Mistone,sa3038158,,,lukemistone
7709,Cade Mitchell,Cade Mitchell,sa3038162,,,cademitchell
7710,Christian Mitchelle,Christian Mitchelle,sa3038164,,,christianmitchelle
7711,Gable Mitchell,Gable Mitchell,sa3038166,,,gablemitchell
7712,Henry Mitchell,Henry Mitchell,sa3038167,,,henrymitchell
7713,Jackson Mitchell,Jackson Mitchell,sa3038168,,,jacksonmitchell
7714,Joey Mitchell,Joey Mitchell,sa3038169,,,joeymitchell
7715,Mack Mitchell,Mack Mitchell,sa3038171,,,mackmitchell
7716,Tracy Mitchem,Tracy Mitchem,sa3038177,,,tracymitchem
7717,Walker Mitchell,Walker Mitchell,sa3038178,,,walkermitchell
7718,Justin Mitrovich,Justin Mitrovich,sa3038180,827521,,justinmitrovich
7719,Matthew Miura,Matthew Miura,sa3038183,834681,,matthewmiura
7720,Coleman Mizell,Coleman Mizell,sa3038188,,,colemanmizell
7721,Jon Mocherman,Jon Mocherman,sa3038191,,,jonmocherman
7722,Dawson Mock,Dawson Mock,sa3038192,,,dawsonmock
7723,Logan Mock,Logan Mock,sa3038194,,,loganmock
7724,Gavin Moczydlowsky,Gavin Moczydlowsky,sa3038196,,,gavinmoczydlowsky
7725,Luke Moeller,Luke Moeller,sa3038205,,,lukemoeller
7726,Ryan Moerman,Ryan Moerman,sa3038206,,,ryanmoerman
7727,Aiden Moffett,Aiden Moffett,sa3038210,,,aidenmoffett
7728,Cristian Mogen,Cristian Mogen,sa3038214,,,cristianmogen
7729,Mac Moise,Mac Moise,sa3038216,,,macmoise
7730,Leewood Molessa,Leewood Molessa,sa3038217,,,leewoodmolessa
7731,Bryce Molinaro,Bryce Molinaro,sa3038219,831926,,brycemolinaro
7732,Matthew Molina,Matthew Molina,sa3038220,,,matthewmolina
7733,Evan Moll,Evan Moll,sa3038223,,,evanmoll
7734,Carter Monda,Carter Monda,sa3038228,,,cartermonda
7735,Nick Monile,Nick Monile,sa3038232,,,nickmonile
7736,Nick Monistere,Nick Monistere,sa3038233,823809,,nickmonistere
7737,Carter Monke,Carter Monke,sa3038234,,,cartermonke
7738,Andrew Monson,Andrew Monson,sa3038239,,,andrewmonson
7739,Lenny Montesano,Lenny Montesano,sa3038247,,,lennymontesano
7740,Cade Montgomery,Cade Montgomery,sa3038254,,,cademontgomery
7741,Kellan Montgomery,Kellan Montgomery,sa3038259,,,kellanmontgomery
7742,Paul Montgomery,Paul Montgomery,sa3038261,,,paulmontgomery
7743,Tayler Montiel,Tayler Montiel,sa3038267,813535,,taylermontiel
7744,Chris Montone,Chris Montone,sa3038268,,,chrismontone
7745,Shaun Montoya,Shaun Montoya,sa3038269,,,shaunmontoya
7746,Easton Moomau,Easton Moomau,sa3038274,,,eastonmoomau
7747,Ben Moore,Ben Moore,sa3038278,832560,,benmoore
7748,Bryson Moore,Bryson Moore,sa3038282,,,brysonmoore
7749,Chance Moore,Chance Moore,sa3038284,,,chancemoore
7750,Connor Moore,Connor Moore,sa3038288,,,connormoore
7751,Cooper Moore,Cooper Moore,sa3038290,,,coopermoore
7752,Daniel Moore,Daniel Moore,sa3038292,,,danielmoore
7753,Graham Moore,Graham Moore,sa3038295,,,grahammoore
7754,Hayden Moore,Hayden Moore,sa3038296,,,haydenmoore
7755,Jacob Moore,Jacob Moore,sa3038297,,,jacobmoore
7756,Lucas Moore,Lucas Moore,sa3038303,,,lucasmoore
7757,Max Moore,Max Moore,sa3038305,,,maxmoore
7758,Reese Moore,Reese Moore,sa3038310,,,reesemoore
7759,Tommy Moore Jr.,Tommy Moore Jr.,sa3038312,,,tommymoorejr
7760,Trevor Moore,Trevor Moore,sa3038314,,,trevormoore
7761,Tristan Moore,Tristan Moore,sa3038315,,,tristanmoore
7762,Tucker Moore,Tucker Moore,sa3038316,,,tuckermoore
7763,Tyvon Moore,Tyvon Moore,sa3038317,,,tyvonmoore
7764,Ethan Mooser,Ethan Mooser,sa3038324,,,ethanmooser
7765,Dillon Moquin,Dillon Moquin,sa3038325,,,dillonmoquin
7766,Chase Mora,Chase Mora,sa3038326,,,chasemora
7767,Nickolas Mora,Nickolas Mora,sa3038328,,,nickolasmora
7768,Chris Morabito,Chris Morabito,sa3038329,,,chrismorabito
7769,Antonio Morales,Antonio Morales,sa3038331,,,antoniomorales
7770,Richie Morales,Richie Morales,sa3038336,,,richiemorales
7771,Wilfredo Morales,Wilfredo Morales,sa3038337,,,wilfredomorales
7772,Josh Morano,Josh Morano,sa3038341,,,joshmorano
7773,Landon Moran,Landon Moran,sa3038342,,,landonmoran
7774,Nick Moran,Nick Moran,sa3038343,,,nickmoran
7775,Matt Morash,Matt Morash,sa3038344,,,mattmorash
7776,Estevan Moreno,Estevan Moreno,sa3038350,803290,,estevanmoreno
7777,Heladio Moreno,Heladio Moreno,sa3038351,,,heladiomoreno
7778,Jadin Moreno,Jadin Moreno,sa3038352,,,jadinmoreno
7779,Lorenzo Moressi,Lorenzo Moressi,sa3038356,,,lorenzomoressi
7780,Blake Morgan,Blake Morgan,sa3038359,834581,,blakemorgan
7781,Chase Morgan,Chase Morgan,sa3038361,,,chasemorgan
7782,James Morice,James Morice,sa3038375,,,jamesmorice
7783,Alistair Morin,Alistair Morin,sa3038376,,,alistairmorin
7784,Felix Morin,Felix Morin,sa3038377,,,felixmorin
7785,Reed Moring,Reed Moring,sa3038379,823810,,reedmoring
7786,Kanoa Morisaki,Kanoa Morisaki,sa3038380,,,kanoamorisaki
7787,Max Moris,Max Moris,sa3038381,,,maxmoris
7788,Keenan Mork,Keenan Mork,sa3038385,,,keenanmork
7789,Blake Morningstar,Blake Morningstar,sa3038387,,,blakemorningstar
7790,Jack Moroknek,Jack Moroknek,sa3038388,833381,,jackmoroknek
7791,Reece Moroney,Reece Moroney,sa3038389,,,reecemoroney
7792,Matthew Morrell,Matthew Morrell,sa3038394,,,matthewmorrell
7793,Aaron Morris,Aaron Morris,sa3038396,,,aaronmorris
7794,Austin Morris,Austin Morris,sa3038398,,,austinmorris
7795,Cam Morrison,Cam Morrison,sa3038400,,,cammorrison
7796,Gavin Morris,Gavin Morris,sa3038402,,,gavinmorris
7797,Jacob Morrison,Jacob Morrison,sa3038406,,,jacobmorrison
7798,Judah Morris,Judah Morris,sa3038410,,,judahmorris
7799,Mason Morris,Mason Morris,sa3038414,,,masonmorris
7800,M.T. Morrissey,M.T. Morrissey,sa3038416,,,mtmorrissey
7801,Patrick Morris,Patrick Morris,sa3038418,,,patrickmorris
7802,Ryan Morrison,Ryan Morrison,sa3038421,,,ryanmorrison
7803,Trace Morrison,Trace Morrison,sa3038423,,,tracemorrison
7804,Ty Morris,Ty Morris,sa3038424,,,tymorris
7805,Zach Morris,Zach Morris,sa3038431,,,zachmorris
7806,Brady Morse,Brady Morse,sa3038437,,,bradymorse
7807,Colby Morse,Colby Morse,sa3038438,,,colbymorse
7808,Krayton Morse,Krayton Morse,sa3038441,,,kraytonmorse
7809,Isaac Morton,Isaac Morton,sa3038449,,,isaacmorton
7810,Kyle Moseley,Kyle Moseley,sa3038454,,,kylemoseley
7811,Logan Moser,Logan Moser,sa3038455,,,loganmoser
7812,Jack Mosh,Jack Mosh,sa3038457,,,jackmosh
7813,Andrew Mosiello,Andrew Mosiello,sa3038459,,,andrewmosiello
7814,Aaron Moss,Aaron Moss,sa3038463,,,aaronmoss
7815,Jake Moss,Jake Moss,sa3038467,,,jakemoss
7816,Weston Moss,Weston Moss,sa3038469,,,westonmoss
7817,Nick Moten,Nick Moten,sa3038472,,,nickmoten
7818,Tobias Motley,Tobias Motley,sa3038474,,,tobiasmotley
7819,Marcus Mott,Marcus Mott,sa3038479,,,marcusmott
7820,Marshall Mott,Marshall Mott,sa3038480,,,marshallmott
7821,Jack Mount,Jack Mount,sa3038482,,,jackmount
7822,PJ Moutzouridis,PJ Moutzouridis,sa3038483,,,pjmoutzouridis
7823,Robert Moya,Robert Moya,sa3038488,,,robertmoya
7824,Rob Moynihan,Rob Moynihan,sa3038494,,,robmoynihan
7825,Ben Moyzan,Ben Moyzan,sa3038495,,,benmoyzan
7826,Aidan Moza,Aidan Moza,sa3038496,,,aidanmoza
7827,Todd Mozoki,Todd Mozoki,sa3038499,,,toddmozoki
7828,Adam Mrakitsch,Adam Mrakitsch,sa3038502,,,adammrakitsch
7829,Jacob Mrosko,Jacob Mrosko,sa3038504,,,jacobmrosko
7830,Alfred Mucciarone,Alfred Mucciarone,sa3038509,,,alfredmucciarone
7831,Karter Muck,Karter Muck,sa3038510,,,kartermuck
7832,Tyler Mudd,Tyler Mudd,sa3038511,,,tylermudd
7833,Scott Mudler,Scott Mudler,sa3038512,,,scottmudler
7834,Kyle Mueller,Kyle Mueller,sa3038513,,,kylemueller
7835,Matthew Mueller,Matthew Mueller,sa3038514,,,matthewmueller
7836,Sebastian Mueller,Sebastian Mueller,sa3038517,,,sebastianmueller
7837,Henry Muench,Henry Muench,sa3038518,,,henrymuench
7838,Marco Mueses,Marco Mueses,sa3038519,,,marcomueses
7839,Michael Mugan,Michael Mugan,sa3038520,,,michaelmugan
7840,Adam Muirhead,Adam Muirhead,sa3038523,,,adammuirhead
7841,Arnad Mulamekic,Arnad Mulamekic,sa3038524,,,arnadmulamekic
7842,Dylan Mulcahy,Dylan Mulcahy,sa3038525,,,dylanmulcahy
7843,Nick Mullen,Nick Mullen,sa3038538,,,nickmullen
7844,Ryan Mullock,Ryan Mullock,sa3038541,,,ryanmullock
7845,Nick Mulvey,Nick Mulvey,sa3038542,,,nickmulvey
7846,Jake Mummau,Jake Mummau,sa3038544,,,jakemummau
7847,Joey Mundt,Joey Mundt,sa3038545,,,joeymundt
7848,Austin Munguia,Austin Munguia,sa3038547,,,austinmunguia
7849,Drew Munn,Drew Munn,sa3038551,,,drewmunn
7850,Brendan Munnelly,Brendan Munnelly,sa3038552,,,brendanmunnelly
7851,Zach Munton,Zach Munton,sa3038562,,,zachmunton
7852,Mason Munz,Mason Munz,sa3038563,,,masonmunz
7853,Jared Munoz,Jared Munoz,sa3038564,,,jaredmunoz
7854,Sam Murchison,Sam Murchison,sa3038567,,,sammurchison
7855,Ethan Murdoch,Ethan Murdoch,sa3038569,,,ethanmurdoch
7856,Mason Murdock,Mason Murdock,sa3038570,,,masonmurdock
7857,Carter Murphy,Carter Murphy,sa3038575,,,cartermurphy
7858,Hayden Murphy,Hayden Murphy,sa3038578,702259,,haydenmurphy
7859,Jaxon Murphy,Jaxon Murphy,sa3038584,,,jaxonmurphy
7860,Mikey Murphy,Mikey Murphy,sa3038590,,,mikeymurphy
7861,Tyler Murphy,Tyler Murphy,sa3038596,,,tylermurphy
7862,Casey Murray Jr.,Casey Murray Jr.,sa3038598,,,caseymurrayjr
7863,Cameron Murray,Cameron Murray,sa3038599,,,cameronmurray
7864,Garrick Murray,Garrick Murray,sa3038601,,,garrickmurray
7865,Jake Murray,Jake Murray,sa3038604,,,jakemurray
7866,Noah Murray,Noah Murray,sa3038608,,,noahmurray
7867,Brock Murtha,Brock Murtha,sa3038618,,,brockmurtha
7868,Carmelo Musacchia,Carmelo Musacchia,sa3038619,,,carmelomusacchia
7869,Tyler Muscar,Tyler Muscar,sa3038620,,,tylermuscar
7870,Bennett Musser,Bennett Musser,sa3038624,,,bennettmusser
7871,Kyle Musser,Kyle Musser,sa3038625,,,kylemusser
7872,James Musso,James Musso,sa3038626,,,jamesmusso
7873,Braylon Myers,Braylon Myers,sa3038634,,,braylonmyers
7874,Carson Myers,Carson Myers,sa3038635,,,carsonmyers
7875,Colin Myers,Colin Myers,sa3038637,,,colinmyers
7876,Griffin Myers,Griffin Myers,sa3038638,,,griffinmyers
7877,Luke Myers,Luke Myers,sa3038642,,,lukemyers
7878,Sam Myers,Sam Myers,sa3038646,,,sammyers
7879,Conor Myles,Conor Myles,sa3038651,,,conormyles
7880,Michael Mylott,Michael Mylott,sa3038653,,,michaelmylott
7881,Gunnar Myro,Gunnar Myro,sa3038654,,,gunnarmyro
7882,Mikey Myro,Mikey Myro,sa3038655,,,mikeymyro
7883,Paul Myro IV,Paul Myro IV,sa3038656,,,paulmyroiv
7884,Nate Nabholz,Nate Nabholz,sa3038657,,,natenabholz
7885,Breckin Nace,Breckin Nace,sa3038658,,,breckinnace
7886,Justin Nadeau,Justin Nadeau,sa3038659,,,justinnadeau
7887,Griffin Naess,Griffin Naess,sa3038661,,,griffinnaess
7888,Kamana Nahaku,Kamana Nahaku,sa3038665,,,kamananahaku
7889,Jacobe Nailer,Jacobe Nailer,sa3038666,,,jacobenailer
7890,Mitch Namie,Mitch Namie,sa3038669,,,mitchnamie
7891,Gabriel Nard,Gabriel Nard,sa3038678,,,gabrielnard
7892,Hudson Narke,Hudson Narke,sa3038680,,,hudsonnarke
7893,Luke Nascimento,Luke Nascimento,sa3038683,,,lukenascimento
7894,Brady Nathison,Brady Nathison,sa3038689,,,bradynathison
7895,Jimmy Nati,Jimmy Nati,sa3038690,,,jimmynati
7896,Connor Nation,Connor Nation,sa3038691,,,connornation
7897,Jaylon Nauden,Jaylon Nauden,sa3038694,,,jaylonnauden
7898,Nolan Nawrocki,Nolan Nawrocki,sa3038707,,,nolannawrocki
7899,Austin Neal,Austin Neal,sa3038708,,,austinneal
7900,Brady Neal,Brady Neal,sa3038709,,,bradyneal
7901,Avery Neaves,Avery Neaves,sa3038713,,,averyneaves
7902,Jake Needham,Jake Needham,sa3038718,,,jakeneedham
7903,Justin Needles,Justin Needles,sa3038719,,,justinneedles
7904,Weber Neels,Weber Neels,sa3038721,,,weberneels
7905,Jason Neff,Jason Neff,sa3038726,,,jasonneff
7906,Mikiah Negrete,Mikiah Negrete,sa3038730,,,mikiahnegrete
7907,Kamau Neighbors,Kamau Neighbors,sa3038732,,,kamauneighbors
7908,Andrew Neil,Andrew Neil,sa3038733,,,andrewneil
7909,Tyler Neises,Tyler Neises,sa3038735,,,tylerneises
7910,Cade Nelis,Cade Nelis,sa3038736,,,cadenelis
7911,Andy Nelson,Andy Nelson,sa3038738,,,andynelson
7912,Cameron Nelson,Cameron Nelson,sa3038742,806174,,cameronnelson
7913,Cole Nelson,Cole Nelson,sa3038743,,,colenelson
7914,Drew Nelson,Drew Nelson,sa3038746,,,drewnelson
7915,Jack Nelson,Jack Nelson,sa3038751,,,jacknelson
7916,JR Nelson,JR Nelson,sa3038753,,,jrnelson
7917,Peyton Nelson,Peyton Nelson,sa3038760,,,peytonnelson
7918,Tristan Nemjo,Tristan Nemjo,sa3038769,,,tristannemjo
7919,Joey Nerat,Joey Nerat,sa3038770,,,joeynerat
7920,Kyle Neri,Kyle Neri,sa3038772,,,kyleneri
7921,AJ Nessler,AJ Nessler,sa3038777,,,ajnessler
7922,Andrew Nesson,Andrew Nesson,sa3038778,,,andrewnesson
7923,Slade Netterville,Slade Netterville,sa3038783,,,sladenetterville
7924,Tony Neubeck,Tony Neubeck,sa3038787,,,tonyneubeck
7925,Trenton Neuer,Trenton Neuer,sa3038788,,,trentonneuer
7926,Austin Neuweg,Austin Neuweg,sa3038791,,,austinneuweg
7927,Dylan Nevar,Dylan Nevar,sa3038793,,,dylannevar
7928,Alex Nevils,Alex Nevils,sa3038796,,,alexnevils
7929,Mason Neville,Mason Neville,sa3038799,,,masonneville
7930,Cody New,Cody New,sa3038802,,,codynew
7931,Josh Newell,Josh Newell,sa3038805,,,joshnewell
7932,Will Newell,Will Newell,sa3038806,,,willnewell
7933,Carter Newman,Carter Newman,sa3038807,,,carternewman
7934,DJ Newman,DJ Newman,sa3038808,823775,,djnewman
7935,Jeremiah Newman,Jeremiah Newman,sa3038812,,,jeremiahnewman
7936,Steak Newman,Steak Newman,sa3038814,,,steaknewman
7937,James Newsome,James Newsome,sa3038821,,,jamesnewsome
7938,Miles Newsome,Miles Newsome,sa3038822,,,milesnewsome
7939,Aidan Newton,Aidan Newton,sa3038824,,,aidannewton
7940,Armani Newton,Armani Newton,sa3038825,,,armaninewton
7941,Austin Newton,Austin Newton,sa3038826,813282,,austinnewton
7942,Gunnar Nichols,Gunnar Nichols,sa3038841,,,gunnarnichols
7943,Luke Nichols,Luke Nichols,sa3038843,,,lukenichols
7944,Mason Nichols,Mason Nichols,sa3038845,805783,,masonnichols
7945,Tim Nicholson,Tim Nicholson,sa3038848,,,timnicholson
7946,Wyatt Nichol,Wyatt Nichol,sa3038851,,,wyattnichol
7947,Cameron Nickens,Cameron Nickens,sa3038853,800728,,cameronnickens
7948,Trent Nickerson,Trent Nickerson,sa3038854,,,trentnickerson
7949,Pambos Nicoloudes,Pambos Nicoloudes,sa3038862,,,pambosnicoloudes
7950,Ben Niednagel,Ben Niednagel,sa3038863,,,benniednagel
7951,Jack Niedringhaus,Jack Niedringhaus,sa3038864,,,jackniedringhaus
7952,Ryan Niedzwiedz,Ryan Niedzwiedz,sa3038865,,,ryanniedzwiedz
7953,Caleb Niehaus,Caleb Niehaus,sa3038866,,,calebniehaus
7954,Cameron Nielson,Cameron Nielson,sa3038867,,,cameronnielson
7955,Jack Nielsen,Jack Nielsen,sa3038869,,,jacknielsen
7956,Sam Nieves,Sam Nieves,sa3038876,,,samnieves
7957,Brandon Nigh,Brandon Nigh,sa3038878,,,brandonnigh
7958,Alec Nigut,Alec Nigut,sa3038879,,,alecnigut
7959,Jalen Niles,Jalen Niles,sa3038881,,,jalenniles
7960,Josh Niles,Josh Niles,sa3038882,,,joshniles
7961,Maika Niu,Maika Niu,sa3038888,,,maikaniu
7962,Chase Nixon,Chase Nixon,sa3038890,,,chasenixon
7963,Luke Nixon,Luke Nixon,sa3038891,,,lukenixon
7964,Caden Noah,Caden Noah,sa3038893,,,cadennoah
7965,Jake Nolan,Jake Nolan,sa3038908,,,jakenolan
7966,Spencer Nolan,Spencer Nolan,sa3038913,,,spencernolan
7967,Luke Nomura,Luke Nomura,sa3038916,,,lukenomura
7968,Sam Nomura,Sam Nomura,sa3038917,,,samnomura
7969,Jaden Noot,Jaden Noot,sa3038920,,,jadennoot
7970,Ethan Norby,Ethan Norby,sa3038921,,,ethannorby
7971,Gavin Noriega,Gavin Noriega,sa3038924,,,gavinnoriega
7972,Ross Norman,Ross Norman,sa3038928,,,rossnorman
7973,Ben North,Ben North,sa3038935,,,bennorth
7974,Brennen Norton,Brennen Norton,sa3038937,,,brennennorton
7975,David Novak,David Novak,sa3038942,,,davidnovak
7976,Ryan Novak,Ryan Novak,sa3038945,,,ryannovak
7977,Wyatt Novara,Wyatt Novara,sa3038946,,,wyattnovara
7978,Jackson Nove,Jackson Nove,sa3038947,,,jacksonnove
7979,Kevin Novobilsky,Kevin Novobilsky,sa3038955,,,kevinnovobilsky
7980,Luke Nowak,Luke Nowak,sa3038960,804114,,lukenowak
7981,Breck Nowik,Breck Nowik,sa3038964,,,brecknowik
7982,Corey Nunez,Corey Nunez,sa3038969,,,coreynunez
7983,Julian Nunez,Julian Nunez,sa3038970,,,juliannunez
7984,Michael Nunez,Michael Nunez,sa3038971,,,michaelnunez
7985,Tait Nunnally,Tait Nunnally,sa3038973,,,taitnunnally
7986,Draven Nushida,Draven Nushida,sa3038974,,,dravennushida
7987,Max Nyrop,Max Nyrop,sa3038979,,,maxnyrop
7988,Deaton Oak,Deaton Oak,sa3038981,,,deatonoak
7989,Kellan Oakes,Kellan Oakes,sa3038982,822163,,kellanoakes
7990,Cameron OBanan,Cameron OBanan,sa3038987,,,cameronobanan
7991,Devin Obee,Devin Obee,sa3038988,,,devinobee
7992,Cade Obermueller,Cade Obermueller,sa3038991,,,cadeobermueller
7993,Dylan Oborne,Dylan Oborne,sa3038993,,,dylanoborne
7994,Finbar OBrien,Finbar OBrien,sa3039003,,,finbarobrien
7995,Liam OBrien,Liam OBrien,sa3039005,,,liamobrien
7996,Michael Obrien,Michael Obrien,sa3039007,,,michaelobrien
7997,Nick OBrien,Nick OBrien,sa3039009,,,nickobrien
7998,Timmy OBrien,Timmy OBrien,sa3039010,,,timmyobrien
7999,Ethan Oceguera,Ethan Oceguera,sa3039014,,,ethanoceguera
8000,Josh Och,Josh Och,sa3039015,,,joshoch
8001,Madden Ocko,Madden Ocko,sa3039019,,,maddenocko
8002,Dylan O'Connell,Dylan O'Connell,sa3039024,,,dylanoconnell
8003,Jack O'Connor,Jack O'Connor,sa3039026,702560,,jackoconnor
8004,Kellen OConnor,Kellen OConnor,sa3039028,,,kellenoconnor
8005,Robbie O'Connor,Robbie O'Connor,sa3039032,,,robbieoconnor
8006,Ryan OConnell,Ryan OConnell,sa3039034,,,ryanoconnell
8007,Sheehan OConnor,Sheehan OConnor,sa3039036,,,sheehanoconnor
8008,Tommy OConnor,Tommy OConnor,sa3039038,,,tommyoconnor
8009,Mike OConor,Mike OConor,sa3039039,,,mikeoconor
8010,Luke Odden,Luke Odden,sa3039041,,,lukeodden
8011,Lawson Odom,Lawson Odom,sa3039047,,,lawsonodom
8012,Tye Odom,Tye Odom,sa3039049,,,tyeodom
8013,Jad Oestrike,Jad Oestrike,sa3039055,,,jadoestrike
8014,Jodany Ofarril-Ortiz,Jodany Ofarril-Ortiz,sa3039056,,,jodanyofarrilortiz
8015,Jake Ogden,Jake Ogden,sa3039060,,,jakeogden
8016,JD Ogden,JD Ogden,sa3039061,,,jdogden
8017,Connor OHara,Connor OHara,sa3039069,,,connorohara
8018,Toran OHarran,Toran OHarran,sa3039075,,,toranoharran
8019,Liam OHearen,Liam OHearen,sa3039076,,,liamohearen
8020,Carson Ohland,Carson Ohland,sa3039080,,,carsonohland
8021,Ricky Ojeda,Ricky Ojeda,sa3039084,,,rickyojeda
8022,Aidan OKeefe,Aidan OKeefe,sa3039085,,,aidanokeefe
8023,Shaun Okeeffe,Shaun Okeeffe,sa3039087,,,shaunokeeffe
8024,Christian Okerholm,Christian Okerholm,sa3039088,,,christianokerholm
8025,Kevin Okins,Kevin Okins,sa3039089,,,kevinokins
8026,Edem Okpattah,Edem Okpattah,sa3039090,,,edemokpattah
8027,Sean OLeary,Sean OLeary,sa3039099,,,seanoleary
8028,Jasen Oliver,Jasen Oliver,sa3039111,,,jasenoliver
8029,Matt Olive,Matt Olive,sa3039114,,,mattolive
8030,Chris Olivier,Chris Olivier,sa3039115,,,chrisolivier
8031,Bobby Olsen,Bobby Olsen,sa3039122,,,bobbyolsen
8032,Carson Olsen,Carson Olsen,sa3039123,,,carsonolsen
8033,Brayden Olson,Brayden Olson,sa3039130,,,braydenolson
8034,Logan Olson,Logan Olson,sa3039137,,,loganolson
8035,Ryan Olson,Ryan Olson,sa3039141,,,ryanolson
8036,Tyler Olson,Tyler Olson,sa3039144,,,tylerolson
8037,Dalton Olsovsky,Dalton Olsovsky,sa3039145,,,daltonolsovsky
8038,Jack O'Malley,Jack O'Malley,sa3039149,,,jackomalley
8039,James Oman,James Oman,sa3039152,,,jamesoman
8040,Conner O'Neal,Conner O'Neal,sa3039155,836052,,conneroneal
8041,Ethan ONeal,Ethan ONeal,sa3039156,,,ethanoneal
8042,Dean ONeill,Dean ONeill,sa3039164,,,deanoneill
8043,Nico Ong,Nico Ong,sa3039170,,,nicoong
8044,Kevin Opanel,Kevin Opanel,sa3039172,,,kevinopanel
8045,Drew Oppenheim,Drew Oppenheim,sa3039173,,,drewoppenheim
8046,Luke Orbon,Luke Orbon,sa3039177,,,lukeorbon
8047,Santiago Ordonez,Santiago Ordonez,sa3039179,,,santiagoordonez
8048,Eric Orloff,Eric Orloff,sa3039190,,,ericorloff
8049,Robert Orloski,Robert Orloski,sa3039191,,,robertorloski
8050,Devan Ornelas,Devan Ornelas,sa3039195,,,devanornelas
8051,Tommy ORourke,Tommy ORourke,sa3039198,,,tommyorourke
8052,Julian Orozco,Julian Orozco,sa3039199,,,julianorozco
8053,Aidan Orr,Aidan Orr,sa3039200,,,aidanorr
8054,Jacob Orr,Jacob Orr,sa3039202,,,jacoborr
8055,Riley Orr,Riley Orr,sa3039203,,,rileyorr
8056,Max Ortega,Max Ortega,sa3039210,,,maxortega
8057,Angel Ortiz,Angel Ortiz,sa3039216,,,angelortiz
8058,Avery Ortiz,Avery Ortiz,sa3039217,,,averyortiz
8059,Ray Ortiz,Ray Ortiz,sa3039225,,,rayortiz
8060,Braden Osbolt,Braden Osbolt,sa3039231,823776,,bradenosbolt
8061,Ethan Osborne,Ethan Osborne,sa3039233,,,ethanosborne
8062,Sawyer Osborne,Sawyer Osborne,sa3039235,,,sawyerosborne
8063,Charlie Oschell,Charlie Oschell,sa3039237,,,charlieoschell
8064,Michael O'Shaughnessy,Michael O'Shaughnessy,sa3039240,,,michaeloshaughnessy
8065,Ryan Oshinskie,Ryan Oshinskie,sa3039242,,,ryanoshinskie
8066,Ryan Osinski,Ryan Osinski,sa3039244,823694,,ryanosinski
8067,Matt Ossenfort,Matt Ossenfort,sa3039247,,,mattossenfort
8068,Josh Ossiander,Josh Ossiander,sa3039248,,,joshossiander
8069,Jonah Oster,Jonah Oster,sa3039252,,,jonahoster
8070,Justin Osterhouse,Justin Osterhouse,sa3039253,,,justinosterhouse
8071,T.J. Oster,T.J. Oster,sa3039254,,,tjoster
8072,Paul Osting,Paul Osting,sa3039255,,,paulosting
8073,Braden Ostrander,Braden Ostrander,sa3039256,,,bradenostrander
8074,Connor Ostrander,Connor Ostrander,sa3039257,,,connorostrander
8075,Brenden OSullivan,Brenden OSullivan,sa3039260,,,brendenosullivan
8076,Davis Oswalt,Davis Oswalt,sa3039265,,,davisoswalt
8077,Gavin Oswald,Gavin Oswald,sa3039266,,,gavinoswald
8078,Colby Ott,Colby Ott,sa3039276,,,colbyott
8079,Ethan Ott,Ethan Ott,sa3039277,,,ethanott
8080,Thomas Otto,Thomas Otto,sa3039283,,,thomasotto
8081,Ryan Ouzts,Ryan Ouzts,sa3039287,,,ryanouzts
8082,Alex Overbay,Alex Overbay,sa3039290,,,alexoverbay
8083,Josh Overbeek,Josh Overbeek,sa3039291,,,joshoverbeek
8084,Andrew Overland,Andrew Overland,sa3039292,,,andrewoverland
8085,Jordan Overton,Jordan Overton,sa3039293,,,jordanoverton
8086,Braylon Owens,Braylon Owens,sa3039298,823182,,braylonowens
8087,Brady Owens,Brady Owens,sa3039299,,,bradyowens
8088,Carson Ozmer,Carson Ozmer,sa3039313,,,carsonozmer
8089,Jackson Pace,Jackson Pace,sa3039317,,,jacksonpace
8090,Greg Pace Jr,Greg Pace Jr,sa3039319,,,gregpacejr
8091,Daniel Pacella,Daniel Pacella,sa3039320,,,danielpacella
8092,Blake Pacheco,Blake Pacheco,sa3039323,,,blakepacheco
8093,D.J. Pacheco,D.J. Pacheco,sa3039324,,,djpacheco
8094,Gavin Pacheco,Gavin Pacheco,sa3039325,,,gavinpacheco
8095,Ryan Packard,Ryan Packard,sa3039328,,,ryanpackard
8096,Trey Packen,Trey Packen,sa3039329,,,treypacken
8097,Harry Padden,Harry Padden,sa3039331,,,harrypadden
8098,Jaylen Paden,Jaylen Paden,sa3039332,,,jaylenpaden
8099,Cameron Padgett,Cameron Padgett,sa3039333,,,cameronpadgett
8100,Bryan Padilla,Bryan Padilla,sa3039334,,,bryanpadilla
8101,Bryce Padilla,Bryce Padilla,sa3039335,,,brycepadilla
8102,Blagen Pado,Blagen Pado,sa3039338,,,blagenpado
8103,Carson Paetow,Carson Paetow,sa3039343,,,carsonpaetow
8104,Griffen Paige,Griffen Paige,sa3039352,,,griffenpaige
8105,Josh Paino,Josh Paino,sa3039354,,,joshpaino
8106,Keoni Painter,Keoni Painter,sa3039357,,,keonipainter
8107,Griffin Palfrey,Griffin Palfrey,sa3039360,,,griffinpalfrey
8108,Kenji Pallares,Kenji Pallares,sa3039366,,,kenjipallares
8109,Blaine Palmer,Blaine Palmer,sa3039373,,,blainepalmer
8110,Broden Palmer,Broden Palmer,sa3039374,,,brodenpalmer
8111,Dylan Palmer,Dylan Palmer,sa3039377,805590,,dylanpalmer
8112,Grant Palmer,Grant Palmer,sa3039378,,,grantpalmer
8113,Jamie Palmese,Jamie Palmese,sa3039381,,,jamiepalmese
8114,Konnor Palmeira,Konnor Palmeira,sa3039383,,,konnorpalmeira
8115,Laif Palmer,Laif Palmer,sa3039384,,,laifpalmer
8116,Ryne Palmer,Ryne Palmer,sa3039387,,,rynepalmer
8117,Tyler Palmer,Tyler Palmer,sa3039388,,,tylerpalmer
8118,Will Palmer,Will Palmer,sa3039389,,,willpalmer
8119,Richie Paltridge,Richie Paltridge,sa3039393,,,richiepaltridge
8120,Santino Panaro,Santino Panaro,sa3039395,,,santinopanaro
8121,Ty Panariello,Ty Panariello,sa3039396,,,typanariello
8122,Garrett Pancione,Garrett Pancione,sa3039399,,,garrettpancione
8123,Gabriel Pancratz,Gabriel Pancratz,sa3039400,,,gabrielpancratz
8124,Evan Panjwani,Evan Panjwani,sa3039403,,,evanpanjwani
8125,Will Papciak,Will Papciak,sa3039412,,,willpapciak
8126,Nuno Parache,Nuno Parache,sa3039419,,,nunoparache
8127,Charlie Parcell,Charlie Parcell,sa3039422,,,charlieparcell
8128,Matt Parenteau,Matt Parenteau,sa3039426,,,mattparenteau
8129,Nick Parham,Nick Parham,sa3039429,,,nickparham
8130,Derek Paris,Derek Paris,sa3039433,,,derekparis
8131,Luke Parise,Luke Parise,sa3039435,,,lukeparise
8132,Trendan Parish,Trendan Parish,sa3039436,701829,,trendanparish
8133,Joonsung Park,Joonsung Park,sa3039440,,,joonsungpark
8134,Ben Parker,Ben Parker,sa3039445,,,benparker
8135,Cade Parker,Cade Parker,sa3039447,,,cadeparker
8136,Caedmon Parker,Caedmon Parker,sa3039449,696488,,caedmonparker
8137,Caden Parker,Caden Parker,sa3039450,,,cadenparker
8138,Darnell Parker Jr.,Darnell Parker Jr.,sa3039453,,,darnellparkerjr
8139,Hudson Parker,Hudson Parker,sa3039456,,,hudsonparker
8140,Kade Parker,Kade Parker,sa3039463,,,kadeparker
8141,Max Parker,Max Parker,sa3039464,,,maxparker
8142,William Parker,William Parker,sa3039471,,,williamparker
8143,Sawyer Parkin,Sawyer Parkin,sa3039473,,,sawyerparkin
8144,Will Parkinson,Will Parkinson,sa3039474,,,willparkinson
8145,Brendan Parks,Brendan Parks,sa3039476,,,brendanparks
8146,Sam Parks,Sam Parks,sa3039485,,,samparks
8147,Bryce Parlin,Bryce Parlin,sa3039487,,,bryceparlin
8148,Broc Parmer,Broc Parmer,sa3039490,,,brocparmer
8149,Evan Parmer,Evan Parmer,sa3039491,,,evanparmer
8150,Shawn Parnell,Shawn Parnell,sa3039492,,,shawnparnell
8151,Brycen Parrish,Brycen Parrish,sa3039497,,,brycenparrish
8152,Grant Parson,Grant Parson,sa3039506,,,grantparson
8153,Julian Parson,Julian Parson,sa3039508,,,julianparson
8154,Anthony Paskell,Anthony Paskell,sa3039514,,,anthonypaskell
8155,Wyatt Patchett,Wyatt Patchett,sa3039522,,,wyattpatchett
8156,Aryan Patel,Aryan Patel,sa3039525,,,aryanpatel
8157,Mason Patel,Mason Patel,sa3039528,,,masonpatel
8158,Eli Paton,Eli Paton,sa3039533,,,elipaton
8159,Dom Patrizi,Dom Patrizi,sa3039536,,,dompatrizi
8160,Dalton Patten,Dalton Patten,sa3039542,,,daltonpatten
8161,Liam Patton,Liam Patton,sa3039547,,,liampatton
8162,Myles Patton,Myles Patton,sa3039548,811573,,mylespatton
8163,Tyshon Patty,Tyshon Patty,sa3039550,,,tyshonpatty
8164,Mic Paul,Mic Paul,sa3039557,,,micpaul
8165,Cole Pauley,Cole Pauley,sa3039558,,,colepauley
8166,Truman Pauley,Truman Pauley,sa3039559,831912,,trumanpauley
8167,Jake Paulick,Jake Paulick,sa3039560,,,jakepaulick
8168,Alonzo Paul Jr.,Alonzo Paul Jr.,sa3039562,,,alonzopauljr
8169,Erik Paulsen,Erik Paulsen,sa3039565,,,erikpaulsen
8170,Fisher Paulsen,Fisher Paulsen,sa3039566,,,fisherpaulsen
8171,Dante Pavone,Dante Pavone,sa3039568,,,dantepavone
8172,Jack Pawlowicz,Jack Pawlowicz,sa3039572,,,jackpawlowicz
8173,Andrelys Payamps,Andrelys Payamps,sa3039575,,,andrelyspayamps
8174,Garrett Payne,Garrett Payne,sa3039582,,,garrettpayne
8175,Jackson Payne,Jackson Payne,sa3039584,,,jacksonpayne
8176,Landen Payne,Landen Payne,sa3039585,811167,,landenpayne
8177,Luke Payne,Luke Payne,sa3039586,,,lukepayne
8178,Zandt Payne,Zandt Payne,sa3039588,,,zandtpayne
8179,J.C. Peacher,J.C. Peacher,sa3039594,,,jcpeacher
8180,Gerry Peacock,Gerry Peacock,sa3039595,,,gerrypeacock
8181,Caden Pearlman,Caden Pearlman,sa3039600,,,cadenpearlman
8182,Josh Pearson,Josh Pearson,sa3039608,,,joshpearson
8183,Will Pearson,Will Pearson,sa3039612,,,willpearson
8184,Brodie B.J. Peart,Brodie B.J. Peart,sa3039614,,,brodiebjpeart
8185,Jaxson Pease,Jaxson Pease,sa3039616,,,jaxsonpease
8186,Maddax Peck,Maddax Peck,sa3039621,,,maddaxpeck
8187,Tyler Peck,Tyler Peck,sa3039622,,,tylerpeck
8188,David Pedanou,David Pedanou,sa3039624,,,davidpedanou
8189,Cannon Peebles,Cannon Peebles,sa3039628,702555,,cannonpeebles
8190,Connor Peek,Connor Peek,sa3039630,,,connorpeek
8191,Kaden Peer,Kaden Peer,sa3039631,,,kadenpeer
8192,Cannon Peery,Cannon Peery,sa3039633,,,cannonpeery
8193,Carlos Peguero,Carlos Peguero,sa3039635,,,carlospeguero
8194,Chris Peguero,Chris Peguero,sa3039636,,,chrispeguero
8195,Ryan Pehrson,Ryan Pehrson,sa3039638,,,ryanpehrson
8196,Wyatt Peifer,Wyatt Peifer,sa3039639,,,wyattpeifer
8197,Elijah Pelayo,Elijah Pelayo,sa3039642,,,elijahpelayo
8198,Eddy Pelc,Eddy Pelc,sa3039643,,,eddypelc
8199,Charles-Etienne Pelletier,Charles-Etienne Pelletier,sa3039646,,,charlesetiennepelletier
8200,Raphael Pelletier,Raphael Pelletier,sa3039648,,,raphaelpelletier
8201,JP Peltier,JP Peltier,sa3039650,,,jppeltier
8202,Luke Pemberton,Luke Pemberton,sa3039655,,,lukepemberton
8203,Matthew Pena,Matthew Pena,sa3039660,,,matthewpena
8204,Dariyan Pendergrass,Dariyan Pendergrass,sa3039666,,,dariyanpendergrass
8205,Will Pendergrass,Will Pendergrass,sa3039669,,,willpendergrass
8206,Brady Pendley,Brady Pendley,sa3039670,,,bradypendley
8207,Dayne Pengelly,Dayne Pengelly,sa3039673,,,daynepengelly
8208,Scott Penney,Scott Penney,sa3039676,,,scottpenney
8209,Ian Pennington,Ian Pennington,sa3039678,,,ianpennington
8210,Connar Penrod,Connar Penrod,sa3039682,,,connarpenrod
8211,Blake Penso,Blake Penso,sa3039683,,,blakepenso
8212,Robbie Penswick,Robbie Penswick,sa3039684,,,robbiepenswick
8213,Rocco Peppi,Rocco Peppi,sa3039688,,,roccopeppi
8214,Michael Perazza,Michael Perazza,sa3039692,,,michaelperazza
8215,Kyle Percival,Kyle Percival,sa3039694,,,kylepercival
8216,Louis Percival,Louis Percival,sa3039695,,,louispercival
8217,Aaron Perez,Aaron Perez,sa3039699,,,aaronperez
8218,Adan Perez,Adan Perez,sa3039700,,,adanperez
8219,Andres Perez,Andres Perez,sa3039701,,,andresperez
8220,Christian Perez,Christian Perez,sa3039707,,,christianperez
8221,Daniel Perez,Daniel Perez,sa3039709,,,danielperez
8222,Jaime Perez,Jaime Perez,sa3039714,,,jaimeperez
8223,Jhonkeanu Perez,Jhonkeanu Perez,sa3039715,,,jhonkeanuperez
8224,Leandro Perez,Leandro Perez,sa3039718,,,leandroperez
8225,Ryan Perez,Ryan Perez,sa3039721,,,ryanperez
8226,Sebastian Perez,Sebastian Perez,sa3039722,,,sebastianperez
8227,Shawn Perez,Shawn Perez,sa3039723,,,shawnperez
8228,Waldie Perez,Waldie Perez,sa3039725,,,waldieperez
8229,Mark Perkins,Mark Perkins,sa3039730,,,markperkins
8230,Sean Perkins,Sean Perkins,sa3039732,,,seanperkins
8231,Wilson Perkins,Wilson Perkins,sa3039734,,,wilsonperkins
8232,Brock Perreira,Brock Perreira,sa3039738,,,brockperreira
8233,Antonio Perrotta,Antonio Perrotta,sa3039743,,,antonioperrotta
8234,DJ Perron,DJ Perron,sa3039744,,,djperron
8235,Braeden Perry,Braeden Perry,sa3039746,,,braedenperry
8236,Hayden Perry,Hayden Perry,sa3039748,,,haydenperry
8237,Jake Perry,Jake Perry,sa3039750,,,jakeperry
8238,Layton Perry,Layton Perry,sa3039752,,,laytonperry
8239,Nick Perryman,Nick Perryman,sa3039754,,,nickperryman
8240,Tanner Perry,Tanner Perry,sa3039755,,,tannerperry
8241,Mason Persons,Mason Persons,sa3039758,,,masonpersons
8242,Mario Pesca,Mario Pesca,sa3039759,,,mariopesca
8243,Cole Peschl,Cole Peschl,sa3039760,,,colepeschl
8244,Arlen Peters,Arlen Peters,sa3039763,,,arlenpeters
8245,Brandon Peterson,Brandon Peterson,sa3039767,,,brandonpeterson
8246,Garrett Peters,Garrett Peters,sa3039775,,,garrettpeters
8247,Jack Peters,Jack Peters,sa3039779,,,jackpeters
8248,Jonathan Peterson,Jonathan Peterson,sa3039780,,,jonathanpeterson
8249,Kaden Petersen,Kaden Petersen,sa3039782,,,kadenpetersen
8250,Liam Peterson,Liam Peterson,sa3039785,,,liampeterson
8251,Mika Petersen,Mika Petersen,sa3039789,,,mikapetersen
8252,Nic Peterson,Nic Peterson,sa3039790,,,nicpeterson
8253,Quade Peters,Quade Peters,sa3039791,,,quadepeters
8254,Riley Peterson,Riley Peterson,sa3039793,,,rileypeterson
8255,Ryan Peterson,Ryan Peterson,sa3039798,,,ryanpeterson
8256,Sam Peterson,Sam Peterson,sa3039800,,,sampeterson
8257,Treyson Peters,Treyson Peters,sa3039803,,,treysonpeters
8258,Tyler Peters,Tyler Peters,sa3039804,,,tylerpeters
8259,Tyler Peterson,Tyler Peterson,sa3039805,,,tylerpeterson
8260,Tyce Peterson,Tyce Peterson,sa3039806,,,tycepeterson
8261,Zach Peters,Zach Peters,sa3039809,,,zachpeters
8262,Zachary Peters,Zachary Peters,sa3039810,,,zacharypeters
8263,Nick Petit,Nick Petit,sa3039812,,,nickpetit
8264,Owen Petrich,Owen Petrich,sa3039820,,,owenpetrich
8265,Alex Petrovic,Alex Petrovic,sa3039821,,,alexpetrovic
8266,Andrew Petrowski,Andrew Petrowski,sa3039822,,,andrewpetrowski
8267,Ben Petrone,Ben Petrone,sa3039823,,,benpetrone
8268,Ethan Petry,Ethan Petry,sa3039828,,,ethanpetry
8269,Greg Pettay,Greg Pettay,sa3039832,,,gregpettay
8270,Luke Pettitte,Luke Pettitte,sa3039836,,,lukepettitte
8271,Tyler Pettorini,Tyler Pettorini,sa3039837,,,tylerpettorini
8272,Brandon Pettrey,Brandon Pettrey,sa3039838,,,brandonpettrey
8273,Quinn Petty,Quinn Petty,sa3039841,,,quinnpetty
8274,Zane Petty,Zane Petty,sa3039843,806272,,zanepetty
8275,Jordan Peyton,Jordan Peyton,sa3039844,,,jordanpeyton
8276,Cyle Phelan,Cyle Phelan,sa3039851,,,cylephelan
8277,Jace Phelan,Jace Phelan,sa3039852,,,jacephelan
8278,Bryce Phelps,Bryce Phelps,sa3039853,,,brycephelps
8279,Holden Phelps,Holden Phelps,sa3039854,,,holdenphelps
8280,Travis Phelps,Travis Phelps,sa3039857,,,travisphelps
8281,Tre Phelps,Tre Phelps,sa3039858,,,trephelps
8282,Brennan Phillips,Brennan Phillips,sa3039862,,,brennanphillips
8283,Cayden Phillips,Cayden Phillips,sa3039864,,,caydenphillips
8284,Ethan Phillips,Ethan Phillips,sa3039865,,,ethanphillips
8285,Jacob Phillips,Jacob Phillips,sa3039868,,,jacobphillips
8286,Nolan Phillips,Nolan Phillips,sa3039871,,,nolanphillips
8287,Peter Phillips,Peter Phillips,sa3039872,,,peterphillips
8288,Q Phillips,Q Phillips,sa3039874,,,qphillips
8289,Trace Phillips,Trace Phillips,sa3039876,,,tracephillips
8290,Alex Philpott,Alex Philpott,sa3039877,,,alexphilpott
8291,Jackson Phipps,Jackson Phipps,sa3039879,691007,,jacksonphipps
8292,Dominic Pianto,Dominic Pianto,sa3039883,,,dominicpianto
8293,Olivia Pichardo,Olivia Pichardo,sa3039887,,,oliviapichardo
8294,Andrew Pickering,Andrew Pickering,sa3039889,,,andrewpickering
8295,Cannon Pickell,Cannon Pickell,sa3039890,695384,,cannonpickell
8296,Parker Picot,Parker Picot,sa3039896,,,parkerpicot
8297,Hunter Pidek,Hunter Pidek,sa3039897,,,hunterpidek
8298,Jeff Pierantoni,Jeff Pierantoni,sa3039899,,,jeffpierantoni
8299,Owen Pierce,Owen Pierce,sa3039904,,,owenpierce
8300,Ryan Pierce,Ryan Pierce,sa3039906,,,ryanpierce
8301,Dominic Pieto,Dominic Pieto,sa3039912,,,dominicpieto
8302,Ben Pika,Ben Pika,sa3039917,,,benpika
8303,Garret Pike,Garret Pike,sa3039918,,,garretpike
8304,Logan Pikur,Logan Pikur,sa3039919,,,loganpikur
8305,Marshall Pile,Marshall Pile,sa3039925,,,marshallpile
8306,Johnny Pilla,Johnny Pilla,sa3039927,,,johnnypilla
8307,Luis Pimentel-Guerrero,Luis Pimentel-Guerrero,sa3039932,,,luispimentelguerrero
8308,Jack Pineau,Jack Pineau,sa3039937,,,jackpineau
8309,Anthony Pingeton,Anthony Pingeton,sa3039941,,,anthonypingeton
8310,Hugh Pinkney,Hugh Pinkney,sa3039942,,,hughpinkney
8311,Smith Pinson,Smith Pinson,sa3039946,,,smithpinson
8312,Jacob Pipercic,Jacob Pipercic,sa3039952,,,jacobpipercic
8313,Logan Piper,Logan Piper,sa3039953,,,loganpiper
8314,Lukas Pirko,Lukas Pirko,sa3039957,,,lukaspirko
8315,Michael Pirrello,Michael Pirrello,sa3039958,,,michaelpirrello
8316,Sebastian Pisacreta,Sebastian Pisacreta,sa3039961,,,sebastianpisacreta
8317,Cameron Pittman,Cameron Pittman,sa3039966,,,cameronpittman
8318,Robert Pitts Jr.,Robert Pitts Jr.,sa3039970,,,robertpittsjr
8319,Ryan Pittz,Ryan Pittz,sa3039971,,,ryanpittz
8320,Tyler Pitzer,Tyler Pitzer,sa3039972,,,tylerpitzer
8321,Garret Plata,Garret Plata,sa3039983,,,garretplata
8322,Will Plattner,Will Plattner,sa3039986,,,willplattner
8323,Jack Pletter,Jack Pletter,sa3039993,,,jackpletter
8324,Cole Plowman,Cole Plowman,sa3039997,,,coleplowman
8325,Ben Plumley,Ben Plumley,sa3039999,,,benplumley
8326,Aidan Plummer,Aidan Plummer,sa3040001,,,aidanplummer
8327,Caden Plummer,Caden Plummer,sa3040002,,,cadenplummer
8328,Shadarious Plummer,Shadarious Plummer,sa3040004,,,shadariousplummer
8329,Tony Pluta,Tony Pluta,sa3040006,,,tonypluta
8330,Ethan Plyler,Ethan Plyler,sa3040007,,,ethanplyler
8331,Quentin Pohorski,Quentin Pohorski,sa3040021,,,quentinpohorski
8332,Jake Poindexter,Jake Poindexter,sa3040022,,,jakepoindexter
8333,Cole Poirrier,Cole Poirrier,sa3040024,,,colepoirrier
8334,Jack Poist,Jack Poist,sa3040026,,,jackpoist
8335,Jack Pokorak,Jack Pokorak,sa3040027,,,jackpokorak
8336,Jarrett Pokrovsky,Jarrett Pokrovsky,sa3040028,,,jarrettpokrovsky
8337,Maxton Polad,Maxton Polad,sa3040031,,,maxtonpolad
8338,Clayton Poliey,Clayton Poliey,sa3040036,,,claytonpoliey
8339,Howell Polk,Howell Polk,sa3040039,,,howellpolk
8340,Lakin Polk,Lakin Polk,sa3040041,,,lakinpolk
8341,Matthew Polk,Matthew Polk,sa3040042,,,matthewpolk
8342,Davin Pollard,Davin Pollard,sa3040048,,,davinpollard
8343,Kyle Pollack,Kyle Pollack,sa3040049,,,kylepollack
8344,Michael Pollard,Michael Pollard,sa3040051,,,michaelpollard
8345,Griffin Polley,Griffin Polley,sa3040054,,,griffinpolley
8346,Liam Pollock,Liam Pollock,sa3040055,,,liampollock
8347,Nate Polo,Nate Polo,sa3040057,,,natepolo
8348,TJ Pompey,TJ Pompey,sa3040060,,,tjpompey
8349,Mike Poncini,Mike Poncini,sa3040064,,,mikeponcini
8350,Nic Poole,Nic Poole,sa3040073,,,nicpoole
8351,Owen Poole,Owen Poole,sa3040074,,,owenpoole
8352,Tom Poole,Tom Poole,sa3040075,,,tompoole
8353,Broedy Poppell,Broedy Poppell,sa3040084,701435,,broedypoppell
8354,Robby Porco,Robby Porco,sa3040086,805379,,robbyporco
8355,Hunter Porter,Hunter Porter,sa3040094,,,hunterporter
8356,Jake Porter,Jake Porter,sa3040095,,,jakeporter
8357,Matthew Porter,Matthew Porter,sa3040099,,,matthewporter
8358,Ryan Porter,Ryan Porter,sa3040102,,,ryanporter
8359,Trey Porter,Trey Porter,sa3040104,,,treyporter
8360,Aaron Posey,Aaron Posey,sa3040110,,,aaronposey
8361,Jonah Posey,Jonah Posey,sa3040113,,,jonahposey
8362,Logan Poteet,Logan Poteet,sa3040124,804751,,loganpoteet
8363,Anthony Potestio,Anthony Potestio,sa3040125,,,anthonypotestio
8364,Matthew Potok,Matthew Potok,sa3040127,826936,,matthewpotok
8365,Jack Potteiger,Jack Potteiger,sa3040129,,,jackpotteiger
8366,Jake Potts,Jake Potts,sa3040134,,,jakepotts
8367,Zack Potts,Zack Potts,sa3040135,,,zackpotts
8368,Harrison Povey,Harrison Povey,sa3040143,,,harrisonpovey
8369,Brady Powell,Brady Powell,sa3040145,,,bradypowell
8370,Daniel Powell,Daniel Powell,sa3040147,,,danielpowell
8371,Joe Powell,Joe Powell,sa3040150,,,joepowell
8372,Callen Powers,Callen Powers,sa3040155,,,callenpowers
8373,Jack Power,Jack Power,sa3040156,,,jackpower
8374,Bradley Poynter,Bradley Poynter,sa3040164,,,bradleypoynter
8375,Ryan Prager,Ryan Prager,sa3040167,696492,,ryanprager
8376,Tyler Prather,Tyler Prather,sa3040171,,,tylerprather
8377,Nicholas Pratt,Nicholas Pratt,sa3040174,,,nicholaspratt
8378,Ozzie Pratt,Ozzie Pratt,sa3040175,,,ozziepratt
8379,Connor Preisel,Connor Preisel,sa3040180,,,connorpreisel
8380,Peyton Prescott,Peyton Prescott,sa3040183,807290,,peytonprescott
8381,Devin Pressley,Devin Pressley,sa3040188,,,devinpressley
8382,Matt Prevesk,Matt Prevesk,sa3040193,,,mattprevesk
8383,Connor Price,Connor Price,sa3040196,,,connorprice
8384,Landon Price,Landon Price,sa3040199,,,landonprice
8385,Trent Price,Trent Price,sa3040206,,,trentprice
8386,Paris Pridgen,Paris Pridgen,sa3040209,,,parispridgen
8387,Collin Priest,Collin Priest,sa3040211,,,collinpriest
8388,Angelo Prieto,Angelo Prieto,sa3040212,,,angeloprieto
8389,Diego Prieto,Diego Prieto,sa3040213,,,diegoprieto
8390,DJ Primeaux,DJ Primeaux,sa3040215,,,djprimeaux
8391,Parker Primeaux,Parker Primeaux,sa3040216,,,parkerprimeaux
8392,Owen Prince,Owen Prince,sa3040219,,,owenprince
8393,Preston Prince,Preston Prince,sa3040220,,,prestonprince
8394,Lucas Pringle,Lucas Pringle,sa3040221,,,lucaspringle
8395,Keenan Proctor,Keenan Proctor,sa3040233,,,keenanproctor
8396,Kyler Proctor,Kyler Proctor,sa3040234,,,kylerproctor
8397,Owen Proksch,Owen Proksch,sa3040240,810896,,owenproksch
8398,Calvin Proskey,Calvin Proskey,sa3040243,,,calvinproskey
8399,Genesis Prosper,Genesis Prosper,sa3040247,,,genesisprosper
8400,Cole Prout,Cole Prout,sa3040251,,,coleprout
8401,Brad Pruett,Brad Pruett,sa3040253,,,bradpruett
8402,Jacob Pruitt,Jacob Pruitt,sa3040257,809131,,jacobpruitt
8403,Mikel Pryor,Mikel Pryor,sa3040261,,,mikelpryor
8404,Will Pryor,Will Pryor,sa3040262,,,willpryor
8405,Brock Puckett,Brock Puckett,sa3040266,,,brockpuckett
8406,Stewart Puckett,Stewart Puckett,sa3040270,,,stewartpuckett
8407,Oliver Pudvar,Oliver Pudvar,sa3040271,,,oliverpudvar
8408,Parker Puetz,Parker Puetz,sa3040273,,,parkerpuetz
8409,Samson Pugh,Samson Pugh,sa3040274,,,samsonpugh
8410,Nolan Puglisi,Nolan Puglisi,sa3040276,,,nolanpuglisi
8411,Owen Puk,Owen Puk,sa3040281,824667,,owenpuk
8412,Ethan Pulliam,Ethan Pulliam,sa3040282,,,ethanpulliam
8413,Caleb Pundsack,Caleb Pundsack,sa3040285,,,calebpundsack
8414,Brodie Purcell,Brodie Purcell,sa3040289,,,brodiepurcell
8415,Jarren Purify,Jarren Purify,sa3040292,,,jarrenpurify
8416,Daxton Purser,Daxton Purser,sa3040296,,,daxtonpurser
8417,Eli Putnam,Eli Putnam,sa3040299,,,eliputnam
8418,Griffin Puvel,Griffin Puvel,sa3040307,,,griffinpuvel
8419,Andrew Pyle,Andrew Pyle,sa3040310,,,andrewpyle
8420,Josh Pyne,Josh Pyne,sa3040311,,,joshpyne
8421,Coltin Quagliano,Coltin Quagliano,sa3040312,,,coltinquagliano
8422,Nick Quagliato,Nick Quagliato,sa3040313,,,nickquagliato
8423,Jared Quandt,Jared Quandt,sa3040314,,,jaredquandt
8424,Mark Quatrani,Mark Quatrani,sa3040317,,,markquatrani
8425,Kydese Queen,Kydese Queen,sa3040321,,,kydesequeen
8426,Matt Queen,Matt Queen,sa3040322,,,mattqueen
8427,Michael Quevedo,Michael Quevedo,sa3040323,,,michaelquevedo
8428,Josh Quezada,Josh Quezada,sa3040325,,,joshquezada
8429,Agyei Quinichett,Agyei Quinichett,sa3040337,,,agyeiquinichett
8430,Jack Quinlan,Jack Quinlan,sa3040339,,,jackquinlan
8431,John Quinlan,John Quinlan,sa3040340,,,johnquinlan
8432,Aidan Quinn,Aidan Quinn,sa3040341,,,aidanquinn
8433,James  Quinn-Irons,James  Quinn-Irons,sa3040344,,,jamesquinnirons
8434,JT Quinn,JT Quinn,sa3040345,,,jtquinn
8435,Owen Quinn,Owen Quinn,sa3040347,,,owenquinn
8436,Thomas Quinn,Thomas Quinn,sa3040348,,,thomasquinn
8437,Tyler Quinn,Tyler Quinn,sa3040349,,,tylerquinn
8438,Walter Quinn,Walter Quinn,sa3040352,,,walterquinn
8439,Collin Quintano,Collin Quintano,sa3040355,,,collinquintano
8440,JT Raab,JT Raab,sa3040359,,,jtraab
8441,Jacoby Radcliffe,Jacoby Radcliffe,sa3040373,,,jacobyradcliffe
8442,Ryan Radcliff,Ryan Radcliff,sa3040375,,,ryanradcliff
8443,Jack Radel,Jack Radel,sa3040377,,,jackradel
8444,Jeremy Rader,Jeremy Rader,sa3040379,,,jeremyrader
8445,Dylan Radke,Dylan Radke,sa3040383,,,dylanradke
8446,DJ Radtke,DJ Radtke,sa3040384,,,djradtke
8447,Ranse Radtke,Ranse Radtke,sa3040386,,,ranseradtke
8448,Josiah Ragsdale,Josiah Ragsdale,sa3040392,828824,,josiahragsdale
8449,Jayder Raifstanger,Jayder Raifstanger,sa3040394,,,jayderraifstanger
8450,Cole Raile,Cole Raile,sa3040395,,,coleraile
8451,Isaiah Rainge,Isaiah Rainge,sa3040399,,,isaiahrainge
8452,Colin Rains,Colin Rains,sa3040400,,,colinrains
8453,Alex Rakas,Alex Rakas,sa3040404,,,alexrakas
8454,Easton Rakers,Easton Rakers,sa3040405,,,eastonrakers
8455,Karl Ralamb,Karl Ralamb,sa3040406,,,karlralamb
8456,Brody Raleigh,Brody Raleigh,sa3040407,,,brodyraleigh
8457,Maximilian Ramirez IV,Maximilian Ramirez IV,sa3040428,,,maximilianramireziv
8458,Joshua Ramos,Joshua Ramos,sa3040434,,,joshuaramos
8459,Rigo Ramos,Rigo Ramos,sa3040435,,,rigoramos
8460,Zack Ramppen,Zack Ramppen,sa3040437,,,zackramppen
8461,Cal Randall,Cal Randall,sa3040442,,,calrandall
8462,Levi Randall,Levi Randall,sa3040444,,,levirandall
8463,Brayden Randle,Brayden Randle,sa3040447,,,braydenrandle
8464,Jake Randolph,Jake Randolph,sa3040451,,,jakerandolph
8465,Treyton Rank,Treyton Rank,sa3040454,,,treytonrank
8466,Sonny Rao,Sonny Rao,sa3040459,,,sonnyrao
8467,Carter Rasmussen,Carter Rasmussen,sa3040470,835339,,carterrasmussen
8468,Connor Rasmussen,Connor Rasmussen,sa3040471,811278,,connorrasmussen
8469,Donovan Ratfield,Donovan Ratfield,sa3040472,,,donovanratfield
8470,Aidan Rath,Aidan Rath,sa3040473,,,aidanrath
8471,Kyle Ratliff,Kyle Ratliff,sa3040475,,,kyleratliff
8472,AJ Rausch,AJ Rausch,sa3040477,,,ajrausch
8473,William Ray,William Ray,sa3040489,,,williamray
8474,Armani Raygoza,Armani Raygoza,sa3040491,,,armaniraygoza
8475,Chad Readey,Chad Readey,sa3040496,,,chadreadey
8476,Rob Ready,Rob Ready,sa3040497,,,robready
8477,Hunter Rebando,Hunter Rebando,sa3040502,,,hunterrebando
8478,Jacob Rebrook,Jacob Rebrook,sa3040504,,,jacobrebrook
8479,Tanner Recchio,Tanner Recchio,sa3040506,,,tannerrecchio
8480,Aidan Redahan,Aidan Redahan,sa3040514,,,aidanredahan
8481,Logan Reddemann,Logan Reddemann,sa3040515,,,loganreddemann
8482,Ryan Reddemann,Ryan Reddemann,sa3040516,,,ryanreddemann
8483,Blake Reed,Blake Reed,sa3040527,,,blakereed
8484,Jackson Reed,Jackson Reed,sa3040531,,,jacksonreed
8485,Kevin Reed,Kevin Reed,sa3040532,,,kevinreed
8486,Ryan Reed,Ryan Reed,sa3040535,811266,,ryanreed
8487,Sam Reed,Sam Reed,sa3040536,,,samreed
8488,Canon Reeder,Canon Reeder,sa3040539,822165,,canonreeder
8489,Reagan Reeder,Reagan Reeder,sa3040541,,,reaganreeder
8490,Ace Reese,Ace Reese,sa3040543,,,acereese
8491,James Reese,James Reese,sa3040546,,,jamesreese
8492,Ripken Reese,Ripken Reese,sa3040548,,,ripkenreese
8493,Ricky Reeth,Ricky Reeth,sa3040550,,,rickyreeth
8494,Landon Reeves,Landon Reeves,sa3040557,,,landonreeves
8495,Sawyer Reeves,Sawyer Reeves,sa3040558,,,sawyerreeves
8496,Ryan Reich,Ryan Reich,sa3040570,,,ryanreich
8497,Dominick Reid,Dominick Reid,sa3040572,,,dominickreid
8498,Joe Reid,Joe Reid,sa3040575,,,joereid
8499,Ellis Reid III,Ellis Reid III,sa3040579,,,ellisreidiii
8500,Ben Reimers,Ben Reimers,sa3040587,,,benreimers
8501,Kade Reinertson,Kade Reinertson,sa3040590,,,kadereinertson
8502,Brian Reinke,Brian Reinke,sa3040596,,,brianreinke
8503,Chance Reisdorph,Chance Reisdorph,sa3040598,,,chancereisdorph
8504,Justis Reiser,Justis Reiser,sa3040599,,,justisreiser
8505,Jason Reitz,Jason Reitz,sa3040605,,,jasonreitz
8506,Ethan Rembish,Ethan Rembish,sa3040607,,,ethanrembish
8507,Ryan Rembisz,Ryan Rembisz,sa3040608,,,ryanrembisz
8508,Kyle Remington,Kyle Remington,sa3040609,,,kyleremington
8509,Nick Remy,Nick Remy,sa3040611,,,nickremy
8510,Jack Renaud,Jack Renaud,sa3040612,,,jackrenaud
8511,Brett Renfrow,Brett Renfrow,sa3040617,,,brettrenfrow
8512,Ryan Renfroe,Ryan Renfroe,sa3040618,,,ryanrenfroe
8513,Chase Renner,Chase Renner,sa3040620,702041,,chaserenner
8514,Andrew Ressler,Andrew Ressler,sa3040629,,,andrewressler
8515,Walker Retz,Walker Retz,sa3040633,,,walkerretz
8516,Collin Reuter,Collin Reuter,sa3040635,,,collinreuter
8517,Carson Revay,Carson Revay,sa3040636,,,carsonrevay
8518,Dusty Revis,Dusty Revis,sa3040639,834961,,dustyrevis
8519,Aaron Reyes,Aaron Reyes,sa3040641,,,aaronreyes
8520,Randy Reyes,Randy Reyes,sa3040647,,,randyreyes
8521,Brady Reynolds,Brady Reynolds,sa3040650,,,bradyreynolds
8522,Dean Reynolds,Dean Reynolds,sa3040654,,,deanreynolds
8523,Drew Reynolds,Drew Reynolds,sa3040655,,,drewreynolds
8524,Owen Reynolds,Owen Reynolds,sa3040658,,,owenreynolds
8525,Ryan Reynolds,Ryan Reynolds,sa3040660,,,ryanreynolds
8526,Dylan Rhadans,Dylan Rhadans,sa3040664,,,dylanrhadans
8527,Matthew Rheaume,Matthew Rheaume,sa3040665,,,matthewrheaume
8528,Colin Rhein,Colin Rhein,sa3040667,,,colinrhein
8529,Ty Rhoades,Ty Rhoades,sa3040668,,,tyrhoades
8530,Lane Rhodes,Lane Rhodes,sa3040674,,,lanerhodes
8531,Terrence Rhodes,Terrence Rhodes,sa3040675,,,terrencerhodes
8532,Bo Rhudy,Bo Rhudy,sa3040676,,,borhudy
8533,Davis Rhyne,Davis Rhyne,sa3040677,,,davisrhyne
8534,Aaron Rice,Aaron Rice,sa3040680,,,aaronrice
8535,Aidan Rice,Aidan Rice,sa3040681,,,aidanrice
8536,Billy Rice,Billy Rice,sa3040682,,,billyrice
8537,Brooks Rice,Brooks Rice,sa3040683,,,brooksrice
8538,Trent Rice,Trent Rice,sa3040692,,,trentrice
8539,William Rice,William Rice,sa3040694,,,williamrice
8540,Brigs Richartz,Brigs Richartz,sa3040701,,,brigsrichartz
8541,Carter Richey,Carter Richey,sa3040714,,,carterrichey
8542,Dylan Richey,Dylan Richey,sa3040715,,,dylanrichey
8543,CJ Richmond,CJ Richmond,sa3040717,,,cjrichmond
8544,Bryce Richter,Bryce Richter,sa3040718,,,brycerichter
8545,Chase Richter,Chase Richter,sa3040719,,,chaserichter
8546,Easton Richter,Easton Richter,sa3040720,,,eastonrichter
8547,Lucas Rick,Lucas Rick,sa3040723,,,lucasrick
8548,RJ Rickabaugh,RJ Rickabaugh,sa3040724,,,rjrickabaugh
8549,Jack Rickheim,Jack Rickheim,sa3040726,,,jackrickheim
8550,Skyler Riedinger,Skyler Riedinger,sa3040739,,,skylerriedinger
8551,Benji Ries,Benji Ries,sa3040742,,,benjiries
8552,Charlie Rife,Charlie Rife,sa3040745,,,charlierife
8553,Miller Riggins,Miller Riggins,sa3040750,,,millerriggins
8554,Bryce Riggs,Bryce Riggs,sa3040751,,,bryceriggs
8555,Tyler Rigot,Tyler Rigot,sa3040756,,,tylerrigot
8556,Chandler Riley,Chandler Riley,sa3040761,,,chandlerriley
8557,Owen Riley,Owen Riley,sa3040768,,,owenriley
8558,Jace Rinehart,Jace Rinehart,sa3040778,,,jacerinehart
8559,Ruger Riojas,Ruger Riojas,sa3040781,,,rugerriojas
8560,Tade Riordan,Tade Riordan,sa3040785,,,taderiordan
8561,Lorenzo Rios,Lorenzo Rios,sa3040787,,,lorenzorios
8562,Payton Riske,Payton Riske,sa3040793,,,paytonriske
8563,Ryan Rissas,Ryan Rissas,sa3040796,,,ryanrissas
8564,Kollin Ritchie,Kollin Ritchie,sa3040802,,,kollinritchie
8565,Jamal Ritter,Jamal Ritter,sa3040805,,,jamalritter
8566,Justin Ritz,Justin Ritz,sa3040807,,,justinritz
8567,Andrew Rivas,Andrew Rivas,sa3040810,,,andrewrivas
8568,Angel Rivera,Angel Rivera,sa3040813,,,angelrivera
8569,Davis Rivers,Davis Rivers,sa3040818,,,davisrivers
8570,Juan Rivera,Juan Rivera,sa3040832,,,juanrivera
8571,Reagan Rivera,Reagan Rivera,sa3040840,,,reaganrivera
8572,Sergio Rivera,Sergio Rivera,sa3040844,,,sergiorivera
8573,Kyle Rizy,Kyle Rizy,sa3040848,,,kylerizy
8574,Garren Rizzo,Garren Rizzo,sa3040849,,,garrenrizzo
8575,Nicholas Rizzo,Nicholas Rizzo,sa3040850,,,nicholasrizzo
8576,Nicholas Robb,Nicholas Robb,sa3040858,,,nicholasrobb
8577,Aiden Robbins,Aiden Robbins,sa3040859,,,aidenrobbins
8578,Hayden Robbins,Hayden Robbins,sa3040860,,,haydenrobbins
8579,Will Robbins,Will Robbins,sa3040862,,,willrobbins
8580,Ben Roberts,Ben Roberts,sa3040867,,,benroberts
8581,Cole Roberts,Cole Roberts,sa3040874,,,coleroberts
8582,Creek Robertson,Creek Robertson,sa3040875,,,creekrobertson
8583,Dylan Robertson,Dylan Robertson,sa3040878,,,dylanrobertson
8584,Jason Roberts,Jason Roberts,sa3040882,,,jasonroberts
8585,Jackson Roberts,Jackson Roberts,sa3040884,,,jacksonroberts
8586,Kellen Roberts,Kellen Roberts,sa3040886,,,kellenroberts
8587,Michael Robertson,Michael Robertson,sa3040888,,,michaelrobertson
8588,Nick Robert,Nick Robert,sa3040889,,,nickrobert
8589,Sam Roberts,Sam Roberts,sa3040890,,,samroberts
8590,Ben Robichaux,Ben Robichaux,sa3040894,,,benrobichaux
8591,Caden Robinson,Caden Robinson,sa3040899,,,cadenrobinson
8592,Darius Robinson,Darius Robinson,sa3040905,,,dariusrobinson
8593,Justin Robinson,Justin Robinson,sa3040910,,,justinrobinson
8594,Kevin Robinson,Kevin Robinson,sa3040911,,,kevinrobinson
8595,Reese Robinett,Reese Robinett,sa3040917,,,reeserobinett
8596,Ryder Robinson,Ryder Robinson,sa3040920,,,ryderrobinson
8597,Shai Robinson,Shai Robinson,sa3040921,804610,,shairobinson
8598,Taye Robinson,Taye Robinson,sa3040922,,,tayerobinson
8599,Albert Roblez,Albert Roblez,sa3040930,,,albertroblez
8600,Bubba Rocha,Bubba Rocha,sa3040933,,,bubbarocha
8601,Connor Roche,Connor Roche,sa3040937,,,connorroche
8602,Patrick Roche,Patrick Roche,sa3040939,,,patrickroche
8603,Ronald Rockey,Ronald Rockey,sa3040941,,,ronaldrockey
8604,Brock Rod,Brock Rod,sa3040944,,,brockrod
8605,Joe Roder,Joe Roder,sa3040949,,,joeroder
8606,Ty Roder,Ty Roder,sa3040950,,,tyroder
8607,Jackson Rodgers,Jackson Rodgers,sa3040955,,,jacksonrodgers
8608,Alex Rodriguez,Alex Rodriguez,sa3040961,,,alexrodriguez
8609,Alec Rodriguez,Alec Rodriguez,sa3040962,,,alecrodriguez
8610,Carlos Rodriguez-Velez,Carlos Rodriguez-Velez,sa3040969,,,carlosrodriguezvelez
8611,Elijah Rodriguez,Elijah Rodriguez,sa3040976,,,elijahrodriguez
8612,Esteban Rodriguez,Esteban Rodriguez,sa3040978,,,estebanrodriguez
8613,Freddy Rodriguez,Freddy Rodriguez,sa3040979,809934,,freddyrodriguez
8614,Isaac Rodriguez,Isaac Rodriguez,sa3040981,,,isaacrodriguez
8615,Joel Rodriguez,Joel Rodriguez,sa3040988,,,joelrodriguez
8616,Lewis Rodriguez,Lewis Rodriguez,sa3040993,,,lewisrodriguez
8617,Louis Rodriguez,Louis Rodriguez,sa3040994,,,louisrodriguez
8618,Luke Rodriguez,Luke Rodriguez,sa3040998,,,lukerodriguez
8619,Mikey Rodriques,Mikey Rodriques,sa3041002,,,mikeyrodriques
8620,Michael Rodriguez,Michael Rodriguez,sa3041003,,,michaelrodriguez
8621,Nick Rodriguez,Nick Rodriguez,sa3041005,823795,,nickrodriguez
8622,Noah Rodriguez,Noah Rodriguez,sa3041008,,,noahrodriguez
8623,Ryne Rodriguez,Ryne Rodriguez,sa3041017,,,rynerodriguez
8624,Taer Rodriguez,Taer Rodriguez,sa3041018,,,taerrodriguez
8625,Benny Roebuck,Benny Roebuck,sa3041020,,,bennyroebuck
8626,Braden Roesch,Braden Roesch,sa3041026,,,bradenroesch
8627,Gabe Roessler,Gabe Roessler,sa3041028,,,gaberoessler
8628,Jacob Roettgen,Jacob Roettgen,sa3041030,,,jacobroettgen
8629,Zach Rogacki,Zach Rogacki,sa3041032,836051,,zachrogacki
8630,Charlie Rogan,Charlie Rogan,sa3041034,,,charlierogan
8631,PJ Rogan,PJ Rogan,sa3041035,,,pjrogan
8632,Blake Rogers,Blake Rogers,sa3041037,,,blakerogers
8633,Brandon Rogers,Brandon Rogers,sa3041038,,,brandonrogers
8634,Dylan Rogers,Dylan Rogers,sa3041046,,,dylanrogers
8635,Gus Rogers,Gus Rogers,sa3041049,,,gusrogers
8636,Jahlani Rogers,Jahlani Rogers,sa3041051,,,jahlanirogers
8637,Jacob Rogers,Jacob Rogers,sa3041053,,,jacobrogers
8638,JD Rogers,JD Rogers,sa3041054,,,jdrogers
8639,Jordan Rogers,Jordan Rogers,sa3041056,,,jordanrogers
8640,Raffaele Rogers,Raffaele Rogers,sa3041059,,,raffaelerogers
8641,TJ Rogers,TJ Rogers,sa3041061,,,tjrogers
8642,Will Rogers,Will Rogers,sa3041063,,,willrogers
8643,Luke Roggenburk,Luke Roggenburk,sa3041064,,,lukeroggenburk
8644,Davis Rokose,Davis Rokose,sa3041077,,,davisrokose
8645,Luke Rolland,Luke Rolland,sa3041084,,,lukerolland
8646,Thomas Rollauer,Thomas Rollauer,sa3041085,,,thomasrollauer
8647,Mike Romano,Mike Romano,sa3041095,,,mikeromano
8648,Nicholas Romano,Nicholas Romano,sa3041097,,,nicholasromano
8649,Richie Roman,Richie Roman,sa3041098,,,richieroman
8650,Matt Romero,Matt Romero,sa3041109,,,mattromero
8651,Zach Romero,Zach Romero,sa3041110,,,zachromero
8652,Cooper Romich,Cooper Romich,sa3041111,,,cooperromich
8653,Cory Ronan,Cory Ronan,sa3041112,,,coryronan
8654,Brendan Roney,Brendan Roney,sa3041115,,,brendanroney
8655,Bryce Ronken,Bryce Ronken,sa3041116,,,bryceronken
8656,Andrew Ronne,Andrew Ronne,sa3041118,,,andrewronne
8657,Holden Rook,Holden Rook,sa3041122,,,holdenrook
8658,Noah Rooney,Noah Rooney,sa3041125,,,noahrooney
8659,Trevor Roper,Trevor Roper,sa3041132,,,trevorroper
8660,Marcos Rosales,Marcos Rosales,sa3041142,,,marcosrosales
8661,Matt Rose,Matt Rose,sa3041150,,,mattrose
8662,Zion Rose,Zion Rose,sa3041154,,,zionrose
8663,Carlos Roses,Carlos Roses,sa3041162,,,carlosroses
8664,Camden Ross,Camden Ross,sa3041168,,,camdenross
8665,Deamez Ross,Deamez Ross,sa3041169,,,deamezross
8666,Josiah Ross,Josiah Ross,sa3041174,,,josiahross
8667,Luke Ross,Luke Ross,sa3041177,,,lukeross
8668,Nate Ross,Nate Ross,sa3041179,,,nateross
8669,Will Ross,Will Ross,sa3041184,,,willross
8670,Elliott Rossell,Elliott Rossell,sa3041186,,,elliottrossell
8671,Nate Rosser,Nate Rosser,sa3041187,,,naterosser
8672,David Rossow,David Rossow,sa3041190,,,davidrossow
8673,Ethan Rossow,Ethan Rossow,sa3041191,,,ethanrossow
8674,Caden Rothbaum,Caden Rothbaum,sa3041197,,,cadenrothbaum
8675,Collin Rothermel,Collin Rothermel,sa3041199,800961,,collinrothermel
8676,Ethan Rothschild,Ethan Rothschild,sa3041201,,,ethanrothschild
8677,Justin Roulston,Justin Roulston,sa3041206,,,justinroulston
8678,Ben Rounds,Ben Rounds,sa3041207,,,benrounds
8679,Kevin Rourke,Kevin Rourke,sa3041210,,,kevinrourke
8680,Scott Rouse,Scott Rouse,sa3041213,,,scottrouse
8681,Hudson Rowan,Hudson Rowan,sa3041216,,,hudsonrowan
8682,Brennan Rowe,Brennan Rowe,sa3041219,,,brennanrowe
8683,Matt Rowe,Matt Rowe,sa3041221,,,mattrowe
8684,Gray Rowlett,Gray Rowlett,sa3041224,,,grayrowlett
8685,Jacob Rowold,Jacob Rowold,sa3041225,,,jacobrowold
8686,Ethan Royal,Ethan Royal,sa3041228,,,ethanroyal
8687,Hunter Royal,Hunter Royal,sa3041229,,,hunterroyal
8688,Gianni Royer,Gianni Royer,sa3041230,,,gianniroyer
8689,Charlie Royle,Charlie Royle,sa3041231,,,charlieroyle
8690,Ben Royo,Ben Royo,sa3041232,,,benroyo
8691,Zach Royse,Zach Royse,sa3041233,805942,,zachroyse
8692,Liam Royster,Liam Royster,sa3041234,,,liamroyster
8693,Billy Rozakis,Billy Rozakis,sa3041235,,,billyrozakis
8694,RJ Ruais,RJ Ruais,sa3041238,,,rjruais
8695,Andrew Rubayo,Andrew Rubayo,sa3041241,,,andrewrubayo
8696,Justin Rubin,Justin Rubin,sa3041246,,,justinrubin
8697,Jett Ruby,Jett Ruby,sa3041249,,,jettruby
8698,Andrew Rucci,Andrew Rucci,sa3041250,,,andrewrucci
8699,Tristan Rucker,Tristan Rucker,sa3041254,,,tristanrucker
8700,Andrew Rudd,Andrew Rudd,sa3041255,,,andrewrudd
8701,Zeb Ruddell,Zeb Ruddell,sa3041257,,,zebruddell
8702,Brad Rudis,Brad Rudis,sa3041259,,,bradrudis
8703,Teddy Ruffner,Teddy Ruffner,sa3041272,,,teddyruffner
8704,Mason Ruh,Mason Ruh,sa3041279,,,masonruh
8705,Ty Ruhl,Ty Ruhl,sa3041280,,,tyruhl
8706,Damian Ruiz,Damian Ruiz,sa3041281,,,damianruiz
8707,Jacob Ruiz,Jacob Ruiz,sa3041285,,,jacobruiz
8708,Justin Ruiz,Justin Ruiz,sa3041288,,,justinruiz
8709,Joseph Ruller,Joseph Ruller,sa3041295,,,josephruller
8710,Garvey Rumary,Garvey Rumary,sa3041296,,,garveyrumary
8711,Logan Rumberg,Logan Rumberg,sa3041297,,,loganrumberg
8712,Trent Rumley,Trent Rumley,sa3041298,,,trentrumley
8713,Ty Rumsey,Ty Rumsey,sa3041301,,,tyrumsey
8714,Logan Runde,Logan Runde,sa3041304,,,loganrunde
8715,Camden Rush,Camden Rush,sa3041312,,,camdenrush
8716,Christian Rush,Christian Rush,sa3041313,,,christianrush
8717,Logan Rushing,Logan Rushing,sa3041318,,,loganrushing
8718,Ryan Rushing,Ryan Rushing,sa3041319,,,ryanrushing
8719,Aidan Russell,Aidan Russell,sa3041323,,,aidanrussell
8720,AJ Russell,AJ Russell,sa3041324,,,ajrussell
8721,Austin Russell,Austin Russell,sa3041326,,,austinrussell
8722,Landon Russell,Landon Russell,sa3041335,,,landonrussell
8723,Matthew Russo,Matthew Russo,sa3041345,,,matthewrusso
8724,Keaton Ruthardt,Keaton Ruthardt,sa3041355,,,keatonruthardt
8725,Drew Rutter,Drew Rutter,sa3041361,,,drewrutter
8726,Joe Ruzicka,Joe Ruzicka,sa3041362,809898,,joeruzicka
8727,Brayden Ryan,Brayden Ryan,sa3041367,,,braydenryan
8728,Hunter Ryan,Hunter Ryan,sa3041370,,,hunterryan
8729,Jack Ryan,Jack Ryan,sa3041373,,,jackryan
8730,Jax Ryan,Jax Ryan,sa3041374,,,jaxryan
8731,Joey Ryan,Joey Ryan,sa3041375,,,joeyryan
8732,Matt Ryan,Matt Ryan,sa3041376,,,mattryan
8733,Tresdon Rybarczyk,Tresdon Rybarczyk,sa3041379,,,tresdonrybarczyk
8734,Carsten Sabathia,Carsten Sabathia,sa3041386,,,carstensabathia
8735,Joseph Sabbath,Joseph Sabbath,sa3041389,,,josephsabbath
8736,Zach Sabers,Zach Sabers,sa3041391,,,zachsabers
8737,Alec Sachais,Alec Sachais,sa3041397,,,alecsachais
8738,Nicky Sackett,Nicky Sackett,sa3041400,,,nickysackett
8739,Noah Sackenheim,Noah Sackenheim,sa3041401,,,noahsackenheim
8740,Danny Sadler,Danny Sadler,sa3041405,,,dannysadler
8741,Will Safford,Will Safford,sa3041409,,,willsafford
8742,Tanner Sagouspe,Tanner Sagouspe,sa3041414,,,tannersagouspe
8743,Cian Sahler,Cian Sahler,sa3041415,,,ciansahler
8744,Brooks Sailors,Brooks Sailors,sa3041416,,,brookssailors
8745,Nolan Sailors,Nolan Sailors,sa3041417,823073,,nolansailors
8746,Yechiel Saint,Yechiel Saint,sa3041418,,,yechielsaint
8747,Shunsuke Sakaino,Shunsuke Sakaino,sa3041420,,,shunsukesakaino
8748,Stryder Salas,Stryder Salas,sa3041427,,,strydersalas
8749,Preston Salazar,Preston Salazar,sa3041432,,,prestonsalazar
8750,Eddie Saldivar,Eddie Saldivar,sa3041436,,,eddiesaldivar
8751,AJ Salgado,AJ Salgado,sa3041439,,,ajsalgado
8752,Josh Salinas,Josh Salinas,sa3041442,,,joshsalinas
8753,Michael Salina,Michael Salina,sa3041443,,,michaelsalina
8754,Danny Salisbury,Danny Salisbury,sa3041446,,,dannysalisbury
8755,Jonas Salk,Jonas Salk,sa3041447,,,jonassalk
8756,Ty Sallie,Ty Sallie,sa3041449,,,tysallie
8757,TJ Salvaggio,TJ Salvaggio,sa3041455,,,tjsalvaggio
8758,Mitchell Salvino,Mitchell Salvino,sa3041456,,,mitchellsalvino
8759,Yasseel Samboy,Yasseel Samboy,sa3041460,,,yasseelsamboy
8760,Noah Samol,Noah Samol,sa3041463,,,noahsamol
8761,Jaryn Sample,Jaryn Sample,sa3041465,,,jarynsample
8762,Max Samson,Max Samson,sa3041467,,,maxsamson
8763,Brandon Sanchez,Brandon Sanchez,sa3041472,,,brandonsanchez
8764,Cade Sanchez,Cade Sanchez,sa3041473,,,cadesanchez
8765,Jacob Sanchez,Jacob Sanchez,sa3041481,,,jacobsanchez
8766,Julius Sanchez,Julius Sanchez,sa3041485,702535,,juliussanchez
8767,Alex Sandell,Alex Sandell,sa3041490,,,alexsandell
8768,Brayden Sanders,Brayden Sanders,sa3041491,,,braydensanders
8769,Case Sanderson,Case Sanderson,sa3041494,,,casesanderson
8770,Jarren Sanderson,Jarren Sanderson,sa3041498,,,jarrensanderson
8771,Tanner Sanderoff,Tanner Sanderoff,sa3041509,,,tannersanderoff
8772,Trey Sanders,Trey Sanders,sa3041510,,,treysanders
8773,Travis Sanders,Travis Sanders,sa3041511,,,travissanders
8774,Troy Sanders,Troy Sanders,sa3041512,,,troysanders
8775,Donny Sandifer,Donny Sandifer,sa3041514,,,donnysandifer
8776,Chad Saner,Chad Saner,sa3041520,,,chadsaner
8777,Braydon Sanford,Braydon Sanford,sa3041524,,,braydonsanford
8778,Mitchell Sanford,Mitchell Sanford,sa3041526,,,mitchellsanford
8779,Dawson Santana,Dawson Santana,sa3041538,,,dawsonsantana
8780,Ryan Santangelo,Ryan Santangelo,sa3041540,,,ryansantangelo
8781,Thomas Santana,Thomas Santana,sa3041542,,,thomassantana
8782,Cameron Santerre,Cameron Santerre,sa3041546,,,cameronsanterre
8783,Lance Santerre,Lance Santerre,sa3041547,,,lancesanterre
8784,Justin Santiago,Justin Santiago,sa3041552,,,justinsantiago
8785,Pablo Santos,Pablo Santos,sa3041556,,,pablosantos
8786,Jonathan Santucci,Jonathan Santucci,sa3041559,,,jonathansantucci
8787,Jake Sapien,Jake Sapien,sa3041561,,,jakesapien
8788,Matthew Sapienza,Matthew Sapienza,sa3041562,,,matthewsapienza
8789,Eddie Sargent,Eddie Sargent,sa3041571,,,eddiesargent
8790,Matt Sargeant,Matt Sargeant,sa3041572,,,mattsargeant
8791,Myles Sargent,Myles Sargent,sa3041573,,,mylessargent
8792,Owen Sarna,Owen Sarna,sa3041575,,,owensarna
8793,Filip Sarota,Filip Sarota,sa3041576,,,filipsarota
8794,Joel Sarver,Joel Sarver,sa3041581,811275,,joelsarver
8795,Evan Saulys,Evan Saulys,sa3041597,,,evansaulys
8796,Charlie Saum,Charlie Saum,sa3041598,,,charliesaum
8797,Alexander Saunier,Alexander Saunier,sa3041605,,,alexandersaunier
8798,Grayson Saunier,Grayson Saunier,sa3041606,802450,,graysonsaunier
8799,Matt Sauser,Matt Sauser,sa3041608,,,mattsauser
8800,Tyler Sausville,Tyler Sausville,sa3041609,,,tylersausville
8801,Logan Sauve,Logan Sauve,sa3041610,702524,,logansauve
8802,Andrew Savage,Andrew Savage,sa3041611,,,andrewsavage
8803,Aaron Savary,Aaron Savary,sa3041614,808860,,aaronsavary
8804,Corey Savedoff,Corey Savedoff,sa3041616,,,coreysavedoff
8805,Keith Savoy Jr.,Keith Savoy Jr.,sa3041620,,,keithsavoyjr
8806,Grant Sawa,Grant Sawa,sa3041621,,,grantsawa
8807,Barron Sawyer,Barron Sawyer,sa3041622,,,barronsawyer
8808,Witt Scafidi,Witt Scafidi,sa3041633,,,wittscafidi
8809,Luke Scales,Luke Scales,sa3041634,,,lukescales
8810,Mark Scamardella,Mark Scamardella,sa3041636,,,markscamardella
8811,Christian Scanlon,Christian Scanlon,sa3041637,,,christianscanlon
8812,Nic Scanlon,Nic Scanlon,sa3041641,,,nicscanlon
8813,Sean Scanlon,Sean Scanlon,sa3041642,,,seanscanlon
8814,Matt Scannell,Matt Scannell,sa3041643,,,mattscannell
8815,Anthony Scarabino,Anthony Scarabino,sa3041644,,,anthonyscarabino
8816,Anthony Scarlata,Anthony Scarlata,sa3041645,,,anthonyscarlata
8817,Tommy Scavone,Tommy Scavone,sa3041649,,,tommyscavone
8818,Julius Scearce,Julius Scearce,sa3041650,,,juliusscearce
8819,Blake Schaaf,Blake Schaaf,sa3041651,,,blakeschaaf
8820,Jason Schaaf,Jason Schaaf,sa3041652,,,jasonschaaf
8821,Aaron Schaefer,Aaron Schaefer,sa3041654,,,aaronschaefer
8822,Derek Schaefer,Derek Schaefer,sa3041655,,,derekschaefer
8823,Dylan Schaefer,Dylan Schaefer,sa3041656,,,dylanschaefer
8824,Jared Schaeffer,Jared Schaeffer,sa3041657,,,jaredschaeffer
8825,Jake Schaffner,Jake Schaffner,sa3041661,,,jakeschaffner
8826,Kolton Schaller,Kolton Schaller,sa3041665,,,koltonschaller
8827,Bryce Schares,Bryce Schares,sa3041669,,,bryceschares
8828,Jakob Schardt,Jakob Schardt,sa3041671,,,jakobschardt
8829,Matt Schark,Matt Schark,sa3041672,,,mattschark
8830,Jagger Schattle,Jagger Schattle,sa3041674,,,jaggerschattle
8831,Charlie Schebler,Charlie Schebler,sa3041680,,,charlieschebler
8832,Toby Scheidt,Toby Scheidt,sa3041684,,,tobyscheidt
8833,Matt Scherrman,Matt Scherrman,sa3041698,,,mattscherrman
8834,Sam Schlecht,Sam Schlecht,sa3041713,,,samschlecht
8835,Ryan Schlotzhauer,Ryan Schlotzhauer,sa3041714,,,ryanschlotzhauer
8836,TJ Schmalzle,TJ Schmalzle,sa3041716,,,tjschmalzle
8837,Andrew Schmid,Andrew Schmid,sa3041719,,,andrewschmid
8838,Gavin Schmitt,Gavin Schmitt,sa3041722,,,gavinschmitt
8839,Ike Schmidly,Ike Schmidly,sa3041723,,,ikeschmidly
8840,Kent Schmidt,Kent Schmidt,sa3041725,,,kentschmidt
8841,Logan Schmidt,Logan Schmidt,sa3041728,,,loganschmidt
8842,Logan Schmitt,Logan Schmitt,sa3041729,,,loganschmitt
8843,Paul Schmitz,Paul Schmitz,sa3041733,,,paulschmitz
8844,Luke Schmolke,Luke Schmolke,sa3041737,,,lukeschmolke
8845,Cam Schneider,Cam Schneider,sa3041740,,,camschneider
8846,Connor Schneider,Connor Schneider,sa3041741,,,connorschneider
8847,Brayden Schoetzow,Brayden Schoetzow,sa3041750,,,braydenschoetzow
8848,Samuel Schofield,Samuel Schofield,sa3041758,,,samuelschofield
8849,Charlie Scholvin,Charlie Scholvin,sa3041760,,,charliescholvin
8850,Ben Schorr,Ben Schorr,sa3041764,,,benschorr
8851,Hayden Schott,Hayden Schott,sa3041766,,,haydenschott
8852,Tyler Schott,Tyler Schott,sa3041768,,,tylerschott
8853,Ryker Schow,Ryker Schow,sa3041769,,,rykerschow
8854,Dagen Schramm,Dagen Schramm,sa3041771,,,dagenschramm
8855,Gavin Schrader,Gavin Schrader,sa3041773,,,gavinschrader
8856,Lukas Schramm,Lukas Schramm,sa3041774,,,lukasschramm
8857,Sebastian Schreiber,Sebastian Schreiber,sa3041778,,,sebastianschreiber
8858,Thomas Schreck,Thomas Schreck,sa3041779,,,thomasschreck
8859,Austin Schroeder,Austin Schroeder,sa3041784,,,austinschroeder
8860,Eric Schroeder,Eric Schroeder,sa3041786,,,ericschroeder
8861,Jacob Schroeder,Jacob Schroeder,sa3041788,,,jacobschroeder
8862,John Schroeder,John Schroeder,sa3041789,,,johnschroeder
8863,Nolan Schubart,Nolan Schubart,sa3041794,,,nolanschubart
8864,Chris Schuchart,Chris Schuchart,sa3041795,,,chrisschuchart
8865,Dillon Schueler,Dillon Schueler,sa3041796,,,dillonschueler
8866,Jeter Schuerman,Jeter Schuerman,sa3041797,,,jeterschuerman
8867,Kimble Schuessler,Kimble Schuessler,sa3041798,,,kimbleschuessler
8868,Andrew Schuldt,Andrew Schuldt,sa3041800,,,andrewschuldt
8869,Gavin Schulz,Gavin Schulz,sa3041808,,,gavinschulz
8870,Jake Schultz,Jake Schultz,sa3041812,,,jakeschultz
8871,Logan Schulfer,Logan Schulfer,sa3041814,,,loganschulfer
8872,Peyton Schulze,Peyton Schulze,sa3041818,,,peytonschulze
8873,Connor Schumann,Connor Schumann,sa3041820,,,connorschumann
8874,Kyle Schupmann,Kyle Schupmann,sa3041821,,,kyleschupmann
8875,Parker Schuring,Parker Schuring,sa3041822,,,parkerschuring
8876,Nic Schutte,Nic Schutte,sa3041823,,,nicschutte
8877,TJ Schuyler,TJ Schuyler,sa3041824,,,tjschuyler
8878,Ellis Schwartz,Ellis Schwartz,sa3041831,,,ellisschwartz
8879,Jackson Schwank,Jackson Schwank,sa3041833,,,jacksonschwank
8880,Mason Schwalbach,Mason Schwalbach,sa3041836,,,masonschwalbach
8881,Logan Schweizer,Logan Schweizer,sa3041843,,,loganschweizer
8882,Rian Schwede,Rian Schwede,sa3041844,,,rianschwede
8883,Chris Scinta,Chris Scinta,sa3041845,,,chrisscinta
8884,Julian Scott,Julian Scott,sa3041856,,,julianscott
8885,Matt Scott,Matt Scott,sa3041858,,,mattscott
8886,Reed Scott,Reed Scott,sa3041864,,,reedscott
8887,Ryan Scott,Ryan Scott,sa3041867,,,ryanscott
8888,Shawn Scott,Shawn Scott,sa3041869,,,shawnscott
8889,Spencer Scott,Spencer Scott,sa3041870,,,spencerscott
8890,Trey Scott,Trey Scott,sa3041871,,,treyscott
8891,Win Scott,Win Scott,sa3041872,,,winscott
8892,Zachary Scott,Zachary Scott,sa3041874,,,zacharyscott
8893,Frankie Scrivanic,Frankie Scrivanic,sa3041878,,,frankiescrivanic
8894,Pierre Seals,Pierre Seals,sa3041890,,,pierreseals
8895,Brett Sears,Brett Sears,sa3041892,,,brettsears
8896,Merek Sears,Merek Sears,sa3041896,,,mereksears
8897,Avery Seaton,Avery Seaton,sa3041899,,,averyseaton
8898,Taylor Seay,Taylor Seay,sa3041901,,,taylorseay
8899,Waylon Sebren,Waylon Sebren,sa3041906,,,waylonsebren
8900,Gavin Seebold,Gavin Seebold,sa3041913,,,gavinseebold
8901,Carson Seeman,Carson Seeman,sa3041920,,,carsonseeman
8902,Cal Sefcik,Cal Sefcik,sa3041921,,,calsefcik
8903,Luke Sefcik,Luke Sefcik,sa3041922,,,lukesefcik
8904,Kaden Segel,Kaden Segel,sa3041925,,,kadensegel
8905,Alex Seguine,Alex Seguine,sa3041926,,,alexseguine
8906,Eric Segura,Eric Segura,sa3041930,,,ericsegura
8907,Brennan Seiber,Brennan Seiber,sa3041932,,,brennanseiber
8908,Joe Seiber,Joe Seiber,sa3041933,,,joeseiber
8909,Spencer Seid,Spencer Seid,sa3041936,,,spencerseid
8910,Sam Seidel,Sam Seidel,sa3041940,,,samseidel
8911,Brett Seils,Brett Seils,sa3041946,,,brettseils
8912,Mason Self,Mason Self,sa3041958,,,masonself
8913,Skye Selinsky,Skye Selinsky,sa3041964,,,skyeselinsky
8914,Evan Selmer,Evan Selmer,sa3041973,,,evanselmer
8915,Cole Selvig,Cole Selvig,sa3041975,,,coleselvig
8916,Nico Senese,Nico Senese,sa3041987,,,nicosenese
8917,Aidan Sengenberger,Aidan Sengenberger,sa3041989,,,aidansengenberger
8918,Andrew Sentlinger,Andrew Sentlinger,sa3041992,811106,,andrewsentlinger
8919,Mateo Serna,Mateo Serna,sa3042003,,,mateoserna
8920,Albert Serrano,Albert Serrano,sa3042006,,,albertserrano
8921,Omar Serrano,Omar Serrano,sa3042010,,,omarserrano
8922,Oliver Service,Oliver Service,sa3042015,,,oliverservice
8923,Cameron Sewell,Cameron Sewell,sa3042023,,,cameronsewell
8924,Mitchell Seymour,Mitchell Seymour,sa3042029,,,mitchellseymour
8925,Randy Seymour,Randy Seymour,sa3042030,,,randyseymour
8926,Andrew Shaffner,Andrew Shaffner,sa3042042,810836,,andrewshaffner
8927,Silas Shaffer,Silas Shaffer,sa3042044,,,silasshaffer
8928,Tyler Shaneyfelt,Tyler Shaneyfelt,sa3042057,,,tylershaneyfelt
8929,Brady Shannon,Brady Shannon,sa3042061,,,bradyshannon
8930,Caden Shapiro,Caden Shapiro,sa3042062,,,cadenshapiro
8931,Evan Shapiro,Evan Shapiro,sa3042064,,,evanshapiro
8932,Joe Shapiro,Joe Shapiro,sa3042065,,,joeshapiro
8933,Brayden Sharp,Brayden Sharp,sa3042071,,,braydensharp
8934,Kade Shatwell,Kade Shatwell,sa3042077,,,kadeshatwell
8935,Ethan Shaub,Ethan Shaub,sa3042078,,,ethanshaub
8936,Ethan Shaver,Ethan Shaver,sa3042081,,,ethanshaver
8937,Colton Shaw,Colton Shaw,sa3042084,823764,,coltonshaw
8938,David Shaw,David Shaw,sa3042085,,,davidshaw
8939,Greg Shaw,Greg Shaw,sa3042087,,,gregshaw
8940,Hunter Shaw,Hunter Shaw,sa3042088,,,huntershaw
8941,Nate Shaw,Nate Shaw,sa3042091,,,nateshaw
8942,Zach Shaw,Zach Shaw,sa3042094,,,zachshaw
8943,Brody Shawn,Brody Shawn,sa3042095,,,brodyshawn
8944,Josh Shea,Josh Shea,sa3042098,,,joshshea
8945,Kevin Shea,Kevin Shea,sa3042099,,,kevinshea
8946,Vance Sheahan,Vance Sheahan,sa3042102,,,vancesheahan
8947,Bennett Shealor,Bennett Shealor,sa3042103,,,bennettshealor
8948,Garrett Shearer,Garrett Shearer,sa3042104,,,garrettshearer
8949,Cole Sheehan,Cole Sheehan,sa3042114,,,colesheehan
8950,Joe Sheets,Joe Sheets,sa3042120,,,joesheets
8951,Seaver Sheets,Seaver Sheets,sa3042121,,,seaversheets
8952,Jaden Sheffield,Jaden Sheffield,sa3042122,,,jadensheffield
8953,Braxton Shelton,Braxton Shelton,sa3042128,,,braxtonshelton
8954,Colby Shelton,Colby Shelton,sa3042129,701333,,colbyshelton
8955,Grant Shepherd,Grant Shepherd,sa3042146,,,grantshepherd
8956,Tommy Sheridan,Tommy Sheridan,sa3042158,,,tommysheridan
8957,Samuel Sherman,Samuel Sherman,sa3042162,,,samuelsherman
8958,Brett Sherrard,Brett Sherrard,sa3042164,,,brettsherrard
8959,Jayden Shertel,Jayden Shertel,sa3042168,,,jaydenshertel
8960,RJ Sherwood,RJ Sherwood,sa3042170,,,rjsherwood
8961,Boone Shevey,Boone Shevey,sa3042171,,,booneshevey
8962,Adam Shew,Adam Shew,sa3042172,,,adamshew
8963,Alan Shibley,Alan Shibley,sa3042173,,,alanshibley
8964,Jonah Shields,Jonah Shields,sa3042177,,,jonahshields
8965,Jaxon Shineflew,Jaxon Shineflew,sa3042186,,,jaxonshineflew
8966,Gianluca Shinn,Gianluca Shinn,sa3042189,,,gianlucashinn
8967,Casey Shipley,Casey Shipley,sa3042190,,,caseyshipley
8968,Ike Shirey,Ike Shirey,sa3042194,,,ikeshirey
8969,Colton Shirley,Colton Shirley,sa3042196,,,coltonshirley
8970,Tanner Shiver,Tanner Shiver,sa3042198,,,tannershiver
8971,Jason Shockley,Jason Shockley,sa3042201,,,jasonshockley
8972,Maxwell Shor,Maxwell Shor,sa3042211,,,maxwellshor
8973,Chase Shores,Chase Shores,sa3042212,,,chaseshores
8974,Brady Short,Brady Short,sa3042214,,,bradyshort
8975,Caleb Shpur,Caleb Shpur,sa3042222,,,calebshpur
8976,Hunter Shuey,Hunter Shuey,sa3042227,,,huntershuey
8977,Henry Shuffler,Henry Shuffler,sa3042228,,,henryshuffler
8978,Nick Shuhet,Nick Shuhet,sa3042231,,,nickshuhet
8979,Tyler Shulman,Tyler Shulman,sa3042236,,,tylershulman
8980,RJ Shunck,RJ Shunck,sa3042239,836071,,rjshunck
8981,Hudson Shupe,Hudson Shupe,sa3042241,,,hudsonshupe
8982,Thomas Shurtleff,Thomas Shurtleff,sa3042244,,,thomasshurtleff
8983,Evan Siary,Evan Siary,sa3042246,804905,,evansiary
8984,Jonah Sibley,Jonah Sibley,sa3042249,,,jonahsibley
8985,Richie Sica,Richie Sica,sa3042252,,,richiesica
8986,Zack Siegal,Zack Siegal,sa3042256,,,zacksiegal
8987,Grant Siegel,Grant Siegel,sa3042258,,,grantsiegel
8988,Drew Siegner,Drew Siegner,sa3042260,,,drewsiegner
8989,Dylan Siesky,Dylan Siesky,sa3042267,,,dylansiesky
8990,Zak Sigman,Zak Sigman,sa3042275,,,zaksigman
8991,Zachery Sigmon,Zachery Sigmon,sa3042276,,,zacherysigmon
8992,Sam Silas,Sam Silas,sa3042281,,,samsilas
8993,Owen Silliman,Owen Silliman,sa3042283,,,owensilliman
8994,Michael Sills,Michael Sills,sa3042284,,,michaelsills
8995,Anthony Silva,Anthony Silva,sa3042287,702500,,anthonysilva
8996,Isaac Silva,Isaac Silva,sa3042289,,,isaacsilva
8997,Riley Silva,Riley Silva,sa3042293,,,rileysilva
8998,Tim Simay,Tim Simay,sa3042302,,,timsimay
8999,Cam Sime,Cam Sime,sa3042303,,,camsime
9000,Michael Simes,Michael Simes,sa3042306,,,michaelsimes
9001,Hunter Simmons,Hunter Simmons,sa3042310,,,huntersimmons
9002,John Simmons,John Simmons,sa3042311,,,johnsimmons
9003,Stone Simmons,Stone Simmons,sa3042313,,,stonesimmons
9004,Sam Simon,Sam Simon,sa3042330,,,samsimon
9005,Brayden Simpson,Brayden Simpson,sa3042335,,,braydensimpson
9006,Joe Simpson,Joe Simpson,sa3042340,,,joesimpson
9007,Max Simpson,Max Simpson,sa3042342,,,maxsimpson
9008,Luke Sinnard,Luke Sinnard,sa3042362,,,lukesinnard
9009,Carter Sintek,Carter Sintek,sa3042364,,,cartersintek
9010,Evan Sipe,Evan Sipe,sa3042365,,,evansipe
9011,Hunter Sipe,Hunter Sipe,sa3042366,,,huntersipe
9012,Quincy Sippio,Quincy Sippio,sa3042367,,,quincysippio
9013,Ethan Sitzman,Ethan Sitzman,sa3042379,,,ethansitzman
9014,Kros Sivley,Kros Sivley,sa3042382,,,krossivley
9015,Joe Skapinetz,Joe Skapinetz,sa3042386,,,joeskapinetz
9016,Barrett Skaugrud,Barrett Skaugrud,sa3042388,,,barrettskaugrud
9017,Yianni Skeriotis,Yianni Skeriotis,sa3042392,,,yianniskeriotis
9018,Max Skilbeck,Max Skilbeck,sa3042395,,,maxskilbeck
9019,Zak Skinner,Zak Skinner,sa3042401,,,zakskinner
9020,Thomas Skrobe,Thomas Skrobe,sa3042408,,,thomasskrobe
9021,J.J. Slack,J.J. Slack,sa3042412,,,jjslack
9022,Jake Slade,Jake Slade,sa3042413,,,jakeslade
9023,Ben Slanker,Ben Slanker,sa3042415,,,benslanker
9024,Jack Slater,Jack Slater,sa3042416,,,jackslater
9025,Brock Slaton,Brock Slaton,sa3042418,,,brockslaton
9026,Joey Slattery,Joey Slattery,sa3042419,,,joeyslattery
9027,Chris Sleeper,Chris Sleeper,sa3042425,,,chrissleeper
9028,Jackson Sleeper,Jackson Sleeper,sa3042426,,,jacksonsleeper
9029,Landon Slemp,Landon Slemp,sa3042429,,,landonslemp
9030,Jett Slepak,Jett Slepak,sa3042431,,,jettslepak
9031,Nolan Sliver,Nolan Sliver,sa3042433,,,nolansliver
9032,Andrew Sloan,Andrew Sloan,sa3042434,,,andrewsloan
9033,Braeden Sloan,Braeden Sloan,sa3042435,800630,,braedensloan
9034,Colin Sloan,Colin Sloan,sa3042437,,,colinsloan
9035,Jayden Sloan,Jayden Sloan,sa3042439,,,jaydensloan
9036,Dominic Smaldino,Dominic Smaldino,sa3042445,,,dominicsmaldino
9037,Hunter Small,Hunter Small,sa3042449,,,huntersmall
9038,Kevin Small,Kevin Small,sa3042452,,,kevinsmall
9039,Andrew Smart,Andrew Smart,sa3042455,,,andrewsmart
9040,Grant Smeltzer,Grant Smeltzer,sa3042460,,,grantsmeltzer
9041,Demarckus Smiley,Demarckus Smiley,sa3042463,,,demarckussmiley
9042,Graham Smiley,Graham Smiley,sa3042465,,,grahamsmiley
9043,Eddie Smink,Eddie Smink,sa3042467,,,eddiesmink
9044,Addison Smith,Addison Smith,sa3042469,,,addisonsmith
9045,Aubrey Smith,Aubrey Smith,sa3042482,703502,,aubreysmith
9046,Ben Smith,Ben Smith,sa3042486,,,bensmith
9047,Blake Smith,Blake Smith,sa3042489,,,blakesmith
9048,Boston Smith,Boston Smith,sa3042491,695722,,bostonsmith
9049,Casey Smith,Casey Smith,sa3042506,,,caseysmith
9050,Campbell Smithwick,Campbell Smithwick,sa3042507,,,campbellsmithwick
9051,Christian Smith,Christian Smith,sa3042511,,,christiansmith
9052,Christian Smith-Johnson,Christian Smith-Johnson,sa3042512,,,christiansmithjohnson
9053,Cole Smith,Cole Smith,sa3042519,,,colesmith
9054,Cooper Smith,Cooper Smith,sa3042521,,,coopersmith
9055,Conor Smith,Conor Smith,sa3042524,,,conorsmith
9056,Davis Smith,Davis Smith,sa3042527,,,davissmith
9057,Derek Smith,Derek Smith,sa3042535,,,dereksmith
9058,Derrick Smith,Derrick Smith,sa3042536,805003,,derricksmith
9059,Elijah Smith,Elijah Smith,sa3042543,,,elijahsmith
9060,Evan Smith,Evan Smith,sa3042548,,,evansmith
9061,Gavin Smith,Gavin Smith,sa3042553,,,gavinsmith
9062,Gage Smith,Gage Smith,sa3042554,,,gagesmith
9063,Grayson Smith,Grayson Smith,sa3042560,,,graysonsmith
9064,Hank Smith,Hank Smith,sa3042564,,,hanksmith
9065,Hayden Smith,Hayden Smith,sa3042565,,,haydensmith
9066,Hunter Smith,Hunter Smith,sa3042566,,,huntersmith
9067,Jayden Smith,Jayden Smith,sa3042571,,,jaydensmith
9068,Jace Smith,Jace Smith,sa3042573,,,jacesmith
9069,Jack Smith,Jack Smith,sa3042574,,,jacksmith
9070,JP Smith II,JP Smith II,sa3042582,823770,,jpsmithii
9071,Kolten Smith,Kolten Smith,sa3042589,701368,,koltensmith
9072,Koen Smith,Koen Smith,sa3042590,,,koensmith
9073,Luke Smith,Luke Smith,sa3042601,,,lukesmith
9074,Michael Smith,Michael Smith,sa3042607,,,michaelsmith
9075,Nic Smith,Nic Smith,sa3042614,,,nicsmith
9076,Noah Smith,Noah Smith,sa3042616,,,noahsmith
9077,Parker Smith,Parker Smith,sa3042618,,,parkersmith
9078,Paul Smith,Paul Smith,sa3042619,,,paulsmith
9079,Paul Smith Jr.,Paul Smith Jr.,sa3042620,,,paulsmithjr
9080,Peyton Smith,Peyton Smith,sa3042621,,,peytonsmith
9081,Quentin Smith,Quentin Smith,sa3042623,,,quentinsmith
9082,Sean Smith,Sean Smith,sa3042634,,,seansmith
9083,Seth Smith,Seth Smith,sa3042636,,,sethsmith
9084,Tanner Smith,Tanner Smith,sa3042644,,,tannersmith
9085,Tyler Smith,Tyler Smith,sa3042652,,,tylersmith
9086,Nate Snead,Nate Snead,sa3042668,805422,,natesnead
9087,Kade Snell,Kade Snell,sa3042672,820835,,kadesnell
9088,Eston Snider,Eston Snider,sa3042675,,,estonsnider
9089,James Snipes,James Snipes,sa3042677,,,jamessnipes
9090,Eric Snow,Eric Snow,sa3042680,702526,,ericsnow
9091,Logan Snow,Logan Snow,sa3042681,,,logansnow
9092,Ethan Snyder,Ethan Snyder,sa3042688,,,ethansnyder
9093,Gannon Snyder,Gannon Snyder,sa3042689,,,gannonsnyder
9094,Hunter Snyder,Hunter Snyder,sa3042690,,,huntersnyder
9095,Jack Snyder,Jack Snyder,sa3042694,,,jacksnyder
9096,Hayden Sobecki,Hayden Sobecki,sa3042701,,,haydensobecki
9097,Joe Soberon,Joe Soberon,sa3042703,,,joesoberon
9098,Isaac Sobieszczyk,Isaac Sobieszczyk,sa3042705,,,isaacsobieszczyk
9099,Chris Soeder,Chris Soeder,sa3042710,,,chrissoeder
9100,JT Sokolove,JT Sokolove,sa3042713,,,jtsokolove
9101,Mike Sokol,Mike Sokol,sa3042714,,,mikesokol
9102,Shane Solari,Shane Solari,sa3042716,,,shanesolari
9103,AJ Soldra,AJ Soldra,sa3042717,831004,,ajsoldra
9104,Cody Soliday,Cody Soliday,sa3042719,,,codysoliday
9105,Justin Solimine,Justin Solimine,sa3042720,,,justinsolimine
9106,Alex Solis,Alex Solis,sa3042721,,,alexsolis
9107,Anthony Solis,Anthony Solis,sa3042722,,,anthonysolis
9108,Cameron Soliz,Cameron Soliz,sa3042724,,,cameronsoliz
9109,Max Soliz Jr.,Max Soliz Jr.,sa3042725,,,maxsolizjr
9110,AJ Solomon,AJ Solomon,sa3042726,,,ajsolomon
9111,Nick Solorzano,Nick Solorzano,sa3042734,,,nicksolorzano
9112,Steve Solorzano,Steve Solorzano,sa3042735,,,stevesolorzano
9113,Grant Sommers,Grant Sommers,sa3042740,,,grantsommers
9114,Bailyn Sorensen,Bailyn Sorensen,sa3042746,,,bailynsorensen
9115,Noah Sorensen,Noah Sorensen,sa3042748,,,noahsorensen
9116,Casey Sorg,Casey Sorg,sa3042750,,,caseysorg
9117,Caden Sorrell,Caden Sorrell,sa3042754,,,cadensorrell
9118,Tyler Sorrentino,Tyler Sorrentino,sa3042758,,,tylersorrentino
9119,Camden Sos,Camden Sos,sa3042759,,,camdensos
9120,Alex Sosa,Alex Sosa,sa3042760,,,alexsosa
9121,Kris Sosnowski,Kris Sosnowski,sa3042767,,,krissosnowski
9122,Christian Soto,Christian Soto,sa3042772,,,christiansoto
9123,Saul Soto,Saul Soto,sa3042774,,,saulsoto
9124,Petey Soto Jr.,Petey Soto Jr.,sa3042775,,,peteysotojr
9125,Griffen Sotomayor,Griffen Sotomayor,sa3042778,,,griffensotomayor
9126,Manny Souffrain,Manny Souffrain,sa3042780,,,mannysouffrain
9127,August Souza,August Souza,sa3042786,,,augustsouza
9128,Josh Souza,Josh Souza,sa3042787,,,joshsouza
9129,Nolan Souza,Nolan Souza,sa3042788,,,nolansouza
9130,Teo Spadaccini,Teo Spadaccini,sa3042791,,,teospadaccini
9131,Steven Spalitta,Steven Spalitta,sa3042793,,,stevenspalitta
9132,Ryan Spalliero,Ryan Spalliero,sa3042794,,,ryanspalliero
9133,Jack Spanier,Jack Spanier,sa3042795,,,jackspanier
9134,Alec Sparks,Alec Sparks,sa3042798,,,alecsparks
9135,Jake Sparks,Jake Sparks,sa3042799,,,jakesparks
9136,Nick Spaventa,Nick Spaventa,sa3042803,,,nickspaventa
9137,Matt Spear,Matt Spear,sa3042809,,,mattspear
9138,Carter Speights,Carter Speights,sa3042817,,,carterspeights
9139,Conner Spelman,Conner Spelman,sa3042821,,,connerspelman
9140,Chase Spencer,Chase Spencer,sa3042825,,,chasespencer
9141,Connor Spencer,Connor Spencer,sa3042826,824606,,connorspencer
9142,Jared Spencer,Jared Spencer,sa3042828,,,jaredspencer
9143,Jacob Spencer,Jacob Spencer,sa3042829,,,jacobspencer
9144,Justin Spencer,Justin Spencer,sa3042832,,,justinspencer
9145,Keenan Spence,Keenan Spence,sa3042834,,,keenanspence
9146,Ryan Speshyock,Ryan Speshyock,sa3042841,,,ryanspeshyock
9147,Zane Spinn,Zane Spinn,sa3042849,,,zanespinn
9148,Itai Spinoza,Itai Spinoza,sa3042850,,,itaispinoza
9149,JC Spinosa,JC Spinosa,sa3042851,,,jcspinosa
9150,Cole Spitzer,Cole Spitzer,sa3042853,,,colespitzer
9151,Caden Spivey,Caden Spivey,sa3042855,,,cadenspivey
9152,Tommy Splaine,Tommy Splaine,sa3042859,,,tommysplaine
9153,Turner Spoljaric,Turner Spoljaric,sa3042861,,,turnerspoljaric
9154,Gabe Springer,Gabe Springer,sa3042873,,,gabespringer
9155,Michael Sprockett,Michael Sprockett,sa3042878,,,michaelsprockett
9156,Ryan Sprock,Ryan Sprock,sa3042879,823779,,ryansprock
9157,Stevins Spurgeon,Stevins Spurgeon,sa3042883,,,stevinsspurgeon
9158,Jack Spyke,Jack Spyke,sa3042887,,,jackspyke
9159,Tyler Stack,Tyler Stack,sa3042891,,,tylerstack
9160,Jake Stadler,Jake Stadler,sa3042893,,,jakestadler
9161,Sam Staerker,Sam Staerker,sa3042896,,,samstaerker
9162,Dom Stagliano,Dom Stagliano,sa3042900,,,domstagliano
9163,Michael Staiano,Michael Staiano,sa3042905,,,michaelstaiano
9164,John Stallcup,John Stallcup,sa3042912,,,johnstallcup
9165,Louis Stallone,Louis Stallone,sa3042913,,,louisstallone
9166,Maverick Stallings,Maverick Stallings,sa3042914,,,maverickstallings
9167,Reed Stallman,Reed Stallman,sa3042915,,,reedstallman
9168,Chris Stanfield,Chris Stanfield,sa3042930,,,chrisstanfield
9169,KJ Stanfield,KJ Stanfield,sa3042931,,,kjstanfield
9170,Riley Stanford,Riley Stanford,sa3042934,702279,,rileystanford
9171,Andrew Stanley,Andrew Stanley,sa3042939,,,andrewstanley
9172,Brett Stanley,Brett Stanley,sa3042940,,,brettstanley
9173,Drew Stanley,Drew Stanley,sa3042941,,,drewstanley
9174,Adam Stanton,Adam Stanton,sa3042949,,,adamstanton
9175,Joe Stanzione,Joe Stanzione,sa3042953,,,joestanzione
9176,Ty Starke,Ty Starke,sa3042968,,,tystarke
9177,Will Stark,Will Stark,sa3042969,,,willstark
9178,Zane Starling,Zane Starling,sa3042972,,,zanestarling
9179,Cole Stasio,Cole Stasio,sa3042980,,,colestasio
9180,Garrett Staton,Garrett Staton,sa3042982,,,garrettstaton
9181,Ty Stauss,Ty Stauss,sa3042985,,,tystauss
9182,Jack Stead,Jack Stead,sa3042990,,,jackstead
9183,Spencer Stearns,Spencer Stearns,sa3042992,,,spencerstearns
9184,Evan Steckmesser,Evan Steckmesser,sa3042994,,,evansteckmesser
9185,Ty Stecko,Ty Stecko,sa3042996,,,tystecko
9186,Joe Steeber,Joe Steeber,sa3042998,,,joesteeber
9187,Anthony Steele,Anthony Steele,sa3042999,,,anthonysteele
9188,Lucas Steele,Lucas Steele,sa3043002,,,lucassteele
9189,Preston Steele,Preston Steele,sa3043003,,,prestonsteele
9190,Tyler Steele,Tyler Steele,sa3043004,,,tylersteele
9191,Cole Stefano,Cole Stefano,sa3043008,,,colestefano
9192,Josh Steidl,Josh Steidl,sa3043012,,,joshsteidl
9193,Andrew Steinhaus,Andrew Steinhaus,sa3043019,,,andrewsteinhaus
9194,Brady Steinert,Brady Steinert,sa3043021,,,bradysteinert
9195,Patrick Steitz,Patrick Steitz,sa3043026,,,patricksteitz
9196,Anthony Stellato,Anthony Stellato,sa3043027,,,anthonystellato
9197,Caleb Stelly,Caleb Stelly,sa3043028,,,calebstelly
9198,Jack Stellano,Jack Stellano,sa3043031,,,jackstellano
9199,Mike Stellrecht,Mike Stellrecht,sa3043034,,,mikestellrecht
9200,Sam Stem,Sam Stem,sa3043035,,,samstem
9201,Blake Stenger,Blake Stenger,sa3043037,,,blakestenger
9202,Brandon Stephens,Brandon Stephens,sa3043045,,,brandonstephens
9203,Sam Stephenson,Sam Stephenson,sa3043054,,,samstephenson
9204,Zion Stephens,Zion Stephens,sa3043059,,,zionstephens
9205,Kylan Stepter,Kylan Stepter,sa3043060,,,kylanstepter
9206,Luke Sterner,Luke Sterner,sa3043066,,,lukesterner
9207,Carson Stevens,Carson Stevens,sa3043069,,,carsonstevens
9208,Josh Stevenson,Josh Stevenson,sa3043075,,,joshstevenson
9209,Juju Stevens,Juju Stevens,sa3043076,,,jujustevens
9210,Matt Stevenson,Matt Stevenson,sa3043082,,,mattstevenson
9211,Nolan Stevens,Nolan Stevens,sa3043084,,,nolanstevens
9212,Zach Stevens,Zach Stevens,sa3043088,,,zachstevens
9213,Aiden Stewart,Aiden Stewart,sa3043089,,,aidenstewart
9214,Caleb Stewart,Caleb Stewart,sa3043093,,,calebstewart
9215,Conner Stewart,Conner Stewart,sa3043095,,,connerstewart
9216,Dalen Stewart,Dalen Stewart,sa3043097,,,dalenstewart
9217,Dylan Stewart,Dylan Stewart,sa3043100,,,dylanstewart
9218,Ethan Stewart,Ethan Stewart,sa3043101,,,ethanstewart
9219,Grayson Stewart,Grayson Stewart,sa3043104,,,graysonstewart
9220,Henry Stewart,Henry Stewart,sa3043105,,,henrystewart
9221,Josh Stewart,Josh Stewart,sa3043107,,,joshstewart
9222,Owen Stewart,Owen Stewart,sa3043112,,,owenstewart
9223,Robbie Stewart,Robbie Stewart,sa3043113,,,robbiestewart
9224,Tyler Stewart,Tyler Stewart,sa3043115,,,tylerstewart
9225,Zack Stewart,Zack Stewart,sa3043117,,,zackstewart
9226,Bennett Stice,Bennett Stice,sa3043118,,,bennettstice
9227,David Stich,David Stich,sa3043119,,,davidstich
9228,Justin Still,Justin Still,sa3043124,,,justinstill
9229,Rex Stills,Rex Stills,sa3043126,,,rexstills
9230,Brandon Stinnett,Brandon Stinnett,sa3043130,,,brandonstinnett
9231,Parker Stinson,Parker Stinson,sa3043138,,,parkerstinson
9232,Addison Stockham,Addison Stockham,sa3043142,,,addisonstockham
9233,Bryce Stockton,Bryce Stockton,sa3043143,,,brycestockton
9234,Jaden Stockton,Jaden Stockton,sa3043146,,,jadenstockton
9235,Tucker Stockman,Tucker Stockman,sa3043148,,,tuckerstockman
9236,John Allen Stogner,John Allen Stogner,sa3043153,,,johnallenstogner
9237,Cole Stokes,Cole Stokes,sa3043155,,,colestokes
9238,David Stokely,David Stokely,sa3043156,,,davidstokely
9239,Hunter Stokely,Hunter Stokely,sa3043158,,,hunterstokely
9240,Kobe Stokes,Kobe Stokes,sa3043159,,,kobestokes
9241,Rhett Stokes,Rhett Stokes,sa3043160,,,rhettstokes
9242,Dakota Stone,Dakota Stone,sa3043168,,,dakotastone
9243,Evan Stone,Evan Stone,sa3043170,,,evanstone
9244,Tyler Stone,Tyler Stone,sa3043180,,,tylerstone
9245,Easton Storey,Easton Storey,sa3043183,,,eastonstorey
9246,Ryan Storey,Ryan Storey,sa3043184,,,ryanstorey
9247,Jake Story,Jake Story,sa3043188,,,jakestory
9248,Tyler Stott,Tyler Stott,sa3043189,,,tylerstott
9249,Levi Strahm,Levi Strahm,sa3043201,,,levistrahm
9250,Kaden Straily,Kaden Straily,sa3043202,,,kadenstraily
9251,Brian Strange,Brian Strange,sa3043205,,,brianstrange
9252,Justin Stransky,Justin Stransky,sa3043207,833458,,justinstransky
9253,Matthew Strand,Matthew Strand,sa3043208,,,matthewstrand
9254,Nolan Straniero,Nolan Straniero,sa3043209,,,nolanstraniero
9255,Ryan Strand,Ryan Strand,sa3043210,,,ryanstrand
9256,Garrett Stratton,Garrett Stratton,sa3043212,809784,,garrettstratton
9257,Brenden Stressler,Brenden Stressler,sa3043220,,,brendenstressler
9258,Cale Stricklin,Cale Stricklin,sa3043223,,,calestricklin
9259,Lawson Stricklin,Lawson Stricklin,sa3043228,,,lawsonstricklin
9260,Landon Stripling,Landon Stripling,sa3043230,,,landonstripling
9261,Caleb Strmiska,Caleb Strmiska,sa3043233,,,calebstrmiska
9262,Kellen Strohmeyer,Kellen Strohmeyer,sa3043237,,,kellenstrohmeyer
9263,Cole Stromboe,Cole Stromboe,sa3043242,,,colestromboe
9264,Mason Strong,Mason Strong,sa3043245,,,masonstrong
9265,Ben Stuart,Ben Stuart,sa3043254,,,benstuart
9266,Andrew Stucky,Andrew Stucky,sa3043263,,,andrewstucky
9267,Cole Stucky,Cole Stucky,sa3043265,,,colestucky
9268,Sam Stuhr,Sam Stuhr,sa3043272,,,samstuhr
9269,Luke Stulga,Luke Stulga,sa3043274,,,lukestulga
9270,Landon Stump,Landon Stump,sa3043278,,,landonstump
9271,Brennan Stuprich,Brennan Stuprich,sa3043279,834863,,brennanstuprich
9272,Nick Sturino,Nick Sturino,sa3043285,,,nicksturino
9273,Danny Suarez,Danny Suarez,sa3043288,,,dannysuarez
9274,JD Suarez,JD Suarez,sa3043289,,,jdsuarez
9275,Jake Suarez,Jake Suarez,sa3043290,,,jakesuarez
9276,Carson Subbert,Carson Subbert,sa3043294,,,carsonsubbert
9277,Troy Sudbrook,Troy Sudbrook,sa3043296,,,troysudbrook
9278,Adam Sullivan,Adam Sullivan,sa3043303,,,adamsullivan
9279,Braden Sullivan,Braden Sullivan,sa3043304,,,bradensullivan
9280,Evin Sullivan,Evin Sullivan,sa3043309,,,evinsullivan
9281,Mike Sullivan,Mike Sullivan,sa3043318,,,mikesullivan
9282,Noah Sullivan,Noah Sullivan,sa3043319,,,noahsullivan
9283,Nick Sulpizio,Nick Sulpizio,sa3043323,,,nicksulpizio
9284,Garrison Sumner,Garrison Sumner,sa3043328,809828,,garrisonsumner
9285,Andrew Sundean,Andrew Sundean,sa3043331,,,andrewsundean
9286,Colton Sundloff,Colton Sundloff,sa3043334,,,coltonsundloff
9287,Eli Sundquist,Eli Sundquist,sa3043335,,,elisundquist
9288,Jude Sundquist,Jude Sundquist,sa3043336,,,judesundquist
9289,Casey Sunseri,Casey Sunseri,sa3043337,,,caseysunseri
9290,Matthew Suppa,Matthew Suppa,sa3043338,,,matthewsuppa
9291,Nick Suspenzi,Nick Suspenzi,sa3043341,,,nicksuspenzi
9292,Charlie Sutherland,Charlie Sutherland,sa3043344,,,charliesutherland
9293,Curry Sutherland,Curry Sutherland,sa3043345,,,currysutherland
9294,Nick Sutherlin,Nick Sutherlin,sa3043347,,,nicksutherlin
9295,Johnny Sutryk,Johnny Sutryk,sa3043351,,,johnnysutryk
9296,Logan Sutter,Logan Sutter,sa3043353,,,logansutter
9297,Carter Sutton,Carter Sutton,sa3043356,,,cartersutton
9298,Jonah Sutton,Jonah Sutton,sa3043359,,,jonahsutton
9299,Ben Swails,Ben Swails,sa3043364,,,benswails
9300,Chase Swain,Chase Swain,sa3043367,,,chaseswain
9301,Gabe Swansen,Gabe Swansen,sa3043376,,,gabeswansen
9302,Jake Swartz,Jake Swartz,sa3043381,,,jakeswartz
9303,Stefan Swee,Stefan Swee,sa3043390,,,stefanswee
9304,Johnny Sweeney,Johnny Sweeney,sa3043394,,,johnnysweeney
9305,Justin Sweeney,Justin Sweeney,sa3043395,,,justinsweeney
9306,Mason Sweeney,Mason Sweeney,sa3043396,,,masonsweeney
9307,Mike Sweeney,Mike Sweeney,sa3043397,,,mikesweeney
9308,Peysen Sweeney,Peysen Sweeney,sa3043398,,,peysensweeney
9309,Seth Sweet-Chick,Seth Sweet-Chick,sa3043400,,,sethsweetchick
9310,Andrew Swenson,Andrew Swenson,sa3043403,,,andrewswenson
9311,Brady Swenson,Brady Swenson,sa3043404,,,bradyswenson
9312,Max Swenson,Max Swenson,sa3043407,,,maxswenson
9313,Sean Swenson,Sean Swenson,sa3043409,,,seanswenson
9314,Ethan Swidler,Ethan Swidler,sa3043411,,,ethanswidler
9315,TJ Swidorski,TJ Swidorski,sa3043412,,,tjswidorski
9316,Josh Swink,Josh Swink,sa3043419,,,joshswink
9317,Mason Swinney,Mason Swinney,sa3043420,,,masonswinney
9318,Adam Switalski,Adam Switalski,sa3043423,,,adamswitalski
9319,Sam Swygert,Sam Swygert,sa3043427,,,samswygert
9320,Wells Sykes,Wells Sykes,sa3043432,,,wellssykes
9321,Hayden Sylte,Hayden Sylte,sa3043433,,,haydensylte
9322,Beau Sylvester,Beau Sylvester,sa3043434,,,beausylvester
9323,Jake Syverson,Jake Syverson,sa3043443,,,jakesyverson
9324,Zak Szabo,Zak Szabo,sa3043445,,,zakszabo
9325,Brody Szako,Brody Szako,sa3043447,,,brodyszako
9326,Ryan Szczepaniak,Ryan Szczepaniak,sa3043449,,,ryanszczepaniak
9327,Tommy Szczepanski,Tommy Szczepanski,sa3043450,,,tommyszczepanski
9328,Luke Szepek,Luke Szepek,sa3043451,,,lukeszepek
9329,Justin Szestowicki,Justin Szestowicki,sa3043452,,,justinszestowicki
9330,Jacob Tabor,Jacob Tabor,sa3043459,,,jacobtabor
9331,Sam Tackett,Sam Tackett,sa3043462,,,samtackett
9332,Val Taddei,Val Taddei,sa3043464,,,valtaddei
9333,Ryan Taffe,Ryan Taffe,sa3043466,,,ryantaffe
9334,Casen Taggart,Casen Taggart,sa3043467,,,casentaggart
9335,Jacob Taggart,Jacob Taggart,sa3043468,,,jacobtaggart
9336,Micah Takac,Micah Takac,sa3043471,,,micahtakac
9337,TJ Takats,TJ Takats,sa3043473,,,tjtakats
9338,Itsuki Takemoto,Itsuki Takemoto,sa3043475,823771,,itsukitakemoto
9339,Kevin Takeuchi,Kevin Takeuchi,sa3043476,,,kevintakeuchi
9340,Drew Talavs,Drew Talavs,sa3043478,,,drewtalavs
9341,Connor Tallakson,Connor Tallakson,sa3043483,,,connortallakson
9342,Corbin Talley,Corbin Talley,sa3043486,,,corbintalley
9343,Zach Tallerman,Zach Tallerman,sa3043488,,,zachtallerman
9344,James Tallon,James Tallon,sa3043491,810890,,jamestallon
9345,Easton Talt,Easton Talt,sa3043492,,,eastontalt
9346,Nick Tamburro,Nick Tamburro,sa3043493,,,nicktamburro
9347,Jake Tandy,Jake Tandy,sa3043499,,,jaketandy
9348,Brock Tapper,Brock Tapper,sa3043505,,,brocktapper
9349,Owen Tappy,Owen Tappy,sa3043506,,,owentappy
9350,Kaden Taque,Kaden Taque,sa3043507,,,kadentaque
9351,Lou Targoff,Lou Targoff,sa3043512,,,loutargoff
9352,Derrick Tarpley Jr.,Derrick Tarpley Jr.,sa3043515,,,derricktarpleyjr
9353,Hayden Tarsia,Hayden Tarsia,sa3043516,,,haydentarsia
9354,Jacob Tate,Jacob Tate,sa3043522,,,jacobtate
9355,Josh Tate,Josh Tate,sa3043523,702495,,joshtate
9356,Robert Tate Jr.,Robert Tate Jr.,sa3043525,,,roberttatejr
9357,Jake Tatom,Jake Tatom,sa3043526,,,jaketatom
9358,Harrison Taubert,Harrison Taubert,sa3043529,,,harrisontaubert
9359,Dan Tauken,Dan Tauken,sa3043530,,,dantauken
9360,James Taussig,James Taussig,sa3043534,,,jamestaussig
9361,Kole Tauzin,Kole Tauzin,sa3043535,,,koletauzin
9362,Diego Tavarez,Diego Tavarez,sa3043536,,,diegotavarez
9363,Esteban Tavarez,Esteban Tavarez,sa3043537,,,estebantavarez
9364,Jack Taxdahl,Jack Taxdahl,sa3043543,,,jacktaxdahl
9365,A.J. Taylor,A.J. Taylor,sa3043544,,,ajtaylor
9366,Bronson Taylor,Bronson Taylor,sa3043547,,,bronsontaylor
9367,Christian Taylor,Christian Taylor,sa3043552,,,christiantaylor
9368,Devin Taylor,Devin Taylor,sa3043560,,,devintaylor
9369,Jackson Taylor,Jackson Taylor,sa3043567,,,jacksontaylor
9370,Jordan Taylor,Jordan Taylor,sa3043572,,,jordantaylor
9371,Joseph Taylor,Joseph Taylor,sa3043573,,,josephtaylor
9372,JT Taylor,JT Taylor,sa3043574,,,jttaylor
9373,Michael Taylor,Michael Taylor,sa3043581,,,michaeltaylor
9374,Nathan Taylor,Nathan Taylor,sa3043582,,,nathantaylor
9375,Ryan Taylor,Ryan Taylor,sa3043586,,,ryantaylor
9376,William Taylor,William Taylor,sa3043590,,,williamtaylor
9377,Zane Taylor,Zane Taylor,sa3043592,,,zanetaylor
9378,Ryan Tayman,Ryan Tayman,sa3043594,,,ryantayman
9379,Kavares Tears,Kavares Tears,sa3043596,,,kavarestears
9380,Dallas Tease,Dallas Tease,sa3043597,,,dallastease
9381,Jake Tedesco,Jake Tedesco,sa3043600,,,jaketedesco
9382,Aidan Teel,Aidan Teel,sa3043601,,,aidanteel
9383,Anthony Tejada,Anthony Tejada,sa3043608,,,anthonytejada
9384,Yoel Tejeda Jr. ,Yoel Tejeda Jr. ,sa3043611,,,yoeltejedajr
9385,Jared Teke,Jared Teke,sa3043612,,,jaredteke
9386,Mason Telford,Mason Telford,sa3043615,,,masontelford
9387,Vincent Temesvary,Vincent Temesvary,sa3043620,,,vincenttemesvary
9388,Zacary Tenn,Zacary Tenn,sa3043625,,,zacarytenn
9389,Hunter Teplanszky,Hunter Teplanszky,sa3043629,,,hunterteplanszky
9390,Braeden Terry,Braeden Terry,sa3043639,,,braedenterry
9391,Gavin Terry,Gavin Terry,sa3043640,,,gavinterry
9392,Dylan Terwilliger,Dylan Terwilliger,sa3043642,,,dylanterwilliger
9393,Cooper Thacker,Cooper Thacker,sa3043650,,,cooperthacker
9394,Jayce Tharnish,Jayce Tharnish,sa3043652,,,jaycetharnish
9395,Gavin Theis,Gavin Theis,sa3043658,,,gavintheis
9396,Dylan Theut,Dylan Theut,sa3043662,,,dylantheut
9397,Cardell Thibodeaux,Cardell Thibodeaux,sa3043664,830964,,cardellthibodeaux
9398,Avery Thielman,Avery Thielman,sa3043667,,,averythielman
9399,Alex Thomas,Alex Thomas,sa3043678,,,alexthomas
9400,Braxton Thomas,Braxton Thomas,sa3043684,,,braxtonthomas
9401,Dane Thomas,Dane Thomas,sa3043686,,,danethomas
9402,David Thomas,David Thomas,sa3043688,,,davidthomas
9403,Ethan Thomas,Ethan Thomas,sa3043689,,,ethanthomas
9404,Gavin Thomas,Gavin Thomas,sa3043690,,,gavinthomas
9405,Hayden Thomas,Hayden Thomas,sa3043694,,,haydenthomas
9406,Hunter Thomas,Hunter Thomas,sa3043696,,,hunterthomas
9407,Jackson Thomas,Jackson Thomas,sa3043698,,,jacksonthomas
9408,Justin Thomas,Justin Thomas,sa3043700,702520,,justinthomas
9409,Kassius Thomas,Kassius Thomas,sa3043701,,,kassiusthomas
9410,Kaleb Thomas,Kaleb Thomas,sa3043702,,,kalebthomas
9411,Kurt Thomas,Kurt Thomas,sa3043705,,,kurtthomas
9412,Mattie Thomas,Mattie Thomas,sa3043712,,,mattiethomas
9413,Martavius Thomas,Martavius Thomas,sa3043716,,,martaviusthomas
9414,Miles Thomas,Miles Thomas,sa3043717,,,milesthomas
9415,Parker Thomas,Parker Thomas,sa3043722,,,parkerthomas
9416,Stirling Thomas,Stirling Thomas,sa3043731,,,stirlingthomas
9417,Tanner Thomas,Tanner Thomas,sa3043733,,,tannerthomas
9418,Zachary Thomas,Zachary Thomas,sa3043737,,,zacharythomas
9419,Bryce Thompson,Bryce Thompson,sa3043742,,,brycethompson
9420,Cam Thompson,Cam Thompson,sa3043745,,,camthompson
9421,Caden Thompson,Caden Thompson,sa3043747,,,cadenthompson
9422,Danny Thompson Jr.,Danny Thompson Jr.,sa3043750,834978,,dannythompsonjr
9423,Dalen Thompson,Dalen Thompson,sa3043751,,,dalenthompson
9424,Demarques Thompson,Demarques Thompson,sa3043752,,,demarquesthompson
9425,DJ Thompson,DJ Thompson,sa3043753,,,djthompson
9426,Hunter Thompson,Hunter Thompson,sa3043757,,,hunterthompson
9427,Jackson Thompson,Jackson Thompson,sa3043763,,,jacksonthompson
9428,JD Thompson,JD Thompson,sa3043764,,,jdthompson
9429,Jordan Thompson,Jordan Thompson,sa3043766,,,jordanthompson
9430,Sam Thompson,Sam Thompson,sa3043779,,,samthompson
9431,Seth Thompson,Seth Thompson,sa3043781,,,seththompson
9432,Terrick Thompson-Allen,Terrick Thompson-Allen,sa3043784,,,terrickthompsonallen
9433,Gavin Thorburn,Gavin Thorburn,sa3043795,,,gavinthorburn
9434,Jack Thorbahn,Jack Thorbahn,sa3043796,,,jackthorbahn
9435,Bromley Thornton,Bromley Thornton,sa3043798,,,bromleythornton
9436,Justin Thorsteinson,Justin Thorsteinson,sa3043804,,,justinthorsteinson
9437,Connor Throneberry,Connor Throneberry,sa3043807,,,connorthroneberry
9438,Eddie Tierney,Eddie Tierney,sa3043823,,,eddietierney
9439,Landon Tiesing,Landon Tiesing,sa3043824,,,landontiesing
9440,Trey Tiffan,Trey Tiffan,sa3043826,,,treytiffan
9441,Chris Tillman,Chris Tillman,sa3043832,,,christillman
9442,Cam Tilly,Cam Tilly,sa3043836,806704,,camtilly
9443,Ty Tilson,Ty Tilson,sa3043837,,,tytilson
9444,Tyler Tilton,Tyler Tilton,sa3043838,,,tylertilton
9445,Jake Timbes,Jake Timbes,sa3043839,,,jaketimbes
9446,Tucker Timmerman,Tucker Timmerman,sa3043843,,,tuckertimmerman
9447,Brendan Timmons,Brendan Timmons,sa3043845,,,brendantimmons
9448,Nick Timpanelli,Nick Timpanelli,sa3043846,,,nicktimpanelli
9449,Noah Tincher,Noah Tincher,sa3043848,,,noahtincher
9450,Carson Tinney,Carson Tinney,sa3043851,,,carsontinney
9451,Will Tippett,Will Tippett,sa3043854,,,willtippett
9452,Matthew Tippie,Matthew Tippie,sa3043855,,,matthewtippie
9453,Joe Tiroly,Joe Tiroly,sa3043858,,,joetiroly
9454,Perry Titlow,Perry Titlow,sa3043862,,,perrytitlow
9455,Drew Titsworth,Drew Titsworth,sa3043863,,,drewtitsworth
9456,Coleson Titus,Coleson Titus,sa3043865,,,colesontitus
9457,Jacob Tobias,Jacob Tobias,sa3043870,,,jacobtobias
9458,Juice Tobin,Juice Tobin,sa3043873,,,juicetobin
9459,Lane Tobin,Lane Tobin,sa3043874,,,lanetobin
9460,Will Tobin,Will Tobin,sa3043876,,,willtobin
9461,Jared Toby,Jared Toby,sa3043877,,,jaredtoby
9462,Niall Todd,Niall Todd,sa3043882,,,nialltodd
9463,Zach Todd,Zach Todd,sa3043883,,,zachtodd
9464,Zach Toglia,Zach Toglia,sa3043888,,,zachtoglia
9465,Emmett Tolis,Emmett Tolis,sa3043896,,,emmetttolis
9466,Cason Tollett,Cason Tollett,sa3043898,,,casontollett
9467,JR Tollett,JR Tollett,sa3043899,,,jrtollett
9468,Dane Toman,Dane Toman,sa3043910,,,danetoman
9469,Jackson Tone,Jackson Tone,sa3043921,,,jacksontone
9470,Sawyer Toney,Sawyer Toney,sa3043925,,,sawyertoney
9471,Julian Tonghini,Julian Tonghini,sa3043926,802486,,juliantonghini
9472,Sam Tookoian,Sam Tookoian,sa3043930,702494,,samtookoian
9473,Trent Toole,Trent Toole,sa3043931,,,trenttoole
9474,Jack Toomey,Jack Toomey,sa3043932,,,jacktoomey
9475,Chase Topolski,Chase Topolski,sa3043934,,,chasetopolski
9476,Jack Topolski,Jack Topolski,sa3043936,,,jacktopolski
9477,Jake Toporek,Jake Toporek,sa3043937,,,jaketoporek
9478,Cole Torbett,Cole Torbett,sa3043941,,,coletorbett
9479,Nicholas Toro,Nicholas Toro,sa3043948,,,nicholastoro
9480,Jack Torosian,Jack Torosian,sa3043949,,,jacktorosian
9481,Anthony Torreso,Anthony Torreso,sa3043955,,,anthonytorreso
9482,Cooper Torres,Cooper Torres,sa3043958,,,coopertorres
9483,Hederick Torres,Hederick Torres,sa3043959,,,hedericktorres
9484,Jake Torres,Jake Torres,sa3043961,,,jaketorres
9485,Jason Torres,Jason Torres,sa3043962,,,jasontorres
9486,Jayson Torres,Jayson Torres,sa3043963,,,jaysontorres
9487,Joshua Torres,Joshua Torres,sa3043967,,,joshuatorres
9488,Lukas Torres,Lukas Torres,sa3043970,,,lukastorres
9489,Pablo Torres,Pablo Torres,sa3043974,,,pablotorres
9490,Dylan Tostrup,Dylan Tostrup,sa3043981,,,dylantostrup
9491,Michael Toth,Michael Toth,sa3043983,,,michaeltoth
9492,Lukas Touma,Lukas Touma,sa3043986,,,lukastouma
9493,Dawson Tourney,Dawson Tourney,sa3043988,,,dawsontourney
9494,Tommy Townsend,Tommy Townsend,sa3044002,,,tommytownsend
9495,Jake Trabbie,Jake Trabbie,sa3044003,,,jaketrabbie
9496,Tab Tracy,Tab Tracy,sa3044005,,,tabtracy
9497,Jax Traeger,Jax Traeger,sa3044006,,,jaxtraeger
9498,Gage Trahan,Gage Trahan,sa3044010,,,gagetrahan
9499,Max Tramontana,Max Tramontana,sa3044013,,,maxtramontana
9500,Ayden Tran,Ayden Tran,sa3044014,,,aydentran
9501,Matt Travisano,Matt Travisano,sa3044023,,,matttravisano
9502,Jonathan Trejo,Jonathan Trejo,sa3044030,,,jonathantrejo
9503,Cole Tremain,Cole Tremain,sa3044033,,,coletremain
9504,Lee Trevino,Lee Trevino,sa3044046,,,leetrevino
9505,Logan Tribble,Logan Tribble,sa3044050,,,logantribble
9506,James Trimble,James Trimble,sa3044057,,,jamestrimble
9507,Dom Trippi,Dom Trippi,sa3044066,,,domtrippi
9508,Lance Trippel,Lance Trippel,sa3044067,,,lancetrippel
9509,Brady Trombello,Brady Trombello,sa3044074,,,bradytrombello
9510,Joseph Trombley,Joseph Trombley,sa3044075,,,josephtrombley
9511,Michael Trommer,Michael Trommer,sa3044076,,,michaeltrommer
9512,Jabin Trosky,Jabin Trosky,sa3044079,,,jabintrosky
9513,Jackson Trout,Jackson Trout,sa3044083,,,jacksontrout
9514,Adam Troy,Adam Troy,sa3044087,,,adamtroy
9515,Camden Troyer,Camden Troyer,sa3044088,803131,,camdentroyer
9516,Ben Trucke,Ben Trucke,sa3044090,,,bentrucke
9517,Brantley Truitt,Brantley Truitt,sa3044091,,,brantleytruitt
9518,Trey Truitt,Trey Truitt,sa3044092,,,treytruitt
9519,Gene Trujillo,Gene Trujillo,sa3044093,,,genetrujillo
9520,Thaniel Trumper,Thaniel Trumper,sa3044096,,,thanieltrumper
9521,Cole Tryba,Cole Tryba,sa3044099,,,coletryba
9522,Ben Tryon,Ben Tryon,sa3044100,,,bentryon
9523,Amar Tsengeg,Amar Tsengeg,sa3044104,,,amartsengeg
9524,Michael Tsoukalas,Michael Tsoukalas,sa3044105,,,michaeltsoukalas
9525,Justin Tsukada,Justin Tsukada,sa3044107,,,justintsukada
9526,Adam Tubbs,Adam Tubbs,sa3044108,,,adamtubbs
9527,Cade Tucker,Cade Tucker,sa3044115,,,cadetucker
9528,Jackson Tucker,Jackson Tucker,sa3044120,,,jacksontucker
9529,Nolan Tucker,Nolan Tucker,sa3044122,,,nolantucker
9530,Shane Tucker,Shane Tucker,sa3044124,,,shanetucker
9531,Cristino Tufano,Cristino Tufano,sa3044129,,,cristinotufano
9532,Justin Tullish,Justin Tullish,sa3044135,,,justintullish
9533,Austin Turkington,Austin Turkington,sa3044146,,,austinturkington
9534,Gavin Turley,Gavin Turley,sa3044148,,,gavinturley
9535,Colby Turner,Colby Turner,sa3044160,,,colbyturner
9536,Derek Turner,Derek Turner,sa3044162,,,derekturner
9537,Jacob Turner,Jacob Turner,sa3044163,,,jacobturner
9538,Kole Turner,Kole Turner,sa3044165,,,koleturner
9539,Trent Turner,Trent Turner,sa3044175,,,trentturner
9540,Carson Turnquist,Carson Turnquist,sa3044178,,,carsonturnquist
9541,Stephen Turzai,Stephen Turzai,sa3044183,,,stephenturzai
9542,Jack Tuttle,Jack Tuttle,sa3044188,,,jacktuttle
9543,Joey Tuttoilmondo,Joey Tuttoilmondo,sa3044189,,,joeytuttoilmondo
9544,Chandler Tuupo,Chandler Tuupo,sa3044190,,,chandlertuupo
9545,Toby Twist,Toby Twist,sa3044195,,,tobytwist
9546,Jackson Tyer,Jackson Tyer,sa3044197,,,jacksontyer
9547,JJ Tylicki,JJ Tylicki,sa3044201,,,jjtylicki
9548,Ty Uber,Ty Uber,sa3044209,,,tyuber
9549,Chris Ubner,Chris Ubner,sa3044210,,,chrisubner
9550,Ty Uchman,Ty Uchman,sa3044212,,,tyuchman
9551,Cade Udell,Cade Udell,sa3044213,,,cadeudell
9552,Ryan Ulisse,Ryan Ulisse,sa3044224,,,ryanulisse
9553,Alex Ulloa,Alex Ulloa,sa3044226,,,alexulloa
9554,Sloan Ulrich,Sloan Ulrich,sa3044229,,,sloanulrich
9555,Xavier Ulrich,Xavier Ulrich,sa3044231,,,xavierulrich
9556,Ian Umlandt,Ian Umlandt,sa3044234,,,ianumlandt
9557,Elijah Underhill,Elijah Underhill,sa3044236,,,elijahunderhill
9558,Landon Underhill,Landon Underhill,sa3044238,,,landonunderhill
9559,Alex Ungar,Alex Ungar,sa3044239,,,alexungar
9560,Nick Upstill,Nick Upstill,sa3044245,,,nickupstill
9561,Joseph Urban,Joseph Urban,sa3044249,,,josephurban
9562,Jared Ure,Jared Ure,sa3044255,,,jaredure
9563,Ryan Ure,Ryan Ure,sa3044256,702073,,ryanure
9564,Jeremy Urena,Jeremy Urena,sa3044257,,,jeremyurena
9565,Alex Urlaub,Alex Urlaub,sa3044259,,,alexurlaub
9566,Anthony Ursitti,Anthony Ursitti,sa3044262,,,anthonyursitti
9567,Trey Usey,Trey Usey,sa3044267,,,treyusey
9568,David Utagawa,David Utagawa,sa3044268,,,davidutagawa
9569,Judd Utermark,Judd Utermark,sa3044269,,,juddutermark
9570,Nick Vaccaro,Nick Vaccaro,sa3044270,,,nickvaccaro
9571,Danny Valadez,Danny Valadez,sa3044277,,,dannyvaladez
9572,Joe Valchar,Joe Valchar,sa3044278,,,joevalchar
9573,Josue Valdez,Josue Valdez,sa3044285,,,josuevaldez
9574,Jonathan Valdez,Jonathan Valdez,sa3044286,,,jonathanvaldez
9575,Noel Valdez,Noel Valdez,sa3044289,,,noelvaldez
9576,Balin Valentine,Balin Valentine,sa3044292,,,balinvalentine
9577,Collin Valentine,Collin Valentine,sa3044294,,,collinvalentine
9578,Joey Valentine,Joey Valentine,sa3044296,,,joeyvalentine
9579,Jose Valerio,Jose Valerio,sa3044301,,,josevalerio
9580,Vytas Valincius,Vytas Valincius,sa3044304,,,vytasvalincius
9581,AJ Valle,AJ Valle,sa3044309,,,ajvalle
9582,Marcus Van Alstine,Marcus Van Alstine,sa3044315,,,marcusvanalstine
9583,Cole Van Assen,Cole Van Assen,sa3044316,,,colevanassen
9584,Ryan Van Buren,Ryan Van Buren,sa3044319,,,ryanvanburen
9585,Cooper Vance,Cooper Vance,sa3044321,,,coopervance
9586,Blake Van Cleve,Blake Van Cleve,sa3044324,,,blakevancleve
9587,Shane Van Dam,Shane Van Dam,sa3044327,822461,,shanevandam
9588,Evan Vandenbosch,Evan Vandenbosch,sa3044333,,,evanvandenbosch
9589,Jackson Van De Brake,Jackson Van De Brake,sa3044336,,,jacksonvandebrake
9590,Jelle Van Der Lelie,Jelle Van Der Lelie,sa3044338,,,jellevanderlelie
9591,Gabe Van Emon,Gabe Van Emon,sa3044348,,,gabevanemon
9592,Jackson Vanesko,Jackson Vanesko,sa3044349,,,jacksonvanesko
9593,Gavin Van Kempen,Gavin Van Kempen,sa3044353,,,gavinvankempen
9594,Ben VanMaanen,Ben VanMaanen,sa3044355,,,benvanmaanen
9595,CJ Van Slooten,CJ Van Slooten,sa3044361,,,cjvanslooten
9596,Nick Vardavas,Nick Vardavas,sa3044366,,,nickvardavas
9597,Juan Vargas,Juan Vargas,sa3044373,,,juanvargas
9598,Jaden Varner,Jaden Varner,sa3044380,,,jadenvarner
9599,Nick Varon,Nick Varon,sa3044381,,,nickvaron
9600,Evan Vasiliou,Evan Vasiliou,sa3044383,,,evanvasiliou
9601,Carlos Vasquez,Carlos Vasquez,sa3044386,,,carlosvasquez
9602,Dominic Vassallo,Dominic Vassallo,sa3044389,,,dominicvassallo
9603,Jonathan Vastine,Jonathan Vastine,sa3044390,695570,,jonathanvastine
9604,Chance Vaught,Chance Vaught,sa3044394,,,chancevaught
9605,James Vaughn,James Vaughn,sa3044397,,,jamesvaughn
9606,Logan Vaughan,Logan Vaughan,sa3044400,,,loganvaughan
9607,Peter Vazquez,Peter Vazquez,sa3044407,,,petervazquez
9608,Ariston Veasey,Ariston Veasey,sa3044410,,,aristonveasey
9609,Jacob Veczko,Jacob Veczko,sa3044412,,,jacobveczko
9610,Nick Vega,Nick Vega,sa3044417,,,nickvega
9611,Roberto Velasquez,Roberto Velasquez,sa3044424,,,robertovelasquez
9612,Alfredo Velazquez,Alfredo Velazquez,sa3044425,,,alfredovelazquez
9613,Dom Velazquez,Dom Velazquez,sa3044426,,,domvelazquez
9614,Raymond Velazquez,Raymond Velazquez,sa3044431,,,raymondvelazquez
9615,Tyler Velino,Tyler Velino,sa3044433,,,tylervelino
9616,Danny Veloz,Danny Veloz,sa3044434,,,dannyveloz
9617,Ben Venables,Ben Venables,sa3044436,,,benvenables
9618,Jordan Vera,Jordan Vera,sa3044445,,,jordanvera
9619,Spencer Verburg,Spencer Verburg,sa3044448,,,spencerverburg
9620,Conner Vercollone,Conner Vercollone,sa3044450,,,connervercollone
9621,Will Vergantino,Will Vergantino,sa3044458,,,willvergantino
9622,Ryan Vermillion,Ryan Vermillion,sa3044461,,,ryanvermillion
9623,Nick Veselinovic,Nick Veselinovic,sa3044467,,,nickveselinovic
9624,Cooper Vest,Cooper Vest,sa3044469,,,coopervest
9625,Malakai Vetock,Malakai Vetock,sa3044471,,,malakaivetock
9626,Brant Vicini,Brant Vicini,sa3044474,,,brantvicini
9627,Cole Vida,Cole Vida,sa3044478,,,colevida
9628,Adrian Vidal,Adrian Vidal,sa3044479,,,adrianvidal
9629,Andre Vidal,Andre Vidal,sa3044480,,,andrevidal
9630,Nathan Vidmar,Nathan Vidmar,sa3044482,,,nathanvidmar
9631,Landyn Vidourek,Landyn Vidourek,sa3044483,,,landynvidourek
9632,Nick Vieira,Nick Vieira,sa3044484,,,nickvieira
9633,Will Vierling,Will Vierling,sa3044487,805416,,willvierling
9634,Dylan Vigue,Dylan Vigue,sa3044492,,,dylanvigue
9635,Jayme Villafane,Jayme Villafane,sa3044500,,,jaymevillafane
9636,Jose Villalobos,Jose Villalobos,sa3044502,,,josevillalobos
9637,Mike Villani,Mike Villani,sa3044503,,,mikevillani
9638,David Villegas,David Villegas,sa3044507,,,davidvillegas
9639,Diego Villescas,Diego Villescas,sa3044508,,,diegovillescas
9640,Robin Villeneuve,Robin Villeneuve,sa3044511,,,robinvilleneuve
9641,Tom Vincent,Tom Vincent,sa3044517,,,tomvincent
9642,Ashby Vining,Ashby Vining,sa3044522,,,ashbyvining
9643,Cale Vinson,Cale Vinson,sa3044523,,,calevinson
9644,Timmy Virtudes,Timmy Virtudes,sa3044528,,,timmyvirtudes
9645,John Vitucci,John Vitucci,sa3044535,,,johnvitucci
9646,David Vizcaino,David Vizcaino,sa3044538,,,davidvizcaino
9647,Dominic Voegele,Dominic Voegele,sa3044541,,,dominicvoegele
9648,Elijah Vogelsong,Elijah Vogelsong,sa3044545,,,elijahvogelsong
9649,Jacob Vogel,Jacob Vogel,sa3044546,,,jacobvogel
9650,Joey Volchko,Joey Volchko,sa3044554,,,joeyvolchko
9651,Joey Volini,Joey Volini,sa3044555,,,joeyvolini
9652,Josh Volmerding,Josh Volmerding,sa3044557,,,joshvolmerding
9653,Jack Volo,Jack Volo,sa3044558,,,jackvolo
9654,Alessandro Volpe,Alessandro Volpe,sa3044559,,,alessandrovolpe
9655,Brett Vondohlen,Brett Vondohlen,sa3044563,,,brettvondohlen
9656,Zan Von Schlegell,Zan Von Schlegell,sa3044566,,,zanvonschlegell
9657,Joe Vos,Joe Vos,sa3044573,,,joevos
9658,Aiden Vosburg,Aiden Vosburg,sa3044574,,,aidenvosburg
9659,Nate Voss,Nate Voss,sa3044578,,,natevoss
9660,Paul Vossen,Paul Vossen,sa3044580,,,paulvossen
9661,Justin Vossos,Justin Vossos,sa3044581,,,justinvossos
9662,Cade Vota,Cade Vota,sa3044582,,,cadevota
9663,Brant Voth,Brant Voth,sa3044584,,,brantvoth
9664,Zach Vriesenga,Zach Vriesenga,sa3044588,,,zachvriesenga
9665,Kien Vu,Kien Vu,sa3044590,809844,,kienvu
9666,Ben Vujovich,Ben Vujovich,sa3044592,,,benvujovich
9667,Isaac Wachsmann,Isaac Wachsmann,sa3044598,,,isaacwachsmann
9668,T.J. Wachter,T.J. Wachter,sa3044600,,,tjwachter
9669,Caden Wade,Caden Wade,sa3044603,,,cadenwade
9670,Crawford Wade,Crawford Wade,sa3044604,,,crawfordwade
9671,Jarod Wade,Jarod Wade,sa3044607,,,jarodwade
9672,John Wade,John Wade,sa3044608,,,johnwade
9673,Lance Wade,Lance Wade,sa3044610,,,lancewade
9674,Pat Wade,Pat Wade,sa3044611,,,patwade
9675,Bruce Wadiak,Bruce Wadiak,sa3044613,,,brucewadiak
9676,Zach Wager,Zach Wager,sa3044616,,,zachwager
9677,Evan Waggoner,Evan Waggoner,sa3044617,,,evanwaggoner
9678,Cole Wagner,Cole Wagner,sa3044620,,,colewagner
9679,JP Wagner,JP Wagner,sa3044625,,,jpwagner
9680,Kai Wagner,Kai Wagner,sa3044626,,,kaiwagner
9681,Jake Wagoner,Jake Wagoner,sa3044632,,,jakewagoner
9682,Dylan Waite,Dylan Waite,sa3044636,,,dylanwaite
9683,Hudson Walburn,Hudson Walburn,sa3044641,,,hudsonwalburn
9684,Devon Walczykowski,Devon Walczykowski,sa3044642,,,devonwalczykowski
9685,JT Waldon,JT Waldon,sa3044646,,,jtwaldon
9686,Pat Walega,Pat Walega,sa3044648,,,patwalega
9687,Owen Walewander,Owen Walewander,sa3044650,,,owenwalewander
9688,Jason Walk,Jason Walk,sa3044651,,,jasonwalk
9689,Adam Walker,Adam Walker,sa3044652,,,adamwalker
9690,Brandon Walker,Brandon Walker,sa3044657,,,brandonwalker
9691,Bryson Walker,Bryson Walker,sa3044658,,,brysonwalker
9692,Brendan Walker,Brendan Walker,sa3044659,,,brendanwalker
9693,Charlie Walker,Charlie Walker,sa3044661,,,charliewalker
9694,Conlon Walker,Conlon Walker,sa3044663,,,conlonwalker
9695,Ethan Walker,Ethan Walker,sa3044666,833080,,ethanwalker
9696,Isaiah Walker,Isaiah Walker,sa3044669,,,isaiahwalker
9697,Jack Walker,Jack Walker,sa3044672,,,jackwalker
9698,Kade Walker,Kade Walker,sa3044678,,,kadewalker
9699,Khalil Walker,Khalil Walker,sa3044680,,,khalilwalker
9700,Kyle Walker,Kyle Walker,sa3044681,809143,,kylewalker
9701,Shea Walker,Shea Walker,sa3044684,,,sheawalker
9702,Tanner Walker,Tanner Walker,sa3044685,,,tannerwalker
9703,Tommy Walker,Tommy Walker,sa3044686,,,tommywalker
9704,Carter Wall,Carter Wall,sa3044689,,,carterwall
9705,Finnegan Wall,Finnegan Wall,sa3044692,,,finneganwall
9706,Colby Wallace,Colby Wallace,sa3044698,,,colbywallace
9707,Rhogue Wallace,Rhogue Wallace,sa3044704,,,rhoguewallace
9708,Jackson Waller,Jackson Waller,sa3044706,,,jacksonwaller
9709,Davis Wallon,Davis Wallon,sa3044711,,,daviswallon
9710,Colton Walls,Colton Walls,sa3044712,,,coltonwalls
9711,Dawson Walls,Dawson Walls,sa3044713,,,dawsonwalls
9712,Jake Walman,Jake Walman,sa3044717,,,jakewalman
9713,Brett Walmsley,Brett Walmsley,sa3044718,,,brettwalmsley
9714,Alex Walsh,Alex Walsh,sa3044720,,,alexwalsh
9715,Carson Walsh,Carson Walsh,sa3044722,,,carsonwalsh
9716,Chris Walsh,Chris Walsh,sa3044724,,,chriswalsh
9717,Jacob Walsh,Jacob Walsh,sa3044728,701862,,jacobwalsh
9718,Michael Walsh,Michael Walsh,sa3044730,,,michaelwalsh
9719,Will Walsh,Will Walsh,sa3044736,,,willwalsh
9720,Zachary Walsh,Zachary Walsh,sa3044737,,,zacharywalsh
9721,Augie Walters,Augie Walters,sa3044740,,,augiewalters
9722,Brian Walters,Brian Walters,sa3044742,805758,,brianwalters
9723,Logan Walters,Logan Walters,sa3044751,,,loganwalters
9724,Peyton Walters,Peyton Walters,sa3044754,,,peytonwalters
9725,Aaron Walton,Aaron Walton,sa3044756,,,aaronwalton
9726,Kam Walton,Kam Walton,sa3044761,,,kamwalton
9727,Luke Walton,Luke Walton,sa3044762,,,lukewalton
9728,Myles Walton,Myles Walton,sa3044763,,,myleswalton
9729,Ryker Walton,Ryker Walton,sa3044764,,,rykerwalton
9730,Tai Walton,Tai Walton,sa3044765,,,taiwalton
9731,Nick Wang,Nick Wang,sa3044770,,,nickwang
9732,Tanner Warady,Tanner Warady,sa3044775,,,tannerwarady
9733,Patrick Ward,Patrick Ward,sa3044787,,,patrickward
9734,Tanner Ware,Tanner Ware,sa3044795,,,tannerware
9735,Cole Warehime,Cole Warehime,sa3044798,,,colewarehime
9736,Spencer Warfield,Spencer Warfield,sa3044799,,,spencerwarfield
9737,Hank Warren,Hank Warren,sa3044811,,,hankwarren
9738,Isaac Warrick,Isaac Warrick,sa3044814,,,isaacwarrick
9739,Owen Washburn,Owen Washburn,sa3044821,,,owenwashburn
9740,Brett Washington,Brett Washington,sa3044823,,,brettwashington
9741,Solomon Washington,Solomon Washington,sa3044829,,,solomonwashington
9742,Kody Watanabe,Kody Watanabe,sa3044837,,,kodywatanabe
9743,Evan Waters,Evan Waters,sa3044839,,,evanwaters
9744,Luke Waters,Luke Waters,sa3044841,,,lukewaters
9745,Brock Watkins,Brock Watkins,sa3044845,,,brockwatkins
9746,Hunter Watkins,Hunter Watkins,sa3044847,,,hunterwatkins
9747,Aidan Watson,Aidan Watson,sa3044851,,,aidanwatson
9748,Ben Watson,Ben Watson,sa3044853,,,benwatson
9749,Eli Watson,Eli Watson,sa3044857,,,eliwatson
9750,Lee Watson,Lee Watson,sa3044861,,,leewatson
9751,Anthony Watts,Anthony Watts,sa3044875,825101,,anthonywatts
9752,Dane Watts,Dane Watts,sa3044876,,,danewatts
9753,Dylan Watts,Dylan Watts,sa3044877,814346,,dylanwatts
9754,Gabe Watts,Gabe Watts,sa3044878,,,gabewatts
9755,Peyton Watts,Peyton Watts,sa3044880,,,peytonwatts
9756,Nathan Waugh,Nathan Waugh,sa3044881,,,nathanwaugh
9757,Tyler Waugh,Tyler Waugh,sa3044882,,,tylerwaugh
9758,Payten Wawruck,Payten Wawruck,sa3044884,,,paytenwawruck
9759,Aidan Weaver,Aidan Weaver,sa3044893,,,aidanweaver
9760,Jacob Weaver,Jacob Weaver,sa3044895,,,jacobweaver
9761,Ryan Weaver,Ryan Weaver,sa3044898,,,ryanweaver
9762,Bryson Webb,Bryson Webb,sa3044907,,,brysonwebb
9763,Isaac Webb,Isaac Webb,sa3044909,,,isaacwebb
9764,Maddox Webb,Maddox Webb,sa3044910,,,maddoxwebb
9765,Ben Weber,Ben Weber,sa3044917,,,benweber
9766,Charlie Weber,Charlie Weber,sa3044920,,,charlieweber
9767,Jack Weber,Jack Weber,sa3044923,,,jackweber
9768,Matt Weber,Matt Weber,sa3044925,,,mattweber
9769,Michael Weber,Michael Weber,sa3044926,,,michaelweber
9770,Wilson Weber,Wilson Weber,sa3044929,701777,,wilsonweber
9771,Eric Weeks,Eric Weeks,sa3044937,,,ericweeks
9772,Irvin Weems,Irvin Weems,sa3044940,,,irvinweems
9773,Carson Wehner,Carson Wehner,sa3044945,,,carsonwehner
9774,Ryan Weingartner,Ryan Weingartner,sa3044957,805550,,ryanweingartner
9775,Jack Weise,Jack Weise,sa3044961,,,jackweise
9776,Carter Welch,Carter Welch,sa3044978,,,carterwelch
9777,Collin Welch,Collin Welch,sa3044979,,,collinwelch
9778,Jackson Wells,Jackson Wells,sa3044991,,,jacksonwells
9779,Shea Wendt,Shea Wendt,sa3044999,,,sheawendt
9780,Jack Wentworth,Jack Wentworth,sa3045003,,,jackwentworth
9781,Gannon Wentz,Gannon Wentz,sa3045007,,,gannonwentz
9782,Josh Wenz,Josh Wenz,sa3045010,,,joshwenz
9783,Seth Werchan,Seth Werchan,sa3045014,,,sethwerchan
9784,Matthew Werk,Matthew Werk,sa3045016,,,matthewwerk
9785,Matt Wessels,Matt Wessels,sa3045025,,,mattwessels
9786,Brylan West,Brylan West,sa3045027,,,brylanwest
9787,Charles West,Charles West,sa3045028,,,charleswest
9788,Dakoda West,Dakoda West,sa3045029,,,dakodawest
9789,Dean West,Dean West,sa3045030,,,deanwest
9790,Graiden West,Graiden West,sa3045031,,,graidenwest
9791,Jaxson West,Jaxson West,sa3045032,702486,,jaxsonwest
9792,Justin West,Justin West,sa3045034,804892,,justinwest
9793,Kyle West,Kyle West,sa3045036,823918,,kylewest
9794,Landon West,Landon West,sa3045037,,,landonwest
9795,Ryan West,Ryan West,sa3045038,,,ryanwest
9796,Christian Westcott,Christian Westcott,sa3045045,,,christianwestcott
9797,Drake Westcott,Drake Westcott,sa3045046,,,drakewestcott
9798,Conner Westenburg,Conner Westenburg,sa3045047,,,connerwestenburg
9799,Derek Westfall,Derek Westfall,sa3045049,,,derekwestfall
9800,Matt Westley,Matt Westley,sa3045052,,,mattwestley
9801,Jackson Westmoreland,Jackson Westmoreland,sa3045053,,,jacksonwestmoreland
9802,Nick Weyrich,Nick Weyrich,sa3045065,811721,,nickweyrich
9803,Drew Whalen,Drew Whalen,sa3045068,,,drewwhalen
9804,Chas Wheatley,Chas Wheatley,sa3045071,,,chaswheatley
9805,Gage Wheaton,Gage Wheaton,sa3045072,,,gagewheaton
9806,Lawson Wheeler,Lawson Wheeler,sa3045076,,,lawsonwheeler
9807,Owen Wheeler,Owen Wheeler,sa3045077,,,owenwheeler
9808,Will Whelan,Will Whelan,sa3045084,,,willwhelan
9809,Mike Whelehan,Mike Whelehan,sa3045085,,,mikewhelehan
9810,Brady Whitacre,Brady Whitacre,sa3045091,,,bradywhitacre
9811,Mack Whitcomb,Mack Whitcomb,sa3045094,,,mackwhitcomb
9812,Andrew White,Andrew White,sa3045098,,,andrewwhite
9813,Barham White,Barham White,sa3045100,,,barhamwhite
9814,Ben Whiteside,Ben Whiteside,sa3045101,,,benwhiteside
9815,Brayden White,Brayden White,sa3045102,,,braydenwhite
9816,Caleb White,Caleb White,sa3045105,,,calebwhite
9817,Eddie White,Eddie White,sa3045111,,,eddiewhite
9818,Evan Whiteaker,Evan Whiteaker,sa3045112,,,evanwhiteaker
9819,Griffin White,Griffin White,sa3045114,,,griffinwhite
9820,Jacob Whiteman,Jacob Whiteman,sa3045117,,,jacobwhiteman
9821,Joey White,Joey White,sa3045120,,,joeywhite
9822,KJ White,KJ White,sa3045121,,,kjwhite
9823,Landon White,Landon White,sa3045122,,,landonwhite
9824,Mayes White,Mayes White,sa3045124,,,mayeswhite
9825,Mason White,Mason White,sa3045125,,,masonwhite
9826,Ryan White,Ryan White,sa3045131,,,ryanwhite
9827,Sam White,Sam White,sa3045132,,,samwhite
9828,Sean White,Sean White,sa3045133,,,seanwhite
9829,Simmi Whitehill,Simmi Whitehill,sa3045134,,,simmiwhitehill
9830,Tyler White,Tyler White,sa3045136,,,tylerwhite
9831,Damien Whitfield,Damien Whitfield,sa3045138,,,damienwhitfield
9832,Donovan Whitfield,Donovan Whitfield,sa3045139,,,donovanwhitfield
9833,Aaron Whitley,Aaron Whitley,sa3045142,,,aaronwhitley
9834,Jake Whitlinger,Jake Whitlinger,sa3045145,,,jakewhitlinger
9835,Jack Whitlock,Jack Whitlock,sa3045146,,,jackwhitlock
9836,Marshall Whitmer,Marshall Whitmer,sa3045148,,,marshallwhitmer
9837,John Whitney,John Whitney,sa3045150,,,johnwhitney
9838,Cooper Whitton,Cooper Whitton,sa3045153,,,cooperwhitton
9839,David Whittle,David Whittle,sa3045154,,,davidwhittle
9840,Michael Whooley,Michael Whooley,sa3045159,,,michaelwhooley
9841,Wyatt Wiatrek,Wyatt Wiatrek,sa3045162,,,wyattwiatrek
9842,Camden Wicker,Camden Wicker,sa3045165,,,camdenwicker
9843,Kaden Wickersham,Kaden Wickersham,sa3045166,,,kadenwickersham
9844,Noah Wieczorek,Noah Wieczorek,sa3045173,,,noahwieczorek
9845,Cade Wiegert,Cade Wiegert,sa3045175,,,cadewiegert
9846,Andrew Wiggins,Andrew Wiggins,sa3045182,,,andrewwiggins
9847,Jimmy Wigo,Jimmy Wigo,sa3045186,,,jimmywigo
9848,Blaise Wilcenski,Blaise Wilcenski,sa3045190,,,blaisewilcenski
9849,Slater Wilcox,Slater Wilcox,sa3045193,,,slaterwilcox
9850,Evan Wilde,Evan Wilde,sa3045196,,,evanwilde
9851,Caden Wildman,Caden Wildman,sa3045202,,,cadenwildman
9852,David Wiley,David Wiley,sa3045203,,,davidwiley
9853,Logan Wiley,Logan Wiley,sa3045207,,,loganwiley
9854,Joey Wilga,Joey Wilga,sa3045209,,,joeywilga
9855,Kaleb Wilkey,Kaleb Wilkey,sa3045219,,,kalebwilkey
9856,Bren Wilkinson,Bren Wilkinson,sa3045222,,,brenwilkinson
9857,Danny Will,Danny Will,sa3045232,,,dannywill
9858,Matt Willadsen,Matt Willadsen,sa3045235,,,mattwilladsen
9859,Owen Willard,Owen Willard,sa3045237,,,owenwillard
9860,Reed Willbanks,Reed Willbanks,sa3045239,,,reedwillbanks
9861,Landon Willeman,Landon Willeman,sa3045241,,,landonwilleman
9862,Andrew Williams,Andrew Williams,sa3045244,,,andrewwilliams
9863,Andrew Williamson,Andrew Williamson,sa3045245,,,andrewwilliamson
9864,Austin Williamson,Austin Williamson,sa3045247,,,austinwilliamson
9865,Ben Williams,Ben Williams,sa3045251,,,benwilliams
9866,Brody Williams,Brody Williams,sa3045256,,,brodywilliams
9867,Cade Williams,Cade Williams,sa3045260,,,cadewilliams
9868,Christian Williams,Christian Williams,sa3045262,,,christianwilliams
9869,CJ Willis,CJ Willis,sa3045267,,,cjwillis
9870,Cody Williams,Cody Williams,sa3045270,,,codywilliams
9871,Cooper Williams,Cooper Williams,sa3045274,,,cooperwilliams
9872,Derek Williams,Derek Williams,sa3045281,,,derekwilliams
9873,Dixon Williams,Dixon Williams,sa3045282,703483,,dixonwilliams
9874,Isaac Williams,Isaac Williams,sa3045296,,,isaacwilliams
9875,Jayden Williams,Jayden Williams,sa3045304,,,jaydenwilliams
9876,Jake Williams,Jake Williams,sa3045307,,,jakewilliams
9877,Jaedon Willis,Jaedon Willis,sa3045308,,,jaedonwillis
9878,Jae Williams,Jae Williams,sa3045310,,,jaewilliams
9879,Jake Henry Williams,Jake Henry Williams,sa3045311,,,jakehenrywilliams
9880,Javar Williams,Javar Williams,sa3045312,,,javarwilliams
9881,Jaxon Willits,Jaxon Willits,sa3045313,,,jaxonwillits
9882,Josh Willitts,Josh Willitts,sa3045318,,,joshwillitts
9883,Josh Williams,Josh Williams,sa3045319,,,joshwilliams
9884,J.P. Williams,J.P. Williams,sa3045320,,,jpwilliams
9885,Jordon Williams,Jordon Williams,sa3045321,,,jordonwilliams
9886,Kaleb Willis,Kaleb Willis,sa3045325,,,kalebwillis
9887,Malcolm Williams,Malcolm Williams,sa3045332,,,malcolmwilliams
9888,Max Williams,Max Williams,sa3045333,,,maxwilliams
9889,Marc Willi,Marc Willi,sa3045334,,,marcwilli
9890,Nick Williams,Nick Williams,sa3045339,,,nickwilliams
9891,Noah Williamson,Noah Williamson,sa3045341,,,noahwilliamson
9892,Nolan Williamson,Nolan Williamson,sa3045342,,,nolanwilliamson
9893,Ricky Williams,Ricky Williams,sa3045346,,,rickywilliams
9894,Spencer Williams,Spencer Williams,sa3045351,,,spencerwilliams
9895,Zach Willingham,Zach Willingham,sa3045366,,,zachwillingham
9896,Carson Willoughby,Carson Willoughby,sa3045370,,,carsonwilloughby
9897,Ethan Willoughby,Ethan Willoughby,sa3045371,,,ethanwilloughby
9898,Brock Wills,Brock Wills,sa3045373,,,brockwills
9899,Liam Willson,Liam Willson,sa3045374,,,liamwillson
9900,Ben Wilmes,Ben Wilmes,sa3045376,,,benwilmes
9901,Joey Wilmoth,Joey Wilmoth,sa3045378,,,joeywilmoth
9902,Gavin Wilms,Gavin Wilms,sa3045379,,,gavinwilms
9903,Alex Wilson,Alex Wilson,sa3045381,,,alexwilson
9904,Asa Wilson,Asa Wilson,sa3045382,,,asawilson
9905,Ashton Wilson,Ashton Wilson,sa3045383,,,ashtonwilson
9906,Blake Wilson,Blake Wilson,sa3045386,,,blakewilson
9907,Bradley Wilson,Bradley Wilson,sa3045387,,,bradleywilson
9908,Brendon Wilson,Brendon Wilson,sa3045388,,,brendonwilson
9909,Harrison Wilson,Harrison Wilson,sa3045399,,,harrisonwilson
9910,Kaiden Wilson,Kaiden Wilson,sa3045410,806262,,kaidenwilson
9911,Leland Wilson,Leland Wilson,sa3045414,,,lelandwilson
9912,Nolan Wilson,Nolan Wilson,sa3045418,,,nolanwilson
9913,Camden Wimbish,Camden Wimbish,sa3045432,,,camdenwimbish
9914,Jordan Wimpelberg,Jordan Wimpelberg,sa3045436,,,jordanwimpelberg
9915,Easton Winfield,Easton Winfield,sa3045444,,,eastonwinfield
9916,Brandon Wingenroth,Brandon Wingenroth,sa3045446,,,brandonwingenroth
9917,TJ Winn,TJ Winn,sa3045454,,,tjwinn
9918,Jack Winnay,Jack Winnay,sa3045455,813400,,jackwinnay
9919,Macon Winslow,Macon Winslow,sa3045458,,,maconwinslow
9920,Jaden Winter,Jaden Winter,sa3045466,,,jadenwinter
9921,Jacob Winzenread,Jacob Winzenread,sa3045471,,,jacobwinzenread
9922,Dylan Wipperman,Dylan Wipperman,sa3045473,,,dylanwipperman
9923,Ty Wisdom,Ty Wisdom,sa3045477,,,tywisdom
9924,CJ Wisniewski,CJ Wisniewski,sa3045481,,,cjwisniewski
9925,Daniel Wissler,Daniel Wissler,sa3045482,,,danielwissler
9926,Connor Witherington,Connor Witherington,sa3045486,,,connorwitherington
9927,Malachi Witherspoon,Malachi Witherspoon,sa3045488,,,malachiwitherspoon
9928,Reilly Witmer,Reilly Witmer,sa3045489,,,reillywitmer
9929,Andre Wojtarowicz,Andre Wojtarowicz,sa3045504,,,andrewojtarowicz
9930,Mark Wolbert,Mark Wolbert,sa3045506,,,markwolbert
9931,Jeremy Wolf,Jeremy Wolf,sa3045511,,,jeremywolf
9932,Mason Wolf,Mason Wolf,sa3045512,,,masonwolf
9933,Kyle Wolff,Kyle Wolff,sa3045519,,,kylewolff
9934,Enrique Wood,Enrique Wood,sa3045534,,,enriquewood
9935,Jarryd Wood,Jarryd Wood,sa3045540,,,jarrydwood
9936,Mitch Wood,Mitch Wood,sa3045544,,,mitchwood
9937,Nathan Wood,Nathan Wood,sa3045545,,,nathanwood
9938,Tye Wood,Tye Wood,sa3045546,,,tyewood
9939,Tyler Wood,Tyler Wood,sa3045547,,,tylerwood
9940,JD Woodall,JD Woodall,sa3045551,,,jdwoodall
9941,Kade Woods,Kade Woods,sa3045561,701515,,kadewoods
9942,Peyton Woods,Peyton Woods,sa3045563,,,peytonwoods
9943,Jarek Woodward,Jarek Woodward,sa3045566,,,jarekwoodward
9944,James Woody,James Woody,sa3045570,,,jameswoody
9945,Braydon Wooldridge,Braydon Wooldridge,sa3045573,,,braydonwooldridge
9946,Jay Woolfolk,Jay Woolfolk,sa3045574,696276,,jaywoolfolk
9947,Caden Wooster,Caden Wooster,sa3045579,,,cadenwooster
9948,Chris Worcester,Chris Worcester,sa3045581,,,chrisworcester
9949,Jalen Worthley,Jalen Worthley,sa3045589,,,jalenworthley
9950,Jack Wren,Jack Wren,sa3045598,,,jackwren
9951,Andrew Wright,Andrew Wright,sa3045602,,,andrewwright
9952,Clayvonjae Wright,Clayvonjae Wright,sa3045606,,,clayvonjaewright
9953,Daniel Wright,Daniel Wright,sa3045608,812372,,danielwright
9954,Emery Wright,Emery Wright,sa3045610,,,emerywright
9955,Frankie Wright,Frankie Wright,sa3045611,,,frankiewright
9956,Gabe Wright,Gabe Wright,sa3045612,,,gabewright
9957,Garrett Wright,Garrett Wright,sa3045613,,,garrettwright
9958,Jakob Wright,Jakob Wright,sa3045618,,,jakobwright
9959,James Wright,James Wright,sa3045619,,,jameswright
9960,Joey Wright,Joey Wright,sa3045621,,,joeywright
9961,Matthew Wright,Matthew Wright,sa3045624,,,matthewwright
9962,Danny Wyatt,Danny Wyatt,sa3045644,,,dannywyatt
9963,Drew Wyers,Drew Wyers,sa3045647,,,drewwyers
9964,Connor Wylde,Connor Wylde,sa3045649,,,connorwylde
9965,Blaine Wynk,Blaine Wynk,sa3045653,822360,,blainewynk
9966,Ryan Wynn,Ryan Wynn,sa3045655,,,ryanwynn
9967,Jaden Wywoda,Jaden Wywoda,sa3045658,,,jadenwywoda
9968,Jonathan Xuereb,Jonathan Xuereb,sa3045660,,,jonathanxuereb
9969,Brian Yadlon,Brian Yadlon,sa3045663,,,brianyadlon
9970,Tank Yaghoubi,Tank Yaghoubi,sa3045667,,,tankyaghoubi
9971,J.D. Yakubinis,J.D. Yakubinis,sa3045669,,,jdyakubinis
9972,Jackson Yarberry,Jackson Yarberry,sa3045680,,,jacksonyarberry
9973,Mac Yarbrough,Mac Yarbrough,sa3045682,,,macyarbrough
9974,Garrett Yawn,Garrett Yawn,sa3045691,,,garrettyawn
9975,Bo Yaworski,Bo Yaworski,sa3045692,,,boyaworski
9976,Jeter Ybarra,Jeter Ybarra,sa3045694,,,jeterybarra
9977,Isaac Yeager,Isaac Yeager,sa3045695,,,isaacyeager
9978,Cole Yearsley,Cole Yearsley,sa3045697,,,coleyearsley
9979,Bentley Yeatts,Bentley Yeatts,sa3045698,,,bentleyyeatts
9980,Cole Yennaco,Cole Yennaco,sa3045702,,,coleyennaco
9981,Brian Yetter,Brian Yetter,sa3045706,,,brianyetter
9982,Simon Yoakum,Simon Yoakum,sa3045711,,,simonyoakum
9983,Christian Yoo,Christian Yoo,sa3045716,,,christianyoo
9984,Derek Yoo,Derek Yoo,sa3045717,,,derekyoo
9985,Zach Yorke,Zach Yorke,sa3045721,,,zachyorke
9986,Hayden Yost,Hayden Yost,sa3045723,,,haydenyost
9987,Brian Young,Brian Young,sa3045727,,,brianyoung
9988,Gabe Young,Gabe Young,sa3045737,,,gabeyoung
9989,Scotty Young,Scotty Young,sa3045756,,,scottyyoung
9990,Britt Yount,Britt Yount,sa3045758,,,brittyount
9991,Joseph Yovino,Joseph Yovino,sa3045763,,,josephyovino
9992,Jax Yoxtheimer,Jax Yoxtheimer,sa3045764,,,jaxyoxtheimer
9993,Andrew Yu,Andrew Yu,sa3045765,,,andrewyu
9994,Luke Yuhasz,Luke Yuhasz,sa3045769,,,lukeyuhasz
9995,Andrew Yusypchuk,Andrew Yusypchuk,sa3045774,,,andrewyusypchuk
9996,Ryland Zaborowski,Ryland Zaborowski,sa3045777,,,rylandzaborowski
9997,Owen Zadrozny,Owen Zadrozny,sa3045780,,,owenzadrozny
9998,Zack Zaetta,Zack Zaetta,sa3045781,,,zackzaetta
9999,Jimmy Zakhar,Jimmy Zakhar,sa3045787,,,jimmyzakhar
10000,Cade Zalewski,Cade Zalewski,sa3045789,,,cadezalewski
10001,Mason Zambo,Mason Zambo,sa3045790,,,masonzambo
10002,Joseph Zamora,Joseph Zamora,sa3045793,,,josephzamora
10003,Dante Zamudio,Dante Zamudio,sa3045795,,,dantezamudio
10004,Evan Zapp,Evan Zapp,sa3045802,,,evanzapp
10005,Walker Zapp,Walker Zapp,sa3045803,,,walkerzapp
10006,William Zareh,William Zareh,sa3045806,,,williamzareh
10007,Anthony Zarlingo,Anthony Zarlingo,sa3045809,,,anthonyzarlingo
10008,Kevin Zarnoch Jr.,Kevin Zarnoch Jr.,sa3045810,,,kevinzarnochjr
10009,Michael Zarrillo,Michael Zarrillo,sa3045812,,,michaelzarrillo
10010,Sean Zaslaw,Sean Zaslaw,sa3045814,,,seanzaslaw
10011,Max Zdimal,Max Zdimal,sa3045821,,,maxzdimal
10012,Dylan Zdunek,Dylan Zdunek,sa3045822,,,dylanzdunek
10013,Tyler Zedalis,Tyler Zedalis,sa3045824,,,tylerzedalis
10014,Ben Zeigler-Namoa,Ben Zeigler-Namoa,sa3045831,,,benzeiglernamoa
10015,Luke Zeisloft,Luke Zeisloft,sa3045834,,,lukezeisloft
10016,Brian Zeldin,Brian Zeldin,sa3045835,,,brianzeldin
10017,Martin Zelenka,Martin Zelenka,sa3045837,,,martinzelenka
10018,Dylan Zemotel,Dylan Zemotel,sa3045839,,,dylanzemotel
10019,Aaron Zenus,Aaron Zenus,sa3045840,,,aaronzenus
10020,Mateo Zeppieri,Mateo Zeppieri,sa3045841,,,mateozeppieri
10021,Matt Zguro,Matt Zguro,sa3045849,,,mattzguro
10022,Martin Zhang,Martin Zhang,sa3045850,,,martinzhang
10023,Gage Ziehl,Gage Ziehl,sa3045855,,,gageziehl
10024,Eli Zielinski,Eli Zielinski,sa3045856,,,elizielinski
10025,Jared Zimbardo,Jared Zimbardo,sa3045860,,,jaredzimbardo
10026,Ryan Zimmer,Ryan Zimmer,sa3045869,,,ryanzimmer
10027,Henry Zipay,Henry Zipay,sa3045872,,,henryzipay
10028,Devan Zirwas,Devan Zirwas,sa3045873,,,devanzirwas
10029,Anthony Zollo,Anthony Zollo,sa3045881,,,anthonyzollo
10030,Giano Zuccaro,Giano Zuccaro,sa3045885,,,gianozuccaro
10031,Ryan Zuckerman,Ryan Zuckerman,sa3045886,,,ryanzuckerman
10032,Jordan Zuger,Jordan Zuger,sa3045887,,,jordanzuger
10033,Cuyler Zukowski,Cuyler Zukowski,sa3045888,,,cuylerzukowski
10034,Thomas Zwirecki,Thomas Zwirecki,sa3045894,,,thomaszwirecki
10035,Zac Zyons,Zac Zyons,sa3045896,,,zaczyons
10036,Carter Aarts,Carter Aarts,sa3058455,,,carteraarts
10037,Joey Abbazia,Joey Abbazia,sa3058456,,,joeyabbazia
10038,Jay Abernathy,Jay Abernathy,sa3058457,,,jayabernathy
10039,Mason Acton,Mason Acton,sa3058458,,,masonacton
10040,Alex Adams,Alex Adams,sa3058459,,,alexadams
10041,George Adams,George Adams,sa3058460,,,georgeadams
10042,Sage Adams,Sage Adams,sa3058461,,,sageadams
10043,Michael Addari,Michael Addari,sa3058462,,,michaeladdari
10044,Kide Adetuyi,Kide Adetuyi,sa3058463,,,kideadetuyi
10045,Ethan Adkisson,Ethan Adkisson,sa3058464,,,ethanadkisson
10046,Kelvin Agosto,Kelvin Agosto,sa3058465,,,kelvinagosto
10047,Cadeyrn Ahearn,Cadeyrn Ahearn,sa3058466,,,cadeyrnahearn
10048,Parker Aikens,Parker Aikens,sa3058467,,,parkeraikens
10049,Cody Airington,Cody Airington,sa3058468,,,codyairington
10050,Landon Akers,Landon Akers,sa3058469,,,landonakers
10051,Diego Alana,Diego Alana,sa3058470,,,diegoalana
10052,Edmundo Alanis,Edmundo Alanis,sa3058471,,,edmundoalanis
10053,Andrew Albertus,Andrew Albertus,sa3058472,,,andrewalbertus
10054,Davis Albert,Davis Albert,sa3058473,,,davisalbert
10055,Hunter Alberini,Hunter Alberini,sa3058474,828043,,hunteralberini
10056,Lucas Alberti,Lucas Alberti,sa3058475,,,lucasalberti
10057,George Albrecht,George Albrecht,sa3058476,,,georgealbrecht
10058,Blaine Albright,Blaine Albright,sa3058477,,,blainealbright
10059,Cody Albright,Cody Albright,sa3058478,,,codyalbright
10060,Kris Alcorn,Kris Alcorn,sa3058479,,,krisalcorn
10061,Seven Alemais,Seven Alemais,sa3058480,,,sevenalemais
10062,Jackson Alford,Jackson Alford,sa3058481,,,jacksonalford
10063,Seth Alford,Seth Alford,sa3058482,,,sethalford
10064,Josh Alger,Josh Alger,sa3058483,,,joshalger
10065,Wesley Alig,Wesley Alig,sa3058484,,,wesleyalig
10066,Hunter Allen,Hunter Allen,sa3058485,,,hunterallen
10067,J.C. Allen,J.C. Allen,sa3058486,,,jcallen
10068,Miller Alston,Miller Alston,sa3058487,,,milleralston
10069,Enrique Alvarez Jr.,Enrique Alvarez Jr.,sa3058488,,,enriquealvarezjr
10070,Salvador Alvarez,Salvador Alvarez,sa3058489,,,salvadoralvarez
10071,Caden Alvey,Caden Alvey,sa3058490,,,cadenalvey
10072,Austin Amburgey,Austin Amburgey,sa3058491,,,austinamburgey
10073,Jaxton Andeel,Jaxton Andeel,sa3058492,,,jaxtonandeel
10074,Eric Anderson,Eric Anderson,sa3058493,,,ericanderson
10075,Indy Anderson,Indy Anderson,sa3058494,,,indyanderson
10076,Jake Anderson,Jake Anderson,sa3058495,,,jakeanderson
10077,Jantzen Anderson,Jantzen Anderson,sa3058496,,,jantzenanderson
10078,Logan Anderson,Logan Anderson,sa3058497,,,logananderson
10079,TJ Anderson,TJ Anderson,sa3058498,,,tjanderson
10080,Jack Andrews,Jack Andrews,sa3058499,,,jackandrews
10081,Nick Anello,Nick Anello,sa3058500,,,nickanello
10082,Sam Angelo,Sam Angelo,sa3058501,,,samangelo
10083,Dominic Anselmo,Dominic Anselmo,sa3058502,,,dominicanselmo
10084,Johnny Anservitz,Johnny Anservitz,sa3058503,,,johnnyanservitz
10085,Cam Anstey,Cam Anstey,sa3058504,,,camanstey
10086,AJ Anzai,AJ Anzai,sa3058505,,,ajanzai
10087,Keenan Anzai,Keenan Anzai,sa3058506,,,keenananzai
10088,Diego Aponte,Diego Aponte,sa3058507,,,diegoaponte
10089,Kaleb Applebey,Kaleb Applebey,sa3058508,,,kalebapplebey
10090,Nick April-Gath,Nick April-Gath,sa3058509,,,nickaprilgath
10091,Daniel Arambula,Daniel Arambula,sa3058510,,,danielarambula
10092,Matt Archibald,Matt Archibald,sa3058511,,,mattarchibald
10093,Adrian Areizaga,Adrian Areizaga,sa3058512,,,adrianareizaga
10094,Calix Armijo,Calix Armijo,sa3058513,,,calixarmijo
10095,Ian Armstrong,Ian Armstrong,sa3058514,,,ianarmstrong
10096,Jack Armstrong,Jack Armstrong,sa3058515,,,jackarmstrong
10097,Jacob Arnberger,Jacob Arnberger,sa3058516,,,jacobarnberger
10098,Owen Arndt,Owen Arndt,sa3058517,,,owenarndt
10099,Aaron Arnold,Aaron Arnold,sa3058518,,,aaronarnold
10100,Garrett Arnold,Garrett Arnold,sa3058519,,,garrettarnold
10101,Cade Arrambide,Cade Arrambide,sa3058520,,,cadearrambide
10102,Brandon Arvidson,Brandon Arvidson,sa3058521,,,brandonarvidson
10103,Gio Arzuaga,Gio Arzuaga,sa3058522,,,gioarzuaga
10104,Dorsy Asencio,Dorsy Asencio,sa3058523,,,dorsyasencio
10105,Grayson Ashe,Grayson Ashe,sa3058524,,,graysonashe
10106,Ryan Ashford,Ryan Ashford,sa3058525,,,ryanashford
10107,Kaiden Ashton,Kaiden Ashton,sa3058526,,,kaidenashton
10108,Ethan Atchley,Ethan Atchley,sa3058527,,,ethanatchley
10109,Ira Austin,Ira Austin,sa3058528,,,iraaustin
10110,Owen Austin,Owen Austin,sa3058529,,,owenaustin
10111,Kael Babin,Kael Babin,sa3058530,,,kaelbabin
10112,Danny Baez,Danny Baez,sa3058531,,,dannybaez
10113,Cam Bagwell,Cam Bagwell,sa3058532,,,cambagwell
10114,Carter Bailey,Carter Bailey,sa3058533,,,carterbailey
10115,Carson Bailey,Carson Bailey,sa3058534,,,carsonbailey
10116,Myles Bailey,Myles Bailey,sa3058535,,,mylesbailey
10117,Smith Bailey,Smith Bailey,sa3058536,,,smithbailey
10118,Brennan Baker,Brennan Baker,sa3058537,,,brennanbaker
10119,George Baker,George Baker,sa3058538,,,georgebaker
10120,Ty Baker,Ty Baker,sa3058539,,,tybaker
10121,Will Baker,Will Baker,sa3058540,,,willbaker
10122,Brayden Bakes,Brayden Bakes,sa3058541,,,braydenbakes
10123,Harish Balachandran,Harish Balachandran,sa3058542,,,harishbalachandran
10124,Nick Balcom,Nick Balcom,sa3058543,,,nickbalcom
10125,Gavin Balius,Gavin Balius,sa3058544,,,gavinbalius
10126,Mitch Ball,Mitch Ball,sa3058545,,,mitchball
10127,Brady Ballinger,Brady Ballinger,sa3058546,,,bradyballinger
10128,Jordan Ballin,Jordan Ballin,sa3058547,,,jordanballin
10129,Gray Bane,Gray Bane,sa3058548,,,graybane
10130,Max Banks,Max Banks,sa3058549,822514,,maxbanks
10131,Brett Barber,Brett Barber,sa3058550,,,brettbarber
10132,Jackson Barberi,Jackson Barberi,sa3058551,,,jacksonbarberi
10133,Brody Barker,Brody Barker,sa3058552,,,brodybarker
10134,Ty Barnett,Ty Barnett,sa3058554,,,tybarnett
10135,Joseph Barnhardt,Joseph Barnhardt,sa3058555,,,josephbarnhardt
10136,Cecil Barone,Cecil Barone,sa3058556,,,cecilbarone
10137,Drew Barragan,Drew Barragan,sa3058557,,,drewbarragan
10138,Bobby Barrera,Bobby Barrera,sa3058558,,,bobbybarrera
10139,Drey Barrett,Drey Barrett,sa3058559,,,dreybarrett
10140,Easton Barrett,Easton Barrett,sa3058560,,,eastonbarrett
10141,Alex Barrist,Alex Barrist,sa3058561,,,alexbarrist
10142,Sam Barrouk,Sam Barrouk,sa3058562,,,sambarrouk
10143,Cade Barry,Cade Barry,sa3058563,,,cadebarry
10144,Will Bartkoski,Will Bartkoski,sa3058564,,,willbartkoski
10145,Bobby Bartlett,Bobby Bartlett,sa3058565,,,bobbybartlett
10146,Hudson Barton,Hudson Barton,sa3058566,,,hudsonbarton
10147,Koen Barton,Koen Barton,sa3058567,,,koenbarton
10148,Payton Barton,Payton Barton,sa3058568,,,paytonbarton
10149,Evan Baschnagel,Evan Baschnagel,sa3058569,,,evanbaschnagel
10150,Colin Basehore,Colin Basehore,sa3058570,,,colinbasehore
10151,Tyson Bass,Tyson Bass,sa3058571,,,tysonbass
10152,Ashton Bassett,Ashton Bassett,sa3058572,,,ashtonbassett
10153,Nick Bassi,Nick Bassi,sa3058573,,,nickbassi
10154,Owen Basso,Owen Basso,sa3058574,,,owenbasso
10155,Charlie Bates,Charlie Bates,sa3058575,,,charliebates
10156,Taj Bates,Taj Bates,sa3058576,,,tajbates
10157,Curtis Battle,Curtis Battle,sa3058577,,,curtisbattle
10158,Justin Batts,Justin Batts,sa3058578,,,justinbatts
10159,Douglas Bauer,Douglas Bauer,sa3058579,,,douglasbauer
10160,Jackson Bauer,Jackson Bauer,sa3058580,,,jacksonbauer
10161,Pierce Bauerle,Pierce Bauerle,sa3058581,,,piercebauerle
10162,Trever Baumler,Trever Baumler,sa3058583,,,treverbaumler
10163,Cuyler Baxter,Cuyler Baxter,sa3058584,,,cuylerbaxter
10164,Tyler Bayer,Tyler Bayer,sa3058585,,,tylerbayer
10165,Chase Bays,Chase Bays,sa3058586,,,chasebays
10166,Walker Bazile,Walker Bazile,sa3058587,,,walkerbazile
10167,Chris Bear,Chris Bear,sa3058588,,,chrisbear
10168,Beau Beaty,Beau Beaty,sa3058589,,,beaubeaty
10169,Landon Beaver,Landon Beaver,sa3058590,,,landonbeaver
10170,Carter Beck,Carter Beck,sa3058591,,,carterbeck
10171,Andrew Becker,Andrew Becker,sa3058592,,,andrewbecker
10172,Jack Becker,Jack Becker,sa3058593,,,jackbecker
10173,Zane Becker,Zane Becker,sa3058594,,,zanebecker
10174,Nathan Beckley,Nathan Beckley,sa3058595,,,nathanbeckley
10175,Jared Beebe,Jared Beebe,sa3058596,,,jaredbeebe
10176,Britton Beeson,Britton Beeson,sa3058597,,,brittonbeeson
10177,Milo Behrens,Milo Behrens,sa3058598,,,milobehrens
10178,Jaxon Beiswenger,Jaxon Beiswenger,sa3058599,,,jaxonbeiswenger
10179,Mario Bejarano,Mario Bejarano,sa3058600,,,mariobejarano
10180,Alec Belardes,Alec Belardes,sa3058601,,,alecbelardes
10181,Michael Belcher,Michael Belcher,sa3058602,,,michaelbelcher
10182,Blake Bell,Blake Bell,sa3058603,,,blakebell
10183,Hunter Bell,Hunter Bell,sa3058604,,,hunterbell
10184,Jackson Bell,Jackson Bell,sa3058606,,,jacksonbell
10185,Mason Bell,Mason Bell,sa3058607,,,masonbell
10186,Mikey Bell,Mikey Bell,sa3058608,,,mikeybell
10187,Tyler Bell,Tyler Bell,sa3058609,,,tylerbell
10188,Kasen Bellard,Kasen Bellard,sa3058610,,,kasenbellard
10189,Jackson Bellhorn,Jackson Bellhorn,sa3058611,,,jacksonbellhorn
10190,AJ Beltre,AJ Beltre,sa3058612,,,ajbeltre
10191,Jackson Benattar,Jackson Benattar,sa3058613,,,jacksonbenattar
10192,Christopher Benavidez,Christopher Benavidez,sa3058614,,,christopherbenavidez
10193,Pryce Bender,Pryce Bender,sa3058615,,,prycebender
10194,Zach Bender,Zach Bender,sa3058616,,,zachbender
10195,Tyler Benick,Tyler Benick,sa3058617,,,tylerbenick
10196,Troy Benko,Troy Benko,sa3058618,,,troybenko
10197,Devin Bennett,Devin Bennett,sa3058619,,,devinbennett
10198,Elgin Bennett,Elgin Bennett,sa3058620,,,elginbennett
10199,Nate Bennett,Nate Bennett,sa3058622,,,natebennett
10200,Kobe Benson,Kobe Benson,sa3058623,,,kobebenson
10201,Bryce Benton,Bryce Benton,sa3058624,,,brycebenton
10202,Jack Berg,Jack Berg,sa3058625,,,jackberg
10203,Ethan Bergan,Ethan Bergan,sa3058626,,,ethanbergan
10204,Nazhir Bergen,Nazhir Bergen,sa3058627,,,nazhirbergen
10205,Quinn Berglin,Quinn Berglin,sa3058628,,,quinnberglin
10206,Kincaid Bergthold,Kincaid Bergthold,sa3058629,,,kincaidbergthold
10207,Derek Bermudez,Derek Bermudez,sa3058630,,,derekbermudez
10208,Nolan Bernard,Nolan Bernard,sa3058631,,,nolanbernard
10209,Sebastian Berrios,Sebastian Berrios,sa3058632,,,sebastianberrios
10210,Caleb Berry,Caleb Berry,sa3058633,,,calebberry
10211,Charlie Berryman,Charlie Berryman,sa3058634,,,charlieberryman
10212,Justin Best,Justin Best,sa3058635,,,justinbest
10213,Edwin Betances,Edwin Betances,sa3058636,,,edwinbetances
10214,Max Bianchini,Max Bianchini,sa3058637,,,maxbianchini
10215,Matthew Bienvenu,Matthew Bienvenu,sa3058638,,,matthewbienvenu
10216,Beny Bikar,Beny Bikar,sa3058639,,,benybikar
10217,Frankie Bilecki,Frankie Bilecki,sa3058640,,,frankiebilecki
10218,Jacob Billings,Jacob Billings,sa3058641,,,jacobbillings
10219,Luke Billings,Luke Billings,sa3058642,,,lukebillings
10220,Kade Bing,Kade Bing,sa3058643,,,kadebing
10221,Alex Bingler,Alex Bingler,sa3058644,,,alexbingler
10222,Brandon Bishop,Brandon Bishop,sa3058645,,,brandonbishop
10223,Brodey Bitove,Brodey Bitove,sa3058646,,,brodeybitove
10224,Jaden Bitter,Jaden Bitter,sa3058647,,,jadenbitter
10225,CJ Blackwell,CJ Blackwell,sa3058648,,,cjblackwell
10226,Collins Black,Collins Black,sa3058649,,,collinsblack
10227,Jake Blackwell,Jake Blackwell,sa3058650,,,jakeblackwell
10228,Jordan Black,Jordan Black,sa3058651,,,jordanblack
10229,J.T. Blackwood,J.T. Blackwood,sa3058652,,,jtblackwood
10230,Parker Blackman,Parker Blackman,sa3058653,,,parkerblackman
10231,Riley Black,Riley Black,sa3058654,,,rileyblack
10232,Brady Blake,Brady Blake,sa3058655,,,bradyblake
10233,Jayce Blalock,Jayce Blalock,sa3058656,,,jayceblalock
10234,Adrian Blanchet,Adrian Blanchet,sa3058657,,,adrianblanchet
10235,Cermodrick Bland,Cermodrick Bland,sa3058658,,,cermodrickbland
10236,Brody Block,Brody Block,sa3058659,,,brodyblock
10237,Melvin Blocker,Melvin Blocker,sa3058660,,,melvinblocker
10238,Hayden Blosser,Hayden Blosser,sa3058661,,,haydenblosser
10239,Colton Boardman,Colton Boardman,sa3058662,,,coltonboardman
10240,Easton Bobb,Easton Bobb,sa3058663,,,eastonbobb
10241,Hiram Bocachica Jr.,Hiram Bocachica Jr.,sa3058664,,,hirambocachicajr
10242,Lucas Boesen,Lucas Boesen,sa3058665,,,lucasboesen
10243,Cael Boever,Cael Boever,sa3058666,,,caelboever
10244,Justin Bogard,Justin Bogard,sa3058667,,,justinbogard
10245,Carson Boles,Carson Boles,sa3058668,,,carsonboles
10246,Robby Bolin,Robby Bolin,sa3058669,,,robbybolin
10247,MJ Bollinger,MJ Bollinger,sa3058670,,,mjbollinger
10248,Matt Bolton,Matt Bolton,sa3058671,,,mattbolton
10249,Karson Bonaparte,Karson Bonaparte,sa3058672,,,karsonbonaparte
10250,Sam Bond,Sam Bond,sa3058673,,,sambond
10251,Benito Bonilla,Benito Bonilla,sa3058674,,,benitobonilla
10252,Sam Bonilla,Sam Bonilla,sa3058675,,,sambonilla
10253,Richie Bonomolo Jr.,Richie Bonomolo Jr.,sa3058676,825925,,richiebonomolojr
10254,Nolan Book,Nolan Book,sa3058677,,,nolanbook
10255,Nadell Booker,Nadell Booker,sa3058678,,,nadellbooker
10256,Eric Boothe,Eric Boothe,sa3058679,,,ericboothe
10257,Joe Bordelon,Joe Bordelon,sa3058680,,,joebordelon
10258,Ethan Borggren,Ethan Borggren,sa3058681,,,ethanborggren
10259,Drew Borner,Drew Borner,sa3058682,,,drewborner
10260,James Bose,James Bose,sa3058683,,,jamesbose
10261,Marcus Botelho,Marcus Botelho,sa3058684,,,marcusbotelho
10262,CJ Bott,CJ Bott,sa3058685,,,cjbott
10263,Brady Bouchard,Brady Bouchard,sa3058686,,,bradybouchard
10264,CJ Boudreaux,CJ Boudreaux,sa3058687,,,cjboudreaux
10265,Tyler Boudreau,Tyler Boudreau,sa3058688,,,tylerboudreau
10266,Andre Bouffard,Andre Bouffard,sa3058689,,,andrebouffard
10267,Burkley Bounds,Burkley Bounds,sa3058690,,,burkleybounds
10268,Tom Bourque,Tom Bourque,sa3058691,,,tombourque
10269,Harrison Boushele,Harrison Boushele,sa3058692,,,harrisonboushele
10270,Blake Bowen,Blake Bowen,sa3058693,,,blakebowen
10271,Will Bowen,Will Bowen,sa3058694,,,willbowen
10272,Mac Bowie,Mac Bowie,sa3058695,,,macbowie
10273,Rhys Bowie,Rhys Bowie,sa3058696,,,rhysbowie
10274,Chet Bowling,Chet Bowling,sa3058697,,,chetbowling
10275,Harrison Bowman,Harrison Bowman,sa3058698,,,harrisonbowman
10276,Kenan Bowman,Kenan Bowman,sa3058699,,,kenanbowman
10277,Deacon Bowne,Deacon Bowne,sa3058700,,,deaconbowne
10278,Brandon Boyd,Brandon Boyd,sa3058701,,,brandonboyd
10279,Zach Boyd,Zach Boyd,sa3058703,,,zachboyd
10280,Kyle Boylston,Kyle Boylston,sa3058704,,,kyleboylston
10281,Spencer Boynton,Spencer Boynton,sa3058705,,,spencerboynton
10282,Blake Bradford,Blake Bradford,sa3058706,,,blakebradford
10283,Grant Bradley,Grant Bradley,sa3058707,,,grantbradley
10284,Kayden Bradshaw,Kayden Bradshaw,sa3058708,,,kaydenbradshaw
10285,Cody Bradt,Cody Bradt,sa3058709,,,codybradt
10286,Luke Bragga,Luke Bragga,sa3058710,,,lukebragga
10287,Travis Bragg,Travis Bragg,sa3058711,,,travisbragg
10288,Gavin Braland,Gavin Braland,sa3058712,,,gavinbraland
10289,Kyle Branch,Kyle Branch,sa3058713,,,kylebranch
10290,Ethan Brand,Ethan Brand,sa3058714,,,ethanbrand
10291,Matt Brandt,Matt Brandt,sa3058715,,,mattbrandt
10292,Bryce Brannon,Bryce Brannon,sa3058716,,,brycebrannon
10293,Ashton Branson,Ashton Branson,sa3058717,,,ashtonbranson
10294,Cooper Brass,Cooper Brass,sa3058718,,,cooperbrass
10295,Mason Brassfield,Mason Brassfield,sa3058719,,,masonbrassfield
10296,Alex Brazer,Alex Brazer,sa3058720,,,alexbrazer
10297,Alex Breckheimer,Alex Breckheimer,sa3058721,832225,,alexbreckheimer
10298,Austin Breedlove,Austin Breedlove,sa3058722,,,austinbreedlove
10299,Jack Brennan,Jack Brennan,sa3058723,,,jackbrennan
10300,Jimmy Brennan,Jimmy Brennan,sa3058724,,,jimmybrennan
10301,Mason Breton,Mason Breton,sa3058725,,,masonbreton
10302,Brody Briggs,Brody Briggs,sa3058726,,,brodybriggs
10303,Hudson Brignac,Hudson Brignac,sa3058727,,,hudsonbrignac
10304,Charlie Brinkman,Charlie Brinkman,sa3058728,,,charliebrinkman
10305,Luke Broderick,Luke Broderick,sa3058729,830153,,lukebroderick
10306,Tyler Brodrick,Tyler Brodrick,sa3058730,,,tylerbrodrick
10307,Connor Brooks,Connor Brooks,sa3058731,,,connorbrooks
10308,Dalton Brooks,Dalton Brooks,sa3058732,,,daltonbrooks
10309,Jacob Brooks,Jacob Brooks,sa3058733,,,jacobbrooks
10310,Will Brooks,Will Brooks,sa3058735,,,willbrooks
10311,Anthony Brotz,Anthony Brotz,sa3058736,,,anthonybrotz
10312,Mack Brousseau,Mack Brousseau,sa3058737,,,mackbrousseau
10313,Tre Broussard,Tre Broussard,sa3058738,,,trebroussard
10314,Andrew Brown,Andrew Brown,sa3058739,,,andrewbrown
10315,Anthony Brown,Anthony Brown,sa3058740,,,anthonybrown
10316,Blaine Brown,Blaine Brown,sa3058741,,,blainebrown
10317,Branden Brown,Branden Brown,sa3058742,,,brandenbrown
10318,CJ Brown,CJ Brown,sa3058743,,,cjbrown
10319,Dion Brown,Dion Brown,sa3058744,,,dionbrown
10320,Gavin Brown,Gavin Brown,sa3058746,,,gavinbrown
10321,Jack Brown,Jack Brown,sa3058747,,,jackbrown
10322,Kaden Brown,Kaden Brown,sa3058748,,,kadenbrown
10323,Kordell Brown,Kordell Brown,sa3058749,,,kordellbrown
10324,Ryan Brown,Ryan Brown,sa3058750,,,ryanbrown
10325,Zane Brown,Zane Brown,sa3058751,,,zanebrown
10326,Henry Brummel,Henry Brummel,sa3058752,,,henrybrummel
10327,Brandon Brunette,Brandon Brunette,sa3058753,,,brandonbrunette
10328,Beau Bryans,Beau Bryans,sa3058754,,,beaubryans
10329,Carson Bryant,Carson Bryant,sa3058755,,,carsonbryant
10330,Dylan Bryan,Dylan Bryan,sa3058756,,,dylanbryan
10331,Easton Bryant,Easton Bryant,sa3058757,,,eastonbryant
10332,England Bryan,England Bryan,sa3058758,,,englandbryan
10333,Jackson Bryan,Jackson Bryan,sa3058759,,,jacksonbryan
10334,Sam Bryan,Sam Bryan,sa3058760,,,sambryan
10335,Parker Brzustewicz,Parker Brzustewicz,sa3058761,,,parkerbrzustewicz
10336,Zander Buchan,Zander Buchan,sa3058762,,,zanderbuchan
10337,Finley Buckner,Finley Buckner,sa3058763,,,finleybuckner
10338,Lukas Buckner,Lukas Buckner,sa3058764,,,lukasbuckner
10339,Adam Buczkowski,Adam Buczkowski,sa3058765,,,adambuczkowski
10340,Micah Bujacich,Micah Bujacich,sa3058766,,,micahbujacich
10341,Garrison Bullock,Garrison Bullock,sa3058767,,,garrisonbullock
10342,Jabril Bullock,Jabril Bullock,sa3058768,,,jabrilbullock
10343,Brody Bunting,Brody Bunting,sa3058769,,,brodybunting
10344,Clay Burdette,Clay Burdette,sa3058770,,,clayburdette
10345,Gage Burdick,Gage Burdick,sa3058771,,,gageburdick
10346,Sam Burgess,Sam Burgess,sa3058772,,,samburgess
10347,Will Burgess,Will Burgess,sa3058773,,,willburgess
10348,Clayton Burke,Clayton Burke,sa3058775,,,claytonburke
10349,Carter Burnette,Carter Burnette,sa3058776,,,carterburnette
10350,Conor Burns,Conor Burns,sa3058777,,,conorburns
10351,Braden Burress,Braden Burress,sa3058778,,,bradenburress
10352,JJ Bush,JJ Bush,sa3058779,,,jjbush
10353,Jordan Bush,Jordan Bush,sa3058780,,,jordanbush
10354,Cord Butler,Cord Butler,sa3058781,,,cordbutler
10355,Tazwell Butler,Tazwell Butler,sa3058782,,,tazwellbutler
10356,Zac Butler,Zac Butler,sa3058783,,,zacbutler
10357,Eli Buxton,Eli Buxton,sa3058784,,,elibuxton
10358,Owen Byberg,Owen Byberg,sa3058785,,,owenbyberg
10359,Cayden Byers,Cayden Byers,sa3058786,,,caydenbyers
10360,Jaden Caballero,Jaden Caballero,sa3058787,,,jadencaballero
10361,Pierre Cabral,Pierre Cabral,sa3058788,,,pierrecabral
10362,JC Cabuyaban,JC Cabuyaban,sa3058789,,,jccabuyaban
10363,Noah Cadiz,Noah Cadiz,sa3058790,,,noahcadiz
10364,Austin Cadroy,Austin Cadroy,sa3058791,,,austincadroy
10365,Riley Cahill,Riley Cahill,sa3058792,,,rileycahill
10366,Brandon Cain,Brandon Cain,sa3058793,827610,,brandoncain
10367,Peter Caldera,Peter Caldera,sa3058794,,,petercaldera
10368,Joshua Caldwell,Joshua Caldwell,sa3058795,,,joshuacaldwell
10369,Andrew Callaway,Andrew Callaway,sa3058796,,,andrewcallaway
10370,Cameron Calvillo,Cameron Calvillo,sa3058797,,,cameroncalvillo
10371,Shawn Cameron,Shawn Cameron,sa3058798,,,shawncameron
10372,Tracen Cameron,Tracen Cameron,sa3058799,,,tracencameron
10373,Rees Campanale,Rees Campanale,sa3058800,,,reescampanale
10374,Cooper Campbell,Cooper Campbell,sa3058801,,,coopercampbell
10375,Keaton Campbell,Keaton Campbell,sa3058802,,,keatoncampbell
10376,Scott Campbell,Scott Campbell,sa3058803,,,scottcampbell
10377,Harrison Campi,Harrison Campi,sa3058804,,,harrisoncampi
10378,Dante Cano,Dante Cano,sa3058805,,,dantecano
10379,Drew Canody,Drew Canody,sa3058806,,,drewcanody
10380,Fisher Cantrell,Fisher Cantrell,sa3058807,,,fishercantrell
10381,Miguel Cantu,Miguel Cantu,sa3058808,,,miguelcantu
10382,Cole Canty,Cole Canty,sa3058809,,,colecanty
10383,AJ Cappell,AJ Cappell,sa3058810,,,ajcappell
10384,Diego Cardenas,Diego Cardenas,sa3058811,,,diegocardenas
10385,Joe Cardinale,Joe Cardinale,sa3058812,,,joecardinale
10386,Tate Carey,Tate Carey,sa3058813,,,tatecarey
10387,Daylon Carleton,Daylon Carleton,sa3058814,,,dayloncarleton
10388,Hunter Carlson,Hunter Carlson,sa3058815,,,huntercarlson
10389,Luke Carner,Luke Carner,sa3058816,,,lukecarner
10390,Hunter Carns,Hunter Carns,sa3058817,,,huntercarns
10391,Harry Carr,Harry Carr,sa3058818,,,harrycarr
10392,Kannon Carr,Kannon Carr,sa3058819,,,kannoncarr
10393,Julian Carrasquilla,Julian Carrasquilla,sa3058820,,,juliancarrasquilla
10394,Yomar Carreras,Yomar Carreras,sa3058821,,,yomarcarreras
10395,Brian Carrothers,Brian Carrothers,sa3058822,,,briancarrothers
10396,Ansel Carson,Ansel Carson,sa3058823,,,anselcarson
10397,Cody Carson,Cody Carson,sa3058824,,,codycarson
10398,AJ Carter,AJ Carter,sa3058825,,,ajcarter
10399,Brandon Carter,Brandon Carter,sa3058826,,,brandoncarter
10400,Cameron Carter,Cameron Carter,sa3058827,,,cameroncarter
10401,Colby Carter,Colby Carter,sa3058828,,,colbycarter
10402,Jaedan Carter,Jaedan Carter,sa3058829,,,jaedancarter
10403,Jorge Cartegena,Jorge Cartegena,sa3058830,,,jorgecartegena
10404,Carter Casabella,Carter Casabella,sa3058831,,,cartercasabella
10405,Matthew Cash,Matthew Cash,sa3058832,,,matthewcash
10406,Brandon Cassedy,Brandon Cassedy,sa3058833,,,brandoncassedy
10407,Louis Castano,Louis Castano,sa3058834,,,louiscastano
10408,Ben Castelli,Ben Castelli,sa3058835,,,bencastelli
10409,Josh Castellani,Josh Castellani,sa3058836,,,joshcastellani
10410,Nate Castellon,Nate Castellon,sa3058837,,,natecastellon
10411,Landon Castor,Landon Castor,sa3058838,,,landoncastor
10412,Alessandro Castro,Alessandro Castro,sa3058839,,,alessandrocastro
10413,Isaac Castro,Isaac Castro,sa3058840,,,isaaccastro
10414,Ryan Castro,Ryan Castro,sa3058841,,,ryancastro
10415,Tyler Castrataro,Tyler Castrataro,sa3058842,,,tylercastrataro
10416,Michael Catalano,Michael Catalano,sa3058843,,,michaelcatalano
10417,Mason Ceccarelli,Mason Ceccarelli,sa3058844,,,masonceccarelli
10418,Cole Chace,Cole Chace,sa3058845,,,colechace
10419,Jake Chadwell,Jake Chadwell,sa3058846,,,jakechadwell
10420,Camden Chalfant,Camden Chalfant,sa3058847,,,camdenchalfant
10421,Bryce Chambers,Bryce Chambers,sa3058848,,,brycechambers
10422,Chase Chamberlain,Chase Chamberlain,sa3058849,,,chasechamberlain
10423,John Chambers,John Chambers,sa3058850,,,johnchambers
10424,Carter Champey,Carter Champey,sa3058851,,,carterchampey
10425,Caleb Champion,Caleb Champion,sa3058852,,,calebchampion
10426,Miles Chandler,Miles Chandler,sa3058853,,,mileschandler
10427,Cooper Chaplain,Cooper Chaplain,sa3058854,,,cooperchaplain
10428,Elijah Charlot,Elijah Charlot,sa3058855,,,elijahcharlot
10429,Christian Chatterton,Christian Chatterton,sa3058856,,,christianchatterton
10430,Joseph Chavana,Joseph Chavana,sa3058857,,,josephchavana
10431,Alex Chavez,Alex Chavez,sa3058858,,,alexchavez
10432,Jack Chavez,Jack Chavez,sa3058859,,,jackchavez
10433,Dylan Cheeley,Dylan Cheeley,sa3058860,,,dylancheeley
10434,Caiden Chilausky,Caiden Chilausky,sa3058861,,,caidenchilausky
10435,Chase Chopin,Chase Chopin,sa3058862,,,chasechopin
10436,Jaxon Christensen,Jaxon Christensen,sa3058863,,,jaxonchristensen
10437,Javon Christian,Javon Christian,sa3058864,,,javonchristian
10438,Tanner Chun,Tanner Chun,sa3058865,,,tannerchun
10439,Kike Cienfuegos,Kike Cienfuegos,sa3058866,,,kikecienfuegos
10440,Danny Cihocki,Danny Cihocki,sa3058867,,,dannycihocki
10441,AJ Ciscar,AJ Ciscar,sa3058868,,,ajciscar
10442,Andrew Cisneros,Andrew Cisneros,sa3058869,,,andrewcisneros
10443,Marco Citro,Marco Citro,sa3058870,,,marcocitro
10444,Jason Claiborn,Jason Claiborn,sa3058871,,,jasonclaiborn
10445,Kody Clancy,Kody Clancy,sa3058872,,,kodyclancy
10446,Cooper Clapp,Cooper Clapp,sa3058873,,,cooperclapp
10447,Reece Clapp,Reece Clapp,sa3058874,,,reececlapp
10448,Brady Clark,Brady Clark,sa3058875,,,bradyclark
10449,Jayden Clark,Jayden Clark,sa3058876,,,jaydenclark
10450,Levi Clark,Levi Clark,sa3058878,,,leviclark
10451,Raymond Clark,Raymond Clark,sa3058879,,,raymondclark
10452,Ross Clark,Ross Clark,sa3058880,,,rossclark
10453,Todd Clay,Todd Clay,sa3058881,,,toddclay
10454,Royce Clayton Jr.,Royce Clayton Jr.,sa3058882,,,royceclaytonjr
10455,Cole Cleveland,Cole Cleveland,sa3058883,,,colecleveland
10456,Camden Clewett,Camden Clewett,sa3058884,,,camdenclewett
10457,Cade Climie,Cade Climie,sa3058885,,,cadeclimie
10458,Jonathan Clough,Jonathan Clough,sa3058886,,,jonathanclough
10459,Owen Clyne,Owen Clyne,sa3058887,,,owenclyne
10460,Kannon Coakley,Kannon Coakley,sa3058888,,,kannoncoakley
10461,Casey Coates,Casey Coates,sa3058889,,,caseycoates
10462,Clayton Coats,Clayton Coats,sa3058890,,,claytoncoats
10463,Quinton Coats,Quinton Coats,sa3058891,,,quintoncoats
10464,Cordell Coburn,Cordell Coburn,sa3058892,,,cordellcoburn
10465,LT Cockrill,LT Cockrill,sa3058893,,,ltcockrill
10466,Brady Coe,Brady Coe,sa3058894,,,bradycoe
10467,Carter Coffin,Carter Coffin,sa3058895,,,cartercoffin
10468,Ben Coke,Ben Coke,sa3058896,,,bencoke
10469,Hunter Colagrande,Hunter Colagrande,sa3058897,,,huntercolagrande
10470,Nolan Colby,Nolan Colby,sa3058898,,,nolancolby
10471,Cam Cole,Cam Cole,sa3058899,,,camcole
10472,Jackson Cole,Jackson Cole,sa3058900,,,jacksoncole
10473,Sam Cole,Sam Cole,sa3058901,,,samcole
10474,Blake Coleman,Blake Coleman,sa3058902,,,blakecoleman
10475,Lazaro Collera,Lazaro Collera,sa3058903,,,lazarocollera
10476,Hayden Collins,Hayden Collins,sa3058904,,,haydencollins
10477,John Colligan,John Colligan,sa3058905,,,johncolligan
10478,Kenyon Collins,Kenyon Collins,sa3058906,,,kenyoncollins
10479,Mark Collins,Mark Collins,sa3058907,,,markcollins
10480,Mitchell Collins,Mitchell Collins,sa3058908,,,mitchellcollins
10481,Tate Collins,Tate Collins,sa3058909,,,tatecollins
10482,Jake Colucci,Jake Colucci,sa3058910,,,jakecolucci
10483,CJ Colyer,CJ Colyer,sa3058911,,,cjcolyer
10484,Ryan Combs,Ryan Combs,sa3058912,,,ryancombs
10485,Mateus Conaway,Mateus Conaway,sa3058913,,,mateusconaway
10486,Cullen Condon,Cullen Condon,sa3058914,,,cullencondon
10487,Josh Cone,Josh Cone,sa3058915,,,joshcone
10488,Brendan Conner,Brendan Conner,sa3058916,,,brendanconner
10489,Lucas Connors,Lucas Connors,sa3058917,,,lucasconnors
10490,Cole Constable,Cole Constable,sa3058918,,,coleconstable
10491,Matt Conte,Matt Conte,sa3058919,,,mattconte
10492,Danny Cook,Danny Cook,sa3058920,,,dannycook
10493,Luke Cooley,Luke Cooley,sa3058921,,,lukecooley
10494,Brady Coon,Brady Coon,sa3058922,,,bradycoon
10495,Colin Coonradt,Colin Coonradt,sa3058923,,,colincoonradt
10496,Mason Cooper,Mason Cooper,sa3058924,,,masoncooper
10497,Troy Cooper,Troy Cooper,sa3058925,,,troycooper
10498,Nik Copenhaver,Nik Copenhaver,sa3058926,,,nikcopenhaver
10499,Paul Coppinger,Paul Coppinger,sa3058927,,,paulcoppinger
10500,Parker Corbin,Parker Corbin,sa3058928,,,parkercorbin
10501,Brady Corcoran,Brady Corcoran,sa3058929,,,bradycorcoran
10502,Luke Corcoran,Luke Corcoran,sa3058930,,,lukecorcoran
10503,Aidan Corn,Aidan Corn,sa3058931,,,aidancorn
10504,Brayden Corn,Brayden Corn,sa3058932,836068,,braydencorn
10505,Ryan Costello,Ryan Costello,sa3058933,,,ryancostello
10506,Josh Cote,Josh Cote,sa3058934,,,joshcote
10507,Jaron Cotton,Jaron Cotton,sa3058935,,,jaroncotton
10508,Will Couchman,Will Couchman,sa3058936,,,willcouchman
10509,Blake Cowans,Blake Cowans,sa3058937,,,blakecowans
10510,Will Cowan,Will Cowan,sa3058938,,,willcowan
10511,Carter Cox,Carter Cox,sa3058939,,,cartercox
10512,David Cox,David Cox,sa3058940,,,davidcox
10513,Noah Coy,Noah Coy,sa3058941,,,noahcoy
10514,J.T. Crabbe,J.T. Crabbe,sa3058942,,,jtcrabbe
10515,Thomas Crabtree,Thomas Crabtree,sa3058943,,,thomascrabtree
10516,Haldon Craig,Haldon Craig,sa3058944,,,haldoncraig
10517,JT Craig,JT Craig,sa3058945,,,jtcraig
10518,Michael Craig,Michael Craig,sa3058946,,,michaelcraig
10519,Zach Crandall,Zach Crandall,sa3058947,,,zachcrandall
10520,Tristan Crane,Tristan Crane,sa3058948,,,tristancrane
10521,Wayland Crane,Wayland Crane,sa3058949,,,waylandcrane
10522,Petey Craska,Petey Craska,sa3058950,,,peteycraska
10523,Hayden Crews,Hayden Crews,sa3058951,,,haydencrews
10524,Kyle Crisp,Kyle Crisp,sa3058952,,,kylecrisp
10525,Logan Crock,Logan Crock,sa3058953,,,logancrock
10526,Myles Crocker,Myles Crocker,sa3058954,,,mylescrocker
10527,Cade Crossland,Cade Crossland,sa3058955,,,cadecrossland
10528,Colin Crowley,Colin Crowley,sa3058956,,,colincrowley
10529,Riley Cruce,Riley Cruce,sa3058957,,,rileycruce
10530,Michael Cruz,Michael Cruz,sa3058958,,,michaelcruz
10531,Jake Cullen,Jake Cullen,sa3058959,,,jakecullen
10532,Ian Culver,Ian Culver,sa3058960,,,ianculver
10533,Jace Cunnane,Jace Cunnane,sa3058961,,,jacecunnane
10534,Cam Cunnings,Cam Cunnings,sa3058962,,,camcunnings
10535,Conner Cunningham,Conner Cunningham,sa3058963,,,connercunningham
10536,Josh Cunningan,Josh Cunningan,sa3058964,,,joshcunningan
10537,Ty Cunningham,Ty Cunningham,sa3058965,,,tycunningham
10538,Derek Curiel,Derek Curiel,sa3058966,,,derekcuriel
10539,John Curl,John Curl,sa3058967,,,johncurl
10540,TJ Curley,TJ Curley,sa3058968,,,tjcurley
10541,Brayden Curlis,Brayden Curlis,sa3058969,,,braydencurlis
10542,Tommy Curran,Tommy Curran,sa3058970,,,tommycurran
10543,Bryce Curry,Bryce Curry,sa3058971,,,brycecurry
10544,Braden Curry,Braden Curry,sa3058972,,,bradencurry
10545,Stephen Curry,Stephen Curry,sa3058973,,,stephencurry
10546,River Curs,River Curs,sa3058974,,,rivercurs
10547,Eli Curtis,Eli Curtis,sa3058975,,,elicurtis
10548,Jacob Cyr,Jacob Cyr,sa3058976,,,jacobcyr
10549,Jake DAltrui,Jake DAltrui,sa3058977,,,jakedaltrui
10550,Jamie Daly,Jamie Daly,sa3058978,,,jamiedaly
10551,Ryan Daly,Ryan Daly,sa3058979,,,ryandaly
10552,Matt DAmato,Matt DAmato,sa3058980,,,mattdamato
10553,Joey Damelio,Joey Damelio,sa3058981,,,joeydamelio
10554,Andrew Damiani,Andrew Damiani,sa3058982,,,andrewdamiani
10555,Aden Dance,Aden Dance,sa3058983,,,adendance
10556,Chris Daniels,Chris Daniels,sa3058984,,,chrisdaniels
10557,Conlan Daniel,Conlan Daniel,sa3058985,,,conlandaniel
10558,Grady Daniels,Grady Daniels,sa3058986,,,gradydaniels
10559,Zane Danielson,Zane Danielson,sa3058987,,,zanedanielson
10560,Carter Danz,Carter Danz,sa3058988,,,carterdanz
10561,Nathan Darden,Nathan Darden,sa3058989,,,nathandarden
10562,Noah Darden,Noah Darden,sa3058990,,,noahdarden
10563,Sean Darnell,Sean Darnell,sa3058991,,,seandarnell
10564,Lucas Davenport,Lucas Davenport,sa3058992,,,lucasdavenport
10565,Mason Davenport,Mason Davenport,sa3058993,,,masondavenport
10566,Landis Davila,Landis Davila,sa3058994,,,landisdavila
10567,Brett Davino,Brett Davino,sa3058995,,,brettdavino
10568,Ben Davis,Ben Davis,sa3058996,,,bendavis
10569,Braxton Davis,Braxton Davis,sa3058997,,,braxtondavis
10570,Charlie Davis,Charlie Davis,sa3058998,,,charliedavis
10571,Diego Davis,Diego Davis,sa3058999,,,diegodavis
10572,Jason Davis,Jason Davis,sa3059001,,,jasondavis
10573,Jaxson Davis,Jaxson Davis,sa3059002,,,jaxsondavis
10574,Jared Davis,Jared Davis,sa3059003,816207,,jareddavis
10575,Karsen Davis,Karsen Davis,sa3059004,,,karsendavis
10576,Kolt Davis,Kolt Davis,sa3059005,,,koltdavis
10577,Tague Davis,Tague Davis,sa3059006,,,taguedavis
10578,Ty Davis,Ty Davis,sa3059007,,,tydavis
10579,Vincent Davis,Vincent Davis,sa3059008,,,vincentdavis
10580,Zane Davis,Zane Davis,sa3059009,,,zanedavis
10581,Hunter Daymond,Hunter Daymond,sa3059010,,,hunterdaymond
10582,Ben Dean,Ben Dean,sa3059011,,,bendean
10583,David Dean,David Dean,sa3059012,,,daviddean
10584,Micah Dean,Micah Dean,sa3059013,,,micahdean
10585,Will Dean,Will Dean,sa3059014,,,willdean
10586,Jimmy De Anda,Jimmy De Anda,sa3059015,,,jimmydeanda
10587,Michael De Angelis,Michael De Angelis,sa3059016,,,michaeldeangelis
10588,Brice Deaton,Brice Deaton,sa3059017,,,bricedeaton
10589,Michael Debattista,Michael Debattista,sa3059018,,,michaeldebattista
10590,Kenny Decelle,Kenny Decelle,sa3059019,,,kennydecelle
10591,Dominic Decker,Dominic Decker,sa3059020,,,dominicdecker
10592,Kai Decker,Kai Decker,sa3059021,,,kaidecker
10593,John DeCoste,John DeCoste,sa3059022,,,johndecoste
10594,James DeCremer,James DeCremer,sa3059023,,,jamesdecremer
10595,Coy DeFury,Coy DeFury,sa3059024,,,coydefury
10596,Brandon DeGoti,Brandon DeGoti,sa3059025,,,brandondegoti
10597,Logan Degroot,Logan Degroot,sa3059026,,,logandegroot
10598,Brody DeLamielleure,Brody DeLamielleure,sa3059027,,,brodydelamielleure
10599,Jeremy Delamota,Jeremy Delamota,sa3059028,,,jeremydelamota
10600,Matthew Delgado,Matthew Delgado,sa3059029,,,matthewdelgado
10601,Harry Deliyannis,Harry Deliyannis,sa3059030,,,harrydeliyannis
10602,Luke Dellentash,Luke Dellentash,sa3059031,,,lukedellentash
10603,Michael Delph,Michael Delph,sa3059032,,,michaeldelph
10604,Matthew Delvecchio,Matthew Delvecchio,sa3059033,,,matthewdelvecchio
10605,Rocco DeMarinis,Rocco DeMarinis,sa3059034,,,roccodemarinis
10606,Tim Denet,Tim Denet,sa3059035,,,timdenet
10607,Collin Dennis,Collin Dennis,sa3059036,,,collindennis
10608,Hogan Denny,Hogan Denny,sa3059037,,,hogandenny
10609,Ty DePerno,Ty DePerno,sa3059038,,,tydeperno
10610,Dutch DeProspero,Dutch DeProspero,sa3059039,,,dutchdeprospero
10611,Tate DeRias,Tate DeRias,sa3059040,,,tatederias
10612,JC Dermody,JC Dermody,sa3059041,,,jcdermody
10613,Eli DeRossi,Eli DeRossi,sa3059042,,,eliderossi
10614,Davis DErrico,Davis DErrico,sa3059043,,,davisderrico
10615,Matt DeShiro,Matt DeShiro,sa3059044,,,mattdeshiro
10616,Jack DeTienne,Jack DeTienne,sa3059045,,,jackdetienne
10617,Noah Detillier,Noah Detillier,sa3059046,,,noahdetillier
10618,Andrew Detlefsen,Andrew Detlefsen,sa3059047,,,andrewdetlefsen
10619,Luke Devine,Luke Devine,sa3059048,,,lukedevine
10620,Cam Diaz,Cam Diaz,sa3059049,,,camdiaz
10621,Derek Diaz,Derek Diaz,sa3059051,,,derekdiaz
10622,Nick Dicarlo,Nick Dicarlo,sa3059052,,,nickdicarlo
10623,Drew Dickerson,Drew Dickerson,sa3059053,,,drewdickerson
10624,Nkosi Didder,Nkosi Didder,sa3059054,,,nkosididder
10625,Carter Dierdorf,Carter Dierdorf,sa3059055,,,carterdierdorf
10626,Aiden Dill,Aiden Dill,sa3059056,,,aidendill
10627,Camden Dimidjian,Camden Dimidjian,sa3059057,,,camdendimidjian
10628,Jayce Dobie,Jayce Dobie,sa3059058,,,jaycedobie
10629,Cord Dobrinski,Cord Dobrinski,sa3059059,,,corddobrinski
10630,Trip Dobson,Trip Dobson,sa3059060,,,tripdobson
10631,Brady Dockan,Brady Dockan,sa3059061,,,bradydockan
10632,Cade Dodson,Cade Dodson,sa3059062,,,cadedodson
10633,Charlie Dohemann,Charlie Dohemann,sa3059063,,,charliedohemann
10634,Zach Dohrmann,Zach Dohrmann,sa3059064,,,zachdohrmann
10635,Eddie Dolansky,Eddie Dolansky,sa3059065,,,eddiedolansky
10636,Bryce Dolce,Bryce Dolce,sa3059066,,,brycedolce
10637,Adrian Dominguez,Adrian Dominguez,sa3059067,,,adriandominguez
10638,Matthew Dominianni,Matthew Dominianni,sa3059068,,,matthewdominianni
10639,Hayden Donahue,Hayden Donahue,sa3059069,,,haydendonahue
10640,Zach Donahue,Zach Donahue,sa3059070,,,zachdonahue
10641,Aidan Donovan,Aidan Donovan,sa3059071,,,aidandonovan
10642,Taylor Dooley,Taylor Dooley,sa3059072,,,taylordooley
10643,Aidan Dougherty,Aidan Dougherty,sa3059073,,,aidandougherty
10644,Chanz Doughty,Chanz Doughty,sa3059074,,,chanzdoughty
10645,Jay Douglas,Jay Douglas,sa3059075,,,jaydouglas
10646,Sam Downey,Sam Downey,sa3059076,,,samdowney
10647,Jake Downing,Jake Downing,sa3059077,,,jakedowning
10648,Evan Doyle,Evan Doyle,sa3059078,,,evandoyle
10649,Leo Doyle,Leo Doyle,sa3059079,,,leodoyle
10650,Dosie Drakeford,Dosie Drakeford,sa3059080,,,dosiedrakeford
10651,Troy Dressler,Troy Dressler,sa3059081,,,troydressler
10652,Kadden Drew,Kadden Drew,sa3059082,,,kaddendrew
10653,Aidan Driscoll,Aidan Driscoll,sa3059083,,,aidandriscoll
10654,Reid Driskill,Reid Driskill,sa3059084,,,reiddriskill
10655,Jake Drumm,Jake Drumm,sa3059085,,,jakedrumm
10656,Logan Drummond,Logan Drummond,sa3059086,,,logandrummond
10657,Sawyer Duarte,Sawyer Duarte,sa3059087,,,sawyerduarte
10658,Harrison Dubois,Harrison Dubois,sa3059088,,,harrisondubois
10659,Isaias Duccasse,Isaias Duccasse,sa3059089,,,isaiasduccasse
10660,Bryson Dudley,Bryson Dudley,sa3059090,703657,,brysondudley
10661,Seth Dudley,Seth Dudley,sa3059091,,,sethdudley
10662,Dylan Duke,Dylan Duke,sa3059092,,,dylanduke
10663,Sean Duke,Sean Duke,sa3059093,,,seanduke
10664,Avery Duncan,Avery Duncan,sa3059094,,,averyduncan
10665,Jackson Duncan,Jackson Duncan,sa3059095,,,jacksonduncan
10666,Kaleb Duncan,Kaleb Duncan,sa3059096,,,kalebduncan
10667,Logan Dunn,Logan Dunn,sa3059097,,,logandunn
10668,Kevin Duran,Kevin Duran,sa3059098,,,kevinduran
10669,Joe Durso,Joe Durso,sa3059099,,,joedurso
10670,Miles Durvasula,Miles Durvasula,sa3059100,,,milesdurvasula
10671,Ryan Dusang,Ryan Dusang,sa3059101,,,ryandusang
10672,JJ Dutton,JJ Dutton,sa3059102,,,jjdutton
10673,Derek Duval,Derek Duval,sa3059103,,,derekduval
10674,Mitch Dye,Mitch Dye,sa3059104,,,mitchdye
10675,Matthew Eagen,Matthew Eagen,sa3059105,,,mattheweagen
10676,Nathan Earley,Nathan Earley,sa3059106,,,nathanearley
10677,Cal Early,Cal Early,sa3059107,,,calearly
10678,Arrington Eason,Arrington Eason,sa3059108,,,arringtoneason
10679,Colin Eaton,Colin Eaton,sa3059109,,,colineaton
10680,Liam Ebbs,Liam Ebbs,sa3059110,,,liamebbs
10681,Carter Eberhard,Carter Eberhard,sa3059111,,,cartereberhard
10682,Gavin Eddy,Gavin Eddy,sa3059112,,,gavineddy
10683,Blake Edgmon,Blake Edgmon,sa3059113,,,blakeedgmon
10684,Chance Edmonds,Chance Edmonds,sa3059114,,,chanceedmonds
10685,Larry Edwards,Larry Edwards,sa3059115,,,larryedwards
10686,Savoi Edwards,Savoi Edwards,sa3059116,,,savoiedwards
10687,Scott Edwards,Scott Edwards,sa3059117,,,scottedwards
10688,Zach Edwards,Zach Edwards,sa3059118,,,zachedwards
10689,Dylan Eggl,Dylan Eggl,sa3059119,,,dylaneggl
10690,Caleb Ehling,Caleb Ehling,sa3059120,,,calebehling
10691,Aric Ehmke,Aric Ehmke,sa3059121,,,aricehmke
10692,Logan Eisenreich,Logan Eisenreich,sa3059122,,,loganeisenreich
10693,Levent Eldem,Levent Eldem,sa3059123,,,leventeldem
10694,Barrett Eldridge,Barrett Eldridge,sa3059124,,,barretteldridge
10695,Will Eldridge,Will Eldridge,sa3059125,,,willeldridge
10696,Daniel Elliott,Daniel Elliott,sa3059126,,,danielelliott
10697,John Elliot,John Elliot,sa3059127,,,johnelliot
10698,Tyler Ellis,Tyler Ellis,sa3059128,,,tylerellis
10699,Beau Elson,Beau Elson,sa3059129,,,beauelson
10700,Jon Embury,Jon Embury,sa3059130,,,jonembury
10701,Diego Emerling,Diego Emerling,sa3059131,,,diegoemerling
10702,Jeremiah Eneix,Jeremiah Eneix,sa3059132,,,jeremiaheneix
10703,Trotter Enright,Trotter Enright,sa3059133,,,trotterenright
10704,Austin Eppley,Austin Eppley,sa3059134,,,austineppley
10705,Creed Erdos,Creed Erdos,sa3059135,,,creederdos
10706,Ridge Erickson,Ridge Erickson,sa3059136,,,ridgeerickson
10707,Evan Escobar,Evan Escobar,sa3059137,,,evanescobar
10708,Trevor Esparza,Trevor Esparza,sa3059138,,,trevoresparza
10709,Edian Espinal,Edian Espinal,sa3059139,832420,,edianespinal
10710,Rafael Espinoza,Rafael Espinoza,sa3059140,,,rafaelespinoza
10711,Wilbert Espinal,Wilbert Espinal,sa3059141,,,wilbertespinal
10712,Scott Esposito,Scott Esposito,sa3059142,,,scottesposito
10713,Eddison Esquivel,Eddison Esquivel,sa3059143,,,eddisonesquivel
10714,Jace Estes,Jace Estes,sa3059144,,,jaceestes
10715,Danny Estrada,Danny Estrada,sa3059145,,,dannyestrada
10716,Justin Estrada,Justin Estrada,sa3059146,,,justinestrada
10717,Emil Estrella,Emil Estrella,sa3059147,,,emilestrella
10718,Kai Etwaru,Kai Etwaru,sa3059148,,,kaietwaru
10719,Kade Eudy,Kade Eudy,sa3059149,,,kadeeudy
10720,Casan Evans,Casan Evans,sa3059150,,,casanevans
10721,Eli Evans,Eli Evans,sa3059151,,,elievans
10722,Jake Evans,Jake Evans,sa3059152,,,jakeevans
10723,Joshua Evans,Joshua Evans,sa3059153,,,joshuaevans
10724,A.J. Evasco,A.J. Evasco,sa3059154,,,ajevasco
10725,Collin Ewaldsen,Collin Ewaldsen,sa3059155,,,collinewaldsen
10726,Wyatt Ewanowski,Wyatt Ewanowski,sa3059156,,,wyattewanowski
10727,Kenney Fabian,Kenney Fabian,sa3059157,,,kenneyfabian
10728,Brody Fahnestock,Brody Fahnestock,sa3059158,,,brodyfahnestock
10729,Elijah Fairchild,Elijah Fairchild,sa3059159,,,elijahfairchild
10730,Steffan Fak,Steffan Fak,sa3059160,,,steffanfak
10731,Brandon Falco,Brandon Falco,sa3059161,,,brandonfalco
10732,Ethan Farina,Ethan Farina,sa3059162,,,ethanfarina
10733,Paul Farley,Paul Farley,sa3059163,,,paulfarley
10734,Tate Farquhar,Tate Farquhar,sa3059164,,,tatefarquhar
10735,Sawyer Farr,Sawyer Farr,sa3059165,,,sawyerfarr
10736,Owen Faust,Owen Faust,sa3059166,,,owenfaust
10737,Jude Favela,Jude Favela,sa3059167,,,judefavela
10738,Hayden Federico,Hayden Federico,sa3059168,,,haydenfederico
10739,Kevin Fedoruk,Kevin Fedoruk,sa3059169,,,kevinfedoruk
10740,Vicente Feliciano,Vicente Feliciano,sa3059170,,,vicentefeliciano
10741,Raul Feliz,Raul Feliz,sa3059171,,,raulfeliz
10742,Ethan Fender,Ethan Fender,sa3059172,,,ethanfender
10743,Jack Fenton,Jack Fenton,sa3059173,,,jackfenton
10744,Henry Ferguson,Henry Ferguson,sa3059174,,,henryferguson
10745,Jake Ferguson,Jake Ferguson,sa3059175,,,jakeferguson
10746,Michael Fernandez,Michael Fernandez,sa3059177,,,michaelfernandez
10747,Nolan Ficklin,Nolan Ficklin,sa3059178,,,nolanficklin
10748,Ben Fiedler,Ben Fiedler,sa3059179,,,benfiedler
10749,Jacob Fields,Jacob Fields,sa3059180,,,jacobfields
10750,Jake Fields,Jake Fields,sa3059181,,,jakefields
10751,Peyton Fiene,Peyton Fiene,sa3059182,,,peytonfiene
10752,Dillon Fine,Dillon Fine,sa3059183,,,dillonfine
10753,Maclane Finley,Maclane Finley,sa3059184,,,maclanefinley
10754,Rory Finn,Rory Finn,sa3059185,,,roryfinn
10755,Carson Fischer,Carson Fischer,sa3059186,,,carsonfischer
10756,Dillon Fischer,Dillon Fischer,sa3059187,,,dillonfischer
10757,Jack Fishel,Jack Fishel,sa3059188,,,jackfishel
10758,Keaton Fisher,Keaton Fisher,sa3059189,,,keatonfisher
10759,Matt Fitzgibbon,Matt Fitzgibbon,sa3059190,,,mattfitzgibbon
10760,Caden Fiveash,Caden Fiveash,sa3059191,,,cadenfiveash
10761,Dalton Fiveash,Dalton Fiveash,sa3059192,,,daltonfiveash
10762,Jarrett Flaggert,Jarrett Flaggert,sa3059193,,,jarrettflaggert
10763,Will Flanigan,Will Flanigan,sa3059194,,,willflanigan
10764,Ethan Flaugher,Ethan Flaugher,sa3059195,,,ethanflaugher
10765,Nick Fleckenstein,Nick Fleckenstein,sa3059196,,,nickfleckenstein
10766,Derrell Fletcher,Derrell Fletcher,sa3059197,,,derrellfletcher
10767,Jaden Flores,Jaden Flores,sa3059198,,,jadenflores
10768,Josh Florence,Josh Florence,sa3059199,,,joshflorence
10769,Nick Flores,Nick Flores,sa3059200,,,nickflores
10770,Sam Flores,Sam Flores,sa3059201,,,samflores
10771,Andrew Floyd,Andrew Floyd,sa3059202,,,andrewfloyd
10772,Ethan Foley,Ethan Foley,sa3059203,,,ethanfoley
10773,Wyatt Foley,Wyatt Foley,sa3059204,,,wyattfoley
10774,Nick Fontaine,Nick Fontaine,sa3059205,,,nickfontaine
10775,Donovan Ford,Donovan Ford,sa3059206,,,donovanford
10776,Tim Ford,Tim Ford,sa3059207,,,timford
10777,Freddy Forgione,Freddy Forgione,sa3059208,,,freddyforgione
10778,Christian Forniss,Christian Forniss,sa3059209,,,christianforniss
10779,Brandon Forrester,Brandon Forrester,sa3059210,,,brandonforrester
10780,Liam Forsyth,Liam Forsyth,sa3059211,,,liamforsyth
10781,Jack Fortner,Jack Fortner,sa3059212,,,jackfortner
10782,Will Fosberg,Will Fosberg,sa3059213,,,willfosberg
10783,Brett Foss,Brett Foss,sa3059214,,,brettfoss
10784,Brayden Foster,Brayden Foster,sa3059215,,,braydenfoster
10785,Chris Foster,Chris Foster,sa3059216,,,chrisfoster
10786,Charlie Foster,Charlie Foster,sa3059217,,,charliefoster
10787,Kade Foulke,Kade Foulke,sa3059218,,,kadefoulke
10788,Will Fox,Will Fox,sa3059219,,,willfox
10789,Brayden Fraasman,Brayden Fraasman,sa3059220,,,braydenfraasman
10790,Hauze Fragoso,Hauze Fragoso,sa3059221,,,hauzefragoso
10791,Chase Fralick,Chase Fralick,sa3059222,,,chasefralick
10792,Grant Francisco,Grant Francisco,sa3059223,,,grantfrancisco
10793,J.C. Franconere,J.C. Franconere,sa3059224,,,jcfranconere
10794,Nich Francuzenko,Nich Francuzenko,sa3059225,,,nichfrancuzenko
10795,Noah Franco,Noah Franco,sa3059226,,,noahfranco
10796,Samuel Franco,Samuel Franco,sa3059227,,,samuelfranco
10797,Davis Franklin,Davis Franklin,sa3059228,,,davisfranklin
10798,Jack Frankel,Jack Frankel,sa3059229,,,jackfrankel
10799,Jackson Frasure,Jackson Frasure,sa3059230,,,jacksonfrasure
10800,AJ Frausto,AJ Frausto,sa3059231,,,ajfrausto
10801,Victor Frederick,Victor Frederick,sa3059232,,,victorfrederick
10802,Tariq Freeny,Tariq Freeny,sa3059233,,,tariqfreeny
10803,Payton Frehner,Payton Frehner,sa3059234,,,paytonfrehner
10804,John Freitag,John Freitag,sa3059235,,,johnfreitag
10805,Anderson French,Anderson French,sa3059236,,,andersonfrench
10806,Blaine French,Blaine French,sa3059237,,,blainefrench
10807,Jacob French,Jacob French,sa3059238,,,jacobfrench
10808,Clayton Freshcorn,Clayton Freshcorn,sa3059239,,,claytonfreshcorn
10809,Blayne Fritcher,Blayne Fritcher,sa3059240,,,blaynefritcher
10810,Sam Frizzi,Sam Frizzi,sa3059241,,,samfrizzi
10811,Hunter Frost,Hunter Frost,sa3059242,,,hunterfrost
10812,Jaixen Frost,Jaixen Frost,sa3059243,,,jaixenfrost
10813,Brenden Fry,Brenden Fry,sa3059244,,,brendenfry
10814,Evan Fry,Evan Fry,sa3059245,,,evanfry
10815,Cooper Fuchino,Cooper Fuchino,sa3059246,,,cooperfuchino
10816,Landon Fulk,Landon Fulk,sa3059247,,,landonfulk
10817,Weston Fulk,Weston Fulk,sa3059248,,,westonfulk
10818,Kaden Fuller,Kaden Fuller,sa3059249,,,kadenfuller
10819,Walker Fuller,Walker Fuller,sa3059250,,,walkerfuller
10820,Ryan Furey,Ryan Furey,sa3059251,,,ryanfurey
10821,Logan Fyffe,Logan Fyffe,sa3059252,,,loganfyffe
10822,Reese Gaber,Reese Gaber,sa3059253,,,reesegaber
10823,Bradley Gagen,Bradley Gagen,sa3059254,,,bradleygagen
10824,Nathan Gagnon,Nathan Gagnon,sa3059255,,,nathangagnon
10825,Mason Gaines,Mason Gaines,sa3059256,,,masongaines
10826,Malachi Gales,Malachi Gales,sa3059257,,,malachigales
10827,Aidan Gallagher,Aidan Gallagher,sa3059258,,,aidangallagher
10828,Grant Gallagher,Grant Gallagher,sa3059259,,,grantgallagher
10829,Nick Gallello,Nick Gallello,sa3059260,,,nickgallello
10830,Owen Galt,Owen Galt,sa3059261,,,owengalt
10831,Max Galvin,Max Galvin,sa3059262,,,maxgalvin
10832,Patrick Galvin,Patrick Galvin,sa3059263,,,patrickgalvin
10833,Vince Gamberdella,Vince Gamberdella,sa3059264,,,vincegamberdella
10834,Trey Gambill,Trey Gambill,sa3059265,,,treygambill
10835,Preston Gamster,Preston Gamster,sa3059266,,,prestongamster
10836,Gus Gandy,Gus Gandy,sa3059267,,,gusgandy
10837,Ayden Garcia,Ayden Garcia,sa3059269,,,aydengarcia
10838,Damien Garcia,Damien Garcia,sa3059270,,,damiengarcia
10839,Henry Garcia,Henry Garcia,sa3059271,,,henrygarcia
10840,Mateo Garcia,Mateo Garcia,sa3059272,,,mateogarcia
10841,Santiago Garcia,Santiago Garcia,sa3059273,,,santiagogarcia
10842,Talin Gardini,Talin Gardini,sa3059274,,,talingardini
10843,Ethan Gardner,Ethan Gardner,sa3059275,,,ethangardner
10844,Joel Gardner,Joel Gardner,sa3059276,,,joelgardner
10845,Ralph Gariano,Ralph Gariano,sa3059277,,,ralphgariano
10846,Ryder Garino,Ryder Garino,sa3059278,,,rydergarino
10847,Grant Garman,Grant Garman,sa3059279,,,grantgarman
10848,Isaiah Garnica,Isaiah Garnica,sa3059280,,,isaiahgarnica
10849,Brian Garrett,Brian Garrett,sa3059281,,,briangarrett
10850,Cooper Garrison,Cooper Garrison,sa3059282,,,coopergarrison
10851,Brendan Garza,Brendan Garza,sa3059283,,,brendangarza
10852,Cayden Gaskin,Cayden Gaskin,sa3059284,,,caydengaskin
10853,Garret Gates,Garret Gates,sa3059285,,,garretgates
10854,Dylan Gazaway,Dylan Gazaway,sa3059286,,,dylangazaway
10855,Aiden Gebhard,Aiden Gebhard,sa3059287,,,aidengebhard
10856,Ryan Geck,Ryan Geck,sa3059288,,,ryangeck
10857,Nolan Geisler,Nolan Geisler,sa3059289,,,nolangeisler
10858,Sam Gettinger,Sam Gettinger,sa3059290,,,samgettinger
10859,DJ Ghiorso,DJ Ghiorso,sa3059291,,,djghiorso
10860,Colin Gibbs,Colin Gibbs,sa3059292,,,colingibbs
10861,Cole Gibler,Cole Gibler,sa3059293,,,colegibler
10862,Charlie Giese,Charlie Giese,sa3059295,,,charliegiese
10863,Bradley Gilbert,Bradley Gilbert,sa3059296,,,bradleygilbert
10864,Cam Gilkerson,Cam Gilkerson,sa3059297,,,camgilkerson
10865,Patrick Gillen,Patrick Gillen,sa3059298,,,patrickgillen
10866,Jet Gilliam,Jet Gilliam,sa3059299,,,jetgilliam
10867,Luka Gilliam,Luka Gilliam,sa3059300,,,lukagilliam
10868,Jax Gimenez,Jax Gimenez,sa3059301,,,jaxgimenez
10869,Zachary Gingrich,Zachary Gingrich,sa3059302,,,zacharygingrich
10870,Jack Giordano,Jack Giordano,sa3059303,,,jackgiordano
10871,Ben Giovannetti,Ben Giovannetti,sa3059304,,,bengiovannetti
10872,Eli Gipson,Eli Gipson,sa3059305,,,eligipson
10873,Nick Gisclair,Nick Gisclair,sa3059306,,,nickgisclair
10874,Luke Glenn,Luke Glenn,sa3059307,,,lukeglenn
10875,Lyndon Glidewell,Lyndon Glidewell,sa3059308,,,lyndonglidewell
10876,Brent Godina,Brent Godina,sa3059309,,,brentgodina
10877,Gehrig Goldbeck,Gehrig Goldbeck,sa3059310,,,gehriggoldbeck
10878,Jaxon Goldberg,Jaxon Goldberg,sa3059311,,,jaxongoldberg
10879,Cooper Golden,Cooper Golden,sa3059312,,,coopergolden
10880,Jackson Golden,Jackson Golden,sa3059313,,,jacksongolden
10881,Alec Gomez,Alec Gomez,sa3059314,,,alecgomez
10882,Bryan Gomez,Bryan Gomez,sa3059315,,,bryangomez
10883,Isaiah Gomez,Isaiah Gomez,sa3059316,,,isaiahgomez
10884,Joe Gomez,Joe Gomez,sa3059317,,,joegomez
10885,Jonathan Gomez,Jonathan Gomez,sa3059318,,,jonathangomez
10886,Luis Gomez,Luis Gomez,sa3059319,,,luisgomez
10887,Hank Gomric,Hank Gomric,sa3059320,,,hankgomric
10888,Aidan Gonzalez,Aidan Gonzalez,sa3059321,,,aidangonzalez
10889,Andres Gonzalez,Andres Gonzalez,sa3059322,,,andresgonzalez
10890,Ignacio Gonzalez,Ignacio Gonzalez,sa3059323,,,ignaciogonzalez
10891,Jonathan Gonzalez Perez,Jonathan Gonzalez Perez,sa3059324,,,jonathangonzalezperez
10892,William Good,William Good,sa3059325,,,williamgood
10893,Paulie Goodness,Paulie Goodness,sa3059326,,,pauliegoodness
10894,Marcus Goodpaster,Marcus Goodpaster,sa3059327,,,marcusgoodpaster
10895,Caden Goodwin,Caden Goodwin,sa3059328,,,cadengoodwin
10896,Nic Goodwin,Nic Goodwin,sa3059329,,,nicgoodwin
10897,Zak Goodwin,Zak Goodwin,sa3059330,,,zakgoodwin
10898,Braden Gostisha,Braden Gostisha,sa3059331,,,bradengostisha
10899,Jordan Gottesman,Jordan Gottesman,sa3059332,831149,,jordangottesman
10900,Grant Govel,Grant Govel,sa3059333,,,grantgovel
10901,Anthony Grabau,Anthony Grabau,sa3059334,,,anthonygrabau
10902,Alex Grant,Alex Grant,sa3059335,,,alexgrant
10903,Landyn Grant,Landyn Grant,sa3059336,,,landyngrant
10904,Lucas Grantham,Lucas Grantham,sa3059337,,,lucasgrantham
10905,Brad Grasser,Brad Grasser,sa3059338,,,bradgrasser
10906,Brady Gray,Brady Gray,sa3059339,,,bradygray
10907,Dakota Gray,Dakota Gray,sa3059340,,,dakotagray
10908,Grant Gray,Grant Gray,sa3059341,,,grantgray
10909,Mateo Gray,Mateo Gray,sa3059342,,,mateogray
10910,Will Grayson,Will Grayson,sa3059343,,,willgrayson
10911,Devin Grazzal,Devin Grazzal,sa3059344,,,devingrazzal
10912,Cole Green,Cole Green,sa3059345,,,colegreen
10913,Jacob Green,Jacob Green,sa3059346,,,jacobgreen
10914,Kensen Green,Kensen Green,sa3059347,,,kensengreen
10915,Landon Greenhouse,Landon Greenhouse,sa3059348,,,landongreenhouse
10916,Myles Green,Myles Green,sa3059349,,,mylesgreen
10917,Sam Greer,Sam Greer,sa3059350,,,samgreer
10918,Brayden Gregg,Brayden Gregg,sa3059351,,,braydengregg
10919,Billy Gregory,Billy Gregory,sa3059352,,,billygregory
10920,Jake Gregor,Jake Gregor,sa3059353,,,jakegregor
10921,Josh Gregoire,Josh Gregoire,sa3059354,,,joshgregoire
10922,Logan Gregorio,Logan Gregorio,sa3059355,,,logangregorio
10923,Eli Gries-Smith,Eli Gries-Smith,sa3059356,,,eligriessmith
10924,Jake Griess,Jake Griess,sa3059357,,,jakegriess
10925,Bode Grieve,Bode Grieve,sa3059358,,,bodegrieve
10926,Ben Griffith,Ben Griffith,sa3059359,,,bengriffith
10927,Brett Griffiths,Brett Griffiths,sa3059360,,,brettgriffiths
10928,Jack Griffiths,Jack Griffiths,sa3059361,,,jackgriffiths
10929,Mekai Griffin,Mekai Griffin,sa3059362,,,mekaigriffin
10930,CJ Griggs,CJ Griggs,sa3059363,,,cjgriggs
10931,Landon Grigg,Landon Grigg,sa3059364,,,landongrigg
10932,Sean Griggs,Sean Griggs,sa3059365,,,seangriggs
10933,Caleb Grizzard,Caleb Grizzard,sa3059366,,,calebgrizzard
10934,AJ Groeneveld,AJ Groeneveld,sa3059367,,,ajgroeneveld
10935,Chayse Gruber,Chayse Gruber,sa3059368,,,chaysegruber
10936,Sam Grube,Sam Grube,sa3059369,,,samgrube
10937,Lleyton Grubich,Lleyton Grubich,sa3059370,,,lleytongrubich
10938,Sam Grunberg,Sam Grunberg,sa3059371,,,samgrunberg
10939,Gavin Grutzmacher,Gavin Grutzmacher,sa3059372,,,gavingrutzmacher
10940,Robert Guerrero,Robert Guerrero,sa3059373,,,robertguerrero
10941,Luke Guest,Luke Guest,sa3059374,,,lukeguest
10942,Nick Guidas,Nick Guidas,sa3059375,,,nickguidas
10943,Cody Gunderson,Cody Gunderson,sa3059376,,,codygunderson
10944,JT Gunzy,JT Gunzy,sa3059377,,,jtgunzy
10945,Evan Gustafson,Evan Gustafson,sa3059378,,,evangustafson
10946,Matt Guthmiller,Matt Guthmiller,sa3059379,,,mattguthmiller
10947,Sebastian Gutierrez,Sebastian Gutierrez,sa3059380,,,sebastiangutierrez
10948,Dominic Guzman,Dominic Guzman,sa3059381,,,dominicguzman
10949,Noah Gyauch-Quirk,Noah Gyauch-Quirk,sa3059382,,,noahgyauchquirk
10950,Andrew Habermann,Andrew Habermann,sa3059383,,,andrewhabermann
10951,John Hadley,John Hadley,sa3059384,,,johnhadley
10952,Evan Haeger,Evan Haeger,sa3059385,,,evanhaeger
10953,Dillon Haftorson,Dillon Haftorson,sa3059386,,,dillonhaftorson
10954,Micah Hagler,Micah Hagler,sa3059387,,,micahhagler
10955,Adam Haight,Adam Haight,sa3059388,,,adamhaight
10956,Jake Hajdu,Jake Hajdu,sa3059389,,,jakehajdu
10957,John Hale,John Hale,sa3059390,,,johnhale
10958,Carter Hall,Carter Hall,sa3059391,,,carterhall
10959,Kaleb Hall,Kaleb Hall,sa3059392,,,kalebhall
10960,Isaac Hallam,Isaac Hallam,sa3059393,,,isaachallam
10961,Boston Halloran,Boston Halloran,sa3059394,,,bostonhalloran
10962,Ian Halverson,Ian Halverson,sa3059395,,,ianhalverson
10963,Jackson Halverson,Jackson Halverson,sa3059396,,,jacksonhalverson
10964,Evan Hamberger,Evan Hamberger,sa3059397,,,evanhamberger
10965,Brycen Hamilton,Brycen Hamilton,sa3059398,,,brycenhamilton
10966,Jayden Hamilton,Jayden Hamilton,sa3059400,,,jaydenhamilton
10967,Brendan Hamlin,Brendan Hamlin,sa3059401,,,brendanhamlin
10968,Mason Hamlin,Mason Hamlin,sa3059402,,,masonhamlin
10969,Tahraun Hammond,Tahraun Hammond,sa3059403,,,tahraunhammond
10970,Chase Hanawalt,Chase Hanawalt,sa3059404,,,chasehanawalt
10971,Jacob Hand,Jacob Hand,sa3059405,,,jacobhand
10972,James Hankerson Jr.,James Hankerson Jr.,sa3059406,,,jameshankersonjr
10973,Jake Hanley,Jake Hanley,sa3059407,,,jakehanley
10974,Matt Hansen,Matt Hansen,sa3059408,,,matthansen
10975,Andrew Hardin,Andrew Hardin,sa3059409,,,andrewhardin
10976,Tanner Hardin,Tanner Hardin,sa3059410,,,tannerhardin
10977,Dawson Hargrove,Dawson Hargrove,sa3059411,,,dawsonhargrove
10978,Joey Harmon,Joey Harmon,sa3059412,,,joeyharmon
10979,Reese Harmon,Reese Harmon,sa3059413,,,reeseharmon
10980,Naun Haro,Naun Haro,sa3059414,,,naunharo
10981,Jayden Harper,Jayden Harper,sa3059415,,,jaydenharper
10982,JJ Harrell,JJ Harrell,sa3059416,,,jjharrell
10983,Bear Harrison,Bear Harrison,sa3059417,,,bearharrison
10984,Grayden Harris,Grayden Harris,sa3059418,,,graydenharris
10985,Jake Harring,Jake Harring,sa3059419,,,jakeharring
10986,Marcus Harrison,Marcus Harrison,sa3059420,,,marcusharrison
10987,Sammy Harris,Sammy Harris,sa3059421,,,sammyharris
10988,Tyler Harries,Tyler Harries,sa3059422,,,tylerharries
10989,Andrew Hart,Andrew Hart,sa3059423,,,andrewhart
10990,Logan Hart,Logan Hart,sa3059424,,,loganhart
10991,Kyle Hartmann,Kyle Hartmann,sa3059425,,,kylehartmann
10992,Logan Hartman,Logan Hartman,sa3059426,,,loganhartman
10993,Tim Hartman,Tim Hartman,sa3059427,,,timhartman
10994,Wesley Harwell,Wesley Harwell,sa3059428,,,wesleyharwell
10995,Santino Harwood,Santino Harwood,sa3059429,,,santinoharwood
10996,Ameer Hasan,Ameer Hasan,sa3059430,,,ameerhasan
10997,Larry Haskins,Larry Haskins,sa3059431,,,larryhaskins
10998,Logan Haslam,Logan Haslam,sa3059432,,,loganhaslam
10999,Logan Hastings,Logan Hastings,sa3059433,,,loganhastings
11000,Mason Hatcher,Mason Hatcher,sa3059434,,,masonhatcher
11001,Jackson Hauge,Jackson Hauge,sa3059435,,,jacksonhauge
11002,Jacob Hauk,Jacob Hauk,sa3059436,,,jacobhauk
11003,Tyler Hawkins,Tyler Hawkins,sa3059437,,,tylerhawkins
11004,Zakye Hawkins,Zakye Hawkins,sa3059438,,,zakyehawkins
11005,Kamden Hawks,Kamden Hawks,sa3059439,,,kamdenhawks
11006,Trey Hawsey,Trey Hawsey,sa3059440,,,treyhawsey
11007,Kaleb Hay,Kaleb Hay,sa3059441,,,kalebhay
11008,Heitaro Hayashi,Heitaro Hayashi,sa3059442,,,heitarohayashi
11009,Dakari Hayes,Dakari Hayes,sa3059443,,,dakarihayes
11010,Dalton Hazlett,Dalton Hazlett,sa3059444,,,daltonhazlett
11011,John Paul Head,John Paul Head,sa3059445,,,johnpaulhead
11012,Ty Head,Ty Head,sa3059446,,,tyhead
11013,Caden Headlee,Caden Headlee,sa3059447,,,cadenheadlee
11014,Paddy Hebda,Paddy Hebda,sa3059448,,,paddyhebda
11015,Alex Hebenstreit,Alex Hebenstreit,sa3059449,,,alexhebenstreit
11016,Griffin Hebert,Griffin Hebert,sa3059450,,,griffinhebert
11017,Jack Hedrick,Jack Hedrick,sa3059451,,,jackhedrick
11018,Justin Heffler,Justin Heffler,sa3059452,,,justinheffler
11019,Tyler Heflin,Tyler Heflin,sa3059453,,,tylerheflin
11020,Will Heisler,Will Heisler,sa3059454,,,willheisler
11021,James Heller,James Heller,sa3059455,,,jamesheller
11022,Brayden Hellum,Brayden Hellum,sa3059456,,,braydenhellum
11023,Nathan Helman,Nathan Helman,sa3059457,,,nathanhelman
11024,Wesley Helms,Wesley Helms,sa3059458,,,wesleyhelms
11025,Drew Helton,Drew Helton,sa3059459,,,drewhelton
11026,Harrison Helton,Harrison Helton,sa3059460,,,harrisonhelton
11027,Nate Helton,Nate Helton,sa3059461,,,natehelton
11028,Jake Hembree,Jake Hembree,sa3059462,,,jakehembree
11029,Ben Hemphill,Ben Hemphill,sa3059463,,,benhemphill
11030,Fischer Hendershot,Fischer Hendershot,sa3059464,,,fischerhendershot
11031,Zach Henderson,Zach Henderson,sa3059465,,,zachhenderson
11032,Alex Hendrickson,Alex Hendrickson,sa3059466,,,alexhendrickson
11033,Clay Hendry,Clay Hendry,sa3059467,,,clayhendry
11034,Matthew Henning,Matthew Henning,sa3059468,,,matthewhenning
11035,Zeb Henry,Zeb Henry,sa3059469,,,zebhenry
11036,Micah Henson,Micah Henson,sa3059470,,,micahhenson
11037,Jacob Heppner,Jacob Heppner,sa3059471,,,jacobheppner
11038,Tyler Herb,Tyler Herb,sa3059472,,,tylerherb
11039,Boone Herman,Boone Herman,sa3059473,,,booneherman
11040,Alex Hernandez,Alex Hernandez,sa3059474,,,alexhernandez
11041,Chris Hernandez,Chris Hernandez,sa3059475,,,chrishernandez
11042,Isaiah Hernandez,Isaiah Hernandez,sa3059476,,,isaiahhernandez
11043,Jonathon Hernandez,Jonathon Hernandez,sa3059477,,,jonathonhernandez
11044,Julien Hernandez,Julien Hernandez,sa3059478,,,julienhernandez
11045,Luis Hernandez,Luis Hernandez,sa3059479,,,luishernandez
11046,Ray Hernandez,Ray Hernandez,sa3059480,,,rayhernandez
11047,Stephen Hernandez,Stephen Hernandez,sa3059481,,,stephenhernandez
11048,Hunter Herndon,Hunter Herndon,sa3059482,,,hunterherndon
11049,Jack Herring,Jack Herring,sa3059483,,,jackherring
11050,Brent Herrmann,Brent Herrmann,sa3059484,,,brentherrmann
11051,Marc Hersh,Marc Hersh,sa3059485,,,marchersh
11052,Jayden Hertel,Jayden Hertel,sa3059486,,,jaydenhertel
11053,Cody Heselton,Cody Heselton,sa3059487,,,codyheselton
11054,Jack Hibbard,Jack Hibbard,sa3059488,,,jackhibbard
11055,Tate Hickman,Tate Hickman,sa3059489,,,tatehickman
11056,Garrett Hicks,Garrett Hicks,sa3059490,,,garretthicks
11057,AJ Hiestand,AJ Hiestand,sa3059491,,,ajhiestand
11058,Elijah Higginbottom,Elijah Higginbottom,sa3059492,,,elijahhigginbottom
11059,Trey Higgins,Trey Higgins,sa3059493,,,treyhiggins
11060,Cameron Hill,Cameron Hill,sa3059495,,,cameronhill
11061,Dalton Hill,Dalton Hill,sa3059497,,,daltonhill
11062,Dylan Hill,Dylan Hill,sa3059498,,,dylanhill
11063,James Hill,James Hill,sa3059499,,,jameshill
11064,Cooper Hinson,Cooper Hinson,sa3059500,,,cooperhinson
11065,Nick Hockemeyer,Nick Hockemeyer,sa3059501,,,nickhockemeyer
11066,Ryan Hoeft,Ryan Hoeft,sa3059502,,,ryanhoeft
11067,Eli Hoerner,Eli Hoerner,sa3059503,,,elihoerner
11068,Bryson Hoff,Bryson Hoff,sa3059504,,,brysonhoff
11069,Christian Hoffman,Christian Hoffman,sa3059505,,,christianhoffman
11070,Kendall Hoffman,Kendall Hoffman,sa3059507,,,kendallhoffman
11071,Noah Hogan,Noah Hogan,sa3059508,,,noahhogan
11072,Evan Holewinski,Evan Holewinski,sa3059509,,,evanholewinski
11073,Khi Holiday,Khi Holiday,sa3059510,,,khiholiday
11074,Coleman Hollabaugh,Coleman Hollabaugh,sa3059511,,,colemanhollabaugh
11075,Beau Hollins,Beau Hollins,sa3059512,,,beauhollins
11076,Christian Holmes,Christian Holmes,sa3059514,,,christianholmes
11077,Garrett Holpuch,Garrett Holpuch,sa3059515,,,garrettholpuch
11078,Evan Holstein,Evan Holstein,sa3059516,,,evanholstein
11079,Walker Hooks,Walker Hooks,sa3059517,,,walkerhooks
11080,Owen Hooper,Owen Hooper,sa3059518,,,owenhooper
11081,Ashton Horchem,Ashton Horchem,sa3059519,,,ashtonhorchem
11082,Bradyn Horn,Bradyn Horn,sa3059520,,,bradynhorn
11083,Drew Horn,Drew Horn,sa3059521,,,drewhorn
11084,Colin Horneman,Colin Horneman,sa3059522,,,colinhorneman
11085,Jackson Horras,Jackson Horras,sa3059523,,,jacksonhorras
11086,Tyler Horvath,Tyler Horvath,sa3059524,,,tylerhorvath
11087,Zach Horwith,Zach Horwith,sa3059525,,,zachhorwith
11088,Ben Hoshizaki,Ben Hoshizaki,sa3059526,,,benhoshizaki
11089,Tanner Hosick,Tanner Hosick,sa3059527,,,tannerhosick
11090,Ian Hoslett,Ian Hoslett,sa3059528,,,ianhoslett
11091,Jackson Hotchkiss,Jackson Hotchkiss,sa3059529,,,jacksonhotchkiss
11092,Jalen House,Jalen House,sa3059530,,,jalenhouse
11093,Derek Houston,Derek Houston,sa3059531,,,derekhouston
11094,Matt Houston,Matt Houston,sa3059532,,,matthouston
11095,Dylan Howanitz,Dylan Howanitz,sa3059533,,,dylanhowanitz
11096,Aden Howard,Aden Howard,sa3059534,,,adenhoward
11097,Gabe Howard,Gabe Howard,sa3059535,,,gabehoward
11098,Hunter Howard,Hunter Howard,sa3059536,,,hunterhoward
11099,Martin Howell,Martin Howell,sa3059537,,,martinhowell
11100,Will Howell,Will Howell,sa3059538,,,willhowell
11101,Ian Hubbard,Ian Hubbard,sa3059539,,,ianhubbard
11102,Ethan Hubbell,Ethan Hubbell,sa3059540,,,ethanhubbell
11103,Eli Hudgins,Eli Hudgins,sa3059541,,,elihudgins
11104,Justin Hudson,Justin Hudson,sa3059542,,,justinhudson
11105,Matt Hudson,Matt Hudson,sa3059543,,,matthudson
11106,Alan Huerta,Alan Huerta,sa3059544,,,alanhuerta
11107,Sebastian Huerta,Sebastian Huerta,sa3059545,,,sebastianhuerta
11108,Kaleb Huffman,Kaleb Huffman,sa3059546,,,kalebhuffman
11109,Max Humphrey,Max Humphrey,sa3059547,,,maxhumphrey
11110,Nick Hunkele,Nick Hunkele,sa3059548,,,nickhunkele
11111,Riely Hunsaker,Riely Hunsaker,sa3059549,836074,,rielyhunsaker
11112,Andrew Hunt,Andrew Hunt,sa3059550,,,andrewhunt
11113,Devin Hunt,Devin Hunt,sa3059551,,,devinhunt
11114,Caden Hunter,Caden Hunter,sa3059552,827267,,cadenhunter
11115,Grant Hunter,Grant Hunter,sa3059553,,,granthunter
11116,CJ Hurley,CJ Hurley,sa3059554,,,cjhurley
11117,Jordan Huskey,Jordan Huskey,sa3059555,,,jordanhuskey
11118,Colin Husko,Colin Husko,sa3059556,,,colinhusko
11119,Collin Husser,Collin Husser,sa3059557,,,collinhusser
11120,Ingmar Hutzezon,Ingmar Hutzezon,sa3059558,,,ingmarhutzezon
11121,Kyle Hvidsten,Kyle Hvidsten,sa3059559,,,kylehvidsten
11122,Brennan Hyde,Brennan Hyde,sa3059560,,,brennanhyde
11123,Joey Iglesias,Joey Iglesias,sa3059561,,,joeyiglesias
11124,Andrew Ildefonso,Andrew Ildefonso,sa3059562,,,andrewildefonso
11125,Ethan Imbimbo,Ethan Imbimbo,sa3059563,,,ethanimbimbo
11126,Matt Ineich,Matt Ineich,sa3059564,,,mattineich
11127,Michael Infranca,Michael Infranca,sa3059565,,,michaelinfranca
11128,Tyler Inge,Tyler Inge,sa3059566,,,tyleringe
11129,Jaxson Ingle,Jaxson Ingle,sa3059567,,,jaxsoningle
11130,Shintaro Inoue,Shintaro Inoue,sa3059568,,,shintaroinoue
11131,Austin Irby,Austin Irby,sa3059569,,,austinirby
11132,Brent Iredale,Brent Iredale,sa3059570,821348,,brentiredale
11133,Jackson Isaacs,Jackson Isaacs,sa3059571,,,jacksonisaacs
11134,Kenny Ishikawa,Kenny Ishikawa,sa3059572,,,kennyishikawa
11135,Charlie Isom-McCall,Charlie Isom-McCall,sa3059573,,,charlieisommccall
11136,Jayden Israel,Jayden Israel,sa3059574,,,jaydenisrael
11137,Nick Izzo,Nick Izzo,sa3059575,,,nickizzo
11138,Donovann Jackson,Donovann Jackson,sa3059576,,,donovannjackson
11139,Peyton Jackson,Peyton Jackson,sa3059577,,,peytonjackson
11140,Gavin Jacobsen,Gavin Jacobsen,sa3059578,,,gavinjacobsen
11141,Carlos Jacome,Carlos Jacome,sa3059579,,,carlosjacome
11142,Zack James,Zack James,sa3059580,,,zackjames
11143,Jimmy Janicki,Jimmy Janicki,sa3059581,,,jimmyjanicki
11144,Samuel Janik,Samuel Janik,sa3059582,,,samueljanik
11145,Ethan Jaques,Ethan Jaques,sa3059583,,,ethanjaques
11146,Carson Jasa,Carson Jasa,sa3059584,,,carsonjasa
11147,Hayden Jatczak,Hayden Jatczak,sa3059585,,,haydenjatczak
11148,Brayden Jefferis,Brayden Jefferis,sa3059586,,,braydenjefferis
11149,Jason Jelic,Jason Jelic,sa3059587,,,jasonjelic
11150,Bruce Jellison,Bruce Jellison,sa3059588,,,brucejellison
11151,Carter Jenkins,Carter Jenkins,sa3059589,,,carterjenkins
11152,Matthew Jenkins,Matthew Jenkins,sa3059590,,,matthewjenkins
11153,Ryan Jenkins,Ryan Jenkins,sa3059591,,,ryanjenkins
11154,Sean Jenkins,Sean Jenkins,sa3059592,,,seanjenkins
11155,Trent Jenks,Trent Jenks,sa3059593,,,trentjenks
11156,Branton Jernigan,Branton Jernigan,sa3059594,,,brantonjernigan
11157,Peter Jezerinac,Peter Jezerinac,sa3059595,,,peterjezerinac
11158,Payten Jibben,Payten Jibben,sa3059596,,,paytenjibben
11159,Adrian Jimenez,Adrian Jimenez,sa3059597,,,adrianjimenez
11160,Jorsixt Jimenez,Jorsixt Jimenez,sa3059598,,,jorsixtjimenez
11161,Julian Jimenez,Julian Jimenez,sa3059599,,,julianjimenez
11162,Will Johannes,Will Johannes,sa3059600,,,willjohannes
11163,Axel Johnson,Axel Johnson,sa3059602,,,axeljohnson
11164,Carter Johnstone,Carter Johnstone,sa3059604,,,carterjohnstone
11165,Cameron Johnson,Cameron Johnson,sa3059605,,,cameronjohnson
11166,Cole Johnson,Cole Johnson,sa3059606,,,colejohnson
11167,Conner Johnson,Conner Johnson,sa3059607,,,connerjohnson
11168,Drew Johnson,Drew Johnson,sa3059608,,,drewjohnson
11169,Ethan Johnson,Ethan Johnson,sa3059609,,,ethanjohnson
11170,Hudson Johnson,Hudson Johnson,sa3059610,,,hudsonjohnson
11171,Jaylon Johnson,Jaylon Johnson,sa3059611,,,jaylonjohnson
11172,Jonah Johnson,Jonah Johnson,sa3059612,,,jonahjohnson
11173,Landen Johnson,Landen Johnson,sa3059613,,,landenjohnson
11174,Nate Johnson,Nate Johnson,sa3059614,,,natejohnson
11175,Tyler Johnson,Tyler Johnson,sa3059616,,,tylerjohnson
11176,Zak Johnson,Zak Johnson,sa3059617,,,zakjohnson
11177,Asafa Jones,Asafa Jones,sa3059618,,,asafajones
11178,Eliot Jones,Eliot Jones,sa3059621,,,eliotjones
11179,Jaylen Jones,Jaylen Jones,sa3059622,,,jaylenjones
11180,Jeremy Jones,Jeremy Jones,sa3059623,,,jeremyjones
11181,Kooper Jones,Kooper Jones,sa3059624,,,kooperjones
11182,Luke Jones,Luke Jones,sa3059625,,,lukejones
11183,Paul Jones II,Paul Jones II,sa3059626,,,pauljonesii
11184,Tate Jones,Tate Jones,sa3059627,,,tatejones
11185,Tyler Jones,Tyler Jones,sa3059628,,,tylerjones
11186,Mycah Jordan,Mycah Jordan,sa3059629,,,mycahjordan
11187,Will Jordan,Will Jordan,sa3059630,,,willjordan
11188,Kainen Jorge,Kainen Jorge,sa3059631,,,kainenjorge
11189,Desmore Joseph II,Desmore Joseph II,sa3059632,,,desmorejosephii
11190,Evan Joubert,Evan Joubert,sa3059633,,,evanjoubert
11191,Gabe Juarez,Gabe Juarez,sa3059634,,,gabejuarez
11192,Jackson Judy,Jackson Judy,sa3059635,,,jacksonjudy
11193,Jaxon Junnila,Jaxon Junnila,sa3059636,,,jaxonjunnila
11194,Luke Kalfsbeek,Luke Kalfsbeek,sa3059637,,,lukekalfsbeek
11195,Michael Kalinich,Michael Kalinich,sa3059638,,,michaelkalinich
11196,Craig Kalkbrenner,Craig Kalkbrenner,sa3059639,,,craigkalkbrenner
11197,Tyler Kamerer,Tyler Kamerer,sa3059640,,,tylerkamerer
11198,Wailele Kane-Yates,Wailele Kane-Yates,sa3059641,,,wailelekaneyates
11199,Alex Kanipe,Alex Kanipe,sa3059642,,,alexkanipe
11200,Tyler Kapa,Tyler Kapa,sa3059643,,,tylerkapa
11201,Max Kaplan,Max Kaplan,sa3059644,,,maxkaplan
11202,Ryan Karl,Ryan Karl,sa3059645,,,ryankarl
11203,Ben Karpowicz,Ben Karpowicz,sa3059646,,,benkarpowicz
11204,Josh Kasner,Josh Kasner,sa3059647,,,joshkasner
11205,Ben Kasparie,Ben Kasparie,sa3059648,,,benkasparie
11206,Cole Katayama-Stall,Cole Katayama-Stall,sa3059649,,,colekatayamastall
11207,Camden Kaufman,Camden Kaufman,sa3059650,,,camdenkaufman
11208,Nick Keane,Nick Keane,sa3059651,,,nickkeane
11209,Aubrey Kearns,Aubrey Kearns,sa3059652,,,aubreykearns
11210,Nate Kearney,Nate Kearney,sa3059653,,,natekearney
11211,Brady Kehlenbrink,Brady Kehlenbrink,sa3059654,,,bradykehlenbrink
11212,Andrew Keller,Andrew Keller,sa3059655,,,andrewkeller
11213,Rom Kellis,Rom Kellis,sa3059656,,,romkellis
11214,Gavin Kelly,Gavin Kelly,sa3059657,,,gavinkelly
11215,Lucas Kelly,Lucas Kelly,sa3059658,805220,,lucaskelly
11216,Talan Kelly,Talan Kelly,sa3059659,,,talankelly
11217,Tyler Kelly,Tyler Kelly,sa3059660,,,tylerkelly
11218,Alex Kelsey,Alex Kelsey,sa3059661,,,alexkelsey
11219,Thomas Kendrick,Thomas Kendrick,sa3059662,,,thomaskendrick
11220,Damion Kenealy,Damion Kenealy,sa3059663,,,damionkenealy
11221,Jay Kennedy,Jay Kennedy,sa3059664,,,jaykennedy
11222,Karson Kennedy,Karson Kennedy,sa3059665,,,karsonkennedy
11223,Ryan Kennedy,Ryan Kennedy,sa3059666,,,ryankennedy
11224,Cole Kenyon,Cole Kenyon,sa3059667,,,colekenyon
11225,Maddox Keo,Maddox Keo,sa3059668,,,maddoxkeo
11226,Kohle Kerin,Kohle Kerin,sa3059669,,,kohlekerin
11227,Case Kermode,Case Kermode,sa3059670,,,casekermode
11228,Braydon Kersey,Braydon Kersey,sa3059671,,,braydonkersey
11229,Chance Key,Chance Key,sa3059672,,,chancekey
11230,Amaan Khan,Amaan Khan,sa3059673,,,amaankhan
11231,Kasen Khansarinia,Kasen Khansarinia,sa3059674,,,kasenkhansarinia
11232,Chayce Kieck,Chayce Kieck,sa3059675,,,chaycekieck
11233,Terrence Kiel II,Terrence Kiel II,sa3059676,,,terrencekielii
11234,Zach Kilby,Zach Kilby,sa3059677,,,zachkilby
11235,Isaac Kim,Isaac Kim,sa3059678,,,isaackim
11236,Theo Kim,Theo Kim,sa3059679,,,theokim
11237,Blake Kimball,Blake Kimball,sa3059680,,,blakekimball
11238,Carson Kimball,Carson Kimball,sa3059681,,,carsonkimball
11239,Aidan King,Aidan King,sa3059682,,,aidanking
11240,Blake King,Blake King,sa3059683,,,blakeking
11241,Caleb King,Caleb King,sa3059684,,,calebking
11242,Kedren Kinzie,Kedren Kinzie,sa3059686,,,kedrenkinzie
11243,Christian Kiper,Christian Kiper,sa3059687,,,christiankiper
11244,Corbin Kirk,Corbin Kirk,sa3059688,,,corbinkirk
11245,Mason Kirk,Mason Kirk,sa3059689,,,masonkirk
11246,Taylor Kirk,Taylor Kirk,sa3059690,,,taylorkirk
11247,Nate Kirkpatrick,Nate Kirkpatrick,sa3059691,,,natekirkpatrick
11248,Griffin Kirn,Griffin Kirn,sa3059692,822488,,griffinkirn
11249,Ryder Kirtley,Ryder Kirtley,sa3059693,,,ryderkirtley
11250,Cole Kitchens,Cole Kitchens,sa3059694,,,colekitchens
11251,Zach Kittrell,Zach Kittrell,sa3059695,,,zachkittrell
11252,Matt Kitzman,Matt Kitzman,sa3059696,,,mattkitzman
11253,Ethan Kleinschmit,Ethan Kleinschmit,sa3059697,,,ethankleinschmit
11254,Rohne Klein,Rohne Klein,sa3059698,,,rohneklein
11255,Ryan Klementowski,Ryan Klementowski,sa3059699,,,ryanklementowski
11256,Addison Klepsch,Addison Klepsch,sa3059700,,,addisonklepsch
11257,Kellan Klosterman,Kellan Klosterman,sa3059701,,,kellanklosterman
11258,Zach Kmatz,Zach Kmatz,sa3059702,,,zachkmatz
11259,Chris Knier,Chris Knier,sa3059703,,,chrisknier
11260,Grayson Knight,Grayson Knight,sa3059704,,,graysonknight
11261,Parker Knoll,Parker Knoll,sa3059705,,,parkerknoll
11262,Robbie Knowles,Robbie Knowles,sa3059706,,,robbieknowles
11263,Zach Knowlton,Zach Knowlton,sa3059707,,,zachknowlton
11264,Johnny Knox,Johnny Knox,sa3059708,,,johnnyknox
11265,Kellan Knox,Kellan Knox,sa3059709,,,kellanknox
11266,Cole Kochanowicz,Cole Kochanowicz,sa3059710,,,colekochanowicz
11267,Ethan Kodama,Ethan Kodama,sa3059711,,,ethankodama
11268,Kyle Koehler,Kyle Koehler,sa3059712,,,kylekoehler
11269,Jace Kohler,Jace Kohler,sa3059713,,,jacekohler
11270,Connor Kolarov,Connor Kolarov,sa3059714,,,connorkolarov
11271,Ian Koosman,Ian Koosman,sa3059715,,,iankoosman
11272,Cole Kosciusko,Cole Kosciusko,sa3059716,,,colekosciusko
11273,Mathew Kosuda,Mathew Kosuda,sa3059717,,,mathewkosuda
11274,Matthew Kouser,Matthew Kouser,sa3059718,,,matthewkouser
11275,Cam Kozeal,Cam Kozeal,sa3059719,,,camkozeal
11276,Brant Kragel,Brant Kragel,sa3059720,,,brantkragel
11277,Jackson Kranawetter,Jackson Kranawetter,sa3059721,,,jacksonkranawetter
11278,Steven Kraus,Steven Kraus,sa3059722,,,stevenkraus
11279,Nate Kress,Nate Kress,sa3059723,,,natekress
11280,Sam Kretsch,Sam Kretsch,sa3059724,,,samkretsch
11281,Hank Krift,Hank Krift,sa3059725,,,hankkrift
11282,Athan Kroll,Athan Kroll,sa3059726,,,athankroll
11283,Eric Krumpe,Eric Krumpe,sa3059727,,,erickrumpe
11284,Brady Krzciok,Brady Krzciok,sa3059728,,,bradykrzciok
11285,Ryan Kucy,Ryan Kucy,sa3059729,,,ryankucy
11286,Dillon Kuehl,Dillon Kuehl,sa3059730,,,dillonkuehl
11287,Calen Kujawa,Calen Kujawa,sa3059731,,,calenkujawa
11288,Marcel Kulik,Marcel Kulik,sa3059732,,,marcelkulik
11289,Theo Kummer,Theo Kummer,sa3059733,,,theokummer
11290,Aidan Kuni,Aidan Kuni,sa3059734,,,aidankuni
11291,Jake Kutella,Jake Kutella,sa3059735,,,jakekutella
11292,Gavin Kuzniewski,Gavin Kuzniewski,sa3059736,,,gavinkuzniewski
11293,Cole Kwiatkowski,Cole Kwiatkowski,sa3059737,,,colekwiatkowski
11294,Junhyuk Kwon,Junhyuk Kwon,sa3059738,,,junhyukkwon
11295,Greg LaChance,Greg LaChance,sa3059739,,,greglachance
11296,Danny Lachenmayer,Danny Lachenmayer,sa3059740,,,dannylachenmayer
11297,Grady Lacourciere,Grady Lacourciere,sa3059741,,,gradylacourciere
11298,Will Lafferty,Will Lafferty,sa3059742,,,willlafferty
11299,Tyrone Lake,Tyrone Lake,sa3059743,,,tyronelake
11300,Jackson LaLima,Jackson LaLima,sa3059744,,,jacksonlalima
11301,Andrew Landis,Andrew Landis,sa3059745,,,andrewlandis
11302,Boots Landry,Boots Landry,sa3059746,,,bootslandry
11303,Jackson Landry,Jackson Landry,sa3059747,,,jacksonlandry
11304,JT Landwehr,JT Landwehr,sa3059748,,,jtlandwehr
11305,Connor Lane,Connor Lane,sa3059749,,,connorlane
11306,Robbie Lane,Robbie Lane,sa3059750,,,robbielane
11307,Cole Lanford,Cole Lanford,sa3059751,,,colelanford
11308,Jacob Lang,Jacob Lang,sa3059752,,,jacoblang
11309,Tannis Lange,Tannis Lange,sa3059753,,,tannislange
11310,Evan Langston,Evan Langston,sa3059754,,,evanlangston
11311,Matt Lanzendorfer,Matt Lanzendorfer,sa3059755,831093,,mattlanzendorfer
11312,Reid Lapekas,Reid Lapekas,sa3059756,,,reidlapekas
11313,Tyler Large,Tyler Large,sa3059757,,,tylerlarge
11314,Vaun Larisa,Vaun Larisa,sa3059758,,,vaunlarisa
11315,Dylan Larkins,Dylan Larkins,sa3059759,,,dylanlarkins
11316,Braden LaRusso,Braden LaRusso,sa3059760,,,bradenlarusso
11317,Jamie Laskofski,Jamie Laskofski,sa3059761,,,jamielaskofski
11318,Robert Lastra,Robert Lastra,sa3059762,,,robertlastra
11319,Carson Latimer,Carson Latimer,sa3059763,802502,,carsonlatimer
11320,Jack Lausch,Jack Lausch,sa3059764,,,jacklausch
11321,Sam Lavin,Sam Lavin,sa3059765,,,samlavin
11322,Stone Lawless,Stone Lawless,sa3059766,,,stonelawless
11323,Trey Lawrence,Trey Lawrence,sa3059767,,,treylawrence
11324,Carson Laws,Carson Laws,sa3059768,830894,,carsonlaws
11325,Brendan Lawson,Brendan Lawson,sa3059769,,,brendanlawson
11326,Ryan Lawton,Ryan Lawton,sa3059770,,,ryanlawton
11327,Ethan Lay,Ethan Lay,sa3059771,,,ethanlay
11328,Noah Lazuka,Noah Lazuka,sa3059772,,,noahlazuka
11329,Jack Leary,Jack Leary,sa3059773,,,jackleary
11330,Jacob LeBlanc,Jacob LeBlanc,sa3059774,,,jacobleblanc
11331,Zach Leduc,Zach Leduc,sa3059775,,,zachleduc
11332,Darryl Lee,Darryl Lee,sa3059776,,,darryllee
11333,Jayce Lee,Jayce Lee,sa3059777,,,jaycelee
11334,Jacob Lee,Jacob Lee,sa3059778,,,jacoblee
11335,Joseph Lee,Joseph Lee,sa3059779,,,josephlee
11336,Owen Lee,Owen Lee,sa3059780,,,owenlee
11337,Sam Lee,Sam Lee,sa3059781,,,samlee
11338,Josh Leerssen,Josh Leerssen,sa3059782,,,joshleerssen
11339,Bobby LeFevre,Bobby LeFevre,sa3059783,,,bobbylefevre
11340,Matthew Lefevers,Matthew Lefevers,sa3059784,,,matthewlefevers
11341,Hunter Lefkus,Hunter Lefkus,sa3059785,,,hunterlefkus
11342,Jon Legrande,Jon Legrande,sa3059786,,,jonlegrande
11343,Eli Lehrman,Eli Lehrman,sa3059787,,,elilehrman
11344,Noah Leib,Noah Leib,sa3059788,,,noahleib
11345,Thomas Leiden,Thomas Leiden,sa3059789,,,thomasleiden
11346,Danny Leikus,Danny Leikus,sa3059790,,,dannyleikus
11347,Matt Leiterman,Matt Leiterman,sa3059791,,,mattleiterman
11348,Zach Leite,Zach Leite,sa3059792,,,zachleite
11349,Tyler Lejeune,Tyler Lejeune,sa3059793,,,tylerlejeune
11350,Johnny Lemm,Johnny Lemm,sa3059794,,,johnnylemm
11351,Austin Lemon,Austin Lemon,sa3059795,,,austinlemon
11352,Brayden Leonard,Brayden Leonard,sa3059797,,,braydenleonard
11353,Alex Leopard,Alex Leopard,sa3059798,,,alexleopard
11354,Andrew Lepine,Andrew Lepine,sa3059799,,,andrewlepine
11355,Aaron Lewis,Aaron Lewis,sa3059800,,,aaronlewis
11356,Andon Lewis,Andon Lewis,sa3059801,,,andonlewis
11357,Donte Lewis,Donte Lewis,sa3059802,,,dontelewis
11358,Evan Lewis,Evan Lewis,sa3059803,,,evanlewis
11359,Jax Lewis,Jax Lewis,sa3059804,,,jaxlewis
11360,Jordan Lewis,Jordan Lewis,sa3059805,,,jordanlewis
11361,Kyle Lewis,Kyle Lewis,sa3059806,,,kylelewis
11362,Nick Lewis,Nick Lewis,sa3059808,,,nicklewis
11363,Tate Lewis,Tate Lewis,sa3059809,,,tatelewis
11364,Wil Libbert,Wil Libbert,sa3059810,,,willibbert
11365,Jason Libby,Jason Libby,sa3059811,,,jasonlibby
11366,Vince Libretto,Vince Libretto,sa3059812,,,vincelibretto
11367,Giovanni Licciardi,Giovanni Licciardi,sa3059813,,,giovannilicciardi
11368,Tyler Lichtenberger,Tyler Lichtenberger,sa3059814,,,tylerlichtenberger
11369,Jesus Liera,Jesus Liera,sa3059815,,,jesusliera
11370,Forrest Lietz,Forrest Lietz,sa3059816,,,forrestlietz
11371,Caleb Ligenfelter,Caleb Ligenfelter,sa3059817,,,calebligenfelter
11372,Dylan Lina,Dylan Lina,sa3059818,,,dylanlina
11373,Daniel Lingle,Daniel Lingle,sa3059819,,,daniellingle
11374,Brody Linker,Brody Linker,sa3059820,,,brodylinker
11375,Luke Linnehan,Luke Linnehan,sa3059821,,,lukelinnehan
11376,Marshall Lipsey,Marshall Lipsey,sa3059822,,,marshalllipsey
11377,Luke Lirette,Luke Lirette,sa3059823,,,lukelirette
11378,Cody Liscio,Cody Liscio,sa3059824,,,codyliscio
11379,James Litman,James Litman,sa3059825,,,jameslitman
11380,Cooper Littledike,Cooper Littledike,sa3059826,,,cooperlittledike
11381,Joey Little,Joey Little,sa3059827,,,joeylittle
11382,Mo Little,Mo Little,sa3059828,,,molittle
11383,Lenox Lively,Lenox Lively,sa3059829,,,lenoxlively
11384,MJ Liyeos,MJ Liyeos,sa3059830,,,mjliyeos
11385,Marshall Loch,Marshall Loch,sa3059831,,,marshallloch
11386,Corie Lockette,Corie Lockette,sa3059832,,,corielockette
11387,Kyle Lodise,Kyle Lodise,sa3059833,,,kylelodise
11388,Jacob Loeffler,Jacob Loeffler,sa3059834,,,jacobloeffler
11389,Cecil Lofton,Cecil Lofton,sa3059835,,,cecillofton
11390,Gavin Long,Gavin Long,sa3059836,,,gavinlong
11391,Jake Long,Jake Long,sa3059837,,,jakelong
11392,Kyrin Long,Kyrin Long,sa3059838,,,kyrinlong
11393,Tyman Long,Tyman Long,sa3059839,,,tymanlong
11394,Charlie Longmeier,Charlie Longmeier,sa3059840,,,charlielongmeier
11395,Dom Longo,Dom Longo,sa3059841,,,domlongo
11396,Ricco Longo,Ricco Longo,sa3059842,,,riccolongo
11397,Dimond Loosli,Dimond Loosli,sa3059843,,,dimondloosli
11398,Angel Lopez,Angel Lopez,sa3059844,,,angellopez
11399,Augie Lopez,Augie Lopez,sa3059845,,,augielopez
11400,Joey Lopez,Joey Lopez,sa3059846,,,joeylopez
11401,Sergio Lopez,Sergio Lopez,sa3059847,,,sergiolopez
11402,Xavier Lopez,Xavier Lopez,sa3059848,,,xavierlopez
11403,Carson Lorch,Carson Lorch,sa3059849,,,carsonlorch
11404,Ryan Lordier,Ryan Lordier,sa3059850,,,ryanlordier
11405,Luke Lorence,Luke Lorence,sa3059851,,,lukelorence
11406,Emerson Lott,Emerson Lott,sa3059852,,,emersonlott
11407,Titus Lotz,Titus Lotz,sa3059853,,,tituslotz
11408,Jeff Lougee,Jeff Lougee,sa3059854,,,jefflougee
11409,Aaron Louis,Aaron Louis,sa3059855,,,aaronlouis
11410,James Love,James Love,sa3059856,,,jameslove
11411,Nathan Love,Nathan Love,sa3059857,,,nathanlove
11412,Logan Lowe,Logan Lowe,sa3059858,,,loganlowe
11413,Cort Lowry,Cort Lowry,sa3059859,,,cortlowry
11414,Ben Loyd,Ben Loyd,sa3059860,,,benloyd
11415,Aden Lucas,Aden Lucas,sa3059861,,,adenlucas
11416,Blaine Lucas,Blaine Lucas,sa3059862,,,blainelucas
11417,Preston Lucas,Preston Lucas,sa3059863,,,prestonlucas
11418,Trevor Lucas,Trevor Lucas,sa3059864,,,trevorlucas
11419,Owen Luchies,Owen Luchies,sa3059865,,,owenluchies
11420,Alejandro Ludeiro,Alejandro Ludeiro,sa3059866,,,alejandroludeiro
11421,Riley Luft,Riley Luft,sa3059867,,,rileyluft
11422,Rylan Lujo,Rylan Lujo,sa3059868,,,rylanlujo
11423,Mark Luke,Mark Luke,sa3059869,,,markluke
11424,Ethan Lund,Ethan Lund,sa3059870,,,ethanlund
11425,Lane Lusk,Lane Lusk,sa3059871,,,lanelusk
11426,Vincent Luther,Vincent Luther,sa3059872,,,vincentluther
11427,Hudson Lutterman,Hudson Lutterman,sa3059873,,,hudsonlutterman
11428,Jackson Lyda,Jackson Lyda,sa3059874,,,jacksonlyda
11429,John Lyman,John Lyman,sa3059875,,,johnlyman
11430,Blayne Lyne,Blayne Lyne,sa3059877,,,blaynelyne
11431,Oliver Mabee,Oliver Mabee,sa3059878,,,olivermabee
11432,Burke-Lee Mabeus,Burke-Lee Mabeus,sa3059879,,,burkeleemabeus
11433,Grant MacArthur,Grant MacArthur,sa3059880,,,grantmacarthur
11434,Eric Machej,Eric Machej,sa3059881,,,ericmachej
11435,Garrett Macias,Garrett Macias,sa3059882,,,garrettmacias
11436,Landon Mack,Landon Mack,sa3059883,,,landonmack
11437,Zack Mack,Zack Mack,sa3059884,821340,,zackmack
11438,Cayden Mackey,Cayden Mackey,sa3059885,,,caydenmackey
11439,Sam Maclaughlin,Sam Maclaughlin,sa3059886,,,sammaclaughlin
11440,Tyler Macon,Tyler Macon,sa3059887,,,tylermacon
11441,Reid Madariaga,Reid Madariaga,sa3059888,,,reidmadariaga
11442,Kendrey Maduro,Kendrey Maduro,sa3059889,,,kendreymaduro
11443,Logan Magdits,Logan Magdits,sa3059890,,,loganmagdits
11444,Kegan MaGee,Kegan MaGee,sa3059891,,,keganmagee
11445,Noah Magee,Noah Magee,sa3059892,,,noahmagee
11446,Wilson Magers,Wilson Magers,sa3059893,,,wilsonmagers
11447,William Maginnis,William Maginnis,sa3059894,,,williammaginnis
11448,Keaton Mahan,Keaton Mahan,sa3059895,,,keatonmahan
11449,Matthew Mainord,Matthew Mainord,sa3059896,,,matthewmainord
11450,Ty Mainolfi,Ty Mainolfi,sa3059897,,,tymainolfi
11451,Trey Majette,Trey Majette,sa3059898,,,treymajette
11452,Cooper Malamazian,Cooper Malamazian,sa3059899,,,coopermalamazian
11453,Peyton Malecha,Peyton Malecha,sa3059900,,,peytonmalecha
11454,Michael Malki,Michael Malki,sa3059901,,,michaelmalki
11455,Logan Mallard,Logan Mallard,sa3059902,,,loganmallard
11456,Noah Malone,Noah Malone,sa3059904,,,noahmalone
11457,Alejandro Maltos-Garcia,Alejandro Maltos-Garcia,sa3059905,,,alejandromaltosgarcia
11458,Alexander Manent,Alexander Manent,sa3059906,,,alexandermanent
11459,Aaron Manias,Aaron Manias,sa3059907,,,aaronmanias
11460,William Mann,William Mann,sa3059908,,,williammann
11461,Payton Mansfield,Payton Mansfield,sa3059909,,,paytonmansfield
11462,Tommy Manzo,Tommy Manzo,sa3059910,,,tommymanzo
11463,Charlie Marcantel,Charlie Marcantel,sa3059911,,,charliemarcantel
11464,Jake Marciano,Jake Marciano,sa3059912,,,jakemarciano
11465,Manny Marin,Manny Marin,sa3059913,,,mannymarin
11466,Charlie Marion,Charlie Marion,sa3059914,,,charliemarion
11467,Charlie Marisca,Charlie Marisca,sa3059915,,,charliemarisca
11468,Tommy Markey,Tommy Markey,sa3059916,,,tommymarkey
11469,Houston Markham,Houston Markham,sa3059917,,,houstonmarkham
11470,Caleb Marks,Caleb Marks,sa3059918,,,calebmarks
11471,Greg Marmo,Greg Marmo,sa3059919,,,gregmarmo
11472,Alex Marot,Alex Marot,sa3059920,,,alexmarot
11473,Andrew Marquis,Andrew Marquis,sa3059921,,,andrewmarquis
11474,Will Marquart,Will Marquart,sa3059922,,,willmarquart
11475,Thomas Marsala,Thomas Marsala,sa3059923,,,thomasmarsala
11476,Remy Marsh,Remy Marsh,sa3059924,,,remymarsh
11477,Tatum Marsh,Tatum Marsh,sa3059925,,,tatummarsh
11478,Cole Marthilijohni,Cole Marthilijohni,sa3059926,,,colemarthilijohni
11479,Ty Marthilijohni,Ty Marthilijohni,sa3059927,,,tymarthilijohni
11480,Adam Martin,Adam Martin,sa3059928,,,adammartin
11481,Andrey Martinez,Andrey Martinez,sa3059929,,,andreymartinez
11482,Jake Martinez,Jake Martinez,sa3059930,,,jakemartinez
11483,Jarrett Martin,Jarrett Martin,sa3059931,,,jarrettmartin
11484,Jameson Martin,Jameson Martin,sa3059932,,,jamesonmartin
11485,Jeremy Martinez,Jeremy Martinez,sa3059933,,,jeremymartinez
11486,John Martinez,John Martinez,sa3059934,,,johnmartinez
11487,Nathan Martinez,Nathan Martinez,sa3059935,,,nathanmartinez
11488,Parker Martin,Parker Martin,sa3059936,,,parkermartin
11489,Tate Martin,Tate Martin,sa3059937,,,tatemartin
11490,Zac Martin,Zac Martin,sa3059938,,,zacmartin
11491,Tommy Martorano,Tommy Martorano,sa3059939,,,tommymartorano
11492,Connor Maryniak,Connor Maryniak,sa3059940,,,connormaryniak
11493,Ethan Marzo,Ethan Marzo,sa3059941,,,ethanmarzo
11494,Nick Mascaro,Nick Mascaro,sa3059942,,,nickmascaro
11495,Gavin Mask,Gavin Mask,sa3059943,,,gavinmask
11496,DJ Massey,DJ Massey,sa3059944,,,djmassey
11497,Luke Matthews,Luke Matthews,sa3059945,,,lukematthews
11498,Marwynn Matthews Jr.,Marwynn Matthews Jr.,sa3059946,,,marwynnmatthewsjr
11499,Ethan Mattison,Ethan Mattison,sa3059947,,,ethanmattison
11500,Davis Mauzy,Davis Mauzy,sa3059948,,,davismauzy
11501,Mason Maxie,Mason Maxie,sa3059949,,,masonmaxie
11502,Nicholas Mazzotta,Nicholas Mazzotta,sa3059950,,,nicholasmazzotta
11503,Xander McAfee,Xander McAfee,sa3059951,,,xandermcafee
11504,AJ McAninch,AJ McAninch,sa3059952,,,ajmcaninch
11505,Alito McBean,Alito McBean,sa3059953,,,alitomcbean
11506,Austin McCabe,Austin McCabe,sa3059954,,,austinmccabe
11507,Jake McCarter,Jake McCarter,sa3059955,,,jakemccarter
11508,Ryan McCarroll,Ryan McCarroll,sa3059956,,,ryanmccarroll
11509,Seth McCartney,Seth McCartney,sa3059957,,,sethmccartney
11510,Tyler McCloskey,Tyler McCloskey,sa3059958,,,tylermccloskey
11511,Norris McClure,Norris McClure,sa3059959,,,norrismcclure
11512,Kyle McConachie,Kyle McConachie,sa3059960,,,kylemcconachie
11513,Walt McConell,Walt McConell,sa3059961,,,waltmcconell
11514,Carter McCulley,Carter McCulley,sa3059962,,,cartermcculley
11515,Patrick McCullough,Patrick McCullough,sa3059963,,,patrickmccullough
11516,Sean McCulloch,Sean McCulloch,sa3059964,,,seanmcculloch
11517,Parker McDaniels,Parker McDaniels,sa3059965,,,parkermcdaniels
11518,Brady McDevit,Brady McDevit,sa3059966,,,bradymcdevit
11519,Caden McDonald,Caden McDonald,sa3059967,,,cadenmcdonald
11520,Henry McDonald,Henry McDonald,sa3059968,,,henrymcdonald
11521,Jack McDonald,Jack McDonald,sa3059969,,,jackmcdonald
11522,Malachi McDonald,Malachi McDonald,sa3059970,,,malachimcdonald
11523,Maddox McDougall,Maddox McDougall,sa3059971,,,maddoxmcdougall
11524,Walker McDuffie,Walker McDuffie,sa3059972,,,walkermcduffie
11525,Carson McEntire,Carson McEntire,sa3059973,,,carsonmcentire
11526,Matt McGann,Matt McGann,sa3059974,,,mattmcgann
11527,Brady McGee,Brady McGee,sa3059975,,,bradymcgee
11528,James McGee,James McGee,sa3059976,,,jamesmcgee
11529,Luke McGibboney,Luke McGibboney,sa3059977,,,lukemcgibboney
11530,Aiden McGinnis,Aiden McGinnis,sa3059978,,,aidenmcginnis
11531,Connor McGinnis,Connor McGinnis,sa3059979,821296,,connormcginnis
11532,Coleman McGinnis,Coleman McGinnis,sa3059980,,,colemanmcginnis
11533,Matthew McGovern,Matthew McGovern,sa3059981,,,matthewmcgovern
11534,Amare McGown,Amare McGown,sa3059982,,,amaremcgown
11535,ThaMon McGriff,ThaMon McGriff,sa3059983,,,thamonmcgriff
11536,Max McGwire,Max McGwire,sa3059984,,,maxmcgwire
11537,Carter McKay,Carter McKay,sa3059985,,,cartermckay
11538,Curtis McKay,Curtis McKay,sa3059986,,,curtismckay
11539,Patrick McKenzie,Patrick McKenzie,sa3059987,,,patrickmckenzie
11540,Holden McKinney,Holden McKinney,sa3059988,,,holdenmckinney
11541,Nolan McKinstry,Nolan McKinstry,sa3059989,,,nolanmckinstry
11542,Tyler McKinstry,Tyler McKinstry,sa3059990,,,tylermckinstry
11543,Ryan McLaughlin,Ryan McLaughlin,sa3059991,,,ryanmclaughlin
11544,Xander McLaurin,Xander McLaurin,sa3059992,,,xandermclaurin
11545,Patrick McLellan,Patrick McLellan,sa3059993,,,patrickmclellan
11546,Collin McLemore,Collin McLemore,sa3059994,,,collinmclemore
11547,Harper McLendon,Harper McLendon,sa3059995,,,harpermclendon
11548,Lawson Mclntosh,Lawson Mclntosh,sa3059996,,,lawsonmclntosh
11549,Marcus McMillan,Marcus McMillan,sa3059997,,,marcusmcmillan
11550,Shaun McMillan,Shaun McMillan,sa3059998,,,shaunmcmillan
11551,Cooper McMullen,Cooper McMullen,sa3059999,,,coopermcmullen
11552,Ezra McNaughton,Ezra McNaughton,sa3060000,,,ezramcnaughton
11553,Aydan McNelly,Aydan McNelly,sa3060001,,,aydanmcnelly
11554,Brody McNiel,Brody McNiel,sa3060002,,,brodymcniel
11555,Ethan McNish-Heider,Ethan McNish-Heider,sa3060003,,,ethanmcnishheider
11556,Jack McWilliams,Jack McWilliams,sa3060004,,,jackmcwilliams
11557,Tate Medicoff,Tate Medicoff,sa3060005,,,tatemedicoff
11558,Seve Medrano,Seve Medrano,sa3060006,,,sevemedrano
11559,Connor Meidroth,Connor Meidroth,sa3060007,,,connormeidroth
11560,Ryan Mejia,Ryan Mejia,sa3060008,,,ryanmejia
11561,Matt Melancon,Matt Melancon,sa3060009,,,mattmelancon
11562,Noah Melancon,Noah Melancon,sa3060010,,,noahmelancon
11563,Gio Melchione,Gio Melchione,sa3060011,,,giomelchione
11564,Axel Melendez,Axel Melendez,sa3060012,,,axelmelendez
11565,Xavier Melendez,Xavier Melendez,sa3060013,,,xaviermelendez
11566,Tommy Meluskey,Tommy Meluskey,sa3060014,,,tommymeluskey
11567,Alex Mendes,Alex Mendes,sa3060015,,,alexmendes
11568,Max Mendes,Max Mendes,sa3060016,,,maxmendes
11569,Nazir Mendez,Nazir Mendez,sa3060017,,,nazirmendez
11570,Landon Mensik,Landon Mensik,sa3060018,,,landonmensik
11571,Kobe Mentzer,Kobe Mentzer,sa3060019,,,kobementzer
11572,Jake Merrick,Jake Merrick,sa3060020,,,jakemerrick
11573,Nathan Mertens,Nathan Mertens,sa3060021,,,nathanmertens
11574,Sean Meth,Sean Meth,sa3060022,,,seanmeth
11575,Mathis Meurant,Mathis Meurant,sa3060023,,,mathismeurant
11576,Luke Meyers,Luke Meyers,sa3060025,,,lukemeyers
11577,Maddox Meyer,Maddox Meyer,sa3060026,,,maddoxmeyer
11578,Sam Meyer,Sam Meyer,sa3060027,,,sammeyer
11579,RJ Meyn,RJ Meyn,sa3060028,,,rjmeyn
11580,Anthony Michaud,Anthony Michaud,sa3060029,,,anthonymichaud
11581,Owen Michelson,Owen Michelson,sa3060030,,,owenmichelson
11582,Carter Mick,Carter Mick,sa3060031,,,cartermick
11583,Gavin Micklinghoff,Gavin Micklinghoff,sa3060032,,,gavinmicklinghoff
11584,Aiden Milburn,Aiden Milburn,sa3060033,,,aidenmilburn
11585,Cade Miles,Cade Miles,sa3060034,,,cademiles
11586,Cooper Milford,Cooper Milford,sa3060035,,,coopermilford
11587,Brendon Miller,Brendon Miller,sa3060036,,,brendonmiller
11588,Brady Miller,Brady Miller,sa3060037,,,bradymiller
11589,Caden Miller,Caden Miller,sa3060038,,,cadenmiller
11590,Easton Miller,Easton Miller,sa3060039,,,eastonmiller
11591,Garrett Miller,Garrett Miller,sa3060040,,,garrettmiller
11592,Hunter Miller,Hunter Miller,sa3060041,,,huntermiller
11593,Logan Miller,Logan Miller,sa3060043,,,loganmiller
11594,Nick Miller,Nick Miller,sa3060044,,,nickmiller
11595,Nolan Miller,Nolan Miller,sa3060046,,,nolanmiller
11596,Nolan Milliman,Nolan Milliman,sa3060048,,,nolanmilliman
11597,Maxwell Mims,Maxwell Mims,sa3060049,,,maxwellmims
11598,Jake Minarik,Jake Minarik,sa3060050,,,jakeminarik
11599,Matt Minckler,Matt Minckler,sa3060051,,,mattminckler
11600,Robert Miranda,Robert Miranda,sa3060052,,,robertmiranda
11601,Nick Miscavage,Nick Miscavage,sa3060053,,,nickmiscavage
11602,Jack Mislan,Jack Mislan,sa3060054,,,jackmislan
11603,Braize Mitchell,Braize Mitchell,sa3060055,,,braizemitchell
11604,Bryce Mitchell,Bryce Mitchell,sa3060056,,,brycemitchell
11605,Derrick Mitchell,Derrick Mitchell,sa3060057,,,derrickmitchell
11606,John Mitchell,John Mitchell,sa3060058,,,johnmitchell
11607,Tommy Mitchell,Tommy Mitchell,sa3060059,,,tommymitchell
11608,Tyler Mitchell,Tyler Mitchell,sa3060060,,,tylermitchell
11609,Lance Mittelman,Lance Mittelman,sa3060061,,,lancemittelman
11610,Julian Mlodzinski,Julian Mlodzinski,sa3060062,,,julianmlodzinski
11611,Clint Moak,Clint Moak,sa3060063,,,clintmoak
11612,Dom Moats,Dom Moats,sa3060064,,,dommoats
11613,Aaron Moffitt,Aaron Moffitt,sa3060065,,,aaronmoffitt
11614,Logan Moller,Logan Moller,sa3060066,,,loganmoller
11615,Luke Monico,Luke Monico,sa3060067,,,lukemonico
11616,Adrian Montenegro,Adrian Montenegro,sa3060068,,,adrianmontenegro
11617,Cooper Montelbano,Cooper Montelbano,sa3060069,,,coopermontelbano
11618,Johnny Montgomery,Johnny Montgomery,sa3060070,,,johnnymontgomery
11619,JoJo Montgomery,JoJo Montgomery,sa3060071,,,jojomontgomery
11620,Reese Moody,Reese Moody,sa3060072,,,reesemoody
11621,Avery Moore,Avery Moore,sa3060073,,,averymoore
11622,Chase Moore,Chase Moore,sa3060074,,,chasemoore
11623,David Moore,David Moore,sa3060075,,,davidmoore
11624,Kellen Moore,Kellen Moore,sa3060077,,,kellenmoore
11625,Silas Moore,Silas Moore,sa3060078,,,silasmoore
11626,Will Moore,Will Moore,sa3060079,,,willmoore
11627,Nate Moquin,Nate Moquin,sa3060080,,,natemoquin
11628,Efrain Morales,Efrain Morales,sa3060081,,,efrainmorales
11629,Miguel Morales,Miguel Morales,sa3060082,,,miguelmorales
11630,CJ Moran,CJ Moran,sa3060083,,,cjmoran
11631,DJ Morand,DJ Morand,sa3060084,,,djmorand
11632,Adin Morehouse,Adin Morehouse,sa3060085,,,adinmorehouse
11633,Tylor Morehouse,Tylor Morehouse,sa3060086,,,tylormorehouse
11634,Christian Morel,Christian Morel,sa3060087,,,christianmorel
11635,Matthew Moreno,Matthew Moreno,sa3060088,,,matthewmoreno
11636,Aaron Morgan,Aaron Morgan,sa3060089,,,aaronmorgan
11637,Parker Morgan,Parker Morgan,sa3060090,,,parkermorgan
11638,Alexander Morrison,Alexander Morrison,sa3060091,,,alexandermorrison
11639,Charles Morris,Charles Morris,sa3060092,,,charlesmorris
11640,Dylan Morrill,Dylan Morrill,sa3060093,,,dylanmorrill
11641,Kyle Morrison,Kyle Morrison,sa3060094,,,kylemorrison
11642,Lake Morris,Lake Morris,sa3060095,,,lakemorris
11643,Joey Morton,Joey Morton,sa3060096,,,joeymorton
11644,Keon Moseni,Keon Moseni,sa3060097,,,keonmoseni
11645,Sonnier Moses,Sonnier Moses,sa3060098,,,sonniermoses
11646,Jason Moss,Jason Moss,sa3060099,,,jasonmoss
11647,Wylan Moss,Wylan Moss,sa3060100,,,wylanmoss
11648,John Moya,John Moya,sa3060101,,,johnmoya
11649,Landon Mueller,Landon Mueller,sa3060102,,,landonmueller
11650,Dalton Mullins,Dalton Mullins,sa3060103,,,daltonmullins
11651,Jameson Mullin,Jameson Mullin,sa3060104,,,jamesonmullin
11652,Jimmy Mulvaney,Jimmy Mulvaney,sa3060105,,,jimmymulvaney
11653,Jake Mulvehill,Jake Mulvehill,sa3060106,,,jakemulvehill
11654,Sammy Mummau,Sammy Mummau,sa3060107,,,sammymummau
11655,Parker Munday,Parker Munday,sa3060108,,,parkermunday
11656,Jake Munroe,Jake Munroe,sa3060109,827719,,jakemunroe
11657,Cayden Munster,Cayden Munster,sa3060110,,,caydenmunster
11658,Steele Murdock,Steele Murdock,sa3060111,,,steelemurdock
11659,James Murphy,James Murphy,sa3060112,,,jamesmurphy
11660,Quinn Murphy,Quinn Murphy,sa3060113,,,quinnmurphy
11661,Trent Murphy,Trent Murphy,sa3060114,,,trentmurphy
11662,AJ Murray,AJ Murray,sa3060115,,,ajmurray
11663,Grayson Murry,Grayson Murry,sa3060116,,,graysonmurry
11664,Jett Music,Jett Music,sa3060117,,,jettmusic
11665,Cade Mustard,Cade Mustard,sa3060118,,,cademustard
11666,Eric Nachtsheim,Eric Nachtsheim,sa3060119,,,ericnachtsheim
11667,Kace Naone,Kace Naone,sa3060120,,,kacenaone
11668,Paul Napolitano,Paul Napolitano,sa3060121,,,paulnapolitano
11669,Jack Natili,Jack Natili,sa3060122,,,jacknatili
11670,Gabe Natividad,Gabe Natividad,sa3060123,,,gabenatividad
11671,Alex Navarrete,Alex Navarrete,sa3060124,,,alexnavarrete
11672,Jack Nedrow,Jack Nedrow,sa3060125,,,jacknedrow
11673,Jake Neely,Jake Neely,sa3060126,,,jakeneely
11674,Nathan Negre,Nathan Negre,sa3060127,,,nathannegre
11675,Elijah Negron,Elijah Negron,sa3060128,,,elijahnegron
11676,Aaron Nehls,Aaron Nehls,sa3060129,,,aaronnehls
11677,Chase Nelson,Chase Nelson,sa3060130,,,chasenelson
11678,Jaret Nelson,Jaret Nelson,sa3060132,,,jaretnelson
11679,Riley Nelson,Riley Nelson,sa3060133,826043,,rileynelson
11680,Cole Newell,Cole Newell,sa3060134,,,colenewell
11681,Brandon Newland,Brandon Newland,sa3060135,,,brandonnewland
11682,Scott Newman,Scott Newman,sa3060136,,,scottnewman
11683,Chris Newstrom,Chris Newstrom,sa3060137,,,chrisnewstrom
11684,Will Newton,Will Newton,sa3060138,,,willnewton
11685,Daylinh Nguyen-Brown,Daylinh Nguyen-Brown,sa3060139,,,daylinhnguyenbrown
11686,James Nichols,James Nichols,sa3060140,,,jamesnichols
11687,Coen Niclai,Coen Niclai,sa3060141,,,coenniclai
11688,Cayden Nicoletto,Cayden Nicoletto,sa3060142,,,caydennicoletto
11689,Charlie Niehaus,Charlie Niehaus,sa3060143,,,charlieniehaus
11690,Christian Nilsen,Christian Nilsen,sa3060144,,,christiannilsen
11691,Nathen Nino,Nathen Nino,sa3060145,,,nathennino
11692,Cody Nitowitz,Cody Nitowitz,sa3060146,,,codynitowitz
11693,Jack Nobe,Jack Nobe,sa3060147,,,jacknobe
11694,Nick Noble,Nick Noble,sa3060148,,,nicknoble
11695,CJ Nolan,CJ Nolan,sa3060149,,,cjnolan
11696,Nicholas Nolan,Nicholas Nolan,sa3060150,,,nicholasnolan
11697,Nevan Noonan,Nevan Noonan,sa3060151,,,nevannoonan
11698,Kyler Northrop,Kyler Northrop,sa3060152,,,kylernorthrop
11699,Ben Norton,Ben Norton,sa3060153,,,bennorton
11700,Jace Norton,Jace Norton,sa3060154,,,jacenorton
11701,Nicolas Notarangelo,Nicolas Notarangelo,sa3060155,,,nicolasnotarangelo
11702,Grant Nottleman,Grant Nottleman,sa3060156,,,grantnottleman
11703,Brandon Novy,Brandon Novy,sa3060157,,,brandonnovy
11704,Colin Nowaczyk,Colin Nowaczyk,sa3060158,,,colinnowaczyk
11705,Mark Nowak,Mark Nowak,sa3060159,,,marknowak
11706,Landon Nunes,Landon Nunes,sa3060160,,,landonnunes
11707,Devin Nunez,Devin Nunez,sa3060161,,,devinnunez
11708,James Nunnallee,James Nunnallee,sa3060162,,,jamesnunnallee
11709,Austin Nye,Austin Nye,sa3060163,,,austinnye
11710,Ryan Oakes,Ryan Oakes,sa3060164,,,ryanoakes
11711,Ollie Obenour,Ollie Obenour,sa3060165,,,ollieobenour
11712,Trey Oblas,Trey Oblas,sa3060166,,,treyoblas
11713,Brady OBrien,Brady OBrien,sa3060167,,,bradyobrien
11714,Cole OBrien,Cole OBrien,sa3060168,,,coleobrien
11715,Matthew OBrien,Matthew OBrien,sa3060169,,,matthewobrien
11716,Derek Occhipinti,Derek Occhipinti,sa3060170,,,derekocchipinti
11717,Griffin OConnor,Griffin OConnor,sa3060171,,,griffinoconnor
11718,Kevin O'Connor,Kevin O'Connor,sa3060173,,,kevinoconnor
11719,Keegan O'Connor,Keegan O'Connor,sa3060174,,,keeganoconnor
11720,Keegan O'Hearn,Keegan O'Hearn,sa3060175,,,keeganohearn
11721,Steven Oliva,Steven Oliva,sa3060176,,,stevenoliva
11722,Brendin Oliver,Brendin Oliver,sa3060177,,,brendinoliver
11723,Griffin Olson,Griffin Olson,sa3060178,,,griffinolson
11724,John Ondus,John Ondus,sa3060179,,,johnondus
11725,Jordy Oriach,Jordy Oriach,sa3060180,,,jordyoriach
11726,Carter Orner,Carter Orner,sa3060181,,,carterorner
11727,Robert Oropeza,Robert Oropeza,sa3060182,,,robertoropeza
11728,Robert Orr,Robert Orr,sa3060183,,,robertorr
11729,Andrew Ortiz,Andrew Ortiz,sa3060184,,,andrewortiz
11730,Darren Osborne,Darren Osborne,sa3060185,,,darrenosborne
11731,Dylan Osborne,Dylan Osborne,sa3060186,,,dylanosborne
11732,Dariel Osoria,Dariel Osoria,sa3060187,,,darielosoria
11733,Jake Ottensmeier,Jake Ottensmeier,sa3060188,,,jakeottensmeier
11734,Jaden Ovalles,Jaden Ovalles,sa3060189,,,jadenovalles
11735,Jackson Owen,Jackson Owen,sa3060190,,,jacksonowen
11736,Luke Oyler,Luke Oyler,sa3060191,,,lukeoyler
11737,Cole Pacheco,Cole Pacheco,sa3060192,,,colepacheco
11738,Dylan Pacheco,Dylan Pacheco,sa3060193,,,dylanpacheco
11739,Zach Paczewski,Zach Paczewski,sa3060194,,,zachpaczewski
11740,Joey Pagano,Joey Pagano,sa3060195,,,joeypagano
11741,Owen Paino,Owen Paino,sa3060196,,,owenpaino
11742,Harry Painter,Harry Painter,sa3060197,,,harrypainter
11743,Fernando Palencia,Fernando Palencia,sa3060198,,,fernandopalencia
11744,Cade Palkowski,Cade Palkowski,sa3060199,,,cadepalkowski
11745,Cole Palmeri,Cole Palmeri,sa3060200,,,colepalmeri
11746,Kyle Panganiban,Kyle Panganiban,sa3060201,,,kylepanganiban
11747,Mason Pangborn,Mason Pangborn,sa3060202,,,masonpangborn
11748,Brian Panneton,Brian Panneton,sa3060203,,,brianpanneton
11749,Chad Pantuso,Chad Pantuso,sa3060204,,,chadpantuso
11750,Cameron Papetti,Cameron Papetti,sa3060205,,,cameronpapetti
11751,Malachi Paplanus,Malachi Paplanus,sa3060206,,,malachipaplanus
11752,Jacob Pappas,Jacob Pappas,sa3060207,,,jacobpappas
11753,Aidan Paradine,Aidan Paradine,sa3060208,,,aidanparadine
11754,Dawson Park,Dawson Park,sa3060209,,,dawsonpark
11755,Jayce Park,Jayce Park,sa3060210,,,jaycepark
11756,Brigden Parker,Brigden Parker,sa3060211,,,brigdenparker
11757,Kevin Parker,Kevin Parker,sa3060212,,,kevinparker
11758,Landon Parker,Landon Parker,sa3060213,,,landonparker
11759,Ryan Parker,Ryan Parker,sa3060214,,,ryanparker
11760,Jackson Parrill,Jackson Parrill,sa3060215,,,jacksonparrill
11761,JJ Parsons,JJ Parsons,sa3060216,,,jjparsons
11762,Tanner Paschke,Tanner Paschke,sa3060217,,,tannerpaschke
11763,Sahil Patel,Sahil Patel,sa3060218,,,sahilpatel
11764,Cade Patterson,Cade Patterson,sa3060219,,,cadepatterson
11765,Tripp Patterson,Tripp Patterson,sa3060220,,,tripppatterson
11766,Kevin Pauly,Kevin Pauly,sa3060221,,,kevinpauly
11767,Will Paxton,Will Paxton,sa3060222,,,willpaxton
11768,Carter Payne,Carter Payne,sa3060223,,,carterpayne
11769,Tevis Payne II,Tevis Payne II,sa3060224,,,tevispayneii
11770,Aidan Pearson,Aidan Pearson,sa3060225,,,aidanpearson
11771,John Pearson,John Pearson,sa3060226,,,johnpearson
11772,Lane Pearson,Lane Pearson,sa3060227,,,lanepearson
11773,Jacob Pedersen,Jacob Pedersen,sa3060228,,,jacobpedersen
11774,Harun Pelja,Harun Pelja,sa3060229,,,harunpelja
11775,Alex Peltier,Alex Peltier,sa3060230,,,alexpeltier
11776,Jake Pemble,Jake Pemble,sa3060231,,,jakepemble
11777,Diego Pena,Diego Pena,sa3060232,,,diegopena
11778,Esaid Pena,Esaid Pena,sa3060233,,,esaidpena
11779,Landon Penfield,Landon Penfield,sa3060234,,,landonpenfield
11780,Gunnar Penzkover,Gunnar Penzkover,sa3060235,,,gunnarpenzkover
11781,Fabio Peralta,Fabio Peralta,sa3060236,,,fabioperalta
11782,Michael Perazzo,Michael Perazzo,sa3060237,,,michaelperazzo
11783,Jake Pererira,Jake Pererira,sa3060238,,,jakepererira
11784,Chris Perez,Chris Perez,sa3060239,,,chrisperez
11785,Jose Perez,Jose Perez,sa3060241,,,joseperez
11786,Kenneth Perez,Kenneth Perez,sa3060242,,,kennethperez
11787,Wilbert Perez,Wilbert Perez,sa3060243,,,wilbertperez
11788,Xavier Perez,Xavier Perez,sa3060244,,,xavierperez
11789,Jack Perotti,Jack Perotti,sa3060245,,,jackperotti
11790,Anthony Perritano,Anthony Perritano,sa3060246,,,anthonyperritano
11791,Luca Perriello,Luca Perriello,sa3060247,,,lucaperriello
11792,Andrew Perry,Andrew Perry,sa3060248,,,andrewperry
11793,Max Perry,Max Perry,sa3060249,,,maxperry
11794,Anthony Pesci,Anthony Pesci,sa3060250,,,anthonypesci
11795,Eddie Peters,Eddie Peters,sa3060251,,,eddiepeters
11796,Mason Peters,Mason Peters,sa3060252,,,masonpeters
11797,Owen Peterson,Owen Peterson,sa3060253,,,owenpeterson
11798,Winston Peterson,Winston Peterson,sa3060254,,,winstonpeterson
11799,Brady Petit,Brady Petit,sa3060255,,,bradypetit
11800,AJ Petraitis,AJ Petraitis,sa3060256,,,ajpetraitis
11801,Dylan Petrey,Dylan Petrey,sa3060257,,,dylanpetrey
11802,Gabe Petrucelli,Gabe Petrucelli,sa3060258,,,gabepetrucelli
11803,Ben Pew,Ben Pew,sa3060259,,,benpew
11804,John Pfeffer,John Pfeffer,sa3060260,,,johnpfeffer
11805,Michael Pfeiffer,Michael Pfeiffer,sa3060261,,,michaelpfeiffer
11806,Amp Phillips,Amp Phillips,sa3060262,,,ampphillips
11807,Austin Phillips,Austin Phillips,sa3060263,,,austinphillips
11808,Kelton Phillips,Kelton Phillips,sa3060264,,,keltonphillips
11809,MJ Phillips,MJ Phillips,sa3060265,,,mjphillips
11810,Hunter Phipps,Hunter Phipps,sa3060266,,,hunterphipps
11811,Aaron Piasecki,Aaron Piasecki,sa3060267,,,aaronpiasecki
11812,Ryan Piech,Ryan Piech,sa3060268,,,ryanpiech
11813,Michael Pierson,Michael Pierson,sa3060269,,,michaelpierson
11814,Braelin Pilot,Braelin Pilot,sa3060270,,,braelinpilot
11815,Owen Pincince,Owen Pincince,sa3060271,,,owenpincince
11816,Joel Pineiro,Joel Pineiro,sa3060272,,,joelpineiro
11817,A.J. Pino,A.J. Pino,sa3060273,,,ajpino
11818,Noah Pins,Noah Pins,sa3060274,,,noahpins
11819,Luka Pintar,Luka Pintar,sa3060275,,,lukapintar
11820,Caleb Pittman,Caleb Pittman,sa3060276,,,calebpittman
11821,Derrick Pitts,Derrick Pitts,sa3060277,,,derrickpitts
11822,Gatlin Pitts,Gatlin Pitts,sa3060278,,,gatlinpitts
11823,Reinaldo Plascencia,Reinaldo Plascencia,sa3060279,,,reinaldoplascencia
11824,Austin Plisinski,Austin Plisinski,sa3060280,,,austinplisinski
11825,Mikey Plummer,Mikey Plummer,sa3060281,,,mikeyplummer
11826,Ashton Pocol,Ashton Pocol,sa3060282,,,ashtonpocol
11827,JP Podgorski,JP Podgorski,sa3060283,,,jppodgorski
11828,Drew Politte,Drew Politte,sa3060284,,,drewpolitte
11829,Jay Polite,Jay Polite,sa3060285,,,jaypolite
11830,Jeffrey Polledo,Jeffrey Polledo,sa3060286,,,jeffreypolledo
11831,Jeter Polledo,Jeter Polledo,sa3060287,,,jeterpolledo
11832,Tommy Popoff,Tommy Popoff,sa3060288,,,tommypopoff
11833,Rhyder Poppell,Rhyder Poppell,sa3060289,,,rhyderpoppell
11834,Hollis Porter,Hollis Porter,sa3060290,,,hollisporter
11835,Jack Porter,Jack Porter,sa3060292,,,jackporter
11836,Hunter Possehl,Hunter Possehl,sa3060293,,,hunterpossehl
11837,Aaron Potter,Aaron Potter,sa3060294,,,aaronpotter
11838,Nick Potter,Nick Potter,sa3060295,,,nickpotter
11839,Jakob Poturnak,Jakob Poturnak,sa3060296,,,jakobpoturnak
11840,Kyle Powers,Kyle Powers,sa3060297,,,kylepowers
11841,Trey Power,Trey Power,sa3060298,,,treypower
11842,Christian Pownall,Christian Pownall,sa3060299,,,christianpownall
11843,Cade Pregeant,Cade Pregeant,sa3060300,,,cadepregeant
11844,Ryan Preisano,Ryan Preisano,sa3060301,,,ryanpreisano
11845,Jace Presley,Jace Presley,sa3060302,,,jacepresley
11846,Tyler Presnell,Tyler Presnell,sa3060303,,,tylerpresnell
11847,William Price,William Price,sa3060304,,,williamprice
11848,Blaise Priester,Blaise Priester,sa3060305,,,blaisepriester
11849,Josh Prieto,Josh Prieto,sa3060306,,,joshprieto
11850,Blake Primrose,Blake Primrose,sa3060307,,,blakeprimrose
11851,Cooper Prince,Cooper Prince,sa3060308,,,cooperprince
11852,Henry Prindl,Henry Prindl,sa3060309,,,henryprindl
11853,Luke Proehl,Luke Proehl,sa3060310,,,lukeproehl
11854,Steven Proko,Steven Proko,sa3060311,,,stevenproko
11855,Jaiden Proper,Jaiden Proper,sa3060312,,,jaidenproper
11856,Ryan Pruitt,Ryan Pruitt,sa3060313,,,ryanpruitt
11857,Cort Pryor,Cort Pryor,sa3060314,,,cortpryor
11858,Tyler Prystajko,Tyler Prystajko,sa3060315,,,tylerprystajko
11859,Adam Puder,Adam Puder,sa3060316,,,adampuder
11860,Austin Puett,Austin Puett,sa3060317,,,austinpuett
11861,Ethan Puig,Ethan Puig,sa3060318,,,ethanpuig
11862,Rohan Putz,Rohan Putz,sa3060319,,,rohanputz
11863,Noah Quarless,Noah Quarless,sa3060320,,,noahquarless
11864,Micheal Quedens,Micheal Quedens,sa3060321,,,michealquedens
11865,Wyatt Queen,Wyatt Queen,sa3060322,,,wyattqueen
11866,Adrian Quezada,Adrian Quezada,sa3060323,,,adrianquezada
11867,Michael Quick,Michael Quick,sa3060324,,,michaelquick
11868,Ashton Quiller,Ashton Quiller,sa3060325,,,ashtonquiller
11869,Mike Rabayda,Mike Rabayda,sa3060326,,,mikerabayda
11870,Brayden Rader,Brayden Rader,sa3060327,,,braydenrader
11871,Jake Radosevich,Jake Radosevich,sa3060328,,,jakeradosevich
11872,Aaron Ragat,Aaron Ragat,sa3060329,,,aaronragat
11873,Andrew Ramirez,Andrew Ramirez,sa3060330,,,andrewramirez
11874,Chris Ramirez,Chris Ramirez,sa3060331,,,chrisramirez
11875,Fabian Ramirez,Fabian Ramirez,sa3060332,,,fabianramirez
11876,Alex Ramos,Alex Ramos,sa3060333,,,alexramos
11877,Brody Rasmussen,Brody Rasmussen,sa3060334,,,brodyrasmussen
11878,Andrew Ravelo,Andrew Ravelo,sa3060335,,,andrewravelo
11879,Eric Rawlings,Eric Rawlings,sa3060336,,,ericrawlings
11880,Hunter Ray,Hunter Ray,sa3060337,,,hunterray
11881,Kadin Ray,Kadin Ray,sa3060338,,,kadinray
11882,Keaton Ray,Keaton Ray,sa3060339,,,keatonray
11883,Tyler Ray,Tyler Ray,sa3060340,,,tylerray
11884,Andrew Rayment,Andrew Rayment,sa3060341,,,andrewrayment
11885,Andrew Raymond,Andrew Raymond,sa3060342,,,andrewraymond
11886,Tanner Reaves,Tanner Reaves,sa3060343,,,tannerreaves
11887,Trevor Rector,Trevor Rector,sa3060344,,,trevorrector
11888,Ryan Redmond,Ryan Redmond,sa3060345,,,ryanredmond
11889,Cooper Reese,Cooper Reese,sa3060346,,,cooperreese
11890,Braden Regala,Braden Regala,sa3060347,,,bradenregala
11891,Ben Rehkow,Ben Rehkow,sa3060348,,,benrehkow
11892,Matthew Reinholtz,Matthew Reinholtz,sa3060349,,,matthewreinholtz
11893,Tyson Reis,Tyson Reis,sa3060350,,,tysonreis
11894,Mason Reising,Mason Reising,sa3060351,,,masonreising
11895,Chris Rembert,Chris Rembert,sa3060352,,,chrisrembert
11896,Drew Rerick,Drew Rerick,sa3060353,,,drewrerick
11897,Alonso Reyes,Alonso Reyes,sa3060354,,,alonsoreyes
11898,Sam Reynolds,Sam Reynolds,sa3060355,,,samreynolds
11899,Stormy Rhodes,Stormy Rhodes,sa3060356,,,stormyrhodes
11900,Cannon Rice,Cannon Rice,sa3060357,,,cannonrice
11901,Lew Rice,Lew Rice,sa3060358,,,lewrice
11902,Carter Richardson,Carter Richardson,sa3060359,,,carterrichardson
11903,Cole Richardson,Cole Richardson,sa3060360,,,colerichardson
11904,Jonah Richardson,Jonah Richardson,sa3060361,,,jonahrichardson
11905,Karsen Richard,Karsen Richard,sa3060362,,,karsenrichard
11906,Alex Richter,Alex Richter,sa3060363,,,alexrichter
11907,Michael Rickert,Michael Rickert,sa3060364,,,michaelrickert
11908,Pearson Riebock,Pearson Riebock,sa3060365,,,pearsonriebock
11909,Micah Rienstra-Kiracofe,Micah Rienstra-Kiracofe,sa3060366,,,micahrienstrakiracofe
11910,Jesus Riera,Jesus Riera,sa3060367,,,jesusriera
11911,Nathan Ries,Nathan Ries,sa3060368,,,nathanries
11912,Rustan Rigdon,Rustan Rigdon,sa3060369,,,rustanrigdon
11913,Logan Rightmyer,Logan Rightmyer,sa3060370,,,loganrightmyer
11914,Michael Riley,Michael Riley,sa3060371,,,michaelriley
11915,Noah Rinehart,Noah Rinehart,sa3060372,,,noahrinehart
11916,Ryan Rios,Ryan Rios,sa3060373,,,ryanrios
11917,Nash Rippen,Nash Rippen,sa3060374,,,nashrippen
11918,Miles Risley,Miles Risley,sa3060375,,,milesrisley
11919,Robert Rispoli,Robert Rispoli,sa3060376,,,robertrispoli
11920,Aidan Risse,Aidan Risse,sa3060377,,,aidanrisse
11921,Riane Ritter,Riane Ritter,sa3060378,,,rianeritter
11922,Alex Ritzer,Alex Ritzer,sa3060379,,,alexritzer
11923,Anibal Rivera,Anibal Rivera,sa3060380,,,anibalrivera
11924,Nelson Rivera Flores,Nelson Rivera Flores,sa3060381,,,nelsonriveraflores
11925,Noel Rivera,Noel Rivera,sa3060382,,,noelrivera
11926,Ryan Rivera,Ryan Rivera,sa3060383,,,ryanrivera
11927,Mavrick Rizy,Mavrick Rizy,sa3060384,,,mavrickrizy
11928,John Rizzo,John Rizzo,sa3060385,,,johnrizzo
11929,Brooks Roberson,Brooks Roberson,sa3060386,,,brooksroberson
11930,Luke Robertson,Luke Robertson,sa3060387,,,lukerobertson
11931,Tate Robertson,Tate Robertson,sa3060388,,,taterobertson
11932,Jake Robinson,Jake Robinson,sa3060389,,,jakerobinson
11933,Rashad Robinson,Rashad Robinson,sa3060391,,,rashadrobinson
11934,Bruno Robles,Bruno Robles,sa3060392,,,brunorobles
11935,Colin Robson,Colin Robson,sa3060393,,,colinrobson
11936,Mikey Rocha,Mikey Rocha,sa3060394,,,mikeyrocha
11937,Jordan Rodarte,Jordan Rodarte,sa3060395,,,jordanrodarte
11938,Chase Rodgers,Chase Rodgers,sa3060396,,,chaserodgers
11939,Peyton Rodgers,Peyton Rodgers,sa3060397,,,peytonrodgers
11940,BJ Rodriguez,BJ Rodriguez,sa3060400,,,bjrodriguez
11941,Damian Rodriguez,Damian Rodriguez,sa3060401,,,damianrodriguez
11942,Dominic Rodriguez,Dominic Rodriguez,sa3060403,,,dominicrodriguez
11943,Javier Rodriguez,Javier Rodriguez,sa3060406,,,javierrodriguez
11944,JD Rodriguez,JD Rodriguez,sa3060407,,,jdrodriguez
11945,Brody Roe,Brody Roe,sa3060408,,,brodyroe
11946,Park Roeder,Park Roeder,sa3060409,,,parkroeder
11947,Austen Roellig,Austen Roellig,sa3060410,,,austenroellig
11948,Braydon Rogers,Braydon Rogers,sa3060411,,,braydonrogers
11949,Brett Rogers,Brett Rogers,sa3060412,,,brettrogers
11950,Daniel Rogers,Daniel Rogers,sa3060413,,,danielrogers
11951,Drew Rogers,Drew Rogers,sa3060414,,,drewrogers
11952,Preston Rogers,Preston Rogers,sa3060415,,,prestonrogers
11953,Justin Roitman,Justin Roitman,sa3060416,,,justinroitman
11954,Matthew Rollison,Matthew Rollison,sa3060417,,,matthewrollison
11955,Braeden Romero,Braeden Romero,sa3060418,,,braedenromero
11956,Jorge Romero,Jorge Romero,sa3060419,,,jorgeromero
11957,Park Romney,Park Romney,sa3060420,,,parkromney
11958,Matthew Roncalli,Matthew Roncalli,sa3060421,,,matthewroncalli
11959,Jackson Rooker,Jackson Rooker,sa3060422,,,jacksonrooker
11960,Mac Rose,Mac Rose,sa3060423,814779,,macrose
11961,Ben Rosin,Ben Rosin,sa3060424,,,benrosin
11962,Conner Ross,Conner Ross,sa3060425,,,connerross
11963,Grant Ross,Grant Ross,sa3060426,,,grantross
11964,Jack Ross,Jack Ross,sa3060427,,,jackross
11965,Jaxson Ross,Jaxson Ross,sa3060428,,,jaxsonross
11966,Max Ross,Max Ross,sa3060429,,,maxross
11967,Ethan Rossi,Ethan Rossi,sa3060431,,,ethanrossi
11968,Ethan Rothstein,Ethan Rothstein,sa3060432,,,ethanrothstein
11969,Brock Roundy,Brock Roundy,sa3060433,,,brockroundy
11970,Weston Rouse,Weston Rouse,sa3060434,,,westonrouse
11971,Brady Routon,Brady Routon,sa3060435,,,bradyrouton
11972,Alex Roux,Alex Roux,sa3060436,,,alexroux
11973,Tommy Rover,Tommy Rover,sa3060437,,,tommyrover
11974,Porter Rovin,Porter Rovin,sa3060438,,,porterrovin
11975,Ethan Rowland,Ethan Rowland,sa3060439,,,ethanrowland
11976,Gavin Roy,Gavin Roy,sa3060440,,,gavinroy
11977,Cole Royer,Cole Royer,sa3060441,,,coleroyer
11978,Aaron Rubio,Aaron Rubio,sa3060442,,,aaronrubio
11979,Ryan Ruch,Ryan Ruch,sa3060443,,,ryanruch
11980,Bryce Rudisill,Bryce Rudisill,sa3060444,,,brycerudisill
11981,Stephen Ruhle,Stephen Ruhle,sa3060445,,,stephenruhle
11982,Justin Rumfield,Justin Rumfield,sa3060446,,,justinrumfield
11983,Garrett Rusch,Garrett Rusch,sa3060447,,,garrettrusch
11984,Dominick Russ,Dominick Russ,sa3060448,,,dominickruss
11985,Charlie Russell,Charlie Russell,sa3060449,,,charlierussell
11986,Houston Russell,Houston Russell,sa3060450,,,houstonrussell
11987,Mason Russell,Mason Russell,sa3060451,,,masonrussell
11988,Zach Russell,Zach Russell,sa3060452,,,zachrussell
11989,Grant Russo,Grant Russo,sa3060453,,,grantrusso
11990,Cal Rutherford,Cal Rutherford,sa3060454,,,calrutherford
11991,Frankie Rutigliano,Frankie Rutigliano,sa3060455,,,frankierutigliano
11992,Trey Rutledge,Trey Rutledge,sa3060456,,,treyrutledge
11993,Dillon Ryan,Dillon Ryan,sa3060457,,,dillonryan
11994,Connor Sackett,Connor Sackett,sa3060458,,,connorsackett
11995,Ethan Salak,Ethan Salak,sa3060459,,,ethansalak
11996,Adam Salazar,Adam Salazar,sa3060460,,,adamsalazar
11997,Jack Salmon,Jack Salmon,sa3060461,,,jacksalmon
11998,Logan Saloman,Logan Saloman,sa3060462,,,logansaloman
11999,Zev Salsberg,Zev Salsberg,sa3060463,,,zevsalsberg
12000,Guriyandel Salva,Guriyandel Salva,sa3060464,,,guriyandelsalva
12001,Vincent Salvo,Vincent Salvo,sa3060465,,,vincentsalvo
12002,Gio Sambito,Gio Sambito,sa3060466,,,giosambito
12003,Kevin Samonsky,Kevin Samonsky,sa3060467,,,kevinsamonsky
12004,Carson Samuels,Carson Samuels,sa3060468,,,carsonsamuels
12005,Vincent Samuel,Vincent Samuel,sa3060469,,,vincentsamuel
12006,Edwin Sanchez,Edwin Sanchez,sa3060470,,,edwinsanchez
12007,Kamaehu Sanchez,Kamaehu Sanchez,sa3060472,,,kamaehusanchez
12008,Lex Sanchez,Lex Sanchez,sa3060473,,,lexsanchez
12009,Trace Sanchez,Trace Sanchez,sa3060474,,,tracesanchez
12010,Baylor Sandberg,Baylor Sandberg,sa3060475,,,baylorsandberg
12011,Alexander Sanderson,Alexander Sanderson,sa3060476,,,alexandersanderson
12012,Caleb Sanders,Caleb Sanders,sa3060477,,,calebsanders
12013,Camden Sanders,Camden Sanders,sa3060478,,,camdensanders
12014,Gatlin Sanders,Gatlin Sanders,sa3060479,,,gatlinsanders
12015,Jackson Sanders,Jackson Sanders,sa3060480,,,jacksonsanders
12016,Julian Sanders,Julian Sanders,sa3060481,,,juliansanders
12017,Nolan Sandee,Nolan Sandee,sa3060482,,,nolansandee
12018,Russell Sandefer,Russell Sandefer,sa3060483,,,russellsandefer
12019,Will Sanford,Will Sanford,sa3060484,,,willsanford
12020,Jeremy Sangalang,Jeremy Sangalang,sa3060485,,,jeremysangalang
12021,Anthony Sanguedolce,Anthony Sanguedolce,sa3060486,,,anthonysanguedolce
12022,Fabian Santana,Fabian Santana,sa3060487,,,fabiansantana
12023,Janluis Santiago,Janluis Santiago,sa3060488,,,janluissantiago
12024,Alberto Santos IV,Alberto Santos IV,sa3060489,,,albertosantosiv
12025,Manny Santos,Manny Santos,sa3060490,,,mannysantos
12026,Serigne Sarre,Serigne Sarre,sa3060491,,,serignesarre
12027,Rintaro Sasaki,Rintaro Sasaki,sa3060492,,,rintarosasaki
12028,Brady Sasse,Brady Sasse,sa3060493,,,bradysasse
12029,John-Paul Sauer,John-Paul Sauer,sa3060494,,,johnpaulsauer
12030,Charlie Saul,Charlie Saul,sa3060495,,,charliesaul
12031,Michael Vincent Saumell,Michael Vincent Saumell,sa3060496,,,michaelvincentsaumell
12032,Gilbert Saunders III,Gilbert Saunders III,sa3060497,,,gilbertsaundersiii
12033,Antonelli Savattere,Antonelli Savattere,sa3060498,,,antonellisavattere
12034,Jordan Savinon,Jordan Savinon,sa3060499,,,jordansavinon
12035,Nate Savoie,Nate Savoie,sa3060500,,,natesavoie
12036,Billy Scaldeferri,Billy Scaldeferri,sa3060501,,,billyscaldeferri
12037,Coley Schaefer,Coley Schaefer,sa3060503,,,coleyschaefer
12038,Tanner Schaedel,Tanner Schaedel,sa3060504,,,tannerschaedel
12039,Jack Schark,Jack Schark,sa3060505,,,jackschark
12040,Benjamin Schechterman,Benjamin Schechterman,sa3060506,,,benjaminschechterman
12041,Felix Schelde,Felix Schelde,sa3060507,,,felixschelde
12042,Brandon Scheurer,Brandon Scheurer,sa3060508,,,brandonscheurer
12043,DJ Scheumann,DJ Scheumann,sa3060509,,,djscheumann
12044,Owen Schexnaydre,Owen Schexnaydre,sa3060510,,,owenschexnaydre
12045,Dylan Schlaegel,Dylan Schlaegel,sa3060511,,,dylanschlaegel
12046,TJ Schlageter,TJ Schlageter,sa3060512,,,tjschlageter
12047,Carl Schmidt,Carl Schmidt,sa3060513,,,carlschmidt
12048,Tate Schmidt,Tate Schmidt,sa3060514,,,tateschmidt
12049,Tyler Schmitt,Tyler Schmitt,sa3060515,831325,,tylerschmitt
12050,William Schmidt,William Schmidt,sa3060516,,,williamschmidt
12051,Ayden Schnarrs,Ayden Schnarrs,sa3060517,,,aydenschnarrs
12052,Braeden Schnabel,Braeden Schnabel,sa3060518,,,braedenschnabel
12053,Logan Scholl,Logan Scholl,sa3060519,,,loganscholl
12054,Kevin Schoneboom,Kevin Schoneboom,sa3060520,,,kevinschoneboom
12055,Carson Schrack,Carson Schrack,sa3060521,,,carsonschrack
12056,Connor Schramm,Connor Schramm,sa3060522,,,connorschramm
12057,Augusto Schroeder,Augusto Schroeder,sa3060523,,,augustoschroeder
12058,Aidan Schuck,Aidan Schuck,sa3060524,,,aidanschuck
12059,Rece Schuerman,Rece Schuerman,sa3060525,,,receschuerman
12060,Jakob Schulz,Jakob Schulz,sa3060526,,,jakobschulz
12061,Kooper Schulte,Kooper Schulte,sa3060527,,,kooperschulte
12062,Tim Schuler,Tim Schuler,sa3060528,,,timschuler
12063,Paul Schuyler,Paul Schuyler,sa3060529,,,paulschuyler
12064,Brady Schwartzberg,Brady Schwartzberg,sa3060530,,,bradyschwartzberg
12065,Zachary Schwartzberg,Zachary Schwartzberg,sa3060531,,,zacharyschwartzberg
12066,Landon Scilley,Landon Scilley,sa3060532,,,landonscilley
12067,KJ Scobey,KJ Scobey,sa3060533,,,kjscobey
12068,Cal Scolari,Cal Scolari,sa3060534,,,calscolari
12069,DJ Scott,DJ Scott,sa3060535,,,djscott
12070,Dylan Scudder,Dylan Scudder,sa3060536,,,dylanscudder
12071,Luke Scwartz,Luke Scwartz,sa3060537,,,lukescwartz
12072,Camron Seagraves,Camron Seagraves,sa3060538,,,camronseagraves
12073,Blake Sehlke,Blake Sehlke,sa3060539,,,blakesehlke
12074,Griffin Seibel,Griffin Seibel,sa3060540,,,griffinseibel
12075,Ryan Sell,Ryan Sell,sa3060541,,,ryansell
12076,Austin Sellers,Austin Sellers,sa3060542,,,austinsellers
12077,Ryan Sellers,Ryan Sellers,sa3060543,,,ryansellers
12078,Gavin Sentell,Gavin Sentell,sa3060544,,,gavinsentell
12079,Ryan Seo,Ryan Seo,sa3060545,,,ryanseo
12080,Nolan Sergeant,Nolan Sergeant,sa3060546,,,nolansergeant
12081,Martin Serrano,Martin Serrano,sa3060547,,,martinserrano
12082,Isaac Sewell,Isaac Sewell,sa3060548,,,isaacsewell
12083,Brody Sexton,Brody Sexton,sa3060549,,,brodysexton
12084,Matt Sgambati,Matt Sgambati,sa3060550,,,mattsgambati
12085,Justin Shadek,Justin Shadek,sa3060551,,,justinshadek
12086,Demitri Shakotko,Demitri Shakotko,sa3060552,,,demitrishakotko
12087,Luke Shannahan,Luke Shannahan,sa3060553,,,lukeshannahan
12088,Will Shannon,Will Shannon,sa3060554,,,willshannon
12089,Michael Sharman,Michael Sharman,sa3060555,,,michaelsharman
12090,Connor Shaw,Connor Shaw,sa3060556,,,connorshaw
12091,Trenton Shaw,Trenton Shaw,sa3060557,,,trentonshaw
12092,Tyler Shaw,Tyler Shaw,sa3060558,,,tylershaw
12093,Bryson Shea,Bryson Shea,sa3060559,,,brysonshea
12094,Cooper Sheff,Cooper Sheff,sa3060560,,,coopersheff
12095,Jeremy Sheffield,Jeremy Sheffield,sa3060561,,,jeremysheffield
12096,Lincoln Sheffield,Lincoln Sheffield,sa3060562,,,lincolnsheffield
12097,Noah Sheffield,Noah Sheffield,sa3060563,,,noahsheffield
12098,Jack Sheldon,Jack Sheldon,sa3060564,,,jacksheldon
12099,Skip Shenosky,Skip Shenosky,sa3060565,,,skipshenosky
12100,Troy Shepard,Troy Shepard,sa3060566,,,troyshepard
12101,Dylan Shepherd,Dylan Shepherd,sa3060567,,,dylanshepherd
12102,Caden Sheridan,Caden Sheridan,sa3060568,,,cadensheridan
12103,Matthew Shorey,Matthew Shorey,sa3060569,,,matthewshorey
12104,Brodie Short,Brodie Short,sa3060570,,,brodieshort
12105,Garrett Shull,Garrett Shull,sa3060571,,,garrettshull
12106,Jonah Shull,Jonah Shull,sa3060572,,,jonahshull
12107,Rodney Shultz,Rodney Shultz,sa3060573,,,rodneyshultz
12108,Cade Shumard,Cade Shumard,sa3060574,,,cadeshumard
12109,Michael Siemer,Michael Siemer,sa3060575,,,michaelsiemer
12110,Joe Siervo,Joe Siervo,sa3060576,,,joesiervo
12111,Yates Sikes,Yates Sikes,sa3060577,,,yatessikes
12112,Sam Simmons,Sam Simmons,sa3060578,,,samsimmons
12113,Cole Simoneaux,Cole Simoneaux,sa3060579,,,colesimoneaux
12114,Tommy Simon,Tommy Simon,sa3060580,,,tommysimon
12115,Blake Simpson,Blake Simpson,sa3060581,,,blakesimpson
12116,Tanner Simpson,Tanner Simpson,sa3060582,,,tannersimpson
12117,Garrett Sims,Garrett Sims,sa3060583,,,garrettsims
12118,AJ Singer,AJ Singer,sa3060584,,,ajsinger
12119,Luke Singleton,Luke Singleton,sa3060585,,,lukesingleton
12120,Marko Sipila,Marko Sipila,sa3060586,,,markosipila
12121,Jackson Sirois,Jackson Sirois,sa3060587,,,jacksonsirois
12122,Colin Skermont,Colin Skermont,sa3060588,,,colinskermont
12123,Ryan Skjonsby,Ryan Skjonsby,sa3060589,,,ryanskjonsby
12124,Josh Skowronski,Josh Skowronski,sa3060590,,,joshskowronski
12125,Clayton Slack,Clayton Slack,sa3060591,,,claytonslack
12126,Garrett Sloan,Garrett Sloan,sa3060592,,,garrettsloan
12127,Ayden Slott,Ayden Slott,sa3060593,,,aydenslott
12128,Dane Small,Dane Small,sa3060594,,,danesmall
12129,Noah Smallwood,Noah Smallwood,sa3060595,,,noahsmallwood
12130,Pip Smalley,Pip Smalley,sa3060596,,,pipsmalley
12131,Cranz Smelcer,Cranz Smelcer,sa3060597,,,cranzsmelcer
12132,Landon Smelser,Landon Smelser,sa3060598,,,landonsmelser
12133,Angelo Smith,Angelo Smith,sa3060599,816212,,angelosmith
12134,Brayden Smith,Brayden Smith,sa3060601,829670,,braydensmith
12135,Conner Smith,Conner Smith,sa3060604,,,connersmith
12136,Dalton Smith,Dalton Smith,sa3060605,,,daltonsmith
12137,Dante Smith,Dante Smith,sa3060606,,,dantesmith
12138,Easten Smith,Easten Smith,sa3060608,,,eastensmith
12139,Ethan Smith,Ethan Smith,sa3060609,,,ethansmith
12140,Gabe Smith,Gabe Smith,sa3060610,,,gabesmith
12141,Glenn Smith,Glenn Smith,sa3060611,,,glennsmith
12142,Griffin Smith,Griffin Smith,sa3060612,,,griffinsmith
12143,James Smith IV,James Smith IV,sa3060613,805992,,jamessmithiv
12144,Jackson Smith,Jackson Smith,sa3060614,,,jacksonsmith
12145,Jonathan Smith,Jonathan Smith,sa3060616,,,jonathansmith
12146,John Smith,John Smith,sa3060617,,,johnsmith
12147,Kaden Smith,Kaden Smith,sa3060618,,,kadensmith
12148,Lucas Smith,Lucas Smith,sa3060621,,,lucassmith
12149,Miles Smith,Miles Smith,sa3060622,,,milessmith
12150,Nick Smith,Nick Smith,sa3060623,,,nicksmith
12151,Sawyer Smith,Sawyer Smith,sa3060624,,,sawyersmith
12152,Tucker Smith,Tucker Smith,sa3060625,,,tuckersmith
12153,Ty Smolinski,Ty Smolinski,sa3060627,,,tysmolinski
12154,Jacob Smoot,Jacob Smoot,sa3060628,,,jacobsmoot
12155,Will Smoot,Will Smoot,sa3060629,,,willsmoot
12156,Chase Snavely,Chase Snavely,sa3060630,,,chasesnavely
12157,Dylan Snead,Dylan Snead,sa3060631,,,dylansnead
12158,Nyenati Snoh,Nyenati Snoh,sa3060632,,,nyenatisnoh
12159,Corbin Snyder,Corbin Snyder,sa3060633,,,corbinsnyder
12160,Trenton Snyder,Trenton Snyder,sa3060634,,,trentonsnyder
12161,Sawyer Solitaria,Sawyer Solitaria,sa3060635,,,sawyersolitaria
12162,Jaxon Sorenson,Jaxon Sorenson,sa3060636,,,jaxonsorenson
12163,Chase Sorlie,Chase Sorlie,sa3060637,,,chasesorlie
12164,Rafael Soto,Rafael Soto,sa3060638,,,rafaelsoto
12165,Jake Souders,Jake Souders,sa3060639,,,jakesouders
12166,Tee Southisene,Tee Southisene,sa3060640,,,teesouthisene
12167,Carrson Sova,Carrson Sova,sa3060641,,,carrsonsova
12168,Trevor Spainhoward,Trevor Spainhoward,sa3060642,,,trevorspainhoward
12169,Nolan Sparks,Nolan Sparks,sa3060643,,,nolansparks
12170,Grayson Sparr,Grayson Sparr,sa3060644,,,graysonsparr
12171,Tyler Sparrer,Tyler Sparrer,sa3060645,,,tylersparrer
12172,Trey Spees,Trey Spees,sa3060646,,,treyspees
12173,Andrew Speranza,Andrew Speranza,sa3060647,,,andrewsperanza
12174,Joe Sperry,Joe Sperry,sa3060648,,,joesperry
12175,Charlie Spoonhour,Charlie Spoonhour,sa3060649,,,charliespoonhour
12176,Stefan Stahl,Stefan Stahl,sa3060650,,,stefanstahl
12177,Hayden Stallings,Hayden Stallings,sa3060651,,,haydenstallings
12178,Max Stammel,Max Stammel,sa3060652,,,maxstammel
12179,Imarion Stanberry,Imarion Stanberry,sa3060653,,,imarionstanberry
12180,Matt Stancliff,Matt Stancliff,sa3060654,,,mattstancliff
12181,Carter Stanford,Carter Stanford,sa3060655,,,carterstanford
12182,Bobby Stang,Bobby Stang,sa3060656,,,bobbystang
12183,Jed Stange-Tregear,Jed Stange-Tregear,sa3060657,,,jedstangetregear
12184,Wyatt Stanley,Wyatt Stanley,sa3060658,,,wyattstanley
12185,Ethan Starks,Ethan Starks,sa3060659,,,ethanstarks
12186,Eli Steadman,Eli Steadman,sa3060660,,,elisteadman
12187,Peyton Steele,Peyton Steele,sa3060661,,,peytonsteele
12188,Anthony Steinhoff,Anthony Steinhoff,sa3060662,,,anthonysteinhoff
12189,Nathan Stein,Nathan Stein,sa3060663,,,nathanstein
12190,Aaron Stelogeannis,Aaron Stelogeannis,sa3060664,,,aaronstelogeannis
12191,Jordan Stephens,Jordan Stephens,sa3060665,,,jordanstephens
12192,Marc Stephens,Marc Stephens,sa3060666,,,marcstephens
12193,Sean Stephenson,Sean Stephenson,sa3060667,,,seanstephenson
12194,Spencer Stephens,Spencer Stephens,sa3060668,,,spencerstephens
12195,Jonah Stepner,Jonah Stepner,sa3060669,,,jonahstepner
12196,Nate Stern,Nate Stern,sa3060670,,,natestern
12197,Jared Stevenson,Jared Stevenson,sa3060671,,,jaredstevenson
12198,Jonny Stevens,Jonny Stevens,sa3060672,,,jonnystevens
12199,Rhys Stevens,Rhys Stevens,sa3060673,,,rhysstevens
12200,Finnegan Stewart,Finnegan Stewart,sa3060674,,,finneganstewart
12201,Mac Stiffler,Mac Stiffler,sa3060675,,,macstiffler
12202,Justin Stimpson,Justin Stimpson,sa3060676,,,justinstimpson
12203,Rylen Stockton,Rylen Stockton,sa3060677,,,rylenstockton
12204,Dylan Story,Dylan Story,sa3060678,,,dylanstory
12205,Karsten Stotlar,Karsten Stotlar,sa3060679,,,karstenstotlar
12206,Sage Stout,Sage Stout,sa3060680,,,sagestout
12207,Trevor Stowe,Trevor Stowe,sa3060681,,,trevorstowe
12208,Brady St. Pierre,Brady St. Pierre,sa3060682,,,bradystpierre
12209,Brendan Strenke,Brendan Strenke,sa3060683,,,brendanstrenke
12210,Travis Stroh,Travis Stroh,sa3060684,,,travisstroh
12211,Sawyer Strosnider,Sawyer Strosnider,sa3060685,,,sawyerstrosnider
12212,Liam Stumpf,Liam Stumpf,sa3060686,,,liamstumpf
12213,Isaac Sturgess,Isaac Sturgess,sa3060687,,,isaacsturgess
12214,Cayden Suchy,Cayden Suchy,sa3060688,,,caydensuchy
12215,Billy Sullivan,Billy Sullivan,sa3060689,,,billysullivan
12216,Carl Sullivan,Carl Sullivan,sa3060690,,,carlsullivan
12217,Case Sullivan,Case Sullivan,sa3060691,,,casesullivan
12218,Spencer Sullivan,Spencer Sullivan,sa3060692,,,spencersullivan
12219,Pranav Sundar,Pranav Sundar,sa3060693,,,pranavsundar
12220,Camden Sunstrom,Camden Sunstrom,sa3060694,,,camdensunstrom
12221,Breyllin Suriel,Breyllin Suriel,sa3060695,,,breyllinsuriel
12222,Brode Susce,Brode Susce,sa3060696,,,brodesusce
12223,Hunter Sute,Hunter Sute,sa3060697,,,huntersute
12224,Matthew Sutera,Matthew Sutera,sa3060698,,,matthewsutera
12225,Cam Suto,Cam Suto,sa3060699,,,camsuto
12226,Steven Svenson,Steven Svenson,sa3060700,,,stevensvenson
12227,Jack Swaney,Jack Swaney,sa3060701,,,jackswaney
12228,Brenden Sweeney,Brenden Sweeney,sa3060702,,,brendensweeney
12229,Parker Sweeney,Parker Sweeney,sa3060703,,,parkersweeney
12230,Sean Sweeney,Sean Sweeney,sa3060704,,,seansweeney
12231,Chase Swift,Chase Swift,sa3060705,,,chaseswift
12232,Julian Swift,Julian Swift,sa3060706,,,julianswift
12233,Brody Swindle,Brody Swindle,sa3060707,,,brodyswindle
12234,Easton Swofford,Easton Swofford,sa3060708,,,eastonswofford
12235,Trey Swygart,Trey Swygart,sa3060709,,,treyswygart
12236,Jack Sylvia,Jack Sylvia,sa3060710,,,jacksylvia
12237,Cole Syversen,Cole Syversen,sa3060711,,,colesyversen
12238,Mike Szturma,Mike Szturma,sa3060712,,,mikeszturma
12239,Cole Tabor,Cole Tabor,sa3060713,,,coletabor
12240,Aidan Taclas,Aidan Taclas,sa3060714,,,aidantaclas
12241,Chuck Tallman,Chuck Tallman,sa3060715,,,chucktallman
12242,Makani Tanaka,Makani Tanaka,sa3060716,,,makanitanaka
12243,Leeroy Tavarez,Leeroy Tavarez,sa3060717,,,leeroytavarez
12244,Evan Taveras,Evan Taveras,sa3060718,,,evantaveras
12245,Clayton Taylor,Clayton Taylor,sa3060719,,,claytontaylor
12246,Kam Taylor,Kam Taylor,sa3060720,,,kamtaylor
12247,Luke Taylor,Luke Taylor,sa3060721,,,luketaylor
12248,Wilton Taylor,Wilton Taylor,sa3060722,,,wiltontaylor
12249,Easton Teel,Easton Teel,sa3060723,,,eastonteel
12250,Jackson Teer,Jackson Teer,sa3060724,,,jacksonteer
12251,Cameron Teinert,Cameron Teinert,sa3060725,,,cameronteinert
12252,Tim Teixeira,Tim Teixeira,sa3060726,,,timteixeira
12253,Richard Tejeda,Richard Tejeda,sa3060727,,,richardtejeda
12254,Cody Templeton,Cody Templeton,sa3060728,,,codytempleton
12255,Miles Tenscher,Miles Tenscher,sa3060729,,,milestenscher
12256,Cameron Teper,Cameron Teper,sa3060730,,,cameronteper
12257,Bub Terrell,Bub Terrell,sa3060731,,,bubterrell
12258,Harrison Thayer,Harrison Thayer,sa3060732,,,harrisonthayer
12259,Noah Thein,Noah Thein,sa3060733,,,noahthein
12260,Luke Thiele,Luke Thiele,sa3060734,,,lukethiele
12261,Noah Thigpen,Noah Thigpen,sa3060735,,,noahthigpen
12262,Brady Thomas,Brady Thomas,sa3060736,,,bradythomas
12263,Matthew Thomas,Matthew Thomas,sa3060739,,,matthewthomas
12264,Ryan Thomas,Ryan Thomas,sa3060740,,,ryanthomas
12265,Brock Thompson,Brock Thompson,sa3060741,,,brockthompson
12266,Gavin Thompson,Gavin Thompson,sa3060742,,,gavinthompson
12267,Jack Thompson,Jack Thompson,sa3060743,,,jackthompson
12268,J.J. Thompson,J.J. Thompson,sa3060744,,,jjthompson
12269,Josh Thompson,Josh Thompson,sa3060745,,,joshthompson
12270,J.T. Thompson,J.T. Thompson,sa3060746,,,jtthompson
12271,Kyeler Thompson,Kyeler Thompson,sa3060747,,,kyelerthompson
12272,Taili Thompson,Taili Thompson,sa3060748,,,tailithompson
12273,Tyler Thompson,Tyler Thompson,sa3060749,,,tylerthompson
12274,Colby Thorndyke,Colby Thorndyke,sa3060751,,,colbythorndyke
12275,Dawson Thrush,Dawson Thrush,sa3060752,,,dawsonthrush
12276,Nate Tichy,Nate Tichy,sa3060753,,,natetichy
12277,Nolan Tillit,Nolan Tillit,sa3060754,,,nolantillit
12278,Michael Timberlake,Michael Timberlake,sa3060755,,,michaeltimberlake
12279,Ben Timblin,Ben Timblin,sa3060756,,,bentimblin
12280,Braylen Timmins,Braylen Timmins,sa3060757,,,braylentimmins
12281,Blake Timmons,Blake Timmons,sa3060758,,,blaketimmons
12282,Justin Tims,Justin Tims,sa3060759,,,justintims
12283,Andrew Tinsley,Andrew Tinsley,sa3060760,,,andrewtinsley
12284,Dayton Tockey,Dayton Tockey,sa3060761,,,daytontockey
12285,Triston Todorowski,Triston Todorowski,sa3060762,,,tristontodorowski
12286,Dean Toigo,Dean Toigo,sa3060763,,,deantoigo
12287,Nick Tomasetto,Nick Tomasetto,sa3060764,,,nicktomasetto
12288,Taylor Tomlin,Taylor Tomlin,sa3060765,,,taylortomlin
12289,Austin Tommasini,Austin Tommasini,sa3060766,,,austintommasini
12290,Zaine Toneske,Zaine Toneske,sa3060767,,,zainetoneske
12291,Noah Toole,Noah Toole,sa3060768,,,noahtoole
12292,Matt Toomey,Matt Toomey,sa3060769,,,matttoomey
12293,Aiden Torrez,Aiden Torrez,sa3060770,,,aidentorrez
12294,Boston Torres,Boston Torres,sa3060771,,,bostontorres
12295,Chris Torres,Chris Torres,sa3060772,,,christorres
12296,Dylan Torres,Dylan Torres,sa3060773,,,dylantorres
12297,Michael Torres,Michael Torres,sa3060774,,,michaeltorres
12298,Sebastian Torres,Sebastian Torres,sa3060775,,,sebastiantorres
12299,Nik Toups,Nik Toups,sa3060776,,,niktoups
12300,Daniel Tovar,Daniel Tovar,sa3060777,,,danieltovar
12301,Andrew Townson,Andrew Townson,sa3060778,,,andrewtownson
12302,Domenico Tozzi,Domenico Tozzi,sa3060779,,,domenicotozzi
12303,Owen Tracy,Owen Tracy,sa3060780,,,owentracy
12304,Nolan Traeger,Nolan Traeger,sa3060781,,,nolantraeger
12305,Braxton Tramel,Braxton Tramel,sa3060782,,,braxtontramel
12306,CJ Trask,CJ Trask,sa3060783,,,cjtrask
12307,Jace Trautner,Jace Trautner,sa3060784,,,jacetrautner
12308,Harrison Travis,Harrison Travis,sa3060785,,,harrisontravis
12309,Bryson Treichel,Bryson Treichel,sa3060786,,,brysontreichel
12310,Justin Trinidad,Justin Trinidad,sa3060787,,,justintrinidad
12311,Hank Tripaldi,Hank Tripaldi,sa3060788,,,hanktripaldi
12312,Max Tripure,Max Tripure,sa3060789,,,maxtripure
12313,Colin Trizuto,Colin Trizuto,sa3060790,,,colintrizuto
12314,Hayden Tronson,Hayden Tronson,sa3060791,,,haydentronson
12315,Mac Tufts,Mac Tufts,sa3060792,,,mactufts
12316,Dante Turgeon,Dante Turgeon,sa3060793,,,danteturgeon
12317,Bryce Turner,Bryce Turner,sa3060794,,,bryceturner
12318,Cy Turner,Cy Turner,sa3060795,,,cyturner
12319,Hassan Turner,Hassan Turner,sa3060796,,,hassanturner
12320,Isaac Turner,Isaac Turner,sa3060797,,,isaacturner
12321,Jack Turner,Jack Turner,sa3060798,,,jackturner
12322,Timothy Tyler,Timothy Tyler,sa3060799,,,timothytyler
12323,Tagger Tyson,Tagger Tyson,sa3060800,,,taggertyson
12324,Ryan Uhlenhake,Ryan Uhlenhake,sa3060801,,,ryanuhlenhake
12325,Josh Ulery,Josh Ulery,sa3060802,,,joshulery
12326,Anthony Umbach,Anthony Umbach,sa3060803,,,anthonyumbach
12327,Nolan Umlandt,Nolan Umlandt,sa3060804,,,nolanumlandt
12328,Anthony Unga,Anthony Unga,sa3060805,,,anthonyunga
12329,Kenton Unruh,Kenton Unruh,sa3060806,,,kentonunruh
12330,Niko Urquidi,Niko Urquidi,sa3060807,,,nikourquidi
12331,Diego Urreta,Diego Urreta,sa3060808,,,diegourreta
12332,Dante Vachini,Dante Vachini,sa3060809,,,dantevachini
12333,Max Vaisvila,Max Vaisvila,sa3060810,,,maxvaisvila
12334,Eric Valdez,Eric Valdez,sa3060811,,,ericvaldez
12335,Jorge Valdes,Jorge Valdes,sa3060812,,,jorgevaldes
12336,Alex Valentin,Alex Valentin,sa3060813,,,alexvalentin
12337,Kareh Valentin,Kareh Valentin,sa3060814,,,karehvalentin
12338,Tomas Valincius,Tomas Valincius,sa3060815,,,tomasvalincius
12339,Michael Vallone,Michael Vallone,sa3060816,,,michaelvallone
12340,Tyler Van Dyke,Tyler Van Dyke,sa3060817,807549,,tylervandyke
12341,Chase Van Ameyde,Chase Van Ameyde,sa3060818,,,chasevanameyde
12342,Ryan VanDeWater,Ryan VanDeWater,sa3060819,,,ryanvandewater
12343,Vinnie Van der Wel,Vinnie Van der Wel,sa3060820,,,vinnievanderwel
12344,Jesus Vanegas,Jesus Vanegas,sa3060821,,,jesusvanegas
12345,Carson Van Haaren,Carson Van Haaren,sa3060822,,,carsonvanhaaren
12346,Jonathon Van Ness,Jonathon Van Ness,sa3060823,,,jonathonvanness
12347,Matthew VanOstenbridge,Matthew VanOstenbridge,sa3060824,,,matthewvanostenbridge
12348,Eric Van Valkenburg,Eric Van Valkenburg,sa3060825,,,ericvanvalkenburg
12349,Nate Vargas,Nate Vargas,sa3060826,,,natevargas
12350,Nathaniel Varnier,Nathaniel Varnier,sa3060827,,,nathanielvarnier
12351,Will Vasseur,Will Vasseur,sa3060828,,,willvasseur
12352,Josh Vaughn,Josh Vaughn,sa3060829,,,joshvaughn
12353,Javier Vazquez,Javier Vazquez,sa3060830,,,javiervazquez
12354,Paul Vazquez,Paul Vazquez,sa3060831,,,paulvazquez
12355,Kentavious Veal,Kentavious Veal,sa3060832,,,kentaviousveal
12356,Lucas Vega,Lucas Vega,sa3060833,,,lucasvega
12357,Patrick Veintimilla,Patrick Veintimilla,sa3060834,,,patrickveintimilla
12358,Dusty Vela,Dusty Vela,sa3060835,,,dustyvela
12359,Ty Velardo,Ty Velardo,sa3060836,,,tyvelardo
12360,Aden Velasquez,Aden Velasquez,sa3060837,,,adenvelasquez
12361,Vince Venditti,Vince Venditti,sa3060838,,,vincevenditti
12362,Nick Venteicher,Nick Venteicher,sa3060839,,,nickventeicher
12363,Boston Vest,Boston Vest,sa3060840,,,bostonvest
12364,Jeremy Vest,Jeremy Vest,sa3060841,,,jeremyvest
12365,Elvis Victoriano,Elvis Victoriano,sa3060842,,,elvisvictoriano
12366,Patrick Vienne,Patrick Vienne,sa3060843,,,patrickvienne
12367,Jake Villar,Jake Villar,sa3060844,,,jakevillar
12368,Juan Villarreal,Juan Villarreal,sa3060845,,,juanvillarreal
12369,Tyler ViVacqua,Tyler ViVacqua,sa3060846,,,tylervivacqua
12370,Dylan Volantis,Dylan Volantis,sa3060847,,,dylanvolantis
12371,Derek Volz,Derek Volz,sa3060848,,,derekvolz
12372,Carter Vrabel,Carter Vrabel,sa3060849,,,cartervrabel
12373,Jason Wachs,Jason Wachs,sa3060850,,,jasonwachs
12374,Alex Wade,Alex Wade,sa3060851,,,alexwade
12375,Eric Wainwright,Eric Wainwright,sa3060852,,,ericwainwright
12376,Jack Wajda,Jack Wajda,sa3060853,,,jackwajda
12377,Noah Waldeck,Noah Waldeck,sa3060854,,,noahwaldeck
12378,Jackson Walker,Jackson Walker,sa3060855,,,jacksonwalker
12379,Wes Walker,Wes Walker,sa3060856,,,weswalker
12380,Jonny Wall,Jonny Wall,sa3060857,,,jonnywall
12381,Micajah Wall,Micajah Wall,sa3060858,,,micajahwall
12382,Keith Wallace,Keith Wallace,sa3060859,,,keithwallace
12383,Cooper Walls,Cooper Walls,sa3060860,,,cooperwalls
12384,Charlie Walsh,Charlie Walsh,sa3060861,,,charliewalsh
12385,Connor Walsh,Connor Walsh,sa3060862,,,connorwalsh
12386,Nicholas Walsh,Nicholas Walsh,sa3060863,,,nicholaswalsh
12387,Gavin Walters,Gavin Walters,sa3060865,,,gavinwalters
12388,Ty Walton,Ty Walton,sa3060866,,,tywalton
12389,Wade Walton,Wade Walton,sa3060867,,,wadewalton
12390,Caden Wanless,Caden Wanless,sa3060868,,,cadenwanless
12391,Brooks Ward,Brooks Ward,sa3060869,,,brooksward
12392,Oliver Ward,Oliver Ward,sa3060870,,,oliverward
12393,James Ward,James Ward,sa3060871,,,jamesward
12394,Parker Warner,Parker Warner,sa3060872,,,parkerwarner
12395,Hunter Warren,Hunter Warren,sa3060873,,,hunterwarren
12396,Micah Wascom,Micah Wascom,sa3060874,,,micahwascom
12397,Karsen Waslefsky,Karsen Waslefsky,sa3060875,,,karsenwaslefsky
12398,Ben Waterman,Ben Waterman,sa3060876,,,benwaterman
12399,Landon Waters,Landon Waters,sa3060877,,,landonwaters
12400,Wylie Waters,Wylie Waters,sa3060878,,,wyliewaters
12401,Grant Watkins,Grant Watkins,sa3060879,,,grantwatkins
12402,Reyn Watson,Reyn Watson,sa3060880,,,reynwatson
12403,Rex Watson,Rex Watson,sa3060881,,,rexwatson
12404,Bino Watters,Bino Watters,sa3060882,,,binowatters
12405,Cole Watterson,Cole Watterson,sa3060883,,,colewatterson
12406,Brady Watts,Brady Watts,sa3060884,,,bradywatts
12407,Landon Waugh,Landon Waugh,sa3060885,,,landonwaugh
12408,Jakob Wax,Jakob Wax,sa3060886,,,jakobwax
12409,Trey Way,Trey Way,sa3060887,,,treyway
12410,Jake Weaver,Jake Weaver,sa3060888,,,jakeweaver
12411,Myles Webb,Myles Webb,sa3060889,,,myleswebb
12412,Truitt Webb,Truitt Webb,sa3060890,,,truittwebb
12413,Luke Weber,Luke Weber,sa3060891,,,lukeweber
12414,Tanyon Weber,Tanyon Weber,sa3060892,,,tanyonweber
12415,Noah Wech,Noah Wech,sa3060893,,,noahwech
12416,Mason Weckler,Mason Weckler,sa3060894,,,masonweckler
12417,Dylan Weekly,Dylan Weekly,sa3060895,,,dylanweekly
12418,Robert Wegrzyn,Robert Wegrzyn,sa3060896,,,robertwegrzyn
12419,Landon Weidner,Landon Weidner,sa3060897,,,landonweidner
12420,Jack Weight,Jack Weight,sa3060898,,,jackweight
12421,Tyler Weimer,Tyler Weimer,sa3060899,,,tylerweimer
12422,Micah Wells,Micah Wells,sa3060900,,,micahwells
12423,Jack Welsch,Jack Welsch,sa3060901,,,jackwelsch
12424,Alec Welshans,Alec Welshans,sa3060902,,,alecwelshans
12425,TP Wentworth,TP Wentworth,sa3060903,,,tpwentworth
12426,Dalton Wentz,Dalton Wentz,sa3060904,,,daltonwentz
12427,Gavan Wernsing,Gavan Wernsing,sa3060905,,,gavanwernsing
12428,Edward Werse,Edward Werse,sa3060906,,,edwardwerse
12429,Manning West,Manning West,sa3060907,,,manningwest
12430,Anthony Westbrook,Anthony Westbrook,sa3060908,,,anthonywestbrook
12431,Carter White,Carter White,sa3060909,,,carterwhite
12432,Ian White Jr.,Ian White Jr.,sa3060911,,,ianwhitejr
12433,Jamar Whitehead,Jamar Whitehead,sa3060912,,,jamarwhitehead
12434,John Whiteside,John Whiteside,sa3060913,,,johnwhiteside
12435,Payton Whitehead,Payton Whitehead,sa3060914,,,paytonwhitehead
12436,Dax Whitney,Dax Whitney,sa3060915,,,daxwhitney
12437,Sam Wiese,Sam Wiese,sa3060917,,,samwiese
12438,Carson Wiggins,Carson Wiggins,sa3060918,,,carsonwiggins
12439,Parker Wight,Parker Wight,sa3060919,,,parkerwight
12440,Greyson Wild,Greyson Wild,sa3060920,,,greysonwild
12441,Tom Wilkie,Tom Wilkie,sa3060921,,,tomwilkie
12442,Ace Williamson,Ace Williamson,sa3060922,,,acewilliamson
12443,Brodey Williams,Brodey Williams,sa3060923,,,brodeywilliams
12444,Chase Williams,Chase Williams,sa3060924,807229,,chasewilliams
12445,Davis Williams,Davis Williams,sa3060927,,,daviswilliams
12446,Dawson Willis,Dawson Willis,sa3060928,,,dawsonwillis
12447,JoJo Williamson,JoJo Williamson,sa3060929,,,jojowilliamson
12448,Korey Williams,Korey Williams,sa3060930,,,koreywilliams
12449,Landon Williams,Landon Williams,sa3060931,,,landonwilliams
12450,Lance Williams,Lance Williams,sa3060932,,,lancewilliams
12451,Thomas Williams,Thomas Williams,sa3060933,,,thomaswilliams
12452,TJ Williams,TJ Williams,sa3060934,,,tjwilliams
12453,Tyrell Williams,Tyrell Williams,sa3060935,,,tyrellwilliams
12454,Zion Williams,Zion Williams,sa3060936,,,zionwilliams
12455,Brooks Willoughby,Brooks Willoughby,sa3060937,,,brookswilloughby
12456,James Wilson,James Wilson,sa3060940,,,jameswilson
12457,Logan Wilson,Logan Wilson,sa3060941,,,loganwilson
12458,Nick Wimberly,Nick Wimberly,sa3060943,,,nickwimberly
12459,Kyle Winkler,Kyle Winkler,sa3060944,,,kylewinkler
12460,Hunter Winston,Hunter Winston,sa3060945,,,hunterwinston
12461,Kenny Winters,Kenny Winters,sa3060946,,,kennywinters
12462,Cal Wipf,Cal Wipf,sa3060947,,,calwipf
12463,Brock Wirthgen,Brock Wirthgen,sa3060948,,,brockwirthgen
12464,Ian Wirtz,Ian Wirtz,sa3060949,,,ianwirtz
12465,Luke Wiseman,Luke Wiseman,sa3060950,,,lukewiseman
12466,Jack Witmener,Jack Witmener,sa3060951,,,jackwitmener
12467,Joey Wizceb,Joey Wizceb,sa3060952,,,joeywizceb
12468,Jase Woita,Jase Woita,sa3060953,,,jasewoita
12469,Conor Wolf,Conor Wolf,sa3060954,,,conorwolf
12470,Colin Wolfe,Colin Wolfe,sa3060955,,,colinwolfe
12471,Matt Wolfe,Matt Wolfe,sa3060956,,,mattwolfe
12472,J.D. Wolff,J.D. Wolff,sa3060957,,,jdwolff
12473,Wyatt Wolpert,Wyatt Wolpert,sa3060958,,,wyattwolpert
12474,Ashten Wong,Ashten Wong,sa3060959,,,ashtenwong
12475,Karter Wong,Karter Wong,sa3060960,,,karterwong
12476,Oliver Wood,Oliver Wood,sa3060961,,,oliverwood
12477,Dane Woodcook,Dane Woodcook,sa3060962,,,danewoodcook
12478,Wilson Woodcox,Wilson Woodcox,sa3060963,,,wilsonwoodcox
12479,Ryder Woodson,Ryder Woodson,sa3060964,,,ryderwoodson
12480,Zach Woodson,Zach Woodson,sa3060965,,,zachwoodson
12481,Micah Worley,Micah Worley,sa3060966,,,micahworley
12482,Tyler Worth,Tyler Worth,sa3060967,,,tylerworth
12483,Cayden Wotipka,Cayden Wotipka,sa3060968,,,caydenwotipka
12484,Dyrenson Wouters,Dyrenson Wouters,sa3060969,,,dyrensonwouters
12485,Mason Wray,Mason Wray,sa3060970,,,masonwray
12486,Aydin Wright,Aydin Wright,sa3060971,,,aydinwright
12487,Brooks Wright,Brooks Wright,sa3060972,,,brookswright
12488,Davis Wright,Davis Wright,sa3060973,,,daviswright
12489,Raef Wright,Raef Wright,sa3060974,,,raefwright
12490,Sam Wright,Sam Wright,sa3060975,,,samwright
12491,Caleb Wulf,Caleb Wulf,sa3060976,,,calebwulf
12492,Bruce Wyche,Bruce Wyche,sa3060977,,,brucewyche
12493,Jon Wylie,Jon Wylie,sa3060978,,,jonwylie
12494,Declan Wywoda,Declan Wywoda,sa3060979,,,declanwywoda
12495,Hiroyuki Yamada,Hiroyuki Yamada,sa3060980,,,hiroyukiyamada
12496,Sean Yamaguchi,Sean Yamaguchi,sa3060981,,,seanyamaguchi
12497,Matthew Yarc,Matthew Yarc,sa3060982,,,matthewyarc
12498,Brayden Yasuzawa,Brayden Yasuzawa,sa3060983,,,braydenyasuzawa
12499,Colin Yeaman,Colin Yeaman,sa3060984,,,colinyeaman
12500,Landen Yorek,Landen Yorek,sa3060985,,,landenyorek
12501,Caden Young,Caden Young,sa3060986,,,cadenyoung
12502,Drue Young,Drue Young,sa3060987,,,drueyoung
12503,Ethan Young,Ethan Young,sa3060988,,,ethanyoung
12504,Jon Young Jr.,Jon Young Jr.,sa3060989,,,jonyoungjr
12505,Michael Young,Michael Young,sa3060990,,,michaelyoung
12506,Sam Young,Sam Young,sa3060991,,,samyoung
12507,Sean Youngerman,Sean Youngerman,sa3060992,823781,,seanyoungerman
12508,Thomas Young,Thomas Young,sa3060993,,,thomasyoung
12509,Will Youngman,Will Youngman,sa3060994,,,willyoungman
12510,Kai Yovanovich,Kai Yovanovich,sa3060995,,,kaiyovanovich
12511,Spencer Yu,Spencer Yu,sa3060996,,,spenceryu
12512,Ty Yukumoto,Ty Yukumoto,sa3060997,,,tyyukumoto
12513,Michael Yusypchuk,Michael Yusypchuk,sa3060998,,,michaelyusypchuk
12514,Landon Zaborowski,Landon Zaborowski,sa3060999,,,landonzaborowski
12515,Lucas Zack,Lucas Zack,sa3061000,,,lucaszack
12516,Trey Zaffiro,Trey Zaffiro,sa3061001,,,treyzaffiro
12517,Ty Zahradnik,Ty Zahradnik,sa3061002,,,tyzahradnik
12518,Nolan Zajac,Nolan Zajac,sa3061003,,,nolanzajac
12519,Jean Carlos Zambrano,Jean Carlos Zambrano,sa3061004,,,jeancarloszambrano
12520,Connor Zaruba,Connor Zaruba,sa3061005,,,connorzaruba
12521,Henry Zatkowski,Henry Zatkowski,sa3061006,,,henryzatkowski
12522,Matt Zatopek,Matt Zatopek,sa3061007,,,mattzatopek
12523,Bradley Zayac,Bradley Zayac,sa3061008,,,bradleyzayac
12524,Jack Zebig,Jack Zebig,sa3061009,,,jackzebig
12525,Henry Zenor,Henry Zenor,sa3061010,,,henryzenor
12526,Blane Zeplin,Blane Zeplin,sa3061011,,,blanezeplin
12527,Michael Zito,Michael Zito,sa3061012,,,michaelzito
12528,Adin Zorn,Adin Zorn,sa3061013,,,adinzorn
12529,Dylan Zucker,Dylan Zucker,sa3061014,,,dylanzucker
12530,Louie Zulaica,Louie Zulaica,sa3061015,,,louiezulaica
12531,Nic Abraham,Nic Abraham,sa3062550,,,nicabraham
12532,Nathan Aceves,Nathan Aceves,sa3062551,,,nathanaceves
12533,Luke Agnew,Luke Agnew,sa3062552,,,lukeagnew
12534,Andrew Allen,Andrew Allen,sa3062553,,,andrewallen
12535,Diego Alvarez,Diego Alvarez,sa3062554,,,diegoalvarez
12536,Ryan Austin,Ryan Austin,sa3062555,,,ryanaustin
12537,Nick Barenz,Nick Barenz,sa3062556,,,nickbarenz
12538,Conner Barozzino,Conner Barozzino,sa3062557,,,connerbarozzino
12539,Austin Beard,Austin Beard,sa3062558,,,austinbeard
12540,Cayson Bell,Cayson Bell,sa3062559,,,caysonbell
12541,Mason Blasche,Mason Blasche,sa3062560,,,masonblasche
12542,Corey Boyette,Corey Boyette,sa3062561,,,coreyboyette
12543,Charlie Bozeman,Charlie Bozeman,sa3062562,,,charliebozeman
12544,Major Brignon,Major Brignon,sa3062563,,,majorbrignon
12545,Justin Byrd,Justin Byrd,sa3062564,,,justinbyrd
12546,Trevor Caldwell,Trevor Caldwell,sa3062565,,,trevorcaldwell
12547,AJ Camp,AJ Camp,sa3062566,,,ajcamp
12548,Alex Canney,Alex Canney,sa3062567,,,alexcanney
12549,Brennen Card,Brennen Card,sa3062568,,,brennencard
12550,Merik Carter,Merik Carter,sa3062569,,,merikcarter
12551,Connor Chicoli,Connor Chicoli,sa3062570,,,connorchicoli
12552,Joey Ciancimino,Joey Ciancimino,sa3062571,,,joeyciancimino
12553,Landon Clampit,Landon Clampit,sa3062572,,,landonclampit
12554,Jack Clevidence,Jack Clevidence,sa3062573,,,jackclevidence
12555,Ryan Cole,Ryan Cole,sa3062574,,,ryancole
12556,Cade Collins,Cade Collins,sa3062575,,,cadecollins
12557,Jackson Conn,Jackson Conn,sa3062576,,,jacksonconn
12558,Anthony Cordero,Anthony Cordero,sa3062577,,,anthonycordero
12559,Wilmer Cuevas,Wilmer Cuevas,sa3062579,,,wilmercuevas
12560,Cal Culpepper,Cal Culpepper,sa3062580,,,calculpepper
12561,Hayden Cuthbertson,Hayden Cuthbertson,sa3062581,836078,,haydencuthbertson
12562,Isaac Cychosz,Isaac Cychosz,sa3062582,,,isaaccychosz
12563,Jake Danyluk,Jake Danyluk,sa3062583,,,jakedanyluk
12564,Israel Delgado,Israel Delgado,sa3062584,,,israeldelgado
12565,Scott Doran,Scott Doran,sa3062585,,,scottdoran
12566,Kamar Dove,Kamar Dove,sa3062586,,,kamardove
12567,Jace Duhon,Jace Duhon,sa3062587,,,jaceduhon
12568,Christian Dunn,Christian Dunn,sa3062588,,,christiandunn
12569,Andrew Dusablon,Andrew Dusablon,sa3062589,,,andrewdusablon
12570,Shane Dux,Shane Dux,sa3062590,,,shanedux
12571,Brennan Eager,Brennan Eager,sa3062591,,,brennaneager
12572,Sheldon Egger,Sheldon Egger,sa3062592,,,sheldonegger
12573,Kenan Elarton,Kenan Elarton,sa3062593,,,kenanelarton
12574,Ziegen Farley,Ziegen Farley,sa3062594,,,ziegenfarley
12575,Rowan Felsch,Rowan Felsch,sa3062595,,,rowanfelsch
12576,Chris Fidanza,Chris Fidanza,sa3062596,,,chrisfidanza
12577,Tanner Foerstch,Tanner Foerstch,sa3062597,,,tannerfoerstch
12578,JR Fordham,JR Fordham,sa3062598,,,jrfordham
12579,Will Franklin,Will Franklin,sa3062599,,,willfranklin
12580,Van Froling,Van Froling,sa3062600,,,vanfroling
12581,Ned Frutchey,Ned Frutchey,sa3062601,,,nedfrutchey
12582,Thomas Galusha,Thomas Galusha,sa3062602,,,thomasgalusha
12583,Evan Gentil,Evan Gentil,sa3062604,,,evangentil
12584,Blake Grimmer,Blake Grimmer,sa3062605,,,blakegrimmer
12585,Justin Gunter,Justin Gunter,sa3062606,,,justingunter
12586,Blake Hall,Blake Hall,sa3062607,,,blakehall
12587,Owen Hancock,Owen Hancock,sa3062608,,,owenhancock
12588,Dylan Hansen,Dylan Hansen,sa3062609,,,dylanhansen
12589,Sam Hardcastle,Sam Hardcastle,sa3062610,,,samhardcastle
12590,Luke Hayhow,Luke Hayhow,sa3062611,,,lukehayhow
12591,Houston High,Houston High,sa3062612,,,houstonhigh
12592,Nathan Hodge,Nathan Hodge,sa3062613,,,nathanhodge
12593,Jamed Hubbard,Jamed Hubbard,sa3062614,,,jamedhubbard
12594,Paxton Huff,Paxton Huff,sa3062615,,,paxtonhuff
12595,Colin Huspen,Colin Huspen,sa3062616,,,colinhuspen
12596,Cole Iantomasi,Cole Iantomasi,sa3062617,,,coleiantomasi
12597,Mason Jacob,Mason Jacob,sa3062618,,,masonjacob
12598,Caleb Jameson,Caleb Jameson,sa3062619,,,calebjameson
12599,RJ James,RJ James,sa3062620,,,rjjames
12600,Ashton Johnson,Ashton Johnson,sa3062621,,,ashtonjohnson
12601,Carson Johnson,Carson Johnson,sa3062622,,,carsonjohnson
12602,Everet Johnson,Everet Johnson,sa3062623,,,everetjohnson
12603,Ka'imi Kahalekai,Ka'imi Kahalekai,sa3062624,,,kaimikahalekai
12604,Connor Kelley,Connor Kelley,sa3062625,,,connorkelley
12605,Brendan Kenneally,Brendan Kenneally,sa3062626,,,brendankenneally
12606,Grant Kennedy,Grant Kennedy,sa3062627,,,grantkennedy
12607,Drew Kirby,Drew Kirby,sa3062628,,,drewkirby
12608,Brayden Krenzel,Brayden Krenzel,sa3062629,,,braydenkrenzel
12609,Andrew Kribbs,Andrew Kribbs,sa3062630,,,andrewkribbs
12610,Avery Laine,Avery Laine,sa3062631,,,averylaine
12611,Hudson Lance,Hudson Lance,sa3062632,,,hudsonlance
12612,Brandon Langley,Brandon Langley,sa3062633,,,brandonlangley
12613,Vincent Latimer,Vincent Latimer,sa3062634,,,vincentlatimer
12614,John Lobs,John Lobs,sa3062635,,,johnlobs
12615,Nick Lovarco,Nick Lovarco,sa3062636,,,nicklovarco
12616,Ajani Lyons,Ajani Lyons,sa3062637,,,ajanilyons
12617,Michael Madigan,Michael Madigan,sa3062638,,,michaelmadigan
12618,Gavin Maines,Gavin Maines,sa3062639,,,gavinmaines
12619,Cam Mallo,Cam Mallo,sa3062640,,,cammallo
12620,Michael Marroquin Jr.,Michael Marroquin Jr.,sa3062641,,,michaelmarroquinjr
12621,Blake Martin,Blake Martin,sa3062642,,,blakemartin
12622,Trevian Martinez,Trevian Martinez,sa3062643,,,trevianmartinez
12623,Jack Mausser,Jack Mausser,sa3062644,,,jackmausser
12624,Brayden McCollough,Brayden McCollough,sa3062646,,,braydenmccollough
12625,Mason McCue,Mason McCue,sa3062647,,,masonmccue
12626,Gus McKay,Gus McKay,sa3062648,,,gusmckay
12627,Kenny McKinley,Kenny McKinley,sa3062649,,,kennymckinley
12628,Killian McLaughlin,Killian McLaughlin,sa3062650,,,killianmclaughlin
12629,Ryan Mealy,Ryan Mealy,sa3062651,,,ryanmealy
12630,David Medina,David Medina,sa3062652,,,davidmedina
12631,Gardner Meeks,Gardner Meeks,sa3062653,,,gardnermeeks
12632,Max Miller,Max Miller,sa3062654,,,maxmiller
12633,Presley Monteforte,Presley Monteforte,sa3062656,,,presleymonteforte
12634,Reid Montgomery,Reid Montgomery,sa3062657,,,reidmontgomery
12635,Sidney Moore,Sidney Moore,sa3062658,,,sidneymoore
12636,Khristopher Morris,Khristopher Morris,sa3062659,,,khristophermorris
12637,Dawson Newman,Dawson Newman,sa3062660,,,dawsonnewman
12638,Jordan Nolley,Jordan Nolley,sa3062661,,,jordannolley
12639,Ryley Norton,Ryley Norton,sa3062662,,,ryleynorton
12640,Carter Oliff,Carter Oliff,sa3062663,,,carteroliff
12641,Kaden Pfeffer,Kaden Pfeffer,sa3062664,,,kadenpfeffer
12642,Hampton Phillips,Hampton Phillips,sa3062665,,,hamptonphillips
12643,Alex Pipes,Alex Pipes,sa3062666,,,alexpipes
12644,Clayton Pourciau,Clayton Pourciau,sa3062667,,,claytonpourciau
12645,Drew Ramos,Drew Ramos,sa3062668,,,drewramos
12646,Ethan Remmers,Ethan Remmers,sa3062669,,,ethanremmers
12647,Juan Reyes,Juan Reyes,sa3062670,,,juanreyes
12648,Christopher Roa,Christopher Roa,sa3062671,,,christopherroa
12649,Tait Robertson,Tait Robertson,sa3062672,,,taitrobertson
12650,Nick Robinson,Nick Robinson,sa3062673,,,nickrobinson
12651,Ethan Rucker,Ethan Rucker,sa3062674,,,ethanrucker
12652,Nathan Ryhlick,Nathan Ryhlick,sa3062675,,,nathanryhlick
12653,Mike Santos-LaPlaca,Mike Santos-LaPlaca,sa3062676,,,mikesantoslaplaca
12654,Phin Scott,Phin Scott,sa3062677,,,phinscott
12655,Ryan Seddon,Ryan Seddon,sa3062678,,,ryanseddon
12656,Landon Sexton,Landon Sexton,sa3062679,,,landonsexton
12657,Luke Skinner,Luke Skinner,sa3062680,,,lukeskinner
12658,Mason Smith,Mason Smith,sa3062681,,,masonsmith
12659,Cade Sonoqui,Cade Sonoqui,sa3062684,,,cadesonoqui
12660,Jeremy Sosa,Jeremy Sosa,sa3062685,,,jeremysosa
12661,Brandon Stone,Brandon Stone,sa3062686,,,brandonstone
12662,Lucas Stone,Lucas Stone,sa3062687,,,lucasstone
12663,Zach Story,Zach Story,sa3062688,,,zachstory
12664,Preston Tamm,Preston Tamm,sa3062689,,,prestontamm
12665,Jacob Thomas,Jacob Thomas,sa3062690,,,jacobthomas
12666,Raul Torres,Raul Torres,sa3062691,,,raultorres
12667,Jesus Tovar,Jesus Tovar,sa3062692,,,jesustovar
12668,Kai Tullos,Kai Tullos,sa3062693,,,kaitullos
12669,Koen Vant Klooster,Koen Vant Klooster,sa3062694,,,koenvantklooster
12670,Chapman Weber,Chapman Weber,sa3062695,,,chapmanweber
12671,Reagan Weiblinger,Reagan Weiblinger,sa3062696,,,reaganweiblinger
12672,Zach White,Zach White,sa3062697,,,zachwhite
12673,Tanner Wiggins,Tanner Wiggins,sa3062698,,,tannerwiggins
12674,Owen Winebarger,Owen Winebarger,sa3062699,,,owenwinebarger
12675,Nathan Wingenroth,Nathan Wingenroth,sa3062700,,,nathanwingenroth
12676,Tualau Wolfgramm,Tualau Wolfgramm,sa3062701,,,tualauwolfgramm
12677,Chad Yates,Chad Yates,sa3062702,,,chadyates
12678,Andreas Alvarez,Andreas Alvarez,sa3062805,,,andreasalvarez
12679,Eli Anderson,Eli Anderson,sa3062806,,,elianderson
12680,Tanner Aoki,Tanner Aoki,sa3062807,,,tanneraoki
12681,Hayden Bailey,Hayden Bailey,sa3062808,,,haydenbailey
12682,Drake Bayles,Drake Bayles,sa3062809,,,drakebayles
12683,Corey Berry,Corey Berry,sa3062812,,,coreyberry
12684,Gavin Beuter,Gavin Beuter,sa3062813,,,gavinbeuter
12685,Jackson Bradfield,Jackson Bradfield,sa3062814,,,jacksonbradfield
12686,Will Briggs,Will Briggs,sa3062815,,,willbriggs
12687,Kendall Brookins,Kendall Brookins,sa3062816,,,kendallbrookins
12688,Dean Brown,Dean Brown,sa3062817,,,deanbrown
12689,Dane Burns,Dane Burns,sa3062818,826045,,daneburns
12690,Jackson Burns,Jackson Burns,sa3062819,,,jacksonburns
12691,Chase Buscher,Chase Buscher,sa3062820,,,chasebuscher
12692,Rocco Caballero,Rocco Caballero,sa3062821,,,roccocaballero
12693,Kyle Calzadiaz,Kyle Calzadiaz,sa3062822,,,kylecalzadiaz
12694,Jacob Campagna,Jacob Campagna,sa3062823,,,jacobcampagna
12695,Jay Campbell,Jay Campbell,sa3062824,,,jaycampbell
12696,Brody Capps,Brody Capps,sa3062825,,,brodycapps
12697,Trey Craft,Trey Craft,sa3062826,,,treycraft
12698,Justen Crews,Justen Crews,sa3062827,,,justencrews
12699,Garrett Crum,Garrett Crum,sa3062828,,,garrettcrum
12700,Logan Darnell,Logan Darnell,sa3062829,,,logandarnell
12701,Kanious Davis,Kanious Davis,sa3062830,,,kaniousdavis
12702,J.T. Drake,J.T. Drake,sa3062831,,,jtdrake
12703,Kennedy Drexler,Kennedy Drexler,sa3062832,,,kennedydrexler
12704,Tom Early,Tom Early,sa3062833,,,tomearly
12705,Alejandro Espinoza,Alejandro Espinoza,sa3062834,,,alejandroespinoza
12706,Seanan Farney,Seanan Farney,sa3062835,,,seananfarney
12707,Robert Fortenberry,Robert Fortenberry,sa3062836,,,robertfortenberry
12708,JD Garner,JD Garner,sa3062837,,,jdgarner
12709,Zachary Gaydos,Zachary Gaydos,sa3062838,,,zacharygaydos
12710,Cesar Gonzalez,Cesar Gonzalez,sa3062839,,,cesargonzalez
12711,Brady Grabowski,Brady Grabowski,sa3062840,,,bradygrabowski
12712,Mikhai Grant,Mikhai Grant,sa3062841,,,mikhaigrant
12713,Cameron Greene,Cameron Greene,sa3062842,,,camerongreene
12714,TJ Grines,TJ Grines,sa3062843,,,tjgrines
12715,Greg Guzik II,Greg Guzik II,sa3062844,,,gregguzikii
12716,Matthew Hall,Matthew Hall,sa3062845,,,matthewhall
12717,Max Hammond,Max Hammond,sa3062846,,,maxhammond
12718,Cooper Harrington,Cooper Harrington,sa3062847,,,cooperharrington
12719,Justin Hicks,Justin Hicks,sa3062848,,,justinhicks
12720,Ryland Howell,Ryland Howell,sa3062849,,,rylandhowell
12721,Jordan Hudson,Jordan Hudson,sa3062850,,,jordanhudson
12722,Dylan Hummel,Dylan Hummel,sa3062851,,,dylanhummel
12723,Joshua Ibe,Joshua Ibe,sa3062852,,,joshuaibe
12724,David Irons,David Irons,sa3062853,,,davidirons
12725,John Jackson,John Jackson,sa3062854,,,johnjackson
12726,Jimmie Johnson,Jimmie Johnson,sa3062855,,,jimmiejohnson
12727,Kendyl Johnson,Kendyl Johnson,sa3062856,,,kendyljohnson
12728,Gavyn Jones,Gavyn Jones,sa3062857,,,gavynjones
12729,Jace Jones,Jace Jones,sa3062858,,,jacejones
12730,Jonah Katsaboulas,Jonah Katsaboulas,sa3062859,,,jonahkatsaboulas
12731,Jack Ketchum,Jack Ketchum,sa3062860,,,jackketchum
12732,Ishaan Khambal,Ishaan Khambal,sa3062861,,,ishaankhambal
12733,Brandon King,Brandon King,sa3062862,,,brandonking
12734,Cameron King,Cameron King,sa3062863,,,cameronking
12735,Tommy Koch,Tommy Koch,sa3062864,,,tommykoch
12736,AJ Kostic,AJ Kostic,sa3062865,,,ajkostic
12737,Garrett Landry,Garrett Landry,sa3062866,,,garrettlandry
12738,Justin Lopez,Justin Lopez,sa3062867,,,justinlopez
12739,Tony Lopez,Tony Lopez,sa3062868,,,tonylopez
12740,Will Marenghi,Will Marenghi,sa3062869,,,willmarenghi
12741,Brodie McFadden,Brodie McFadden,sa3062871,,,brodiemcfadden
12742,Ej Mcgrew,Ej Mcgrew,sa3062872,,,ejmcgrew
12743,Ryan McPherson,Ryan McPherson,sa3062873,,,ryanmcpherson
12744,Brant Melancon,Brant Melancon,sa3062874,,,brantmelancon
12745,Ethan Miller,Ethan Miller,sa3062875,,,ethanmiller
12746,Justin Morgan,Justin Morgan,sa3062876,,,justinmorgan
12747,Wade Mountz,Wade Mountz,sa3062877,,,wademountz
12748,Kadin Munson,Kadin Munson,sa3062878,,,kadinmunson
12749,Anderson Nance,Anderson Nance,sa3062879,,,andersonnance
12750,Antonio Nanez,Antonio Nanez,sa3062880,,,antonionanez
12751,JP Nunn,JP Nunn,sa3062881,,,jpnunn
12752,Ethan Osada,Ethan Osada,sa3062882,,,ethanosada
12753,JC Osorio-Agard,JC Osorio-Agard,sa3062883,,,jcosorioagard
12754,Adam Parzych,Adam Parzych,sa3062884,,,adamparzych
12755,Brady Pavlovsky,Brady Pavlovsky,sa3062885,,,bradypavlovsky
12756,Matthew Perez,Matthew Perez,sa3062886,,,matthewperez
12757,Hudson Pollard,Hudson Pollard,sa3062887,,,hudsonpollard
12758,JT Popick,JT Popick,sa3062888,,,jtpopick
12759,Kevin Reavey,Kevin Reavey,sa3062889,,,kevinreavey
12760,Maddox Riske,Maddox Riske,sa3062890,,,maddoxriske
12761,Josh Rodriguez,Josh Rodriguez,sa3062891,,,joshrodriguez
12762,Colton Ryals,Colton Ryals,sa3062892,,,coltonryals
12763,Sadir Ryan,Sadir Ryan,sa3062893,,,sadirryan
12764,Luke Sanders,Luke Sanders,sa3062894,,,lukesanders
12765,Peter Schaefer,Peter Schaefer,sa3062895,,,peterschaefer
12766,Cooper Schneider,Cooper Schneider,sa3062896,,,cooperschneider
12767,Landon Scruggs,Landon Scruggs,sa3062897,,,landonscruggs
12768,Josh Shimmin,Josh Shimmin,sa3062898,,,joshshimmin
12769,Mason Shropshire,Mason Shropshire,sa3062899,,,masonshropshire
12770,Jacob Sitton,Jacob Sitton,sa3062900,,,jacobsitton
12771,Caden Slappey,Caden Slappey,sa3062901,,,cadenslappey
12772,Cayden Smith,Cayden Smith,sa3062902,,,caydensmith
12773,Daniel Smith,Daniel Smith,sa3062903,,,danielsmith
12774,Jackson Soucie,Jackson Soucie,sa3062905,,,jacksonsoucie
12775,Matt Spada,Matt Spada,sa3062906,,,mattspada
12776,Nicholas Spry,Nicholas Spry,sa3062907,,,nicholasspry
12777,Brant Stewart,Brant Stewart,sa3062908,,,brantstewart
12778,Caiden Stewart,Caiden Stewart,sa3062909,,,caidenstewart
12779,Matthew Tarr,Matthew Tarr,sa3062910,,,matthewtarr
12780,Stephen Tolbert,Stephen Tolbert,sa3062911,,,stephentolbert
12781,Arderrius Townsend,Arderrius Townsend,sa3062912,,,arderriustownsend
12782,Joe Trenerry,Joe Trenerry,sa3062913,,,joetrenerry
12783,Alex Urias-Calvillo,Alex Urias-Calvillo,sa3062914,,,alexuriascalvillo
12784,Landon Vandegrift,Landon Vandegrift,sa3062915,,,landonvandegrift
12785,Brandon Vazquez,Brandon Vazquez,sa3062916,,,brandonvazquez
12786,Jacob Vokal,Jacob Vokal,sa3062917,,,jacobvokal
12787,Conner Ware,Conner Ware,sa3062918,811172,,connerware
12788,Chris Watson,Chris Watson,sa3062919,,,chriswatson
12789,Kolby Watson,Kolby Watson,sa3062920,,,kolbywatson
12790,Joseph Webb,Joseph Webb,sa3062921,,,josephwebb
12791,Andrew Wells,Andrew Wells,sa3062922,,,andrewwells
12792,Eric Williams,Eric Williams,sa3062923,,,ericwilliams
12793,Nate Williams,Nate Williams,sa3062924,802699,,natewilliams
12794,Blake Wolf,Blake Wolf,sa3062925,,,blakewolf
12795,Kade Wood,Kade Wood,sa3062926,,,kadewood
12796,Garrett Workman,Garrett Workman,sa3062927,,,garrettworkman
12797,Reese Young,Reese Young,sa3062928,,,reeseyoung
12798,Ryan Young,Ryan Young,sa3062929,,,ryanyoung
12799,Dylan Zentko,Dylan Zentko,sa3062930,,,dylanzentko
12800,Orlando Cobarrubias,Orlando Cobarrubias,sa3062932,,,orlandocobarrubias
12801,PJ Green,PJ Green,sa3062933,,,pjgreen
12802,Josh Kirchhoff,Josh Kirchhoff,sa3062934,,,joshkirchhoff
12803,Chris Patterson,Chris Patterson,sa3062935,,,chrispatterson
12804,Brady Picarelli,Brady Picarelli,sa3062936,,,bradypicarelli
12805,Timmy Reeve,Timmy Reeve,sa3062937,,,timmyreeve
12806,Luca Staiano,Luca Staiano,sa3062938,,,lucastaiano
12807,Daiki Asama,Daiki Asama,sa3062940,,,daikiasama
12808,Shota Hiranuma,Shota Hiranuma,sa3062943,,,shotahiranuma
12809,Mizuki Hori,Mizuki Hori,sa3062944,,,mizukihori
12810,Kazutomo Iguchi,Kazutomo Iguchi,sa3062946,,,kazutomoiguchi
12811,Kazunari Ishii,Kazunari Ishii,sa3062948,,,kazunariishii
12812,Ryo Ishikawa,Ryo Ishikawa,sa3062951,,,ryoishikawa
12813,Keisuke Honda,Keisuke Honda,sa3062954,,,keisukehonda
12814,Koyo Aoyagi,Koyo Aoyagi,sa3062961,,,koyoaoyagi
12815,Kento Fujishima,Kento Fujishima,sa3062964,,,kentofujishima
12816,Koji Fukutani,Koji Fukutani,sa3062965,,,kojifukutani
12817,Seiji Kawagoe,Seiji Kawagoe,sa3062967,,,seijikawagoe
12818,Toshiya Okada,Toshiya Okada,sa3062986,,,toshiyaokada
12819,Yudai Ohno,Yudai Ohno,sa3062988,,,yudaiohno
12820,Kaima Taira,Kaima Taira,sa3062990,,,kaimataira
12821,Kona Takahashi,Kona Takahashi,sa3062992,,,konatakahashi
12822,Tatsuya Shimizu,Tatsuya Shimizu,sa3062995,,,tatsuyashimizu
12823,Daisuke Sobue,Daisuke Sobue,sa3062997,,,daisukesobue
12824,Hiroshi Suzuki,Hiroshi Suzuki,sa3062998,,,hiroshisuzuki
12825,Ichiro Tamura,Ichiro Tamura,sa3063000,,,ichirotamura
12826,Takumi Yamamoto,Takumi Yamamoto,sa3063007,,,takumiyamamoto
12827,Yuya Yanagi,Yuya Yanagi,sa3063008,,,yuyayanagi
12828,Kaito Yoza,Kaito Yoza,sa3063010,,,kaitoyoza
12829,Takuma Katoh,Takuma Katoh,sa3063011,,,takumakatoh
12830,Tomoya Mori,Tomoya Mori,sa3063014,,,tomoyamori
12831,Takuya Kinoshita,Takuya Kinoshita,sa3063015,,,takuyakinoshita
12832,Ginjiro Sumitani,Ginjiro Sumitani,sa3063020,,,ginjirosumitani
12833,Hideto Asamura,Hideto Asamura,sa3063022,,,hidetoasamura
12834,Sosuke Genda,Sosuke Genda,sa3063023,,,sosukegenda
12835,Toshiki Abe,Toshiki Abe,sa3063024,,,toshikiabe
12836,Masami Ishigaki,Masami Ishigaki,sa3063031,,,masamiishigaki
12837,Takeya Nakamura,Takeya Nakamura,sa3063032,,,takeyanakamura
12838,Manaya Nishikawa,Manaya Nishikawa,sa3063035,,,manayanishikawa
12839,Yota Kyoda,Yota Kyoda,sa3063037,,,yotakyoda
12840,Shuta Tonosaki,Shuta Tonosaki,sa3063038,,,shutatonosaki
12841,Shuhei Takahashi,Shuhei Takahashi,sa3063043,,,shuheitakahashi
12842,Wataru Takamatsu,Wataru Takamatsu,sa3063044,,,watarutakamatsu
12843,Hotaka Yamakawa,Hotaka Yamakawa,sa3063051,,,hotakayamakawa
12844,Takumi Kuriyama,Takumi Kuriyama,sa3063060,,,takumikuriyama
12845,Yohei Ohshima,Yohei Ohshima,sa3063061,,,yoheiohshima
12846,Aito Takeda,Aito Takeda,sa3063065,,,aitotakeda
12847,Hiroto Fuku,Hiroto Fuku,sa3063069,,,hirotofuku
12848,Raidel Martinez,Raidel Martinez,sa3063073,,,raidelmartinez
12849,Takayuki Katoh,Takayuki Katoh,sa3063076,,,takayukikatoh
12850,Naoki Miyanishi,Naoki Miyanishi,sa3063080,,,naokimiyanishi
12851,Takahiro Nishimura,Takahiro Nishimura,sa3063082,,,takahironishimura
12852,Seishu Hatake,Seishu Hatake,sa3063083,,,seishuhatake
12853,Toshihiro Sugiura,Toshihiro Sugiura,sa3063087,,,toshihirosugiura
12854,Hirotoshi Takanashi,Hirotoshi Takanashi,sa3063091,,,hirotoshitakanashi
12855,Taisho Tamai,Taisho Tamai,sa3063095,,,taishotamai
12856,Kota Nakagawa,Kota Nakagawa,sa3063096,,,kotanakagawa
12857,Eito Tanaka,Eito Tanaka,sa3063097,,,eitotanaka
12858,Ryusei Ohe,Ryusei Ohe,sa3063100,,,ryuseiohe
12859,Kenta Uehara,Kenta Uehara,sa3063105,,,kentauehara
12860,Kazuto Taguchi,Kazuto Taguchi,sa3063108,,,kazutotaguchi
12861,Kensuke Kondoh,Kensuke Kondoh,sa3063115,,,kensukekondoh
12862,Takuya Kohri,Takuya Kohri,sa3063116,,,takuyakohri
12863,Yukinori Kishida,Yukinori Kishida,sa3063123,,,yukinorikishida
12864,Seiji Kobayashi,Seiji Kobayashi,sa3063125,,,seijikobayashi
12865,Takumi Ohshiro,Takumi Ohshiro,sa3063126,,,takumiohshiro
12866,Takaya Tanaka,Takaya Tanaka,sa3063127,,,takayatanaka
12867,Shingo Usami,Shingo Usami,sa3063128,,,shingousami
12868,Takumi Kitamura,Takumi Kitamura,sa3063129,,,takumikitamura
12869,Kotaro Kiyomiya,Kotaro Kiyomiya,sa3063130,,,kotarokiyomiya
12870,Daiki Masuda,Daiki Masuda,sa3063131,,,daikimasuda
12871,Go Matsumoto,Go Matsumoto,sa3063132,,,gomatsumoto
12872,Hayato Sakamoto,Hayato Sakamoto,sa3063135,,,hayatosakamoto
12873,Takuya Nakashima,Takuya Nakashima,sa3063137,,,takuyanakashima
12874,Sho Nakata,Sho Nakata,sa3063138,,,shonakata
12875,Akihiro Wakabayashi,Akihiro Wakabayashi,sa3063140,,,akihirowakabayashi
12876,Kengo Ohta,Kengo Ohta,sa3063141,,,kengoohta
12877,Yasuhiro Yamamoto,Yasuhiro Yamamoto,sa3063142,,,yasuhiroyamamoto
12878,Naoki Yoshikawa,Naoki Yoshikawa,sa3063146,,,naokiyoshikawa
12879,Dai Yuasa,Dai Yuasa,sa3063147,,,daiyuasa
12880,Ryo Watanabe,Ryo Watanabe,sa3063148,,,ryowatanabe
12881,Hisayoshi Chono,Hisayoshi Chono,sa3063149,,,hisayoshichono
12882,Shingo Ishikawa,Shingo Ishikawa,sa3063152,,,shingoishikawa
12883,Haruki Nishikawa,Haruki Nishikawa,sa3063153,,,harukinishikawa
12884,Hiromi Oka,Hiromi Oka,sa3063155,,,hiromioka
12885,Shinnosuke Shigenobu,Shinnosuke Shigenobu,sa3063157,,,shinnosukeshigenobu
12886,Hayato Horioka,Hayato Horioka,sa3063163,,,hayatohorioka
12887,Seiya Matsubara,Seiya Matsubara,sa3063168,,,seiyamatsubara
12888,Kosuke Baba,Kosuke Baba,sa3063169,,,kosukebaba
12889,Masumi Hamachi,Masumi Hamachi,sa3063172,,,masumihamachi
12890,Yuta Iwasada,Yuta Iwasada,sa3063175,,,yutaiwasada
12891,Suguru Iwazaki,Suguru Iwazaki,sa3063177,,,suguruiwazaki
12892,Hiroto Saiki,Hiroto Saiki,sa3063185,,,hirotosaiki
12893,Hiroya Shimamoto,Hiroya Shimamoto,sa3063186,,,hiroyashimamoto
12894,Haruto Takahashi,Haruto Takahashi,sa3063188,,,harutotakahashi
12895,Fumihito Haraguchi,Fumihito Haraguchi,sa3063193,,,fumihitoharaguchi
12896,Kenya Nagasaka,Kenya Nagasaka,sa3063194,,,kenyanagasaka
12897,Seishiro Sakamoto,Seishiro Sakamoto,sa3063196,,,seishirosakamoto
12898,Ryutaro Umeno,Ryutaro Umeno,sa3063197,,,ryutaroumeno
12899,Kento Itohara,Kento Itohara,sa3063200,,,kentoitohara
12900,Takahiro Kumagai,Takahiro Kumagai,sa3063201,,,takahirokumagai
12901,Yusuke Ohyama,Yusuke Ohyama,sa3063203,,,yusukeohyama
12902,Kai Ueda,Kai Ueda,sa3063205,,,kaiueda
12903,Yutaro Itayama,Yutaro Itayama,sa3063211,,,yutaroitayama
12904,Kairi Shimada,Kairi Shimada,sa3063215,,,kairishimada
12905,Tomoya Hoshi,Tomoya Hoshi,sa3063223,,,tomoyahoshi
12906,Masanori Ishikawa,Masanori Ishikawa,sa3063224,,,masanoriishikawa
12907,Taichi Ishiyama,Taichi Ishiyama,sa3063225,,,taichiishiyama
12908,Yuto Kanakubo,Yuto Kanakubo,sa3063226,,,yutokanakubo
12909,Yasuhiro Ogawa,Yasuhiro Ogawa,sa3063236,,,yasuhiroogawa
12910,Keiji Takahashi,Keiji Takahashi,sa3063239,,,keijitakahashi
12911,Yugo Umeno,Yugo Umeno,sa3063242,,,yugoumeno
12912,Yudai Koga,Yudai Koga,sa3063248,,,yudaikoga
12913,Naoki Matsumoto,Naoki Matsumoto,sa3063249,,,naokimatsumoto
12914,Yuhei Nakamura,Yuhei Nakamura,sa3063250,,,yuheinakamura
12915,Taishi Hirooka,Taishi Hirooka,sa3063254,,,taishihirooka
12916,Shingo Kawabata,Shingo Kawabata,sa3063255,,,shingokawabata
12917,Takeshi Miyamoto,Takeshi Miyamoto,sa3063257,,,takeshimiyamoto
12918,Tetsuto Yamada,Tetsuto Yamada,sa3063265,,,tetsutoyamada
12919,Yasutaka Shiomi,Yasutaka Shiomi,sa3063268,,,yasutakashiomi
12920,Makoto Aduwa,Makoto Aduwa,sa3063277,,,makotoaduwa
12921,Atsushi Endoh,Atsushi Endoh,sa3063278,,,atsushiendoh
12922,Kouya Fujii,Kouya Fujii,sa3063279,,,kouyafujii
12923,Atsuya Horie,Atsuya Horie,sa3063281,,,atsuyahorie
12924,Aren Kuri,Aren Kuri,sa3063286,,,arenkuri
12925,Yuta Nakamura,Yuta Nakamura,sa3063290,,,yutanakamura
12926,Shota Nakazaki,Shota Nakazaki,sa3063292,,,shotanakazaki
12927,Daichi Ohsera,Daichi Ohsera,sa3063295,,,daichiohsera
12928,Kouya Takahashi,Kouya Takahashi,sa3063297,,,kouyatakahashi
12929,Hiroki Tokoda,Hiroki Tokoda,sa3063300,,,hirokitokoda
12930,Tsubasa Aizawa,Tsubasa Aizawa,sa3063303,,,tsubasaaizawa
12931,Yoshitaka Isomura,Yoshitaka Isomura,sa3063306,,,yoshitakaisomura
12932,Shosei Nakamura,Shosei Nakamura,sa3063307,,,shoseinakamura
12933,Shogo Sakakura,Shogo Sakakura,sa3063308,,,shogosakakura
12934,Shota Dohbayashi,Shota Dohbayashi,sa3063312,,,shotadohbayashi
12935,Ryosuke Kikuchi,Ryosuke Kikuchi,sa3063313,,,ryosukekikuchi
12936,Ryoma Nishikawa,Ryoma Nishikawa,sa3063318,,,ryomanishikawa
12937,Kosuke Tanaka,Kosuke Tanaka,sa3063320,,,kosuketanaka
12938,Takashi Uemoto,Takashi Uemoto,sa3063321,,,takashiuemoto
12939,Yoshihiro Maru,Yoshihiro Maru,sa3063325,,,yoshihiromaru
12940,Ryuhei Matsuyama,Ryuhei Matsuyama,sa3063326,,,ryuheimatsuyama
12941,Takayoshi Noma,Takayoshi Noma,sa3063327,,,takayoshinoma
12942,Yuta Kuroki,Yuta Kuroki,sa3063341,,,yutakuroki
12943,Takahiro Matsuba,Takahiro Matsuba,sa3063343,,,takahiromatsuba
12944,Yuki Nishi,Yuki Nishi,sa3063344,,,yukinishi
12945,Kohki Saitoh,Kohki Saitoh,sa3063346,,,kohkisaitoh
12946,Keisuke Sawada,Keisuke Sawada,sa3063347,,,keisukesawada
12947,Daiki Tajima,Daiki Tajima,sa3063350,,,daikitajima
12948,Nobuyoshi Yamada,Nobuyoshi Yamada,sa3063352,,,nobuyoshiyamada
12949,Taisuke Yamaoka,Taisuke Yamaoka,sa3063353,,,taisukeyamaoka
12950,Sachiya Yamasaki,Sachiya Yamasaki,sa3063354,,,sachiyayamasaki
12951,Soichiro Yamazaki,Soichiro Yamazaki,sa3063355,,,soichiroyamazaki
12952,Torai Fushimi,Torai Fushimi,sa3063358,,,toraifushimi
12953,Hikaru Itoh,Hikaru Itoh,sa3063360,,,hikaruitoh
12954,Kenya Wakatsuki,Kenya Wakatsuki,sa3063362,,,kenyawakatsuki
12955,Shuhei Fukuda,Shuhei Fukuda,sa3063365,,,shuheifukuda
12956,Yuma Mune,Yuma Mune,sa3063369,,,yumamune
12957,Masahiro Nishino,Masahiro Nishino,sa3063370,,,masahironishino
12958,Koji Ohshiro,Koji Ohshiro,sa3063371,,,kojiohshiro
12959,Tatsuya Yamaashi,Tatsuya Yamaashi,sa3063373,,,tatsuyayamaashi
12960,Shunta Gotoh,Shunta Gotoh,sa3063374,,,shuntagotoh
12961,Yutaro Sugimoto,Yutaro Sugimoto,sa3063379,,,yutarosugimoto
12962,Kohei Azuma,Kohei Azuma,sa3063382,,,koheiazuma
12963,Kota Futaki,Kota Futaki,sa3063392,,,kotafutaki
12964,Yuki Karakawa,Yuki Karakawa,sa3063395,,,yukikarakawa
12965,Naoya Masuda,Naoya Masuda,sa3063396,,,naoyamasuda
12966,Yuji Nishino,Yuji Nishino,sa3063401,,,yujinishino
12967,Chihaya Sasaki,Chihaya Sasaki,sa3063406,,,chihayasasaki
12968,Atsuki Taneichi,Atsuki Taneichi,sa3063410,,,atsukitaneichi
12969,Hideaki Wakui,Hideaki Wakui,sa3063413,,,hideakiwakui
12970,Daiki Yamamoto,Daiki Yamamoto,sa3063415,,,daikiyamamoto
12971,Tatsuhiro Tamura,Tatsuhiro Tamura,sa3063420,,,tatsuhirotamura
12972,Yudai Fujioka,Yudai Fujioka,sa3063422,,,yudaifujioka
12973,Taiga Hirasawa,Taiga Hirasawa,sa3063424,,,taigahirasawa
12974,Shogo Nakamura,Shogo Nakamura,sa3063430,,,shogonakamura
12975,Daichi Suzuki,Daichi Suzuki,sa3063434,,,daichisuzuki
12976,Hisanori Yasuda,Hisanori Yasuda,sa3063436,,,hisanoriyasuda
12977,Katsuya Kakunaka,Katsuya Kakunaka,sa3063438,,,katsuyakakunaka
12978,Koshiro Wada,Koshiro Wada,sa3063446,,,koshirowada
12979,Shoma Fujihira,Shoma Fujihira,sa3063449,,,shomafujihira
12980,Takahide Ikeda,Takahide Ikeda,sa3063453,,,takahideikeda
12981,Wataru Karashima,Wataru Karashima,sa3063455,,,watarukarashima
12982,Takayuki Kishi,Takayuki Kishi,sa3063457,,,takayukikishi
12983,Ryuta Konno,Ryuta Konno,sa3063459,,,ryutakonno
12984,Manabu Mima,Manabu Mima,sa3063460,,,manabumima
12985,Kohei Morihara,Kohei Morihara,sa3063462,,,koheimorihara
12986,Naoto Nishiguchi,Naoto Nishiguchi,sa3063463,,,naotonishiguchi
12987,Takahiro Norimoto,Takahiro Norimoto,sa3063465,,,takahironorimoto
12988,Fumiya Ono,Fumiya Ono,sa3063466,,,fumiyaono
12989,Chia-Hao Sung,Chia-Hao Sung,sa3063469,,,chiahaosung
12990,Yuhei Takanashi,Yuhei Takanashi,sa3063470,,,yuheitakanashi
12991,Kengo Horiuchi,Kengo Horiuchi,sa3063474,,,kengohoriuchi
12992,Tsuyoshi Ishihara,Tsuyoshi Ishihara,sa3063476,,,tsuyoshiishihara
12993,Eigoro Mogi,Eigoro Mogi,sa3063484,,,eigoromogi
12994,Itsuki Murabayashi,Itsuki Murabayashi,sa3063485,,,itsukimurabayashi
12995,Takero Okajima,Takero Okajima,sa3063494,,,takerookajima
12996,Louis Okoye,Louis Okoye,sa3063495,,,louisokoye
12997,Hiroaki Shimauchi,Hiroaki Shimauchi,sa3063497,,,hiroakishimauchi
12998,Kazuki Tanaka,Kazuki Tanaka,sa3063498,,,kazukitanaka
12999,Nao Higashihama,Nao Higashihama,sa3063503,,,naohigashihama
13000,Shuta Ishikawa,Shuta Ishikawa,sa3063505,,,shutaishikawa
13001,Sho Iwasaki,Sho Iwasaki,sa3063506,,,shoiwasaki
13002,Ren Kajiya,Ren Kajiya,sa3063507,,,renkajiya
13003,Reiji Kozawa,Reiji Kozawa,sa3063511,,,reijikozawa
13004,Yuki Matsumoto,Yuki Matsumoto,sa3063512,,,yukimatsumoto
13005,Livan Moinelo,Livan Moinelo,sa3063513,,,livanmoinelo
13006,Yuito Mori,Yuito Mori,sa3063514,,,yuitomori
13007,Seigi Tanaka,Seigi Tanaka,sa3063523,,,seigitanaka
13008,Takuya Kai,Takuya Kai,sa3063526,,,takuyakai
13009,Ryuhei Kuki,Ryuhei Kuki,sa3063527,,,ryuheikuki
13010,Ryoya Kurihara,Ryoya Kurihara,sa3063528,,,ryoyakurihara
13011,Kenta Tanigawara,Kenta Tanigawara,sa3063530,,,kentatanigawara
13012,Kenta Chatani,Kenta Chatani,sa3063532,,,kentachatani
13013,Kenta Imamiya,Kenta Imamiya,sa3063535,,,kentaimamiya
13014,Hikaru Kawase,Hikaru Kawase,sa3063536,,,hikarukawase
13015,Taisei Makihara,Taisei Makihara,sa3063539,,,taiseimakihara
13016,Shu Masuda,Shu Masuda,sa3063540,,,shumasuda
13017,Masaki Mimori,Masaki Mimori,sa3063542,,,masakimimori
13018,Akira Nakamura,Akira Nakamura,sa3063554,,,akiranakamura
13019,Seiji Uebayashi,Seiji Uebayashi,sa3063556,,,seijiuebayashi
13020,Yuki Yanagita,Yuki Yanagita,sa3063557,,,yukiyanagita
13021,Hiroki Hasegawa,Hiroki Hasegawa,sa3063558,,,hirokihasegawa
13022,Shuto Ogata,Shuto Ogata,sa3063560,,,shutoogata
13023,Koutaro Ohtake,Koutaro Ohtake,sa3063561,,,koutaroohtake
13024,Ukyo Shuto,Ukyo Shuto,sa3063563,,,ukyoshuto
13025,Richard Sunagawa,Richard Sunagawa,sa3063564,,,richardsunagawa
13026,Katsuki Azuma,Katsuki Azuma,sa3063565,,,katsukiazuma
13027,Kazuki Mishima,Kazuki Mishima,sa3063579,,,kazukimishima
13028,Kousuke Sakaguchi,Kousuke Sakaguchi,sa3063582,,,kousukesakaguchi
13029,Kentaro Taira,Kentaro Taira,sa3063587,,,kentarotaira
13030,Yasuaki Yamasaki,Yasuaki Yamasaki,sa3063589,,,yasuakiyamasaki
13031,Hiroki Minei,Hiroki Minei,sa3063590,,,hirokiminei
13032,Yasutaka Tobashira,Yasutaka Tobashira,sa3063593,,,yasutakatobashira
13033,Yuudai Yamamoto,Yuudai Yamamoto,sa3063594,,,yuudaiyamamoto
13034,Toshiro Miyazaki,Toshiro Miyazaki,sa3063601,,,toshiromiyazaki
13035,Keita Sano,Keita Sano,sa3063604,,,keitasano
13036,Tatsuhiro Shibata,Tatsuhiro Shibata,sa3063605,,,tatsuhiroshibata
13037,Seiya Hosokawa,Seiya Hosokawa,sa3063610,,,seiyahosokawa
13038,Kazuki Kamizato,Kazuki Kamizato,sa3063612,,,kazukikamizato
13039,Taishi Kusumoto,Taishi Kusumoto,sa3063613,,,taishikusumoto
13040,Masayuki Kuwahara,Masayuki Kuwahara,sa3063614,,,masayukikuwahara
13041,Tomo Otosaka,Tomo Otosaka,sa3063615,,,tomootosaka
13042,Taiki Sekine,Taiki Sekine,sa3063616,,,taikisekine
13043,Koh Nakagawa,Koh Nakagawa,sa3063617,,,kohnakagawa
13044,Ariel Martinez,Ariel Martinez,sa3063621,,,arielmartinez
13045,Riku Masuda,Riku Masuda,sa3063623,,,rikumasuda
13046,Shohei Numata,Shohei Numata,sa3063627,,,shoheinumata
13047,Shosei Togo,Shosei Togo,sa3063629,,,shoseitogo
13048,Kai Yokogawa,Kai Yokogawa,sa3063631,,,kaiyokogawa
13049,Yusuke Azuma,Yusuke Azuma,sa3063632,,,yusukeazuma
13050,Kyota Fujiwara,Kyota Fujiwara,sa3063634,,,kyotafujiwara
13051,Toshiya Nakamura,Toshiya Nakamura,sa3063637,,,toshiyanakamura
13052,Kazuya Ojima,Kazuya Ojima,sa3063638,,,kazuyaojima
13053,Koki Yamaguchi,Koki Yamaguchi,sa3063639,,,kokiyamaguchi
13054,Kota Ishibashi,Kota Ishibashi,sa3063640,,,kotaishibashi
13055,Akiyoshi Katsuno,Akiyoshi Katsuno,sa3063641,,,akiyoshikatsuno
13056,Akira Neo,Akira Neo,sa3063642,,,akiraneo
13057,Keisuke Izumi,Keisuke Izumi,sa3063646,,,keisukeizumi
13058,Hiroshi Kaino,Hiroshi Kaino,sa3063647,,,hiroshikaino
13059,Shun Mizutani,Shun Mizutani,sa3063648,,,shunmizutani
13060,Daiju Nomura,Daiju Nomura,sa3063650,,,daijunomura
13061,Kazuki Sugiyama,Kazuki Sugiyama,sa3063652,,,kazukisugiyama
13062,Riku Watanabe,Riku Watanabe,sa3063653,,,rikuwatanabe
13063,Koji Chikamoto,Koji Chikamoto,sa3063654,,,kojichikamoto
13064,Seiya Kinami,Seiya Kinami,sa3063657,,,seiyakinami
13065,Ryuhei Obata,Ryuhei Obata,sa3063658,,,ryuheiobata
13066,Yukiya Saito,Yukiya Saito,sa3063659,,,yukiyasaito
13067,Atsuki Yuasa,Atsuki Yuasa,sa3063660,,,atsukiyuasa
13068,Ryutaro Hatsuki,Ryutaro Hatsuki,sa3063661,,,ryutarohatsuki
13069,Kota Hayashi,Kota Hayashi,sa3063662,,,kotahayashi
13070,Kaito Kozono,Kaito Kozono,sa3063663,,,kaitokozono
13071,Minoru Ohmori,Minoru Ohmori,sa3063664,,,minoruohmori
13072,Sotaro Shimauchi,Sotaro Shimauchi,sa3063665,,,sotaroshimauchi
13073,Takuya Yasaki,Takuya Yasaki,sa3063668,,,takuyayasaki
13074,Chusei Mannami,Chusei Mannami,sa3063672,,,chuseimannami
13075,Tsubasa Nabatame,Tsubasa Nabatame,sa3063673,,,tsubasanabatame
13076,Yuki Nomura,Yuki Nomura,sa3063674,,,yukinomura
13077,Yua Tamiya,Yua Tamiya,sa3063675,,,yuatamiya
13078,Keita Nakagawa,Keita Nakagawa,sa3063681,,,keitanakagawa
13079,Ryo Ohta,Ryo Ohta,sa3063682,,,ryoohta
13080,Ryoga Tomiyama,Ryoga Tomiyama,sa3063683,,,ryogatomiyama
13081,Yuma Tongu,Yuma Tongu,sa3063684,,,yumatongu
13082,Taisei Urushihara,Taisei Urushihara,sa3063685,,,taiseiurushihara
13083,Shoya Makino,Shoya Makino,sa3063687,,,shoyamakino
13084,Wataru Matsumoto,Wataru Matsumoto,sa3063688,,,watarumatsumoto
13085,Ryusei Satoh,Ryusei Satoh,sa3063691,,,ryuseisatoh
13086,Naoto Chino,Naoto Chino,sa3063692,,,naotochino
13087,Yutaro Watanabe,Yutaro Watanabe,sa3063693,,,yutarowatanabe
13088,Kakeru Yamanobe,Kakeru Yamanobe,sa3063694,,,kakeruyamanobe
13089,Yukiya Itoh,Yukiya Itoh,sa3063695,,,yukiyaitoh
13090,Taiga Kamichatani,Taiga Kamichatani,sa3063696,,,taigakamichatani
13091,Daita Miyagi,Daita Miyagi,sa3063698,,,daitamiyagi
13092,Yuya Ogoh,Yuya Ogoh,sa3063699,,,yuyaogoh
13093,Shinichi Ohnuki,Shinichi Ohnuki,sa3063700,,,shinichiohnuki
13094,Hikaru Ohta,Hikaru Ohta,sa3063701,,,hikaruohta
13095,Sora Suzuki,Sora Suzuki,sa3063703,,,sorasuzuki
13096,Ryosuke Tatsumi,Ryosuke Tatsumi,sa3063704,,,ryosuketatsumi
13097,Taiki Hamada,Taiki Hamada,sa3063705,,,taikihamada
13098,Yoshiaki Watanabe,Yoshiaki Watanabe,sa3063706,,,yoshiakiwatanabe
13099,Koshiro Sakamoto,Koshiro Sakamoto,sa3063712,,,koshirosakamoto
13100,Noboru Shimizu,Noboru Shimizu,sa3063713,,,noborushimizu
13101,Koki Matsuoka,Koki Matsuoka,sa3063718,,,kokimatsuoka
13102,Kenshin Hotta,Kenshin Hotta,sa3063719,,,kenshinhotta
13103,Haruto Inoue,Haruto Inoue,sa3063720,,,harutoinoue
13104,Shinnosuke Yamase,Shinnosuke Yamase,sa3063721,,,shinnosukeyamase
13105,Shota Hamaya,Shota Hamaya,sa3063724,,,shotahamaya
13106,Sena Tsuge,Sena Tsuge,sa3063726,,,senatsuge
13107,Junichiro Kishi,Junichiro Kishi,sa3063729,,,junichirokishi
13108,Yuki Tsumori,Yuki Tsumori,sa3063730,,,yukitsumori
13109,Takashi Umino,Takashi Umino,sa3063731,,,takashiumino
13110,Naoki Satoh,Naoki Satoh,sa3063732,,,naokisatoh
13111,Tatsuru Yanagimachi,Tatsuru Yanagimachi,sa3063733,,,tatsuruyanagimachi
13112,Tomohisa Ohzeki,Tomohisa Ohzeki,sa3063734,,,tomohisaohzeki
13113,Soichiro Ishizuka,Soichiro Ishizuka,sa3063735,,,soichiroishizuka
13114,Ryusei Kawano,Ryusei Kawano,sa3063736,,,ryuseikawano
13115,Kenya Suzuki,Kenya Suzuki,sa3063738,,,kenyasuzuki
13116,Yuki Umebayashi,Yuki Umebayashi,sa3063740,,,yukiumebayashi
13117,Hiroya Miyagi,Hiroya Miyagi,sa3063746,,,hiroyamiyagi
13118,Kotaro Kurebayashi,Kotaro Kurebayashi,sa3063750,,,kotarokurebayashi
13119,Kazuma Satoh,Kazuma Satoh,sa3063751,,,kazumasatoh
13120,Taisei Tsurusaki,Taisei Tsurusaki,sa3063754,,,taiseitsurusaki
13121,Ryota Takinaka,Ryota Takinaka,sa3063755,,,ryotatakinaka
13122,Hiroto Kobukata,Hiroto Kobukata,sa3063756,,,hirotokobukata
13123,Fumiya Kurokawa,Fumiya Kurokawa,sa3063757,,,fumiyakurokawa
13124,Atsuki Mutoh,Atsuki Mutoh,sa3063758,,,atsukimutoh
13125,Rikuto Yokoyama,Rikuto Yokoyama,sa3063761,,,rikutoyokoyama
13126,Toshiya Satoh,Toshiya Satoh,sa3063762,,,toshiyasatoh
13127,Akito Takabe,Akito Takabe,sa3063764,,,akitotakabe
13128,Shota Ueda,Shota Ueda,sa3063766,,,shotaueda
13129,Masaki Oyokawa,Masaki Oyokawa,sa3063767,,,masakioyokawa
13130,Kouta Inoue,Kouta Inoue,sa3063769,,,koutainoue
13131,Dan Onodera,Dan Onodera,sa3063770,,,danonodera
13132,Masato Morishita,Masato Morishita,sa3063771,,,masatomorishita
13133,Shogo Tamamura,Shogo Tamamura,sa3063772,,,shogotamamura
13134,Tomoki Ishihara,Tomoki Ishihara,sa3063774,,,tomokiishihara
13135,Keito Mori,Keito Mori,sa3063775,,,keitomori
13136,Tatsuo Ebina,Tatsuo Ebina,sa3063777,,,tatsuoebina
13137,Hiromu Ise,Hiromu Ise,sa3063779,,,hiromuise
13138,Yuya Sakamoto,Yuya Sakamoto,sa3063780,,,yuyasakamoto
13139,Junpei Azuma,Junpei Azuma,sa3063782,,,junpeiazuma
13140,Yasunobu Okugawa,Yasunobu Okugawa,sa3063785,,,yasunobuokugawa
13141,Hiroki Ohnishi,Hiroki Ohnishi,sa3063788,,,hirokiohnishi
13142,Hideki Nagaoka,Hideki Nagaoka,sa3063789,,,hidekinagaoka
13143,Ryusei Takeoka,Ryusei Takeoka,sa3063790,,,ryuseitakeoka
13144,Yuki Hashimoto,Yuki Hashimoto,sa3063791,,,yukihashimoto
13145,Yuya Gunji,Yuya Gunji,sa3063793,,,yuyagunji
13146,Takaya Ishikawa,Takaya Ishikawa,sa3063794,,,takayaishikawa
13147,Yuki Okabayashi,Yuki Okabayashi,sa3063795,,,yukiokabayashi
13148,Takeru Sasaki,Takeru Sasaki,sa3063798,,,takerusasaki
13149,Tomoya Inoue,Tomoya Inoue,sa3063800,,,tomoyainoue
13150,Yoshiyasu Sasagawa,Yoshiyasu Sasagawa,sa3063802,,,yoshiyasusasagawa
13151,Riku Ogata,Riku Ogata,sa3063804,,,rikuogata
13152,Daichi Ishii,Daichi Ishii,sa3063805,,,daichiishii
13153,Masashi Itoh,Masashi Itoh,sa3063806,,,masashiitoh
13154,Shoki Murakami,Shoki Murakami,sa3063807,,,shokimurakami
13155,Takumu Nakano,Takumu Nakano,sa3063808,,,takumunakano
13156,Yuki Sakaeda,Yuki Sakaeda,sa3063809,,,yukisakaeda
13157,Teruaki Sato,Teruaki Sato,sa3063811,,,teruakisato
13158,Nozomu Takatera,Nozomu Takatera,sa3063812,,,nozomutakatera
13159,Shota Abe,Shota Abe,sa3063813,,,shotaabe
13160,Yoshihisa Hirano,Yoshihisa Hirano,sa3063814,,,yoshihisahirano
13161,Hayate Nakagawa,Hayate Nakagawa,sa3063815,,,hayatenakagawa
13162,Shunpeita Yamashita,Shunpeita Yamashita,sa3063816,,,shunpeitayamashita
13163,Kendai Gen,Kendai Gen,sa3063817,,,kendaigen
13164,Ryoto Kita,Ryoto Kita,sa3063818,,,ryotokita
13165,Kento Kawase,Kento Kawase,sa3063819,,,kentokawase
13166,Takayoshi Yamamura,Takayoshi Yamamura,sa3063824,,,takayoshiyamamura
13167,Gakuto Wakabayashi,Gakuto Wakabayashi,sa3063825,,,gakutowakabayashi
13168,Taishi Mameda,Taishi Mameda,sa3063826,,,taishimameda
13169,Shinya Hasegawa,Shinya Hasegawa,sa3063827,,,shinyahasegawa
13170,Ryuta Heinai,Ryuta Heinai,sa3063828,,,ryutaheinai
13171,Masaru Fujii,Masaru Fujii,sa3063829,,,masarufujii
13172,Takahisa Hayakawa,Takahisa Hayakawa,sa3063830,,,takahisahayakawa
13173,Seiryu Uchi,Seiryu Uchi,sa3063832,,,seiryuuchi
13174,Daiki Irie,Daiki Irie,sa3063834,,,daikiirie
13175,Hiromi Itoh,Hiromi Itoh,sa3063835,,,hiromiitoh
13176,Yusuke Itoh,Yusuke Itoh,sa3063838,,,yusukeitoh
13177,Iori Yamasaki,Iori Yamasaki,sa3063840,,,ioriyamasaki
13178,Ryohei Hosokawa,Ryohei Hosokawa,sa3063841,,,ryoheihosokawa
13179,Yuto Akihiro,Yuto Akihiro,sa3063842,,,yutoakihiro
13180,Raito Nakayama,Raito Nakayama,sa3063843,,,raitonakayama
13181,Yuma Imagawa,Yuma Imagawa,sa3063844,,,yumaimagawa
13182,Ryota Isobata,Ryota Isobata,sa3063845,,,ryotaisobata
13183,Natsuki Toda,Natsuki Toda,sa3063847,,,natsukitoda
13184,Ryoji Kuribayashi,Ryoji Kuribayashi,sa3063850,,,ryojikuribayashi
13185,Daisuke Moriura,Daisuke Moriura,sa3063851,,,daisukemoriura
13186,Haruki Ohmichi,Haruki Ohmichi,sa3063852,,,harukiohmichi
13187,Masaya Yano,Masaya Yano,sa3063853,,,masayayano
13188,Shoichi Futamata,Shoichi Futamata,sa3063854,,,shoichifutamata
13189,Tokito Kawamura,Tokito Kawamura,sa3063855,,,tokitokawamura
13190,Shunsuke Nakamori,Shunsuke Nakamori,sa3063856,,,shunsukenakamori
13191,Naofumi Kizawa,Naofumi Kizawa,sa3063857,,,naofumikizawa
13192,Taichi Yamano,Taichi Yamano,sa3063858,,,taichiyamano
13193,Souma Uchiyama,Souma Uchiyama,sa3063859,,,soumauchiyama
13194,Taisei Irie,Taisei Irie,sa3063861,,,taiseiirie
13195,Hiyu Motoyama,Hiyu Motoyama,sa3063862,,,hiyumotoyama
13196,Shota Suzuki,Shota Suzuki,sa3063863,,,shotasuzuki
13197,Ryusei Ogawa,Ryusei Ogawa,sa3063864,,,ryuseiogawa
13198,Hidetaka Namiki,Hidetaka Namiki,sa3063865,,,hidetakanamiki
13199,Shota Maruyama,Shota Maruyama,sa3063869,,,shotamaruyama
13200,Daito Yamamoto,Daito Yamamoto,sa3063870,,,daitoyamamoto
13201,Yoshihiro Akahane,Yoshihiro Akahane,sa3063871,,,yoshihiroakahane
13202,Ren Kondo,Ren Kondo,sa3063873,,,renkondo
13203,Yuta Matsukihira,Yuta Matsukihira,sa3063874,,,yutamatsukihira
13204,Ryuku Tsuchida,Ryuku Tsuchida,sa3063877,,,ryukutsuchida
13205,Shugo Maki,Shugo Maki,sa3063879,,,shugomaki
13206,Tatsuya Ishikawa,Tatsuya Ishikawa,sa3063880,,,tatsuyaishikawa
13207,Yoshinobu Mizukami,Yoshinobu Mizukami,sa3063882,,,yoshinobumizukami
13208,Takuma Kirishiki,Takuma Kirishiki,sa3063883,,,takumakirishiki
13209,Ukyo Maegawa,Ukyo Maegawa,sa3063885,,,ukyomaegawa
13210,Hidetaka Okadome,Hidetaka Okadome,sa3063886,,,hidetakaokadome
13211,Hiroshi Toyoda,Hiroshi Toyoda,sa3063887,,,hiroshitoyoda
13212,Yuji Akahoshi,Yuji Akahoshi,sa3063888,,,yujiakahoshi
13213,Taisei Ota,Taisei Ota,sa3063889,,,taiseiota
13214,Yuki Okada,Yuki Okada,sa3063891,,,yukiokada
13215,Tomotaka Matsui,Tomotaka Matsui,sa3063892,,,tomotakamatsui
13216,Satoshi Miyamori,Satoshi Miyamori,sa3063893,,,satoshimiyamori
13217,Masaya Nishigaki,Masaya Nishigaki,sa3063894,,,masayanishigaki
13218,Naoki Arizono,Naoki Arizono,sa3063897,,,naokiarizono
13219,Ren Fukushima,Ren Fukushima,sa3063898,,,renfukushima
13220,Koki Kitayama,Koki Kitayama,sa3063900,,,kokikitayama
13221,Kyosuke Kuroyanagi,Kyosuke Kuroyanagi,sa3063901,,,kyosukekuroyanagi
13222,Daigo Kamikawabata,Daigo Kamikawabata,sa3063902,,,daigokamikawabata
13223,Tatsuki Mizuno,Tatsuki Mizuno,sa3063904,,,tatsukimizuno
13224,Uta Sakaguchi,Uta Sakaguchi,sa3063905,,,utasakaguchi
13225,Kota Tatsu,Kota Tatsu,sa3063906,,,kotatatsu
13226,Isami Nomura,Isami Nomura,sa3063907,,,isaminomura
13227,Tomoya Masaki,Tomoya Masaki,sa3063908,,,tomoyamasaki
13228,Taisei Yanagawa,Taisei Yanagawa,sa3063909,,,taiseiyanagawa
13229,Mizuki Miura,Mizuki Miura,sa3063910,,,mizukimiura
13230,Yuto Kawamura,Yuto Kawamura,sa3063912,,,yutokawamura
13231,Keisuke Nakata,Keisuke Nakata,sa3063913,,,keisukenakata
13232,Ryuya Matsumoto,Ryuya Matsumoto,sa3063915,,,ryuyamatsumoto
13233,Shohei Mori,Shohei Mori,sa3063916,,,shoheimori
13234,Kento Nakamura,Kento Nakamura,sa3063917,,,kentonakamura
13235,Shota Suekane,Shota Suekane,sa3063918,,,shotasuekane
13236,Shunsuke Tamura,Shunsuke Tamura,sa3063919,,,shunsuketamura
13237,Kenta Bright,Kenta Bright,sa3063920,,,kentabright
13238,Taisei Miya,Taisei Miya,sa3063922,,,taiseimiya
13239,Hiroto Takahashi,Hiroto Takahashi,sa3063923,,,hirototakahashi
13240,Kosuke Ukai,Kosuke Ukai,sa3063924,,,kosukeukai
13241,Ren Mukunoki,Ren Mukunoki,sa3063926,,,renmukunoki
13242,Kaede Yokoyama,Kaede Yokoyama,sa3063927,,,kaedeyokoyama
13243,Sho Fukunaga,Sho Fukunaga,sa3063928,,,shofukunaga
13244,Tomoya Noguchi,Tomoya Noguchi,sa3063929,,,tomoyanoguchi
13245,Haruto Watanabe,Haruto Watanabe,sa3063931,,,harutowatanabe
13246,Kohtaro Komori,Kohtaro Komori,sa3063932,,,kohtarokomori
13247,Yukihiro Iwata,Yukihiro Iwata,sa3063933,,,yukihiroiwata
13248,Kosei Ohsato,Kosei Ohsato,sa3063934,,,koseiohsato
13249,Kazuya Maruyama,Kazuya Maruyama,sa3063935,,,kazuyamaruyama
13250,Daichi Shibata,Daichi Shibata,sa3063936,,,daichishibata
13251,Shinnosuke Hada,Shinnosuke Hada,sa3063939,,,shinnosukehada
13252,Shunsuke Sato,Shunsuke Sato,sa3063940,,,shunsukesato
13253,Chihiro Sumida,Chihiro Sumida,sa3063941,,,chihirosumida
13254,Yuto Koga,Yuto Koga,sa3063942,,,yutokoga
13255,Shinya Sugai,Shinya Sugai,sa3063944,,,shinyasugai
13256,Takeru Furuichi,Takeru Furuichi,sa3063945,,,takerufuruichi
13257,Natsuo Takizawa,Natsuo Takizawa,sa3063946,,,natsuotakizawa
13258,Kouki Kajiwara,Kouki Kajiwara,sa3063947,,,koukikajiwara
13259,Kenta Kozono,Kenta Kozono,sa3063948,,,kentakozono
13260,Atsuya Hirohata,Atsuya Hirohata,sa3063951,,,atsuyahirohata
13261,Akira Yagi,Akira Yagi,sa3063952,,,akirayagi
13262,Kou Matsukawa,Kou Matsukawa,sa3063953,,,koumatsukawa
13263,Raito Ikeda,Raito Ikeda,sa3063954,,,raitoikeda
13264,Taiki Kikuchi,Taiki Kikuchi,sa3063955,,,taikikikuchi
13265,Keito Mombetsu,Keito Mombetsu,sa3063959,,,keitomombetsu
13266,Ren Tomida,Ren Tomida,sa3063960,,,rentomida
13267,Shota Morishita,Shota Morishita,sa3063961,,,shotamorishita
13268,Hikaru Kimura,Hikaru Kimura,sa3063964,,,hikarukimura
13269,Minato Aoyama,Minato Aoyama,sa3063965,,,minatoaoyama
13270,Jun Maeda,Jun Maeda,sa3063966,,,junmaeda
13271,Haru Matsumoto,Haru Matsumoto,sa3063967,,,harumatsumoto
13272,Ryosuke Kodama,Ryosuke Kodama,sa3063968,,,ryosukekodama
13273,Ryosuke Ohtsu,Ryosuke Ohtsu,sa3063969,,,ryosukeohtsu
13274,Takuya Hiruma,Takuya Hiruma,sa3063970,,,takuyahiruma
13275,Kengo Yoshida,Kengo Yoshida,sa3063971,,,kengoyoshida
13276,Tokumasa Chano,Tokumasa Chano,sa3063972,,,tokumasachano
13277,Kaito Saiki,Kaito Saiki,sa3063974,,,kaitosaiki
13278,Ryuhei Sotani,Ryuhei Sotani,sa3063976,,,ryuheisotani
13279,Ryu Sugisawa,Ryu Sugisawa,sa3063977,,,ryusugisawa
13280,Shoma Kanemura,Shoma Kanemura,sa3063978,,,shomakanemura
13281,Kota Yazawa,Kota Yazawa,sa3063980,,,kotayazawa
13282,Taiki Narama,Taiki Narama,sa3063981,,,taikinarama
13283,Keigo Kitamura,Keigo Kitamura,sa3063982,,,keigokitamura
13284,Ruito Nishimura,Ruito Nishimura,sa3063983,,,ruitonishimura
13285,Ren Sawai,Ren Sawai,sa3063984,,,rensawai
13286,Kojiro Yoshimura,Kojiro Yoshimura,sa3063985,,,kojiroyoshimura
13287,Mao Itoh,Mao Itoh,sa3063986,,,maoitoh
13288,Shota Watanabe,Shota Watanabe,sa3063988,,,shotawatanabe
13289,Ryuji Komago,Ryuji Komago,sa3063989,,,ryujikomago
13290,Kosei Shoji,Kosei Shoji,sa3063990,,,koseishoji
13291,Hiroki Fukunaga,Hiroki Fukunaga,sa3063993,,,hirokifukunaga
13292,Seishu Higuchi,Seishu Higuchi,sa3063994,,,seishuhiguchi
13293,Shinya Matsuyama,Shinya Matsuyama,sa3063995,,,shinyamatsuyama
13294,Kaito Muramatsu,Kaito Muramatsu,sa3063996,,,kaitomuramatsu
13295,Reia Nakachi,Reia Nakachi,sa3063997,,,reianakachi
13296,Mikiya Tanaka,Mikiya Tanaka,sa3063998,,,mikiyatanaka
13297,Hiromasa Funabasama,Hiromasa Funabasama,sa3064000,,,hiromasafunabasama
13298,Makoto Kadowaki,Makoto Kadowaki,sa3064002,,,makotokadowaki
13299,Shogo Asano,Shogo Asano,sa3064003,,,shogoasano
13300,Masaya Hagio,Masaya Hagio,sa3064004,,,masayahagio
13301,Takuma Hayashi,Takuma Hayashi,sa3064007,,,takumahayashi
13302,Shion Matsuo,Shion Matsuo,sa3064008,,,shionmatsuo
13303,Teruki Yoshino,Teruki Yoshino,sa3064009,,,terukiyoshino
13304,Ginji Hasebe,Ginji Hasebe,sa3064010,,,ginjihasebe
13305,Takehisa Masuda,Takehisa Masuda,sa3064012,,,takehisamasuda
13306,Shodai Uchida,Shodai Uchida,sa3064013,,,shodaiuchida
13307,Haruya Tanaka,Haruya Tanaka,sa3064014,,,haruyatanaka
13308,Shu Kubo,Shu Kubo,sa3064015,,,shukubo
13309,Riku Kikuchi,Riku Kikuchi,sa3064017,,,rikukikuchi
13310,Shuta Takano,Shuta Takano,sa3064018,,,shutatakano
13311,Atsuki Tomosugi,Atsuki Tomosugi,sa3064019,,,atsukitomosugi
13312,Kyuto Ueda,Kyuto Ueda,sa3064022,,,kyutoueda
13313,Rintaro Tsujimoto,Rintaro Tsujimoto,sa3064024,,,rintarotsujimoto
13314,Christian Rodriguez,Christian Rodriguez,sa3064025,,,christianrodriguez
13315,Gouki Oda,Gouki Oda,sa3064026,,,goukioda
13316,Yuya Ishiguro,Yuya Ishiguro,sa3064027,,,yuyaishiguro
13317,Taichi Taka,Taichi Taka,sa3064028,,,taichitaka
13318,Kazuki Takita,Kazuki Takita,sa3064029,,,kazukitakita
13319,Hayato Tsunehiro,Hayato Tsunehiro,sa3064030,,,hayatotsunehiro
13320,Keisuke Sato,Keisuke Sato,sa3064032,,,keisukesato
13321,Haruki Hosono,Haruki Hosono,sa3064033,,,harukihosono
13322,Yuya Shinto,Yuya Shinto,sa3064034,,,yuyashinto
13323,Kazuki Miyazaki,Kazuki Miyazaki,sa3064035,,,kazukimiyazaki
13324,Yuki Ishihara,Yuki Ishihara,sa3064036,,,yukiishihara
13325,Kengo Matsumoto,Kengo Matsumoto,sa3064037,,,kengomatsumoto
13326,Kyo Suzuki,Kyo Suzuki,sa3064038,,,kyosuzuki
13327,Ryui Ito,Ryui Ito,sa3064039,,,ryuiito
13328,Seiya Hashimoto,Seiya Hashimoto,sa3064040,,,seiyahashimoto
13329,Seiryu Kotajima,Seiryu Kotajima,sa3064041,,,seiryukotajima
13330,Taito Takashima,Taito Takashima,sa3064042,,,taitotakashima
13331,Seiya Yokoyama,Seiya Yokoyama,sa3064043,,,seiyayokoyama
13332,Naoki Hinata,Naoki Hinata,sa3064044,,,naokihinata
13333,Tatsuki Koja,Tatsuki Koja,sa3064045,,,tatsukikoja
13334,Takuma Matsuda,Takuma Matsuda,sa3064046,,,takumamatsuda
13335,Daisuke Nakashima,Daisuke Nakashima,sa3064047,,,daisukenakashima
13336,Haruto Sakai,Haruto Sakai,sa3064048,,,harutosakai
13337,Ryota Itogawa,Ryota Itogawa,sa3064049,,,ryotaitogawa
13338,Reon Murata,Reon Murata,sa3064050,,,reonmurata
13339,Haruki Sugiyama,Haruki Sugiyama,sa3064052,,,harukisugiyama
13340,Natsuki Takeuchi,Natsuki Takeuchi,sa3064053,,,natsukitakeuchi
13341,Taiga Ueda,Taiga Ueda,sa3064054,,,taigaueda
13342,Ryuta Hirose,Ryuta Hirose,sa3064055,,,ryutahirose
13343,Shunsuke Iwai,Shunsuke Iwai,sa3064056,,,shunsukeiwai
13344,Yugo Maeda,Yugo Maeda,sa3064057,,,yugomaeda
13345,Ryo Ohyama,Ryo Ohyama,sa3064059,,,ryoohyama
13346,Kento Inoue,Kento Inoue,sa3064061,,,kentoinoue
13347,Yutaro Ishida,Yutaro Ishida,sa3064062,,,yutaroishida
13348,Taiki Ishikami,Taiki Ishikami,sa3064063,,,taikiishikami
13349,Ryoto Matsumoto,Ryoto Matsumoto,sa3064064,,,ryotomatsumoto
13350,Ryuki Watari,Ryuki Watari,sa3064065,,,ryukiwatari
13351,Yuta Izuguchi,Yuta Izuguchi,sa3064066,,,yutaizuguchi
13352,Teppei Mataki,Teppei Mataki,sa3064067,,,teppeimataki
13353,Yuhi Nishidate,Yuhi Nishidate,sa3064068,,,yuhinishidate
13354,Shunsuke Sasaki,Shunsuke Sasaki,sa3064069,,,shunsukesasaki
13355,AJ Anderson,AJ Anderson,sa3064986,,,ajanderson
13356,Anthony Andrews,Anthony Andrews,sa3064987,,,anthonyandrews
13357,Jack Angus,Jack Angus,sa3064988,,,jackangus
13358,Foster Apple,Foster Apple,sa3064989,,,fosterapple
13359,Brandon Arnold,Brandon Arnold,sa3064990,,,brandonarnold
13360,Wesley Arrington,Wesley Arrington,sa3064991,,,wesleyarrington
13361,Brennen Barczai,Brennen Barczai,sa3064992,,,brennenbarczai
13362,Lewis Barnum V,Lewis Barnum V,sa3064993,,,lewisbarnumv
13363,Cade Batchelor,Cade Batchelor,sa3064994,,,cadebatchelor
13364,Jacob Bazala,Jacob Bazala,sa3064995,,,jacobbazala
13365,Alex Benevento,Alex Benevento,sa3064996,,,alexbenevento
13366,Ben Berdine,Ben Berdine,sa3064997,,,benberdine
13367,Mitchell Berger,Mitchell Berger,sa3064998,,,mitchellberger
13368,Charley Bergsma,Charley Bergsma,sa3064999,,,charleybergsma
13369,Zach Black,Zach Black,sa3065000,,,zachblack
13370,Matteo Blandino,Matteo Blandino,sa3065001,,,matteoblandino
13371,Diego Boardman,Diego Boardman,sa3065002,,,diegoboardman
13372,Jacob Bowman,Jacob Bowman,sa3065003,,,jacobbowman
13373,Gabe Brabec,Gabe Brabec,sa3065004,,,gabebrabec
13374,Jackson Brewer,Jackson Brewer,sa3065005,,,jacksonbrewer
13375,Tristan Bristow,Tristan Bristow,sa3065006,,,tristanbristow
13376,Easton Brooks,Easton Brooks,sa3065007,,,eastonbrooks
13377,Johnny Brucato,Johnny Brucato,sa3065008,,,johnnybrucato
13378,Gavin Brummond,Gavin Brummond,sa3065009,,,gavinbrummond
13379,CJ Bussell,CJ Bussell,sa3065010,,,cjbussell
13380,Christian Butera,Christian Butera,sa3065011,,,christianbutera
13381,Wandel Campana,Wandel Campana,sa3065012,,,wandelcampana
13382,Sean Cannon,Sean Cannon,sa3065013,,,seancannon
13383,Landon Carr,Landon Carr,sa3065014,,,landoncarr
13384,Sam Christiansen,Sam Christiansen,sa3065015,,,samchristiansen
13385,Brodie Collins,Brodie Collins,sa3065016,,,brodiecollins
13386,Elijah Coston,Elijah Coston,sa3065018,,,elijahcoston
13387,Nathanael Coupet,Nathanael Coupet,sa3065019,,,nathanaelcoupet
13388,Bennett Cox,Bennett Cox,sa3065020,,,bennettcox
13389,Ty Cupp,Ty Cupp,sa3065021,,,tycupp
13390,Caleb Daniel,Caleb Daniel,sa3065022,,,calebdaniel
13391,Will Dart,Will Dart,sa3065023,,,willdart
13392,Jack Dauer,Jack Dauer,sa3065024,,,jackdauer
13393,Garrett Davidson,Garrett Davidson,sa3065025,,,garrettdavidson
13394,Gavin Degnan,Gavin Degnan,sa3065026,,,gavindegnan
13395,Matthew Delvaux,Matthew Delvaux,sa3065027,,,matthewdelvaux
13396,Michael Devenney,Michael Devenney,sa3065028,,,michaeldevenney
13397,Peyton Dhein,Peyton Dhein,sa3065029,,,peytondhein
13398,Landon DiBeradin,Landon DiBeradin,sa3065030,,,landondiberadin
13399,Stefan Di Corrado,Stefan Di Corrado,sa3065031,,,stefandicorrado
13400,Noah Ditas,Noah Ditas,sa3065032,,,noahditas
13401,Caleb Duerr,Caleb Duerr,sa3065033,,,calebduerr
13402,Ernie Echevarria,Ernie Echevarria,sa3065034,,,ernieechevarria
13403,Jack Edmunds,Jack Edmunds,sa3065035,,,jackedmunds
13404,Hector Escobar,Hector Escobar,sa3065036,,,hectorescobar
13405,Jaden Fabian,Jaden Fabian,sa3065037,,,jadenfabian
13406,Kevin Ferguson,Kevin Ferguson,sa3065038,,,kevinferguson
13407,Nico Frizell,Nico Frizell,sa3065039,,,nicofrizell
13408,Nick Garritano,Nick Garritano,sa3065040,,,nickgarritano
13409,David Gibbs,David Gibbs,sa3065041,,,davidgibbs
13410,BJ Gibson,BJ Gibson,sa3065042,,,bjgibson
13411,Jackson Ginther,Jackson Ginther,sa3065043,,,jacksonginther
13412,Ronan Glassford,Ronan Glassford,sa3065044,,,ronanglassford
13413,Bryce Gluckman,Bryce Gluckman,sa3065045,,,brycegluckman
13414,Ayden Gonzalez,Ayden Gonzalez,sa3065046,,,aydengonzalez
13415,Alex Graber,Alex Graber,sa3065047,,,alexgraber
13416,Nolan Grawe,Nolan Grawe,sa3065048,,,nolangrawe
13417,Nick Greaney,Nick Greaney,sa3065049,,,nickgreaney
13418,Landon Hairston,Landon Hairston,sa3065050,,,landonhairston
13419,Christian Hamilton,Christian Hamilton,sa3065051,,,christianhamilton
13420,Nick Hamilton,Nick Hamilton,sa3065052,,,nickhamilton
13421,Joey Helms,Joey Helms,sa3065053,,,joeyhelms
13422,Carson Hepworth,Carson Hepworth,sa3065054,,,carsonhepworth
13423,Houston Hirschkorn,Houston Hirschkorn,sa3065055,,,houstonhirschkorn
13424,Evan Hoeckele,Evan Hoeckele,sa3065056,,,evanhoeckele
13425,John Holley,John Holley,sa3065057,,,johnholley
13426,Kross Howarth,Kross Howarth,sa3065058,,,krosshowarth
13427,Ian Huang,Ian Huang,sa3065059,,,ianhuang
13428,Brady Hudson,Brady Hudson,sa3065060,,,bradyhudson
13429,Keagen Jirschele,Keagen Jirschele,sa3065061,,,keagenjirschele
13430,Blaize Johnson,Blaize Johnson,sa3065062,,,blaizejohnson
13431,Brodie Johnston,Brodie Johnston,sa3065063,,,brodiejohnston
13432,Chris Juchno,Chris Juchno,sa3065064,,,chrisjuchno
13433,Aaron Keating,Aaron Keating,sa3065065,,,aaronkeating
13434,Sam Keene,Sam Keene,sa3065066,,,samkeene
13435,Aiden Kelly,Aiden Kelly,sa3065067,,,aidenkelly
13436,Nolan Kirsch,Nolan Kirsch,sa3065068,,,nolankirsch
13437,Jackson Klein,Jackson Klein,sa3065069,,,jacksonklein
13438,Chase Klingemann,Chase Klingemann,sa3065070,,,chaseklingemann
13439,Tyler Kneller,Tyler Kneller,sa3065071,,,tylerkneller
13440,Keegan Knutson,Keegan Knutson,sa3065072,,,keeganknutson
13441,Kayden Kohlberg,Kayden Kohlberg,sa3065073,,,kaydenkohlberg
13442,Cam LaGrassa,Cam LaGrassa,sa3065074,,,camlagrassa
13443,Jayden Lee,Jayden Lee,sa3065075,,,jaydenlee
13444,Sammy Leis,Sammy Leis,sa3065076,,,sammyleis
13445,Errick Lewis,Errick Lewis,sa3065077,,,erricklewis
13446,Colin Linteo,Colin Linteo,sa3065078,,,colinlinteo
13447,Quin Long,Quin Long,sa3065079,,,quinlong
13448,Franky Lopez,Franky Lopez,sa3065080,,,frankylopez
13449,Nathaniel Lopez,Nathaniel Lopez,sa3065081,,,nathaniellopez
13450,Chris Lozano,Chris Lozano,sa3065082,,,chrislozano
13451,Jose Luccioni,Jose Luccioni,sa3065083,,,joseluccioni
13452,Ty Madison,Ty Madison,sa3065084,,,tymadison
13453,Charley Magoulick,Charley Magoulick,sa3065085,,,charleymagoulick
13454,Thomas Maher,Thomas Maher,sa3065086,,,thomasmaher
13455,Jack Malec,Jack Malec,sa3065087,,,jackmalec
13456,Wesley Marien,Wesley Marien,sa3065088,,,wesleymarien
13457,Dillon Marrisett,Dillon Marrisett,sa3065089,,,dillonmarrisett
13458,Ty Martinez,Ty Martinez,sa3065090,,,tymartinez
13459,Drew McDowell,Drew McDowell,sa3065091,,,drewmcdowell
13460,Joe McGee,Joe McGee,sa3065092,,,joemcgee
13461,Jaden McNeely,Jaden McNeely,sa3065094,,,jadenmcneely
13462,Eliot Medlock,Eliot Medlock,sa3065096,,,eliotmedlock
13463,Kadin Miller,Kadin Miller,sa3065097,,,kadinmiller
13464,Logan Morris,Logan Morris,sa3065098,,,loganmorris
13465,Dayton Murphy,Dayton Murphy,sa3065099,,,daytonmurphy
13466,Jack Myers,Jack Myers,sa3065100,,,jackmyers
13467,Ethan Nardacci,Ethan Nardacci,sa3065101,,,ethannardacci
13468,Dax Newman,Dax Newman,sa3065102,,,daxnewman
13469,Aiden OConnell,Aiden OConnell,sa3065103,,,aidenoconnell
13470,Jack Opoien,Jack Opoien,sa3065104,,,jackopoien
13471,Danny Orr,Danny Orr,sa3065105,,,dannyorr
13472,Luke Parmentier,Luke Parmentier,sa3065106,,,lukeparmentier
13473,Brady Patterson,Brady Patterson,sa3065107,,,bradypatterson
13474,Garrett Patterson,Garrett Patterson,sa3065108,,,garrettpatterson
13475,Harry Pelzman,Harry Pelzman,sa3065109,,,harrypelzman
13476,Mason Pennington,Mason Pennington,sa3065110,,,masonpennington
13477,Cade Perkins,Cade Perkins,sa3065111,,,cadeperkins
13478,Carson Phillips,Carson Phillips,sa3065112,,,carsonphillips
13479,Chandler Powell,Chandler Powell,sa3065113,,,chandlerpowell
13480,Alejandro Puig,Alejandro Puig,sa3065114,,,alejandropuig
13481,Ben Rabatin,Ben Rabatin,sa3065115,,,benrabatin
13482,Kaysen Rainieri,Kaysen Rainieri,sa3065116,,,kaysenrainieri
13483,Axel Riess,Axel Riess,sa3065118,,,axelriess
13484,Zachary Robinson,Zachary Robinson,sa3065119,,,zacharyrobinson
13485,Edgar Rodriguez,Edgar Rodriguez,sa3065121,,,edgarrodriguez
13486,Barrett Ronson,Barrett Ronson,sa3065122,,,barrettronson
13487,Alex Rosario,Alex Rosario,sa3065123,,,alexrosario
13488,Coleman Ryan,Coleman Ryan,sa3065124,,,colemanryan
13489,Lukas Sarantos,Lukas Sarantos,sa3065125,,,lukassarantos
13490,Alejandro Sardinas,Alejandro Sardinas,sa3065126,,,alejandrosardinas
13491,Greg Schmidt,Greg Schmidt,sa3065127,,,gregschmidt
13492,Cade Schneider,Cade Schneider,sa3065128,,,cadeschneider
13493,Mitchell Schroeder,Mitchell Schroeder,sa3065129,,,mitchellschroeder
13494,Eli Selga,Eli Selga,sa3065130,,,eliselga
13495,Walker Shaw,Walker Shaw,sa3065131,,,walkershaw
13496,Nick Shenefelt,Nick Shenefelt,sa3065132,,,nickshenefelt
13497,Zach Silfies,Zach Silfies,sa3065133,,,zachsilfies
13498,Michael Simone,Michael Simone,sa3065134,,,michaelsimone
13499,Dylan Skidmore,Dylan Skidmore,sa3065135,,,dylanskidmore
13500,Makoa Sniffen,Makoa Sniffen,sa3065139,,,makoasniffen
13501,Alex Sotiropoulos,Alex Sotiropoulos,sa3065140,,,alexsotiropoulos
13502,Justin Spiegel,Justin Spiegel,sa3065141,,,justinspiegel
13503,Charlie Stogner,Charlie Stogner,sa3065142,,,charliestogner
13504,Kenneth Sugi,Kenneth Sugi,sa3065143,,,kennethsugi
13505,Patrick Sullivan,Patrick Sullivan,sa3065144,,,patricksullivan
13506,Joshua Surigao,Joshua Surigao,sa3065145,,,joshuasurigao
13507,Ethan Surowiec,Ethan Surowiec,sa3065146,,,ethansurowiec
13508,Nate Taylor,Nate Taylor,sa3065147,,,natetaylor
13509,Daniel Thomas,Daniel Thomas,sa3065148,,,danielthomas
13510,Quincy Thornton,Quincy Thornton,sa3065149,,,quincythornton
13511,Anthony Tirado,Anthony Tirado,sa3065150,,,anthonytirado
13512,Bryson Trammell,Bryson Trammell,sa3065151,,,brysontrammell
13513,Joe Trivisonno,Joe Trivisonno,sa3065152,,,joetrivisonno
13514,Jimmy Urban,Jimmy Urban,sa3065153,,,jimmyurban
13515,Jack Vanoncini,Jack Vanoncini,sa3065154,,,jackvanoncini
13516,Jorgie Vazquez,Jorgie Vazquez,sa3065155,,,jorgievazquez
13517,Ranciel Ventura,Ranciel Ventura,sa3065156,,,rancielventura
13518,Herick Vital,Herick Vital,sa3065157,,,herickvital
13519,Michael Vitellaro,Michael Vitellaro,sa3065158,,,michaelvitellaro
13520,Aidan Von Zuben,Aidan Von Zuben,sa3065159,,,aidanvonzuben
13521,Jack Waddingham,Jack Waddingham,sa3065160,,,jackwaddingham
13522,Ed Wagner,Ed Wagner,sa3065161,,,edwagner
13523,Jayden Walker,Jayden Walker,sa3065162,,,jaydenwalker
13524,Grant Werdesheim,Grant Werdesheim,sa3065163,,,grantwerdesheim
13525,Nicholas Werk,Nicholas Werk,sa3065164,,,nicholaswerk
13526,Liam Wilson,Liam Wilson,sa3065165,,,liamwilson
13527,Zachary Zimmerman,Zachary Zimmerman,sa3065166,,,zacharyzimmerman
13528,Coleson Abel,Coleson Abel,sa3065241,,,colesonabel
13529,Chris Accardo,Chris Accardo,sa3065242,,,chrisaccardo
13530,Luca Alagheband,Luca Alagheband,sa3065243,,,lucaalagheband
13531,John Allen,John Allen,sa3065244,,,johnallen
13532,Gus Allred,Gus Allred,sa3065245,,,gusallred
13533,Ray Altmeyer,Ray Altmeyer,sa3065246,,,rayaltmeyer
13534,Antonio Avila,Antonio Avila,sa3065247,,,antonioavila
13535,Jan Avila,Jan Avila,sa3065248,,,janavila
13536,Nick Baffa,Nick Baffa,sa3065249,,,nickbaffa
13537,Caden Baker,Caden Baker,sa3065250,,,cadenbaker
13538,Luke Banister,Luke Banister,sa3065251,,,lukebanister
13539,Nick Barber,Nick Barber,sa3065252,,,nickbarber
13540,Mason Barela,Mason Barela,sa3065253,,,masonbarela
13541,Owen Barger,Owen Barger,sa3065254,,,owenbarger
13542,James Beasley,James Beasley,sa3065255,,,jamesbeasley
13543,Rowen Beattie,Rowen Beattie,sa3065256,,,rowenbeattie
13544,Anthony Belisario,Anthony Belisario,sa3065257,,,anthonybelisario
13545,Andrew Bell,Andrew Bell,sa3065258,,,andrewbell
13546,Leo Berger,Leo Berger,sa3065259,,,leoberger
13547,Gavin Blachowicz,Gavin Blachowicz,sa3065260,,,gavinblachowicz
13548,Braylen Blomquist,Braylen Blomquist,sa3065261,,,braylenblomquist
13549,Payton Boines,Payton Boines,sa3065262,,,paytonboines
13550,Jack Burke,Jack Burke,sa3065263,,,jackburke
13551,Landen Campbell,Landen Campbell,sa3065264,,,landencampbell
13552,Austin Cannon,Austin Cannon,sa3065265,,,austincannon
13553,Chase Cartron,Chase Cartron,sa3065266,,,chasecartron
13554,Johnny Casale,Johnny Casale,sa3065267,,,johnnycasale
13555,Cristofer Cespedes,Cristofer Cespedes,sa3065268,,,cristofercespedes
13556,Tomas Cestero,Tomas Cestero,sa3065269,,,tomascestero
13557,Eric Cha,Eric Cha,sa3065270,,,ericcha
13558,Sam Chapman,Sam Chapman,sa3065271,,,samchapman
13559,Alex Christie,Alex Christie,sa3065272,,,alexchristie
13560,Mason Christopher,Mason Christopher,sa3065273,,,masonchristopher
13561,Victor Christal,Victor Christal,sa3065274,,,victorchristal
13562,TJ Coats,TJ Coats,sa3065275,,,tjcoats
13563,Charlie Collins,Charlie Collins,sa3065276,,,charliecollins
13564,Shane Connell,Shane Connell,sa3065277,,,shaneconnell
13565,Joe Connolly,Joe Connolly,sa3065278,,,joeconnolly
13566,Matthew Corwin,Matthew Corwin,sa3065279,,,matthewcorwin
13567,Owen Crowe,Owen Crowe,sa3065280,,,owencrowe
13568,Nathan Currah,Nathan Currah,sa3065281,,,nathancurrah
13569,Colin Cymbalista,Colin Cymbalista,sa3065282,,,colincymbalista
13570,Luke Davenport,Luke Davenport,sa3065283,,,lukedavenport
13571,Cole Decker,Cole Decker,sa3065284,,,coledecker
13572,Amaury De Jesus,Amaury De Jesus,sa3065285,,,amaurydejesus
13573,Ryan DeMartin,Ryan DeMartin,sa3065286,,,ryandemartin
13574,Alex Deutsch,Alex Deutsch,sa3065287,,,alexdeutsch
13575,Ryan Dieguez,Ryan Dieguez,sa3065288,,,ryandieguez
13576,Jake Dorn,Jake Dorn,sa3065289,,,jakedorn
13577,Julius Ejike-Charles,Julius Ejike-Charles,sa3065290,,,juliusejikecharles
13578,Weston Elkovitch,Weston Elkovitch,sa3065291,,,westonelkovitch
13579,Austin Ellis,Austin Ellis,sa3065292,,,austinellis
13580,Alex Enea,Alex Enea,sa3065293,,,alexenea
13581,Ian Fernandez,Ian Fernandez,sa3065294,,,ianfernandez
13582,Bobby Filler Jr.,Bobby Filler Jr.,sa3065295,,,bobbyfillerjr
13583,Ben Fishel,Ben Fishel,sa3065296,,,benfishel
13584,Jack Fitzgerald,Jack Fitzgerald,sa3065297,,,jackfitzgerald
13585,Chase Fogg,Chase Fogg,sa3065298,,,chasefogg
13586,Bryce Fontenot,Bryce Fontenot,sa3065299,,,brycefontenot
13587,Brady Fox,Brady Fox,sa3065300,,,bradyfox
13588,Dayton Franke,Dayton Franke,sa3065301,,,daytonfranke
13589,Gabe Fraser,Gabe Fraser,sa3065302,,,gabefraser
13590,Carson French,Carson French,sa3065303,,,carsonfrench
13591,Evan Fulhorst,Evan Fulhorst,sa3065304,,,evanfulhorst
13592,Esteban Garcia,Esteban Garcia,sa3065305,,,estebangarcia
13593,Alex Gay,Alex Gay,sa3065306,,,alexgay
13594,Leo Giannoni,Leo Giannoni,sa3065307,,,leogiannoni
13595,Colin Gibson,Colin Gibson,sa3065308,,,colingibson
13596,Gunner Gilmore,Gunner Gilmore,sa3065309,,,gunnergilmore
13597,Josh Glaser,Josh Glaser,sa3065310,,,joshglaser
13598,Ethan Glassman,Ethan Glassman,sa3065311,,,ethanglassman
13599,Joe Gold,Joe Gold,sa3065312,,,joegold
13600,Felix Gonzalez,Felix Gonzalez,sa3065313,,,felixgonzalez
13601,Patrick Graham,Patrick Graham,sa3065314,,,patrickgraham
13602,Logan Grass,Logan Grass,sa3065315,,,logangrass
13603,Kai Hanasaki,Kai Hanasaki,sa3065316,,,kaihanasaki
13604,Braylen Harlamert,Braylen Harlamert,sa3065317,,,braylenharlamert
13605,Trace Harrington,Trace Harrington,sa3065318,,,traceharrington
13606,Vance Haskins,Vance Haskins,sa3065319,,,vancehaskins
13607,John Hegarty,John Hegarty,sa3065320,,,johnhegarty
13608,Jarrett Heilman,Jarrett Heilman,sa3065321,,,jarrettheilman
13609,Rayner Heinrich,Rayner Heinrich,sa3065322,,,raynerheinrich
13610,Brady Heinzmann,Brady Heinzmann,sa3065323,,,bradyheinzmann
13611,Jack Helmholz,Jack Helmholz,sa3065324,,,jackhelmholz
13612,Mark Henderson,Mark Henderson,sa3065325,,,markhenderson
13613,Kyle Hepburn,Kyle Hepburn,sa3065326,,,kylehepburn
13614,Andrew Hill,Andrew Hill,sa3065327,,,andrewhill
13615,Hunter Hoxie,Hunter Hoxie,sa3065328,,,hunterhoxie
13616,Ray Huke,Ray Huke,sa3065329,,,rayhuke
13617,Ethan Ianni,Ethan Ianni,sa3065330,,,ethanianni
13618,Jullian Jarrett,Jullian Jarrett,sa3065332,,,jullianjarrett
13619,Skylar Jones,Skylar Jones,sa3065333,,,skylarjones
13620,Rowan Kelly,Rowan Kelly,sa3065335,,,rowankelly
13621,Jackson Kemmerer,Jackson Kemmerer,sa3065336,,,jacksonkemmerer
13622,Malik Kemp,Malik Kemp,sa3065337,,,malikkemp
13623,Ian Keusch,Ian Keusch,sa3065338,,,iankeusch
13624,Bryant Kimbrell,Bryant Kimbrell,sa3065339,,,bryantkimbrell
13625,Brady Koester,Brady Koester,sa3065340,,,bradykoester
13626,Caleb Koskie,Caleb Koskie,sa3065341,,,calebkoskie
13627,Anthony Krause,Anthony Krause,sa3065342,,,anthonykrause
13628,Peter Krumins,Peter Krumins,sa3065343,,,peterkrumins
13629,Michael Kuska,Michael Kuska,sa3065344,,,michaelkuska
13630,Gunner Lakins,Gunner Lakins,sa3065345,,,gunnerlakins
13631,Isaac Lamson,Isaac Lamson,sa3065346,,,isaaclamson
13632,Luke Landrus,Luke Landrus,sa3065347,,,lukelandrus
13633,Mason Lang,Mason Lang,sa3065348,,,masonlang
13634,KeShawn Lee,KeShawn Lee,sa3065349,,,keshawnlee
13635,Jake Lenahan,Jake Lenahan,sa3065350,,,jakelenahan
13636,Dom Letort,Dom Letort,sa3065351,,,domletort
13637,Eric Lintelman,Eric Lintelman,sa3065352,,,ericlintelman
13638,Blake Lobell,Blake Lobell,sa3065353,,,blakelobell
13639,Bryce Loeger,Bryce Loeger,sa3065354,,,bryceloeger
13640,Harrison Lollin,Harrison Lollin,sa3065355,,,harrisonlollin
13641,Niko Lombardi,Niko Lombardi,sa3065356,,,nikolombardi
13642,Ty Longoria,Ty Longoria,sa3065357,,,tylongoria
13643,Jake Lyall,Jake Lyall,sa3065359,,,jakelyall
13644,Aidan Marino,Aidan Marino,sa3065360,,,aidanmarino
13645,Jaden Mason,Jaden Mason,sa3065361,,,jadenmason
13646,Brayden Mazzacano,Brayden Mazzacano,sa3065362,,,braydenmazzacano
13647,Brandon McClain-Banks,Brandon McClain-Banks,sa3065363,,,brandonmcclainbanks
13648,Ryan McHugh,Ryan McHugh,sa3065364,,,ryanmchugh
13649,Aiden Meyer,Aiden Meyer,sa3065365,,,aidenmeyer
13650,Karl Meyer,Karl Meyer,sa3065366,,,karlmeyer
13651,LA Mighton,LA Mighton,sa3065367,,,lamighton
13652,Dan Mills,Dan Mills,sa3065368,,,danmills
13653,Ryan Mooney,Ryan Mooney,sa3065369,,,ryanmooney
13654,Casen Murphy,Casen Murphy,sa3065370,,,casenmurphy
13655,Carson Mynatt,Carson Mynatt,sa3065371,,,carsonmynatt
13656,Jayson Nash,Jayson Nash,sa3065372,,,jaysonnash
13657,Micah Nicholson,Micah Nicholson,sa3065373,,,micahnicholson
13658,Ben Nugent,Ben Nugent,sa3065374,,,bennugent
13659,Gavin O'Brien,Gavin O'Brien,sa3065375,,,gavinobrien
13660,Jack Ohman,Jack Ohman,sa3065376,,,jackohman
13661,Shuto Okumura,Shuto Okumura,sa3065377,,,shutookumura
13662,Efren Ortega,Efren Ortega,sa3065378,,,efrenortega
13663,Jack Otis,Jack Otis,sa3065379,,,jackotis
13664,Carmen Panaro,Carmen Panaro,sa3065380,,,carmenpanaro
13665,Tyler Patrick,Tyler Patrick,sa3065381,,,tylerpatrick
13666,DJ Peterson,DJ Peterson,sa3065382,,,djpeterson
13667,Kyle Peters,Kyle Peters,sa3065383,,,kylepeters
13668,Julius Pfau,Julius Pfau,sa3065384,,,juliuspfau
13669,Brandon Phillips,Brandon Phillips,sa3065385,,,brandonphillips
13670,Mathew Pigeon,Mathew Pigeon,sa3065386,,,mathewpigeon
13671,Connor Pittman,Connor Pittman,sa3065387,,,connorpittman
13672,Ethan Plesser,Ethan Plesser,sa3065388,,,ethanplesser
13673,Michael Politte,Michael Politte,sa3065389,,,michaelpolitte
13674,Jake Pollaro,Jake Pollaro,sa3065390,,,jakepollaro
13675,Luke Puffinbarger,Luke Puffinbarger,sa3065391,,,lukepuffinbarger
13676,Jackson Rains,Jackson Rains,sa3065392,,,jacksonrains
13677,Diego Reilly-Bell,Diego Reilly-Bell,sa3065393,,,diegoreillybell
13678,Thomas Reinholt,Thomas Reinholt,sa3065394,,,thomasreinholt
13679,Tre Relliford,Tre Relliford,sa3065395,,,trerelliford
13680,Drew Ripepi,Drew Ripepi,sa3065396,,,drewripepi
13681,Johann Rodriguez,Johann Rodriguez,sa3065397,,,johannrodriguez
13682,Lucas Rodriguez,Lucas Rodriguez,sa3065398,,,lucasrodriguez
13683,Beau Root,Beau Root,sa3065399,,,beauroot
13684,Kyle Rossy,Kyle Rossy,sa3065400,,,kylerossy
13685,Trent Rucker,Trent Rucker,sa3065401,,,trentrucker
13686,Anthony Ruiz,Anthony Ruiz,sa3065402,,,anthonyruiz
13687,Mikey Ryan,Mikey Ryan,sa3065403,,,mikeyryan
13688,Jake Sanko,Jake Sanko,sa3065404,,,jakesanko
13689,Gavin Sansone,Gavin Sansone,sa3065405,,,gavinsansone
13690,James Schaffer,James Schaffer,sa3065406,,,jamesschaffer
13691,Ryan Schwartz,Ryan Schwartz,sa3065407,,,ryanschwartz
13692,Nick Semon,Nick Semon,sa3065408,,,nicksemon
13693,Ashton Seymore,Ashton Seymore,sa3065409,,,ashtonseymore
13694,Bradyn Shaw,Bradyn Shaw,sa3065410,,,bradynshaw
13695,Owen Siegert,Owen Siegert,sa3065411,,,owensiegert
13696,Matt Simay,Matt Simay,sa3065412,,,mattsimay
13697,Jason Skeen,Jason Skeen,sa3065413,,,jasonskeen
13698,Owen Slater,Owen Slater,sa3065414,,,owenslater
13699,Alex Slotter,Alex Slotter,sa3065415,,,alexslotter
13700,Jacob Slusarski,Jacob Slusarski,sa3065416,,,jacobslusarski
13701,Jake Smith,Jake Smith,sa3065417,,,jakesmith
13702,Reid Snider,Reid Snider,sa3065418,,,reidsnider
13703,Gavin Soares,Gavin Soares,sa3065419,,,gavinsoares
13704,Dean Spoto,Dean Spoto,sa3065420,,,deanspoto
13705,Kristian Sprawling,Kristian Sprawling,sa3065421,,,kristiansprawling
13706,Kyle Stephens,Kyle Stephens,sa3065422,,,kylestephens
13707,Alex Strickland,Alex Strickland,sa3065423,,,alexstrickland
13708,Carson Swaim,Carson Swaim,sa3065424,,,carsonswaim
13709,Jack Sweeney,Jack Sweeney,sa3065425,,,jacksweeney
13710,Kaiden Takahashi-Trader,Kaiden Takahashi-Trader,sa3065426,,,kaidentakahashitrader
13711,Trey Telfer,Trey Telfer,sa3065427,,,treytelfer
13712,Anthony Temesvary,Anthony Temesvary,sa3065428,,,anthonytemesvary
13713,Grant Teschendorf,Grant Teschendorf,sa3065429,,,grantteschendorf
13714,Aidan Thaxton,Aidan Thaxton,sa3065430,,,aidanthaxton
13715,Brayton Thomas,Brayton Thomas,sa3065431,,,braytonthomas
13716,Mason Tompkins,Mason Tompkins,sa3065433,,,masontompkins
13717,Antonio Torres,Antonio Torres,sa3065434,,,antoniotorres
13718,Cade Townsend,Cade Townsend,sa3065435,,,cadetownsend
13719,Adam Troch,Adam Troch,sa3065436,,,adamtroch
13720,Luke Trout,Luke Trout,sa3065437,,,luketrout
13721,Ty Truett,Ty Truett,sa3065438,,,tytruett
13722,Mikey Urbaniak,Mikey Urbaniak,sa3065439,,,mikeyurbaniak
13723,Christian Velez,Christian Velez,sa3065440,,,christianvelez
13724,Tate Vogler,Tate Vogler,sa3065442,,,tatevogler
13725,Riley Weatherwax,Riley Weatherwax,sa3065443,,,rileyweatherwax
13726,Mateo Wells,Mateo Wells,sa3065444,,,mateowells
13727,Trey Wells,Trey Wells,sa3065445,,,treywells
13728,Cooper Wesslund,Cooper Wesslund,sa3065446,,,cooperwesslund
13729,Davin Whitaker,Davin Whitaker,sa3065447,,,davinwhitaker
13730,Owen Wilson,Owen Wilson,sa3065448,,,owenwilson
13731,Devin Wolff,Devin Wolff,sa3065449,,,devinwolff
13732,Tyler Wright,Tyler Wright,sa3065450,,,tylerwright
13733,Brendan Yagesh,Brendan Yagesh,sa3065451,,,brendanyagesh
13734,Logan Yi,Logan Yi,sa3065452,,,loganyi
13735,Dave Yorke,Dave Yorke,sa3065453,,,daveyorke
13736,Beckett Zavorek,Beckett Zavorek,sa3065454,,,beckettzavorek
13737,Joseph Zorc,Joseph Zorc,sa3065455,,,josephzorc
13738,Nile Adcock,Nile Adcock,sa3065497,,,nileadcock
13739,Chandler Anderson,Chandler Anderson,sa3065498,,,chandleranderson
13740,Ryan Bailey,Ryan Bailey,sa3065499,,,ryanbailey
13741,Jaden Barfield,Jaden Barfield,sa3065500,,,jadenbarfield
13742,Carter Barth,Carter Barth,sa3065501,,,carterbarth
13743,Daniel Bass,Daniel Bass,sa3065502,,,danielbass
13744,Kyle Batt,Kyle Batt,sa3065503,,,kylebatt
13745,Gabe Beschloss,Gabe Beschloss,sa3065504,,,gabebeschloss
13746,Nick Biddle,Nick Biddle,sa3065505,,,nickbiddle
13747,Hudson Brown,Hudson Brown,sa3065506,,,hudsonbrown
13748,Matthew Brown,Matthew Brown,sa3065507,,,matthewbrown
13749,Thomas Burke,Thomas Burke,sa3065508,,,thomasburke
13750,Trey Callaway,Trey Callaway,sa3065509,,,treycallaway
13751,Carlos Carmona,Carlos Carmona,sa3065510,,,carloscarmona
13752,John Carroll,John Carroll,sa3065511,,,johncarroll
13753,Brendon Carter,Brendon Carter,sa3065512,,,brendoncarter
13754,Liam Chamberlain,Liam Chamberlain,sa3065513,,,liamchamberlain
13755,Gunner Collins,Gunner Collins,sa3065514,,,gunnercollins
13756,Alex Conover,Alex Conover,sa3065515,,,alexconover
13757,Carson Cormier,Carson Cormier,sa3065516,,,carsoncormier
13758,Kelly Crumpton,Kelly Crumpton,sa3065517,,,kellycrumpton
13759,Kevin Cruz,Kevin Cruz,sa3065518,,,kevincruz
13760,Michael Daniel,Michael Daniel,sa3065519,,,michaeldaniel
13761,Connor Darling,Connor Darling,sa3065520,,,connordarling
13762,Ashton Davis,Ashton Davis,sa3065521,,,ashtondavis
13763,Jaden Davis,Jaden Davis,sa3065523,,,jadendavis
13764,Henry DiGiorgio,Henry DiGiorgio,sa3065524,,,henrydigiorgio
13765,Ryan Dillon,Ryan Dillon,sa3065525,,,ryandillon
13766,Sergio Droz,Sergio Droz,sa3065526,,,sergiodroz
13767,Taylor Echols,Taylor Echols,sa3065528,,,taylorechols
13768,Nick Espinola,Nick Espinola,sa3065529,,,nickespinola
13769,Cason Eubanks,Cason Eubanks,sa3065530,,,casoneubanks
13770,Boden Fernsler,Boden Fernsler,sa3065531,,,bodenfernsler
13771,Aiden Fishnick,Aiden Fishnick,sa3065532,,,aidenfishnick
13772,Luke Fithian,Luke Fithian,sa3065533,,,lukefithian
13773,Carson Foster,Carson Foster,sa3065534,,,carsonfoster
13774,Cole Freeman,Cole Freeman,sa3065535,,,colefreeman
13775,Mark Gajowski,Mark Gajowski,sa3065536,,,markgajowski
13776,Cameron Guise,Cameron Guise,sa3065538,,,cameronguise
13777,Caleb Hadley,Caleb Hadley,sa3065539,,,calebhadley
13778,Blake Hager,Blake Hager,sa3065540,,,blakehager
13779,Sebastian Haggard,Sebastian Haggard,sa3065541,,,sebastianhaggard
13780,Rowan Haynes,Rowan Haynes,sa3065542,,,rowanhaynes
13781,Reid Howard,Reid Howard,sa3065543,,,reidhoward
13782,Dylan Howell,Dylan Howell,sa3065544,,,dylanhowell
13783,Alex Hwang,Alex Hwang,sa3065545,,,alexhwang
13784,Brayden Hy,Brayden Hy,sa3065546,,,braydenhy
13785,David Jeon,David Jeon,sa3065547,,,davidjeon
13786,Ryan Jones,Ryan Jones,sa3065549,,,ryanjones
13787,Grayson King,Grayson King,sa3065550,,,graysonking
13788,Liam Kinneen,Liam Kinneen,sa3065551,,,liamkinneen
13789,Kyle Klaric-Schell,Kyle Klaric-Schell,sa3065552,,,kyleklaricschell
13790,Dylan Krause,Dylan Krause,sa3065553,,,dylankrause
13791,Nolan Kutney,Nolan Kutney,sa3065554,,,nolankutney
13792,Jake Lankie,Jake Lankie,sa3065555,,,jakelankie
13793,Brady Lesiak,Brady Lesiak,sa3065556,,,bradylesiak
13794,Jordy Lopez,Jordy Lopez,sa3065557,,,jordylopez
13795,Jonny Lowe,Jonny Lowe,sa3065558,,,jonnylowe
13796,Asher Lucas,Asher Lucas,sa3065559,,,asherlucas
13797,Prince Mairena,Prince Mairena,sa3065560,,,princemairena
13798,Aden Malpass,Aden Malpass,sa3065561,,,adenmalpass
13799,Wade Mann,Wade Mann,sa3065562,,,wademann
13800,Geoff Marlow,Geoff Marlow,sa3065563,,,geoffmarlow
13801,Drew McConnell,Drew McConnell,sa3065564,,,drewmcconnell
13802,Kaden McCoy,Kaden McCoy,sa3065565,,,kadenmccoy
13803,Jake Mcghee,Jake Mcghee,sa3065566,,,jakemcghee
13804,Liam McIlroy,Liam McIlroy,sa3065567,,,liammcilroy
13805,John McKillop,John McKillop,sa3065568,,,johnmckillop
13806,Solomon McKinney,Solomon McKinney,sa3065569,,,solomonmckinney
13807,Michael Meckna,Michael Meckna,sa3065570,,,michaelmeckna
13808,Drew Medley,Drew Medley,sa3065571,,,drewmedley
13809,Christian Mello,Christian Mello,sa3065572,,,christianmello
13810,Hayes Melville,Hayes Melville,sa3065573,,,hayesmelville
13811,Adam Merritt,Adam Merritt,sa3065574,,,adammerritt
13812,Connor Mohan,Connor Mohan,sa3065576,,,connormohan
13813,Nathan Monceaux,Nathan Monceaux,sa3065577,,,nathanmonceaux
13814,JJ Moran,JJ Moran,sa3065578,,,jjmoran
13815,Mathew Murtagh,Mathew Murtagh,sa3065579,,,mathewmurtagh
13816,Zach Neville,Zach Neville,sa3065580,,,zachneville
13817,Trey Newmann,Trey Newmann,sa3065581,,,treynewmann
13818,Kenny Noe,Kenny Noe,sa3065582,,,kennynoe
13819,Easton ONeal,Easton ONeal,sa3065583,,,eastononeal
13820,Danny Onorato,Danny Onorato,sa3065584,,,dannyonorato
13821,Josh Outlaw,Josh Outlaw,sa3065585,,,joshoutlaw
13822,Aydin Palmer,Aydin Palmer,sa3065586,,,aydinpalmer
13823,Frank Papeo,Frank Papeo,sa3065587,,,frankpapeo
13824,Cooper Parks,Cooper Parks,sa3065588,,,cooperparks
13825,Connor Pawlowski,Connor Pawlowski,sa3065589,,,connorpawlowski
13826,Sebastian Paz,Sebastian Paz,sa3065590,,,sebastianpaz
13827,Austyn Peak,Austyn Peak,sa3065591,,,austynpeak
13828,Tyler Phenow,Tyler Phenow,sa3065592,,,tylerphenow
13829,Drew Phillips,Drew Phillips,sa3065593,,,drewphillips
13830,Caleb Pica,Caleb Pica,sa3065594,,,calebpica
13831,Tristan Potts,Tristan Potts,sa3065595,,,tristanpotts
13832,Jaxon Pridgen,Jaxon Pridgen,sa3065596,,,jaxonpridgen
13833,Kinnick Pusteoska,Kinnick Pusteoska,sa3065597,,,kinnickpusteoska
13834,Jack Quigley,Jack Quigley,sa3065598,,,jackquigley
13835,Carson Raether,Carson Raether,sa3065599,,,carsonraether
13836,Luke Ridley,Luke Ridley,sa3065600,,,lukeridley
13837,James Rivera,James Rivera,sa3065601,,,jamesrivera
13838,Clay Robbins,Clay Robbins,sa3065602,,,clayrobbins
13839,Jack Ruditzky,Jack Ruditzky,sa3065603,,,jackruditzky
13840,Brennan Rumpf,Brennan Rumpf,sa3065604,,,brennanrumpf
13841,Jakob Russell,Jakob Russell,sa3065605,,,jakobrussell
13842,John Ryder,John Ryder,sa3065606,,,johnryder
13843,Jack Saker,Jack Saker,sa3065607,,,jacksaker
13844,Carver Salazar,Carver Salazar,sa3065608,,,carversalazar
13845,Jay Slater,Jay Slater,sa3065609,,,jayslater
13846,Will Slater,Will Slater,sa3065610,,,willslater
13847,Drew Sliwkowski,Drew Sliwkowski,sa3065611,,,drewsliwkowski
13848,Major Spence,Major Spence,sa3065612,,,majorspence
13849,Eric Sun,Eric Sun,sa3065613,,,ericsun
13850,Garrett Thiele,Garrett Thiele,sa3065614,,,garrettthiele
13851,Brady Thompson,Brady Thompson,sa3065615,,,bradythompson
13852,Ty Tomlinson,Ty Tomlinson,sa3065616,,,tytomlinson
13853,Bodie Vail,Bodie Vail,sa3065617,,,bodievail
13854,Colton Vercoe,Colton Vercoe,sa3065618,,,coltonvercoe
13855,George Viebrock,George Viebrock,sa3065619,,,georgeviebrock
13856,Jake Vitale,Jake Vitale,sa3065620,,,jakevitale
13857,Josh Wakefield,Josh Wakefield,sa3065621,811718,,joshwakefield
13858,Liam Watt,Liam Watt,sa3065622,,,liamwatt
13859,George Welch,George Welch,sa3065623,,,georgewelch
13860,Connor Wilson,Connor Wilson,sa3065624,,,connorwilson
13861,Ben Winslow,Ben Winslow,sa3065625,,,benwinslow
13862,Will Woodward,Will Woodward,sa3065626,,,willwoodward
13863,Hazen Wright,Hazen Wright,sa3065627,,,hazenwright
13864,Bryan Yang,Bryan Yang,sa3065628,,,bryanyang
13865,Bryant Yoak,Bryant Yoak,sa3065629,,,bryantyoak
13866,John Youens,John Youens,sa3065630,,,johnyouens
13867,Kaden Youmans,Kaden Youmans,sa3065631,,,kadenyoumans
13868,Nick Alonso,Nick Alonso,sa3065752,,,nickalonso
13869,Daniel Duley,Daniel Duley,sa3065753,,,danielduley
13870,Nick Fazio,Nick Fazio,sa3065754,,,nickfazio
13871,David Hagen,David Hagen,sa3065755,,,davidhagen
13872,Dylan Jackson,Dylan Jackson,sa3065756,,,dylanjackson
13873,Mac Kimel,Mac Kimel,sa3065757,,,mackimel
13874,Thorpe Musci,Thorpe Musci,sa3065758,,,thorpemusci
13875,Drew Norris,Drew Norris,sa3065759,,,drewnorris
13876,Zech Samayoa,Zech Samayoa,sa3065760,,,zechsamayoa
13877,Gabe Schneider,Gabe Schneider,sa3065761,,,gabeschneider
13878,MJ Seo,MJ Seo,sa3065762,,,mjseo
13879,Micah Summar,Micah Summar,sa3065763,,,micahsummar
13880,Roger Vergara,Roger Vergara,sa3065764,,,rogervergara
13881,Luke Wright,Luke Wright,sa3065765,,,lukewright
13882,Jack Hostetler,Jack Hostetler,sa3065768,,,jackhostetler
13883,Jaisen Abner,Jaisen Abner,sa3065770,,,jaisenabner
13884,Brendan Asher,Brendan Asher,sa3065771,,,brendanasher
13885,Nolan Barry,Nolan Barry,sa3065772,,,nolanbarry
13886,Zach Bates,Zach Bates,sa3065773,,,zachbates
13887,Brendon Bennett,Brendon Bennett,sa3065774,,,brendonbennett
13888,Mason Beno,Mason Beno,sa3065775,,,masonbeno
13889,Nico Bermeo,Nico Bermeo,sa3065776,,,nicobermeo
13890,John Beverley,John Beverley,sa3065777,,,johnbeverley
13891,Xavier Bradley,Xavier Bradley,sa3065778,,,xavierbradley
13892,Dominic Brassesco,Dominic Brassesco,sa3065779,,,dominicbrassesco
13893,Cade Brown,Cade Brown,sa3065780,,,cadebrown
13894,Gregory Caban,Gregory Caban,sa3065781,,,gregorycaban
13895,Anthony Clavet,Anthony Clavet,sa3065782,,,anthonyclavet
13896,Bryce Clavon,Bryce Clavon,sa3065783,,,bryceclavon
13897,Diego Corrales,Diego Corrales,sa3065784,,,diegocorrales
13898,Chance Cox,Chance Cox,sa3065785,,,chancecox
13899,Easton Dean,Easton Dean,sa3065786,,,eastondean
13900,Luke Dickerson,Luke Dickerson,sa3065787,,,lukedickerson
13901,Antonio Doganiero,Antonio Doganiero,sa3065788,,,antoniodoganiero
13902,Payton Doyle,Payton Doyle,sa3065789,,,paytondoyle
13903,Steele Eaves,Steele Eaves,sa3065790,,,steeleeaves
13904,Grady Faris,Grady Faris,sa3065791,,,gradyfaris
13905,Jason Flores,Jason Flores,sa3065792,,,jasonflores
13906,Jared Galang,Jared Galang,sa3065793,,,jaredgalang
13907,Everett Garber,Everett Garber,sa3065794,,,everettgarber
13908,Andrew Garnett,Andrew Garnett,sa3065795,,,andrewgarnett
13909,Matt Goldenbaum,Matt Goldenbaum,sa3065796,,,mattgoldenbaum
13910,Schley Gordy,Schley Gordy,sa3065797,,,schleygordy
13911,Brennen Grams,Brennen Grams,sa3065798,,,brennengrams
13912,Cade Greer,Cade Greer,sa3065799,,,cadegreer
13913,Kingsley Guthrie,Kingsley Guthrie,sa3065800,,,kingsleyguthrie
13914,RJ Hamilton,RJ Hamilton,sa3065801,,,rjhamilton
13915,Caleb Hammond,Caleb Hammond,sa3065802,,,calebhammond
13916,Kevin Hammond,Kevin Hammond,sa3065803,,,kevinhammond
13917,Nate Harris,Nate Harris,sa3065804,,,nateharris
13918,Jared Herzog,Jared Herzog,sa3065805,,,jaredherzog
13919,Michael Heyman,Michael Heyman,sa3065806,,,michaelheyman
13920,Holden Hirschkorn,Holden Hirschkorn,sa3065807,,,holdenhirschkorn
13921,Tristan Hunter,Tristan Hunter,sa3065808,,,tristanhunter
13922,Brady Hutchins,Brady Hutchins,sa3065809,,,bradyhutchins
13923,Justin Iglesias,Justin Iglesias,sa3065810,,,justiniglesias
13924,Matt Irvine,Matt Irvine,sa3065811,,,mattirvine
13925,Daniel Jackson,Daniel Jackson,sa3065812,,,danieljackson
13926,Solomon James,Solomon James,sa3065813,,,solomonjames
13927,Gabe Jones,Gabe Jones,sa3065814,,,gabejones
13928,Aidan Karns,Aidan Karns,sa3065815,,,aidankarns
13929,Kieran Kehoe,Kieran Kehoe,sa3065816,,,kierankehoe
13930,Jack Kirchner,Jack Kirchner,sa3065817,,,jackkirchner
13931,Tegan Kuhns,Tegan Kuhns,sa3065818,,,tegankuhns
13932,Austin Laughlin,Austin Laughlin,sa3065819,,,austinlaughlin
13933,Brayden Lawrence,Brayden Lawrence,sa3065820,,,braydenlawrence
13934,Johnnie Lopez,Johnnie Lopez,sa3065821,,,johnnielopez
13935,Jarrett Maresco,Jarrett Maresco,sa3065822,,,jarrettmaresco
13936,Reece Marley,Reece Marley,sa3065823,,,reecemarley
13937,Landon Martin,Landon Martin,sa3065824,,,landonmartin
13938,Caden McCoy,Caden McCoy,sa3065825,,,cadenmccoy
13939,Noah McMahon,Noah McMahon,sa3065826,,,noahmcmahon
13940,Dominic Monaco,Dominic Monaco,sa3065827,,,dominicmonaco
13941,Wyatt Mummert,Wyatt Mummert,sa3065828,,,wyattmummert
13942,Frankie Nardo,Frankie Nardo,sa3065829,,,frankienardo
13943,Reese Oakley,Reese Oakley,sa3065830,,,reeseoakley
13944,Hayden ODell,Hayden ODell,sa3065831,,,haydenodell
13945,Aden ODonnell,Aden ODonnell,sa3065832,,,adenodonnell
13946,Raymond Olivas,Raymond Olivas,sa3065833,,,raymondolivas
13947,Xavier Oneal,Xavier Oneal,sa3065834,,,xavieroneal
13948,Jacob Pannell,Jacob Pannell,sa3065835,,,jacobpannell
13949,Erik Parker,Erik Parker,sa3065836,,,erikparker
13950,Nolan Peel,Nolan Peel,sa3065837,,,nolanpeel
13951,Taylor Penn,Taylor Penn,sa3065838,,,taylorpenn
13952,Gavin Perry,Gavin Perry,sa3065839,,,gavinperry
13953,Emmitt Phinney,Emmitt Phinney,sa3065840,,,emmittphinney
13954,Grant Richars,Grant Richars,sa3065841,,,grantrichars
13955,Aris Rivera,Aris Rivera,sa3065842,,,arisrivera
13956,Xavier Rivera,Xavier Rivera,sa3065843,,,xavierrivera
13957,Riley Roarty,Riley Roarty,sa3065844,,,rileyroarty
13958,Jamie Robertson,Jamie Robertson,sa3065845,,,jamierobertson
13959,Andrew Rondini,Andrew Rondini,sa3065846,,,andrewrondini
13960,JT Schnoor,JT Schnoor,sa3065847,,,jtschnoor
13961,Esteban Sepulveda,Esteban Sepulveda,sa3065848,,,estebansepulveda
13962,Aiden Sims,Aiden Sims,sa3065849,,,aidensims
13963,Tommy Skelding,Tommy Skelding,sa3065850,,,tommyskelding
13964,Charlie Smith,Charlie Smith,sa3065851,,,charliesmith
13965,Eli Stephens,Eli Stephens,sa3065852,,,elistephens
13966,Tyler Timmerman,Tyler Timmerman,sa3065853,,,tylertimmerman
13967,Carson Timmons,Carson Timmons,sa3065854,,,carsontimmons
13968,Adonys Velez,Adonys Velez,sa3065855,,,adonysvelez
13969,Max Whitesell,Max Whitesell,sa3065856,,,maxwhitesell
13970,Jack Wills,Jack Wills,sa3065857,,,jackwills
13971,Max Winders,Max Winders,sa3065858,,,maxwinders
13972,Jake Yeager,Jake Yeager,sa3065859,,,jakeyeager
13973,Lucas Alaniz,Lucas Alaniz,sa3065897,,,lucasalaniz
13974,Kobe Allen,Kobe Allen,sa3065898,,,kobeallen
13975,Joseph Barbarino,Joseph Barbarino,sa3065900,,,josephbarbarino
13976,Caleb Beals,Caleb Beals,sa3065901,,,calebbeals
13977,Kyle Beaty,Kyle Beaty,sa3065902,,,kylebeaty
13978,McCall Biemiller,McCall Biemiller,sa3065903,,,mccallbiemiller
13979,Brady Blum,Brady Blum,sa3065904,,,bradyblum
13980,Grant Borden,Grant Borden,sa3065905,,,grantborden
13981,Jordan Bright,Jordan Bright,sa3065906,,,jordanbright
13982,Brady Brown,Brady Brown,sa3065907,,,bradybrown
13983,Seth Christmas,Seth Christmas,sa3065909,,,sethchristmas
13984,Cooper Collins,Cooper Collins,sa3065910,,,coopercollins
13985,Brody Connors,Brody Connors,sa3065911,,,brodyconnors
13986,Marco Davila,Marco Davila,sa3065912,,,marcodavila
13987,Camden Diamond,Camden Diamond,sa3065914,,,camdendiamond
13988,Michael Dudolski,Michael Dudolski,sa3065915,,,michaeldudolski
13989,Lane Duff,Lane Duff,sa3065916,,,laneduff
13990,Gunnar Duncan,Gunnar Duncan,sa3065917,,,gunnarduncan
13991,Ethan Eberle,Ethan Eberle,sa3065918,,,ethaneberle
13992,Wes Estes,Wes Estes,sa3065919,,,wesestes
13993,David Falloon,David Falloon,sa3065920,,,davidfalloon
13994,Austin Fisher,Austin Fisher,sa3065921,,,austinfisher
13995,Thomas Fowler,Thomas Fowler,sa3065922,,,thomasfowler
13996,Caleb Gallant,Caleb Gallant,sa3065923,,,calebgallant
13997,JJ Glasscock,JJ Glasscock,sa3065924,,,jjglasscock
13998,Gage Griggs,Gage Griggs,sa3065925,,,gagegriggs
13999,Logan Grubb,Logan Grubb,sa3065926,,,logangrubb
14000,Perry Hargett,Perry Hargett,sa3065927,,,perryhargett
14001,Leighton Harris,Leighton Harris,sa3065928,,,leightonharris
14002,JJ Hollis,JJ Hollis,sa3065929,,,jjhollis
14003,Ty Holman,Ty Holman,sa3065930,,,tyholman
14004,Eli Hoyt,Eli Hoyt,sa3065931,,,elihoyt
14005,Benjamin Hudson,Benjamin Hudson,sa3065932,,,benjaminhudson
14006,Niko Janssens,Niko Janssens,sa3065933,,,nikojanssens
14007,Parker Jones,Parker Jones,sa3065934,,,parkerjones
14008,Keaton Kangas,Keaton Kangas,sa3065935,,,keatonkangas
14009,Jackson Kossow,Jackson Kossow,sa3065936,,,jacksonkossow
14010,Magnus Krieger,Magnus Krieger,sa3065937,,,magnuskrieger
14011,Andrew Lenski,Andrew Lenski,sa3065938,,,andrewlenski
14012,Isaac Lucas,Isaac Lucas,sa3065939,,,isaaclucas
14013,Will McCullough,Will McCullough,sa3065940,,,willmccullough
14014,Adam McKelvey,Adam McKelvey,sa3065941,,,adammckelvey
14015,Mattox Meeks,Mattox Meeks,sa3065942,,,mattoxmeeks
14016,KJ Moon,KJ Moon,sa3065943,,,kjmoon
14017,Ian Moore,Ian Moore,sa3065944,,,ianmoore
14018,Aiden Murphy,Aiden Murphy,sa3065945,,,aidenmurphy
14019,Zach Murphy,Zach Murphy,sa3065946,,,zachmurphy
14020,Cade Norton,Cade Norton,sa3065947,,,cadenorton
14021,Evimael Quiles,Evimael Quiles,sa3065948,,,evimaelquiles
14022,Nigel Robinson,Nigel Robinson,sa3065949,,,nigelrobinson
14023,Jonathan Rodriguez,Jonathan Rodriguez,sa3065950,,,jonathanrodriguez
14024,Lukasz Rondeau,Lukasz Rondeau,sa3065951,,,lukaszrondeau
14025,Cade Sadler,Cade Sadler,sa3065952,,,cadesadler
14026,Beau Sampson,Beau Sampson,sa3065953,,,beausampson
14027,Connor Shouse,Connor Shouse,sa3065954,,,connorshouse
14028,Zaelyn Smith,Zaelyn Smith,sa3065955,,,zaelynsmith
14029,Zak Spurrier,Zak Spurrier,sa3065956,,,zakspurrier
14030,Alex Stanyek,Alex Stanyek,sa3065957,,,alexstanyek
14031,Ford Thompson,Ford Thompson,sa3065958,,,fordthompson
14032,Jackson Thorne,Jackson Thorne,sa3065959,,,jacksonthorne
14033,Maverick Torres,Maverick Torres,sa3065960,,,mavericktorres
14034,Landon Victorian,Landon Victorian,sa3065961,,,landonvictorian
14035,James Vlastaris,James Vlastaris,sa3065962,,,jamesvlastaris
14036,Simon Yochum,Simon Yochum,sa3065963,,,simonyochum
14037,Cobb Hightower,Cobb Hightower,sa3066025,,,cobbhightower
14038,Jaron Bleeker,Jaron Bleeker,sa3066027,,,jaronbleeker
14039,Derek Cerda,Derek Cerda,sa3066029,832213,,derekcerda
14040,Tyler Guerin,Tyler Guerin,sa3066030,,,tylerguerin
14041,Karsten Sweum,Karsten Sweum,sa3066031,,,karstensweum
14042,Andrew Basel,Andrew Basel,sa3066035,,,andrewbasel
14043,Drew Bellis,Drew Bellis,sa3066036,,,drewbellis
14044,Christian Bermudez,Christian Bermudez,sa3066037,,,christianbermudez
14045,Josh Berzonski,Josh Berzonski,sa3066038,,,joshberzonski
14046,Owen Birchard,Owen Birchard,sa3066039,,,owenbirchard
14047,Sawyer Black,Sawyer Black,sa3066040,,,sawyerblack
14048,Beau Brand,Beau Brand,sa3066041,,,beaubrand
14049,Ethan Buckley,Ethan Buckley,sa3066042,,,ethanbuckley
14050,Angel Cano,Angel Cano,sa3066043,,,angelcano
14051,Damian Castorena,Damian Castorena,sa3066044,,,damiancastorena
14052,Cole Chamberlain,Cole Chamberlain,sa3066045,,,colechamberlain
14053,Joe Chrapliwy,Joe Chrapliwy,sa3066046,,,joechrapliwy
14054,Peter Crespo,Peter Crespo,sa3066047,,,petercrespo
14055,Kody Dalen,Kody Dalen,sa3066048,,,kodydalen
14056,Charlie Dieruf,Charlie Dieruf,sa3066049,,,charliedieruf
14057,Sam Dinitz,Sam Dinitz,sa3066050,,,samdinitz
14058,Drew Downs,Drew Downs,sa3066051,,,drewdowns
14059,Matt Falk,Matt Falk,sa3066052,,,mattfalk
14060,Kade Finazzo,Kade Finazzo,sa3066053,,,kadefinazzo
14061,Maddux Fleck,Maddux Fleck,sa3066054,,,madduxfleck
14062,Rene Galvan,Rene Galvan,sa3066055,,,renegalvan
14063,Javin Gauthier,Javin Gauthier,sa3066056,,,javingauthier
14064,Tucker Genovesi,Tucker Genovesi,sa3066057,,,tuckergenovesi
14065,Ryan Gilbert,Ryan Gilbert,sa3066058,,,ryangilbert
14066,MarkAnthony Glickman,MarkAnthony Glickman,sa3066059,,,markanthonyglickman
14067,Collin Goda,Collin Goda,sa3066060,,,collingoda
14068,Jack Grunkemeyer,Jack Grunkemeyer,sa3066061,,,jackgrunkemeyer
14069,Jackson Haker,Jackson Haker,sa3066062,,,jacksonhaker
14070,Kale Hammer,Kale Hammer,sa3066063,,,kalehammer
14071,Aiden Harris,Aiden Harris,sa3066064,,,aidenharris
14072,Bryan Hatch,Bryan Hatch,sa3066065,,,bryanhatch
14073,Peter Herrick,Peter Herrick,sa3066066,,,peterherrick
14074,Jake Howlett,Jake Howlett,sa3066067,,,jakehowlett
14075,RJ Johnston,RJ Johnston,sa3066068,,,rjjohnston
14076,Evan Kay,Evan Kay,sa3066069,,,evankay
14077,Caden Kickhaefer,Caden Kickhaefer,sa3066070,,,cadenkickhaefer
14078,Austin Killingsworth,Austin Killingsworth,sa3066071,,,austinkillingsworth
14079,Kaden Kimble,Kaden Kimble,sa3066072,,,kadenkimble
14080,Kody King,Kody King,sa3066073,,,kodyking
14081,Aidan Lombardi,Aidan Lombardi,sa3066074,,,aidanlombardi
14082,Parker McCoy,Parker McCoy,sa3066075,,,parkermccoy
14083,Leo Mcenulty,Leo Mcenulty,sa3066076,,,leomcenulty
14084,Mike McGinley,Mike McGinley,sa3066077,,,mikemcginley
14085,Lucas McNellis,Lucas McNellis,sa3066078,,,lucasmcnellis
14086,Sal Mineo,Sal Mineo,sa3066079,,,salmineo
14087,Garrett Moody,Garrett Moody,sa3066080,,,garrettmoody
14088,Brendan Murphy,Brendan Murphy,sa3066081,,,brendanmurphy
14089,Deuce Musial,Deuce Musial,sa3066082,,,deucemusial
14090,Theo Nagy,Theo Nagy,sa3066083,,,theonagy
14091,Niko Olson,Niko Olson,sa3066084,,,nikoolson
14092,Daniel Ortiz,Daniel Ortiz,sa3066085,,,danielortiz
14093,Ty Pangborn,Ty Pangborn,sa3066086,,,typangborn
14094,Chris Petersen,Chris Petersen,sa3066087,,,chrispetersen
14095,James Peterson,James Peterson,sa3066088,,,jamespeterson
14096,Gabe Pitts,Gabe Pitts,sa3066089,,,gabepitts
14097,Connor Scanlan,Connor Scanlan,sa3066091,,,connorscanlan
14098,Anthony Scheppler,Anthony Scheppler,sa3066092,,,anthonyscheppler
14099,Trey Sejnoha,Trey Sejnoha,sa3066093,,,treysejnoha
14100,Maddix Simpson,Maddix Simpson,sa3066094,,,maddixsimpson
14101,Tyler Sirchia,Tyler Sirchia,sa3066095,,,tylersirchia
14102,Nate Snakenborg,Nate Snakenborg,sa3066096,,,natesnakenborg
14103,Cannon Stafford,Cannon Stafford,sa3066097,,,cannonstafford
14104,Kaden Starr,Kaden Starr,sa3066098,,,kadenstarr
14105,Khamaree Thomas,Khamaree Thomas,sa3066099,,,khamareethomas
14106,Brantley Upshaw,Brantley Upshaw,sa3066100,,,brantleyupshaw
14107,Jake Vrlak,Jake Vrlak,sa3066101,,,jakevrlak
14108,Connor Waiting,Connor Waiting,sa3066102,,,connorwaiting
14109,Sawyer Wickstrom,Sawyer Wickstrom,sa3066103,,,sawyerwickstrom
14110,Nick Zampieron,Nick Zampieron,sa3066104,,,nickzampieron
14111,Ben Zink,Ben Zink,sa3066105,,,benzink
14112,Michael Aceto,Michael Aceto,sa3066162,,,michaelaceto
14113,Ethan Adams,Ethan Adams,sa3066163,,,ethanadams
14114,Logan Addison,Logan Addison,sa3066164,,,loganaddison
14115,Noah Albano,Noah Albano,sa3066165,,,noahalbano
14116,Caden Angelo,Caden Angelo,sa3066166,,,cadenangelo
14117,Jonas Aponick,Jonas Aponick,sa3066167,,,jonasaponick
14118,Drew Beard Jr.,Drew Beard Jr.,sa3066168,,,drewbeardjr
14119,Nikhil Beasley,Nikhil Beasley,sa3066169,,,nikhilbeasley
14120,Vincent Borghese,Vincent Borghese,sa3066170,,,vincentborghese
14121,Connor Bradley,Connor Bradley,sa3066171,,,connorbradley
14122,Tanner Bradley,Tanner Bradley,sa3066172,,,tannerbradley
14123,Justin Bremner,Justin Bremner,sa3066173,,,justinbremner
14124,Marshall Brown,Marshall Brown,sa3066174,,,marshallbrown
14125,Jacob Burnham,Jacob Burnham,sa3066175,,,jacobburnham
14126,Louis Bussard,Louis Bussard,sa3066176,,,louisbussard
14127,Brayden Cali,Brayden Cali,sa3066177,,,braydencali
14128,Jimmy Chadwell,Jimmy Chadwell,sa3066178,,,jimmychadwell
14129,Andrew Cheripka,Andrew Cheripka,sa3066179,,,andrewcheripka
14130,Zac Colletti,Zac Colletti,sa3066180,,,zaccolletti
14131,Seth Cooper,Seth Cooper,sa3066181,,,sethcooper
14132,Max DAlessandro,Max DAlessandro,sa3066182,,,maxdalessandro
14133,Gill Dolan,Gill Dolan,sa3066183,,,gilldolan
14134,Trevor Dosenbach,Trevor Dosenbach,sa3066184,,,trevordosenbach
14135,Blake Encarnacion,Blake Encarnacion,sa3066185,,,blakeencarnacion
14136,Sam Erickson,Sam Erickson,sa3066186,,,samerickson
14137,Jorden Espinoza,Jorden Espinoza,sa3066187,,,jordenespinoza
14138,Isaac Evaniew,Isaac Evaniew,sa3066188,,,isaacevaniew
14139,Bradley Ferrell,Bradley Ferrell,sa3066189,,,bradleyferrell
14140,Steven Freer,Steven Freer,sa3066190,,,stevenfreer
14141,Marco Fuentes,Marco Fuentes,sa3066191,,,marcofuentes
14142,Dominic Gabardi,Dominic Gabardi,sa3066192,,,dominicgabardi
14143,Maxwell Gitlin,Maxwell Gitlin,sa3066193,,,maxwellgitlin
14144,Matty Go,Matty Go,sa3066194,,,mattygo
14145,Kade Goeke,Kade Goeke,sa3066195,,,kadegoeke
14146,Virgil Heath,Virgil Heath,sa3066196,,,virgilheath
14147,Reece Hemmerling,Reece Hemmerling,sa3066197,,,reecehemmerling
14148,Hugh Hill,Hugh Hill,sa3066198,,,hughhill
14149,Adam Horvath,Adam Horvath,sa3066199,,,adamhorvath
14150,Chone James,Chone James,sa3066201,,,chonejames
14151,Brady Joyner,Brady Joyner,sa3066203,,,bradyjoyner
14152,Charlie Jury,Charlie Jury,sa3066204,,,charliejury
14153,Zach Justice,Zach Justice,sa3066205,,,zachjustice
14154,Louis Kaleb,Louis Kaleb,sa3066206,,,louiskaleb
14155,Brenden Katz,Brenden Katz,sa3066207,,,brendenkatz
14156,Jackson Kircher,Jackson Kircher,sa3066208,,,jacksonkircher
14157,Erik Kvidahl,Erik Kvidahl,sa3066209,,,erikkvidahl
14158,Colin Larson,Colin Larson,sa3066210,,,colinlarson
14159,Jake LeFrancois,Jake LeFrancois,sa3066211,,,jakelefrancois
14160,Payton Manca,Payton Manca,sa3066212,,,paytonmanca
14161,Anthony Mancini,Anthony Mancini,sa3066213,,,anthonymancini
14162,Sean Martinez,Sean Martinez,sa3066214,,,seanmartinez
14163,Alex Mason,Alex Mason,sa3066215,,,alexmason
14164,Patrick Mazur,Patrick Mazur,sa3066216,,,patrickmazur
14165,Reece McCarthy,Reece McCarthy,sa3066217,,,reecemccarthy
14166,John McDonald,John McDonald,sa3066218,,,johnmcdonald
14167,Lucas Morici,Lucas Morici,sa3066219,,,lucasmorici
14168,Eamonn Mulhern,Eamonn Mulhern,sa3066220,,,eamonnmulhern
14169,Nick Murphy,Nick Murphy,sa3066221,,,nickmurphy
14170,Jarret Nielsen,Jarret Nielsen,sa3066222,,,jarretnielsen
14171,Ehi Okojie,Ehi Okojie,sa3066223,,,ehiokojie
14172,Robert OMalley,Robert OMalley,sa3066224,,,robertomalley
14173,Brock Pare,Brock Pare,sa3066225,,,brockpare
14174,Zach Porter,Zach Porter,sa3066226,,,zachporter
14175,Colin Richter,Colin Richter,sa3066227,,,colinrichter
14176,Jace Roossien,Jace Roossien,sa3066228,,,jaceroossien
14177,Owen Ross,Owen Ross,sa3066229,,,owenross
14178,Drew Rothschild,Drew Rothschild,sa3066230,,,drewrothschild
14179,Kevin Schnupp,Kevin Schnupp,sa3066231,,,kevinschnupp
14180,Jake Schweitzer,Jake Schweitzer,sa3066232,,,jakeschweitzer
14181,Evan Scott,Evan Scott,sa3066233,,,evanscott
14182,Kale Scruggs,Kale Scruggs,sa3066234,,,kalescruggs
14183,Brodie Shaw,Brodie Shaw,sa3066235,,,brodieshaw
14184,Jacob Silva,Jacob Silva,sa3066236,,,jacobsilva
14185,Devlin Smalanskas,Devlin Smalanskas,sa3066237,,,devlinsmalanskas
14186,Brady Small,Brady Small,sa3066238,,,bradysmall
14187,Aidan Sowers,Aidan Sowers,sa3066239,,,aidansowers
14188,Kevin Steelman,Kevin Steelman,sa3066240,,,kevinsteelman
14189,Jaquae Stewart,Jaquae Stewart,sa3066241,,,jaquaestewart
14190,Sam Stockman,Sam Stockman,sa3066242,,,samstockman
14191,Owen Tahnk,Owen Tahnk,sa3066243,,,owentahnk
14192,Max Treonze,Max Treonze,sa3066244,,,maxtreonze
14193,Brian Trujillo,Brian Trujillo,sa3066245,,,briantrujillo
14194,Owen Turner,Owen Turner,sa3066246,,,owenturner
14195,Jack Vest,Jack Vest,sa3066248,,,jackvest
14196,Grant Wagner,Grant Wagner,sa3066249,,,grantwagner
14197,Caleb Williams,Caleb Williams,sa3066250,,,calebwilliams
14198,Paul Witkop,Paul Witkop,sa3066251,,,paulwitkop
14199,Jay Wrona,Jay Wrona,sa3066252,,,jaywrona
14200,Owen Arias,Owen Arias,sa3066290,,,owenarias
14201,Jake Arnold,Jake Arnold,sa3066291,,,jakearnold
14202,Taylor Bednar,Taylor Bednar,sa3066292,,,taylorbednar
14203,Carter Bentley,Carter Bentley,sa3066293,,,carterbentley
14204,Vance Bonior,Vance Bonior,sa3066294,,,vancebonior
14205,Nathan Bowes,Nathan Bowes,sa3066295,,,nathanbowes
14206,Vincent Braga,Vincent Braga,sa3066296,,,vincentbraga
14207,Maddux Brooks,Maddux Brooks,sa3066297,,,madduxbrooks
14208,Griffin Brown,Griffin Brown,sa3066298,,,griffinbrown
14209,Caden Cline,Caden Cline,sa3066299,,,cadencline
14210,Blake Conrad,Blake Conrad,sa3066300,,,blakeconrad
14211,Jeremiah Crain,Jeremiah Crain,sa3066301,,,jeremiahcrain
14212,Brandin Crawford,Brandin Crawford,sa3066302,,,brandincrawford
14213,JD Crisp,JD Crisp,sa3066303,,,jdcrisp
14214,Aidan Crochier,Aidan Crochier,sa3066304,,,aidancrochier
14215,Jack Cropper,Jack Cropper,sa3066305,,,jackcropper
14216,Sebastian David,Sebastian David,sa3066306,,,sebastiandavid
14217,Sebastian Davila,Sebastian Davila,sa3066307,,,sebastiandavila
14218,Tony DiChiara,Tony DiChiara,sa3066308,,,tonydichiara
14219,Marco Digirolamo,Marco Digirolamo,sa3066309,,,marcodigirolamo
14220,Alex Dreyfus,Alex Dreyfus,sa3066310,,,alexdreyfus
14221,Alex Espaillat,Alex Espaillat,sa3066311,,,alexespaillat
14222,Caden Fahy,Caden Fahy,sa3066312,,,cadenfahy
14223,Ross Fowler,Ross Fowler,sa3066313,,,rossfowler
14224,Zane Frese,Zane Frese,sa3066314,,,zanefrese
14225,Cole Gebben,Cole Gebben,sa3066315,,,colegebben
14226,Greyson Gegg,Greyson Gegg,sa3066316,,,greysongegg
14227,Cohen Gomez,Cohen Gomez,sa3066317,,,cohengomez
14228,Braylen Gonzalez,Braylen Gonzalez,sa3066318,,,braylengonzalez
14229,Amir Gray,Amir Gray,sa3066319,,,amirgray
14230,Tyson Greenwood,Tyson Greenwood,sa3066320,,,tysongreenwood
14231,Ethan Hamrick,Ethan Hamrick,sa3066321,,,ethanhamrick
14232,Tyler Holmes,Tyler Holmes,sa3066322,,,tylerholmes
14233,Lane Kloha,Lane Kloha,sa3066323,,,lanekloha
14234,Austin Klug,Austin Klug,sa3066324,,,austinklug
14235,Jake Maddox,Jake Maddox,sa3066325,,,jakemaddox
14236,Kevin Mannell,Kevin Mannell,sa3066326,,,kevinmannell
14237,Vincent Mariella,Vincent Mariella,sa3066327,,,vincentmariella
14238,Nathan Marshall,Nathan Marshall,sa3066328,,,nathanmarshall
14239,Cade Martin,Cade Martin,sa3066329,,,cademartin
14240,Matteo Mendoza,Matteo Mendoza,sa3066330,,,matteomendoza
14241,Shane Miller,Shane Miller,sa3066331,,,shanemiller
14242,Gabe Nutter,Gabe Nutter,sa3066332,,,gabenutter
14243,Brandon ONeill,Brandon ONeill,sa3066333,,,brandononeill
14244,Shawn Phillips,Shawn Phillips,sa3066334,,,shawnphillips
14245,Brandon Rice,Brandon Rice,sa3066335,,,brandonrice
14246,Dan Rice,Dan Rice,sa3066336,,,danrice
14247,Xavier Rios,Xavier Rios,sa3066337,,,xavierrios
14248,Mikey Rodriguez,Mikey Rodriguez,sa3066338,,,mikeyrodriguez
14249,Andrew Rogovic,Andrew Rogovic,sa3066339,,,andrewrogovic
14250,Frederick Romano,Frederick Romano,sa3066340,,,frederickromano
14251,Nolan Roycraft,Nolan Roycraft,sa3066341,,,nolanroycraft
14252,Brent Smith,Brent Smith,sa3066342,,,brentsmith
14253,Brian Smith,Brian Smith,sa3066343,,,briansmith
14254,Cale Steinbaugh,Cale Steinbaugh,sa3066345,,,calesteinbaugh
14255,Laken Tignor,Laken Tignor,sa3066346,,,lakentignor
14256,David Vergel de Dios,David Vergel de Dios,sa3066347,,,davidvergeldedios
14257,Logan Voelz,Logan Voelz,sa3066348,,,loganvoelz
14258,Callum Young,Callum Young,sa3066349,,,callumyoung
14259,Ferny Barreda,Ferny Barreda,sa3066353,,,fernybarreda
14260,AJ Kolb,AJ Kolb,sa3066354,,,ajkolb
14261,Henry Ortiz,Henry Ortiz,sa3066355,,,henryortiz
14262,Cal Royer,Cal Royer,sa3066356,,,calroyer
14263,Colton Sneddon,Colton Sneddon,sa3066357,,,coltonsneddon
14264,KC Anchors,KC Anchors,sa3066363,,,kcanchors
14265,Tyler Andrews,Tyler Andrews,sa3066364,,,tylerandrews
14266,Max Arlich,Max Arlich,sa3066365,,,maxarlich
14267,Preston Barr,Preston Barr,sa3066366,,,prestonbarr
14268,Chris Bedford,Chris Bedford,sa3066367,,,chrisbedford
14269,Parker Bleck,Parker Bleck,sa3066368,,,parkerbleck
14270,Logan Brock,Logan Brock,sa3066369,,,loganbrock
14271,Luke Bryant,Luke Bryant,sa3066370,,,lukebryant
14272,Austin Campbell,Austin Campbell,sa3066371,,,austincampbell
14273,Tripp Capers,Tripp Capers,sa3066372,,,trippcapers
14274,Sean Clifford,Sean Clifford,sa3066373,,,seanclifford
14275,Cayden Collins,Cayden Collins,sa3066374,,,caydencollins
14276,Alex Cromwell,Alex Cromwell,sa3066375,,,alexcromwell
14277,Ben Cushnie,Ben Cushnie,sa3066376,,,bencushnie
14278,Brayden Daulton,Brayden Daulton,sa3066377,,,braydendaulton
14279,Jonathan Dobis,Jonathan Dobis,sa3066378,,,jonathandobis
14280,Matthew Dobson,Matthew Dobson,sa3066379,,,matthewdobson
14281,Joey Esposito,Joey Esposito,sa3066380,,,joeyesposito
14282,James Fahan,James Fahan,sa3066381,,,jamesfahan
14283,Sho Garcia,Sho Garcia,sa3066382,,,shogarcia
14284,William Greenway,William Greenway,sa3066383,,,williamgreenway
14285,Brian Harbour,Brian Harbour,sa3066384,,,brianharbour
14286,Rex Henderson,Rex Henderson,sa3066385,,,rexhenderson
14287,Chris Levonas,Chris Levonas,sa3066386,,,chrislevonas
14288,Maximo Martinez,Maximo Martinez,sa3066387,,,maximomartinez
14289,Anthony Mascuilli,Anthony Mascuilli,sa3066388,,,anthonymascuilli
14290,David Mysza,David Mysza,sa3066390,,,davidmysza
14291,Greg Nascimento,Greg Nascimento,sa3066391,,,gregnascimento
14292,Bryce Navarre,Bryce Navarre,sa3066392,,,brycenavarre
14293,James Redick,James Redick,sa3066393,,,jamesredick
14294,Carson Renner,Carson Renner,sa3066394,,,carsonrenner
14295,Lucas Riley,Lucas Riley,sa3066395,,,lucasriley
14296,Julian Robertson,Julian Robertson,sa3066396,,,julianrobertson
14297,Jonathan Rosario,Jonathan Rosario,sa3066397,,,jonathanrosario
14298,Blaine Rowland,Blaine Rowland,sa3066398,,,blainerowland
14299,Will Russotti,Will Russotti,sa3066399,,,willrussotti
14300,Luke Ryerse,Luke Ryerse,sa3066400,,,lukeryerse
14301,Leo Simpson,Leo Simpson,sa3066401,,,leosimpson
14302,Brent Sims,Brent Sims,sa3066402,,,brentsims
14303,CJ Sturiale,CJ Sturiale,sa3066403,,,cjsturiale
14304,Landon Tate,Landon Tate,sa3066404,,,landontate
14305,Ben Thomason,Ben Thomason,sa3066405,,,benthomason
14306,Matt Tsiaras,Matt Tsiaras,sa3066406,,,matttsiaras
14307,Reid Uccello,Reid Uccello,sa3066407,,,reiduccello
14308,Adam Urban,Adam Urban,sa3066408,,,adamurban
14309,Vincent Venverloh,Vincent Venverloh,sa3066409,,,vincentvenverloh
14310,Nate Whysong,Nate Whysong,sa3066410,,,natewhysong
14311,Austin Ackel,Austin Ackel,sa3066426,,,austinackel
14312,Jacob Ambriz,Jacob Ambriz,sa3066427,,,jacobambriz
14313,Woody Brennan,Woody Brennan,sa3066428,,,woodybrennan
14314,Brendan Cowen,Brendan Cowen,sa3066429,,,brendancowen
14315,Cade Drohan,Cade Drohan,sa3066430,,,cadedrohan
14316,Landon Fontenot,Landon Fontenot,sa3066431,,,landonfontenot
14317,Krish Gandhi,Krish Gandhi,sa3066432,,,krishgandhi
14318,Preston Heben,Preston Heben,sa3066433,,,prestonheben
14319,Ethan Henry,Ethan Henry,sa3066434,,,ethanhenry
14320,David Hogg II,David Hogg II,sa3066435,,,davidhoggii
14321,Hazen Lancaster,Hazen Lancaster,sa3066437,,,hazenlancaster
14322,Nate Langbehn,Nate Langbehn,sa3066438,,,natelangbehn
14323,Ty Long,Ty Long,sa3066439,,,tylong
14324,Gavin Lyons,Gavin Lyons,sa3066440,,,gavinlyons
14325,Jack Morrissey,Jack Morrissey,sa3066441,,,jackmorrissey
14326,Trevor Nickerson,Trevor Nickerson,sa3066442,,,trevornickerson
14327,CJ Patterson,CJ Patterson,sa3066443,,,cjpatterson
14328,Mason Poppen,Mason Poppen,sa3066444,,,masonpoppen
14329,Hideki Prather,Hideki Prather,sa3066445,,,hidekiprather
14330,Taylor Rabe,Taylor Rabe,sa3066446,,,taylorrabe
14331,Garrett Shupe,Garrett Shupe,sa3066447,,,garrettshupe
14332,Sam Stevens,Sam Stevens,sa3066448,,,samstevens
14333,Ryker Waite,Ryker Waite,sa3066449,,,rykerwaite
14334,Henry Wolfe,Henry Wolfe,sa3066450,,,henrywolfe
14335,Nick Montgomery,Nick Montgomery,sa3066457,,,nickmontgomery
14336,Diego Tornes,Diego Tornes,sa3066458,,,diegotornes
14337,Raudy Reyes,Raudy Reyes,sa3066459,,,raudyreyes
14338,Rohan Agarwal,Rohan Agarwal,sa3066461,,,rohanagarwal
14339,Erick Almonte,Erick Almonte,sa3066464,,,erickalmonte
14340,Liam Barrett,Liam Barrett,sa3066465,,,liambarrett
14341,Sam Boardwine,Sam Boardwine,sa3066466,,,samboardwine
14342,Jack Byrne,Jack Byrne,sa3066467,,,jackbyrne
14343,Walker Calvo,Walker Calvo,sa3066468,,,walkercalvo
14344,Aidan Carey,Aidan Carey,sa3066469,,,aidancarey
14345,Owen Coil,Owen Coil,sa3066470,,,owencoil
14346,Luke Costello,Luke Costello,sa3066471,,,lukecostello
14347,Tyler DeBrocky,Tyler DeBrocky,sa3066472,,,tylerdebrocky
14348,Jaxon Diamond,Jaxon Diamond,sa3066473,,,jaxondiamond
14349,Cole Eaton,Cole Eaton,sa3066474,,,coleeaton
14350,Ethan Edinger,Ethan Edinger,sa3066475,,,ethanedinger
14351,CJ Ellis,CJ Ellis,sa3066476,,,cjellis
14352,Zachary Fetchel,Zachary Fetchel,sa3066477,,,zacharyfetchel
14353,Aidan Gray,Aidan Gray,sa3066478,,,aidangray
14354,Eli Harpalani,Eli Harpalani,sa3066479,,,eliharpalani
14355,Drew Harris,Drew Harris,sa3066480,,,drewharris
14356,Mason Hebert,Mason Hebert,sa3066481,,,masonhebert
14357,Ryan Hench,Ryan Hench,sa3066482,,,ryanhench
14358,Oisin Lee,Oisin Lee,sa3066483,,,oisinlee
14359,Brayden May,Brayden May,sa3066484,,,braydenmay
14360,Ky McGary,Ky McGary,sa3066485,,,kymcgary
14361,Jack Meissner,Jack Meissner,sa3066486,,,jackmeissner
14362,Jack Messina,Jack Messina,sa3066487,,,jackmessina
14363,Connor Osier,Connor Osier,sa3066488,,,connorosier
14364,Mason Roell,Mason Roell,sa3066489,,,masonroell
14365,Josh Shropshire,Josh Shropshire,sa3066490,,,joshshropshire
14366,Lawson Tea,Lawson Tea,sa3066491,,,lawsontea
14367,Chardy Tierney,Chardy Tierney,sa3066492,,,chardytierney
14368,Kian Vorster,Kian Vorster,sa3066493,,,kianvorster
14369,Dylan Weber,Dylan Weber,sa3066494,,,dylanweber
14370,Brett Williams,Brett Williams,sa3066495,,,brettwilliams
14371,Kyle Dernedde,Kyle Dernedde,sa3066528,,,kyledernedde
14372,Logan Baisley,Logan Baisley,sa3066530,,,loganbaisley
14373,Sam Bennett,Sam Bennett,sa3066531,,,sambennett
14374,Tyler Brashear,Tyler Brashear,sa3066532,,,tylerbrashear
14375,Stetson Callaway,Stetson Callaway,sa3066533,,,stetsoncallaway
14376,Cole Carbone,Cole Carbone,sa3066534,,,colecarbone
14377,Ethan Catney-Forbes,Ethan Catney-Forbes,sa3066535,,,ethancatneyforbes
14378,Kaden Cloward,Kaden Cloward,sa3066536,,,kadencloward
14379,Paul Contreras,Paul Contreras,sa3066537,,,paulcontreras
14380,Robbie Demetree,Robbie Demetree,sa3066538,,,robbiedemetree
14381,Marcus Downing,Marcus Downing,sa3066539,,,marcusdowning
14382,William Enright,William Enright,sa3066540,,,williamenright
14383,Maddox Floyd,Maddox Floyd,sa3066541,,,maddoxfloyd
14384,Connor Fosnow,Connor Fosnow,sa3066542,,,connorfosnow
14385,Cruz Garcia,Cruz Garcia,sa3066543,,,cruzgarcia
14386,Michael Granson Jr.,Michael Granson Jr.,sa3066544,,,michaelgransonjr
14387,Ethan Guerra,Ethan Guerra,sa3066545,,,ethanguerra
14388,Michael Irby,Michael Irby,sa3066546,,,michaelirby
14389,Kannon Kleine,Kannon Kleine,sa3066547,,,kannonkleine
14390,Chris Klug,Chris Klug,sa3066548,,,chrisklug
14391,Kiefer Parsons,Kiefer Parsons,sa3066549,,,kieferparsons
14392,Scott Radinsky,Scott Radinsky,sa3066550,,,scottradinsky
14393,Jace Rainey,Jace Rainey,sa3066551,,,jacerainey
14394,Andrew Shank,Andrew Shank,sa3066552,,,andrewshank
14395,Nick Spaner,Nick Spaner,sa3066553,,,nickspaner
14396,Cullen Stone,Cullen Stone,sa3066554,,,cullenstone
14397,Duke Stone,Duke Stone,sa3066555,,,dukestone
14398,Grant Stratton,Grant Stratton,sa3066556,,,grantstratton
14399,Peyton Vaught,Peyton Vaught,sa3066557,,,peytonvaught
14400,Elijah Alexander,Elijah Alexander,sa3066561,,,elijahalexander
14401,Jeremiah Atwell,Jeremiah Atwell,sa3066562,,,jeremiahatwell
14402,Tristan Augedahl,Tristan Augedahl,sa3066563,,,tristanaugedahl
14403,Joseph Bekios,Joseph Bekios,sa3066564,,,josephbekios
14404,Brayden Bergman,Brayden Bergman,sa3066565,,,braydenbergman
14405,Gavin Derr,Gavin Derr,sa3066566,,,gavinderr
14406,Jack Fanning,Jack Fanning,sa3066567,,,jackfanning
14407,Kash Ferris,Kash Ferris,sa3066568,,,kashferris
14408,Emerson Fleck,Emerson Fleck,sa3066569,,,emersonfleck
14409,Gavin Glasgow,Gavin Glasgow,sa3066570,,,gavinglasgow
14410,Aidan Grab,Aidan Grab,sa3066571,,,aidangrab
14411,Wes Hickey,Wes Hickey,sa3066572,,,weshickey
14412,Nicholas Jackson Jr.,Nicholas Jackson Jr.,sa3066573,,,nicholasjacksonjr
14413,Evan Koehler,Evan Koehler,sa3066574,,,evankoehler
14414,Cade O'Leary,Cade O'Leary,sa3066576,,,cadeoleary
14415,Matt Osteen,Matt Osteen,sa3066577,,,mattosteen
14416,Anthony Pardo,Anthony Pardo,sa3066578,,,anthonypardo
14417,Kolby Pascarelli,Kolby Pascarelli,sa3066579,,,kolbypascarelli
14418,Alex Primeau,Alex Primeau,sa3066580,,,alexprimeau
14419,Sam Sandy,Sam Sandy,sa3066581,,,samsandy
14420,Toby Schriefer,Toby Schriefer,sa3066582,,,tobyschriefer
14421,Dylan Shaffer,Dylan Shaffer,sa3066583,,,dylanshaffer
14422,Cris Rodriguez,Cris Rodriguez,sa3066593,,,crisrodriguez
14423,Owen Hall,Owen Hall,sa3066594,,,owenhall
14424,Ethan Schiefelbein,Ethan Schiefelbein,sa3066595,,,ethanschiefelbein
14425,Brady Alexander,Brady Alexander,sa3066598,,,bradyalexander
14426,Jayden Barroqueiro,Jayden Barroqueiro,sa3066599,,,jaydenbarroqueiro
14427,Logan Bingham,Logan Bingham,sa3066600,,,loganbingham
14428,Kole Bradley,Kole Bradley,sa3066601,,,kolebradley
14429,Trey Brooks,Trey Brooks,sa3066602,,,treybrooks
14430,John Calabrese,John Calabrese,sa3066603,,,johncalabrese
14431,Blake Carter,Blake Carter,sa3066604,,,blakecarter
14432,Griffin Catto,Griffin Catto,sa3066605,,,griffincatto
14433,Jimmy Cerha,Jimmy Cerha,sa3066606,,,jimmycerha
14434,Niko Christon,Niko Christon,sa3066607,,,nikochriston
14435,Connor Cox,Connor Cox,sa3066608,,,connorcox
14436,Eric Cross,Eric Cross,sa3066609,,,ericcross
14437,Tucker DeLisle,Tucker DeLisle,sa3066610,,,tuckerdelisle
14438,Antonio Dominici,Antonio Dominici,sa3066611,,,antoniodominici
14439,Matthew Driver,Matthew Driver,sa3066612,,,matthewdriver
14440,Brett Ellingson,Brett Ellingson,sa3066613,,,brettellingson
14441,Graedon Finarelli,Graedon Finarelli,sa3066614,,,graedonfinarelli
14442,Nate Fletcher,Nate Fletcher,sa3066615,,,natefletcher
14443,Mac Floyd,Mac Floyd,sa3066616,,,macfloyd
14444,Nathanael Frederking,Nathanael Frederking,sa3066617,,,nathanaelfrederking
14445,Brodie Freker,Brodie Freker,sa3066618,,,brodiefreker
14446,Austin Gamell,Austin Gamell,sa3066619,,,austingamell
14447,Noah Goodshield,Noah Goodshield,sa3066620,,,noahgoodshield
14448,Andrew Grove,Andrew Grove,sa3066621,,,andrewgrove
14449,Hunter Hanes,Hunter Hanes,sa3066622,,,hunterhanes
14450,Jaxon Haynes,Jaxon Haynes,sa3066623,,,jaxonhaynes
14451,Alexander Kasbarian,Alexander Kasbarian,sa3066624,,,alexanderkasbarian
14452,Bobby Kleckner,Bobby Kleckner,sa3066625,,,bobbykleckner
14453,Ethan LaPointe,Ethan LaPointe,sa3066626,,,ethanlapointe
14454,Will Lawrence,Will Lawrence,sa3066627,,,willlawrence
14455,Derek Maceda,Derek Maceda,sa3066628,,,derekmaceda
14456,Brady Marshall,Brady Marshall,sa3066629,,,bradymarshall
14457,Mason McCarroll,Mason McCarroll,sa3066630,,,masonmccarroll
14458,Ben McDougal,Ben McDougal,sa3066631,,,benmcdougal
14459,Luke McGrath,Luke McGrath,sa3066632,,,lukemcgrath
14460,Ian Miahlopoulos,Ian Miahlopoulos,sa3066633,,,ianmiahlopoulos
14461,Connor Mondey,Connor Mondey,sa3066634,,,connormondey
14462,Nathan Murphy,Nathan Murphy,sa3066635,,,nathanmurphy
14463,Trevor Nikolis,Trevor Nikolis,sa3066636,,,trevornikolis
14464,Luke Oblen,Luke Oblen,sa3066637,,,lukeoblen
14465,Jack Olson,Jack Olson,sa3066638,,,jackolson
14466,Tyson Pereria,Tyson Pereria,sa3066639,,,tysonpereria
14467,Michael Powell,Michael Powell,sa3066640,,,michaelpowell
14468,Adham Sahebzadah,Adham Sahebzadah,sa3066641,,,adhamsahebzadah
14469,Edwin Sanchez Jr,Edwin Sanchez Jr,sa3066642,,,edwinsanchezjr
14470,Angel Santiago-Cruz,Angel Santiago-Cruz,sa3066643,,,angelsantiagocruz
14471,Nicholas Santivanez,Nicholas Santivanez,sa3066644,,,nicholassantivanez
14472,Colin Scherer,Colin Scherer,sa3066645,,,colinscherer
14473,Ryan Scialabba,Ryan Scialabba,sa3066646,,,ryanscialabba
14474,Matt Speicher,Matt Speicher,sa3066647,,,mattspeicher
14475,Frank Spirito IV,Frank Spirito IV,sa3066648,,,frankspiritoiv
14476,Deron Swanson,Deron Swanson,sa3066649,,,deronswanson
14477,Jackson Ugo,Jackson Ugo,sa3066650,,,jacksonugo
14478,James Umbarger,James Umbarger,sa3066651,,,jamesumbarger
14479,McKay Whitaker,McKay Whitaker,sa3066652,,,mckaywhitaker
14480,Logan Wirt,Logan Wirt,sa3066653,,,loganwirt
14481,Cole Yeager,Cole Yeager,sa3066654,,,coleyeager
14482,Jack Zang,Jack Zang,sa3066655,,,jackzang
14483,Ji Hoon Mok,Ji Hoon Mok,sa3066662,,,jihoonmok
14484,Eddie Rynders,Eddie Rynders,sa3066663,,,eddierynders
14485,Wyatt Sanford,Wyatt Sanford,sa3066665,,,wyattsanford
14486,Johan De Los Santos,Johan De Los Santos,sa3066666,,,johandelossantos
14487,Darell Morel,Darell Morel,sa3066667,,,darellmorel
14488,Alex Ainsworth,Alex Ainsworth,sa3066668,,,alexainsworth
14489,Logan Borboa,Logan Borboa,sa3066669,,,loganborboa
14490,Manning Burgess,Manning Burgess,sa3066670,,,manningburgess
14491,Zach Carlson,Zach Carlson,sa3066671,,,zachcarlson
14492,Jaxson Croom,Jaxson Croom,sa3066672,,,jaxsoncroom
14493,Fredy Diaz,Fredy Diaz,sa3066673,,,fredydiaz
14494,Trip Dovale,Trip Dovale,sa3066674,,,tripdovale
14495,Aaron England,Aaron England,sa3066675,,,aaronengland
14496,Charlie Felmlee,Charlie Felmlee,sa3066676,,,charliefelmlee
14497,Seth Fontenot,Seth Fontenot,sa3066677,,,sethfontenot
14498,Matt Garcia,Matt Garcia,sa3066678,,,mattgarcia
14499,Darwin Gregg,Darwin Gregg,sa3066679,,,darwingregg
14500,Matt Hamilton,Matt Hamilton,sa3066680,,,matthamilton
14501,Justin Higgins,Justin Higgins,sa3066681,,,justinhiggins
14502,Xavier Hirsch,Xavier Hirsch,sa3066682,,,xavierhirsch
14503,Dante Jackson,Dante Jackson,sa3066683,,,dantejackson
14504,Kobe Julks,Kobe Julks,sa3066684,,,kobejulks
14505,Tyler Kane,Tyler Kane,sa3066685,,,tylerkane
14506,Derek Lebron,Derek Lebron,sa3066687,,,dereklebron
14507,Isaiah Licorish,Isaiah Licorish,sa3066688,,,isaiahlicorish
14508,Matt Longo,Matt Longo,sa3066689,,,mattlongo
14509,Mark Loubier,Mark Loubier,sa3066690,,,markloubier
14510,Spencer Nicely,Spencer Nicely,sa3066691,,,spencernicely
14511,Ryan Porche,Ryan Porche,sa3066692,,,ryanporche
14512,Ryan Reyerson,Ryan Reyerson,sa3066693,,,ryanreyerson
14513,Sean Williams,Sean Williams,sa3066695,,,seanwilliams
14514,Bryce Campbell,Bryce Campbell,sa3066700,,,brycecampbell
14515,Victor Cartagena,Victor Cartagena,sa3066701,,,victorcartagena
14516,Matt Cruz,Matt Cruz,sa3066702,,,mattcruz
14517,Brendan Ealy,Brendan Ealy,sa3066703,,,brendanealy
14518,Gates Gerhart,Gates Gerhart,sa3066704,,,gatesgerhart
14519,Matthew Graziose,Matthew Graziose,sa3066705,,,matthewgraziose
14520,Chance Hall,Chance Hall,sa3066706,,,chancehall
14521,Julian Irizarry,Julian Irizarry,sa3066707,,,julianirizarry
14522,Spencer MacInnis,Spencer MacInnis,sa3066708,,,spencermacinnis
14523,Jace Maynard,Jace Maynard,sa3066709,,,jacemaynard
14524,Ben Moser,Ben Moser,sa3066710,,,benmoser
14525,Micky Scheetz,Micky Scheetz,sa3066712,,,mickyscheetz
14526,Scuba Smolinski,Scuba Smolinski,sa3066713,,,scubasmolinski
14527,Noah Terzo,Noah Terzo,sa3066714,,,noahterzo
14528,Caleb Vacchiano,Caleb Vacchiano,sa3066715,,,calebvacchiano
14529,Ben Waliczek,Ben Waliczek,sa3066716,,,benwaliczek
14530,Aidan Bardi,Aidan Bardi,sa3066732,,,aidanbardi
14531,Grayson Bonanno,Grayson Bonanno,sa3066733,,,graysonbonanno
14532,Julian Cazares,Julian Cazares,sa3066734,,,juliancazares
14533,Nolan Girard,Nolan Girard,sa3066735,,,nolangirard
14534,Max Hotze,Max Hotze,sa3066736,,,maxhotze
14535,PJ Hughes,PJ Hughes,sa3066737,,,pjhughes
14536,Andrew Lombana,Andrew Lombana,sa3066738,,,andrewlombana
14537,Wes Lyerly,Wes Lyerly,sa3066739,,,weslyerly
14538,Dylan Murphy,Dylan Murphy,sa3066741,,,dylanmurphy
14539,Ethan Price,Ethan Price,sa3066742,,,ethanprice
14540,Caden Schrader,Caden Schrader,sa3066743,,,cadenschrader
14541,Carson Timothy,Carson Timothy,sa3066745,,,carsontimothy
14542,Spencer Watson,Spencer Watson,sa3066746,,,spencerwatson
14543,Will White,Will White,sa3066747,,,willwhite
14544,Aidan Espinoza,Aidan Espinoza,sa3066764,,,aidanespinoza
14545,Xavier Farnum,Xavier Farnum,sa3066765,,,xavierfarnum
14546,Cole Jenkins,Cole Jenkins,sa3066766,,,colejenkins
14547,Sean McGurk,Sean McGurk,sa3066767,,,seanmcgurk
14548,Jack McMullan,Jack McMullan,sa3066768,,,jackmcmullan
14549,Espn Simpson,Espn Simpson,sa3066769,,,espnsimpson
14550,Cooper Tarantino,Cooper Tarantino,sa3066770,,,coopertarantino
14551,Bryant Viskovich,Bryant Viskovich,sa3066771,,,bryantviskovich
14552,Hayden Jung-Goldberg,Hayden Jung-Goldberg,sa3066782,,,haydenjunggoldberg
14553,Caden Bates,Caden Bates,sa3066783,,,cadenbates
14554,Charles Batista,Charles Batista,sa3066784,,,charlesbatista
14555,Finn Chapman,Finn Chapman,sa3066785,,,finnchapman
14556,Jack Donlin,Jack Donlin,sa3066786,,,jackdonlin
14557,Adam Galdoni,Adam Galdoni,sa3066787,,,adamgaldoni
14558,Nomar Garcia,Nomar Garcia,sa3066788,,,nomargarcia
14559,Blake Gedrich,Blake Gedrich,sa3066789,,,blakegedrich
14560,Cam Gravelle,Cam Gravelle,sa3066790,,,camgravelle
14561,Kehler Hamilton,Kehler Hamilton,sa3066791,,,kehlerhamilton
14562,Nic Harris,Nic Harris,sa3066792,,,nicharris
14563,Cooper King,Cooper King,sa3066793,,,cooperking
14564,Kaden Kiser,Kaden Kiser,sa3066794,,,kadenkiser
14565,Bryce Lane,Bryce Lane,sa3066795,,,brycelane
14566,Bryan Matuschat,Bryan Matuschat,sa3066796,,,bryanmatuschat
14567,Kevin Maurer,Kevin Maurer,sa3066797,,,kevinmaurer
14568,Evan Menzel,Evan Menzel,sa3066798,,,evanmenzel
14569,Wes Moore,Wes Moore,sa3066799,,,wesmoore
14570,Emmanuel Perez,Emmanuel Perez,sa3066800,,,emmanuelperez
14571,Kyle Pettigrew,Kyle Pettigrew,sa3066801,,,kylepettigrew
14572,Andrew Phillips,Andrew Phillips,sa3066802,,,andrewphillips
14573,Mason Phillips,Mason Phillips,sa3066803,,,masonphillips
14574,Julio Ramos,Julio Ramos,sa3066804,,,julioramos
14575,Corey Richardson,Corey Richardson,sa3066805,,,coreyrichardson
14576,Antonio TJ Socarras,Antonio TJ Socarras,sa3066806,,,antoniotjsocarras
14577,Rex Tedder,Rex Tedder,sa3066807,,,rextedder
14578,Bryson Thacker,Bryson Thacker,sa3066808,,,brysonthacker
14579,Gabriel Tirado,Gabriel Tirado,sa3066809,,,gabrieltirado
14580,Sam Ametrano,Sam Ametrano,sa3066814,,,samametrano
14581,John Calloway,John Calloway,sa3066815,,,johncalloway
14582,Angel Cruz,Angel Cruz,sa3066816,,,angelcruz
14583,Connor McCabe,Connor McCabe,sa3066817,,,connormccabe
14584,Luke Riggs,Luke Riggs,sa3066818,,,lukeriggs
14585,Brandon Robinson,Brandon Robinson,sa3066819,,,brandonrobinson
14586,Preston Watkins,Preston Watkins,sa3066820,,,prestonwatkins
14587,Tyson Lewis,Tyson Lewis,sa3066822,,,tysonlewis
14588,Hayden Crites,Hayden Crites,sa3066824,,,haydencrites
14589,Braylon Brooks,Braylon Brooks,sa3066826,,,braylonbrooks
14590,Luke Burden,Luke Burden,sa3066827,,,lukeburden
14591,Bret Clements,Bret Clements,sa3066828,,,bretclements
14592,Drew Duckhorn,Drew Duckhorn,sa3066829,,,drewduckhorn
14593,Mason Hughes,Mason Hughes,sa3066830,,,masonhughes
14594,Jaden Knight,Jaden Knight,sa3066831,,,jadenknight
14595,Carver Pleasant,Carver Pleasant,sa3066832,,,carverpleasant
14596,Dylan Rorech,Dylan Rorech,sa3066833,,,dylanrorech
14597,TJ Stottlemyre,TJ Stottlemyre,sa3066834,,,tjstottlemyre
14598,Jeong Bin Moon,Jeong Bin Moon,sa3066841,,,jeongbinmoon
14599,Ty Southisene,Ty Southisene,sa3066842,,,tysouthisene
14600,Chase Clatur,Chase Clatur,sa3066843,,,chaseclatur
14601,Isaac Herrera,Isaac Herrera,sa3066844,,,isaacherrera
14602,Carson Montsdeoca,Carson Montsdeoca,sa3066845,,,carsonmontsdeoca
14603,Jobe Olson,Jobe Olson,sa3066846,,,jobeolson
14604,Felix Ong,Felix Ong,sa3066847,,,felixong
14605,Canon Pierce,Canon Pierce,sa3066848,,,canonpierce
14606,August Richie,August Richie,sa3066849,,,augustrichie
14607,Anthony Sarro,Anthony Sarro,sa3066850,,,anthonysarro
14608,Luke Sidwell,Luke Sidwell,sa3066851,,,lukesidwell
14609,Austin Steeves,Austin Steeves,sa3066852,,,austinsteeves
14610,Michael Yeager,Michael Yeager,sa3066853,,,michaelyeager
14611,Nick Biasi,Nick Biasi,sa3066862,,,nickbiasi
14612,Ian Brown,Ian Brown,sa3066863,,,ianbrown
14613,Bryce Gaines,Bryce Gaines,sa3066864,,,brycegaines
14614,Gunner Geile,Gunner Geile,sa3066865,,,gunnergeile
14615,Nick Jackson,Nick Jackson,sa3066866,,,nickjackson
14616,Jaylen Merchant,Jaylen Merchant,sa3066867,,,jaylenmerchant
14617,Collin Mowry,Collin Mowry,sa3066868,,,collinmowry
14618,Ethan Van Sice,Ethan Van Sice,sa3066869,,,ethanvansice
14619,Jake Wrubleski,Jake Wrubleski,sa3066870,,,jakewrubleski
14620,Hyuk Bin Gwon,Hyuk Bin Gwon,sa3066877,,,hyukbingwon
14621,Dong Uk Yeo,Dong Uk Yeo,sa3066878,,,dongukyeo
14622,Tae Hyun Jeon,Tae Hyun Jeon,sa3066879,,,taehyunjeon
14623,Chan Seung Bae,Chan Seung Bae,sa3066880,,,chanseungbae
14624,Jae Hyun Park,Jae Hyun Park,sa3066881,,,jaehyunpark
14625,Woo Joo Jeong,Woo Joo Jeong,sa3066884,,,woojoojeong
14626,Joon Seo Eo,Joon Seo Eo,sa3066885,,,joonseoeo
14627,Michael Bilo,Michael Bilo,sa3066886,,,michaelbilo
14628,Braxton Brogan,Braxton Brogan,sa3066887,,,braxtonbrogan
14629,Frankie Caietta,Frankie Caietta,sa3066888,,,frankiecaietta
14630,Cody Callahan,Cody Callahan,sa3066889,,,codycallahan
14631,Abe Chancellor,Abe Chancellor,sa3066890,,,abechancellor
14632,Willie Cornejo-Farmer,Willie Cornejo-Farmer,sa3066891,,,williecornejofarmer
14633,Keegan Demmer,Keegan Demmer,sa3066892,,,keegandemmer
14634,Justin Hanson,Justin Hanson,sa3066893,,,justinhanson
14635,Easton Hawk,Easton Hawk,sa3066894,,,eastonhawk
14636,Nathan Hiscox,Nathan Hiscox,sa3066895,,,nathanhiscox
14637,Colin Milligan,Colin Milligan,sa3066897,,,colinmilligan
14638,Saxon Roberts,Saxon Roberts,sa3066899,,,saxonroberts
14639,Walddy Rodriguez,Walddy Rodriguez,sa3066900,,,walddyrodriguez
14640,Matthew Scott II,Matthew Scott II,sa3066901,,,matthewscottii
14641,Henry Slaby,Henry Slaby,sa3066902,,,henryslaby
14642,Jonah Williams,Jonah Williams,sa3066903,,,jonahwilliams
14643,Hyun Woo Jung,Hyun Woo Jung,sa3066917,,,hyunwoojung
14644,Min Gyu Gwon,Min Gyu Gwon,sa3066918,,,mingyugwon
14645,Talan Bell,Talan Bell,sa3066920,,,talanbell
14646,Ryan Brader,Ryan Brader,sa3066922,,,ryanbrader
14647,Landan Browning,Landan Browning,sa3066923,,,landanbrowning
14648,Nate Davila,Nate Davila,sa3066924,,,natedavila
14649,Cooper Devall,Cooper Devall,sa3066925,,,cooperdevall
14650,Harrison Kliethermes,Harrison Kliethermes,sa3066926,,,harrisonkliethermes
14651,Will Orberson,Will Orberson,sa3066927,,,willorberson
14652,David Sorg,David Sorg,sa3066928,,,davidsorg
14653,Ian Standlee,Ian Standlee,sa3066929,,,ianstandlee
14654,Zach Winter,Zach Winter,sa3066930,,,zachwinter
14655,Hyun Yoon,Hyun Yoon,sa3066935,,,hyunyoon
14656,Peryn Bland,Peryn Bland,sa3066936,,,perynbland
14657,Noah Galvan,Noah Galvan,sa3066937,,,noahgalvan
14658,Alex LaCoste,Alex LaCoste,sa3066938,,,alexlacoste
14659,Julio Solier,Julio Solier,sa3066939,,,juliosolier
14660,Wilfred Torres-Santiago,Wilfred Torres-Santiago,sa3066940,,,wilfredtorressantiago
14661,Shunsuke Urata,Shunsuke Urata,sa3066943,,,shunsukeurata
14662,Seiya Watanabe,Seiya Watanabe,sa3066944,,,seiyawatanabe
14663,Misho Nishikawa,Misho Nishikawa,sa3066945,,,mishonishikawa
14664,Masahiro Ehara,Masahiro Ehara,sa3066946,,,masahiroehara
14665,Rui Muneyama,Rui Muneyama,sa3066947,,,ruimuneyama
14666,Yusuke Mugitani,Yusuke Mugitani,sa3066948,,,yusukemugitani
14667,Yuta Ishii,Yuta Ishii,sa3066949,,,yutaishii
14668,Shun Okamoto,Shun Okamoto,sa3066950,,,shunokamoto
14669,Young Woo Kim,Young Woo Kim,sa3066958,,,youngwookim
14670,Hyun Jong Yang,Hyun Jong Yang,sa3066959,,,hyunjongyang
14671,Taisei Kudo,Taisei Kudo,sa3066961,,,taiseikudo
14672,Kota Shoji,Kota Shoji,sa3066962,,,kotashoji
14673,BJ Brown,BJ Brown,sa3066964,,,bjbrown
14674,Cohen Harris,Cohen Harris,sa3066965,,,cohenharris
14675,Jayden Shin,Jayden Shin,sa3066966,,,jaydenshin
14676,Masaya Kuroda,Masaya Kuroda,sa3066967,,,masayakuroda
14677,Yuto Kimura,Yuto Kimura,sa3066968,,,yutokimura
14678,Takato Ihara,Takato Ihara,sa3066969,,,takatoihara
14679,Anthony Quigley,Anthony Quigley,sa3066970,,,anthonyquigley
14680,Jose Bludau,Jose Bludau,sa3066971,,,josebludau
14681,Jackson Brasseux,Jackson Brasseux,sa3066972,,,jacksonbrasseux
14682,Dalton Brown,Dalton Brown,sa3066973,,,daltonbrown
14683,Chris Cancel,Chris Cancel,sa3066974,,,chriscancel
14684,Andrew Clelland,Andrew Clelland,sa3066975,,,andrewclelland
14685,Ethan Espiricueta,Ethan Espiricueta,sa3066976,,,ethanespiricueta
14686,Brad Grindlinger,Brad Grindlinger,sa3066977,,,bradgrindlinger
14687,Cayden Hessemyer,Cayden Hessemyer,sa3066978,,,caydenhessemyer
14688,Jett Hope,Jett Hope,sa3066979,,,jetthope
14689,Brayden Huebner,Brayden Huebner,sa3066980,,,braydenhuebner
14690,Luke Jacobson,Luke Jacobson,sa3066981,,,lukejacobson
14691,Jordan Jones,Jordan Jones,sa3066982,,,jordanjones
14692,Ian Kaiser,Ian Kaiser,sa3066983,,,iankaiser
14693,Simon Landry,Simon Landry,sa3066984,,,simonlandry
14694,Connor Lehman,Connor Lehman,sa3066985,,,connorlehman
14695,Caden Lockwood,Caden Lockwood,sa3066986,,,cadenlockwood
14696,Mike Lucarelli,Mike Lucarelli,sa3066987,,,mikelucarelli
14697,Jorden Olivera,Jorden Olivera,sa3066988,,,jordenolivera
14698,Olindo Pezzone,Olindo Pezzone,sa3066989,,,olindopezzone
14699,Cody Smith,Cody Smith,sa3066990,,,codysmith
14700,Nathan Tobin,Nathan Tobin,sa3066991,,,nathantobin
14701,Jared White,Jared White,sa3066992,,,jaredwhite
14702,Kentaro Shinogi,Kentaro Shinogi,sa3067002,,,kentaroshinogi
14703,Jackson Banuelos,Jackson Banuelos,sa3067003,,,jacksonbanuelos
14704,Lucas Dixon,Lucas Dixon,sa3067004,,,lucasdixon
14705,Peyton Firgens,Peyton Firgens,sa3067005,,,peytonfirgens
14706,Sean Harris,Sean Harris,sa3067006,,,seanharris
14707,Jaxon Kehoe,Jaxon Kehoe,sa3067007,,,jaxonkehoe
14708,Tomas Lopez,Tomas Lopez,sa3067008,,,tomaslopez
14709,Austin Matranga,Austin Matranga,sa3067009,,,austinmatranga
14710,Christian Rasmussen,Christian Rasmussen,sa3067010,,,christianrasmussen
14711,JShawn Unger,JShawn Unger,sa3067011,,,jshawnunger
14712,Aiden White,Aiden White,sa3067012,,,aidenwhite
14713,Haruto Yamada,Haruto Yamada,sa3067018,,,harutoyamada
14714,Min Gyu Hong,Min Gyu Hong,sa3067019,,,mingyuhong
14715,Jae Yeop Park,Jae Yeop Park,sa3067020,,,jaeyeoppark
14716,Ryusei Terachi,Ryusei Terachi,sa3067022,,,ryuseiterachi
14717,Cole Reynolds,Cole Reynolds,sa3067031,,,colereynolds
14718,Drake George,Drake George,sa3067033,,,drakegeorge
14719,Nathan Flewelling,Nathan Flewelling,sa3067041,,,nathanflewelling
14720,Gus Magill,Gus Magill,sa3067055,,,gusmagill
14721,Trevor Raade,Trevor Raade,sa3067056,,,trevorraade
14722,Tavian Ramos,Tavian Ramos,sa3067057,,,tavianramos
14723,Jonathan Sendziak,Jonathan Sendziak,sa3067058,,,jonathansendziak
14724,Austin Walsh,Austin Walsh,sa3067059,,,austinwalsh
14725,Ryoma Yamanaka,Ryoma Yamanaka,sa3067061,,,ryomayamanaka
14726,Logan Tabeling,Logan Tabeling,sa3067065,,,logantabeling
14727,Bryce Meccage,Bryce Meccage,sa3067069,,,brycemeccage
14728,Dasan Hill,Dasan Hill,sa3067070,,,dasanhill
14729,Wei-En Lin,Wei-En Lin,sa3067072,,,weienlin
14730,Braxton Lewis,Braxton Lewis,sa3067077,,,braxtonlewis
14731,RJ Thomae,RJ Thomae,sa3067078,,,rjthomae
14732,Yoo Sin Seo,Yoo Sin Seo,sa3067080,,,yoosinseo
14733,Lucien Wechsberg,Lucien Wechsberg,sa3067096,,,lucienwechsberg
14734,Se Hyun Park,Se Hyun Park,sa3067097,,,sehyunpark
14735,Austin Jones,Austin Jones,sa3067098,,,austinjones
14736,Danny Rollins,Danny Rollins,sa3067099,,,dannyrollins
14737,Hunter Dryden,Hunter Dryden,sa3067105,,,hunterdryden
14738,JJ DeVito,JJ DeVito,sa3067108,,,jjdevito
14739,Mark Gialluisi,Mark Gialluisi,sa3067109,,,markgialluisi
14740,Stunner Gonzalez,Stunner Gonzalez,sa3067110,,,stunnergonzalez
14741,Mason Hutsell,Mason Hutsell,sa3067111,,,masonhutsell
14742,Cato Kleinman,Cato Kleinman,sa3067112,,,catokleinman
14743,Aaron Kniffin,Aaron Kniffin,sa3067113,,,aaronkniffin
14744,Drew McGowan,Drew McGowan,sa3067114,,,drewmcgowan
14745,Grant Origer,Grant Origer,sa3067115,,,grantoriger
14746,Parker Patterson,Parker Patterson,sa3067116,,,parkerpatterson
14747,Jack Pitts,Jack Pitts,sa3067117,,,jackpitts
14748,Carter Poole,Carter Poole,sa3067118,,,carterpoole
14749,Garrett Sinfield,Garrett Sinfield,sa3067119,,,garrettsinfield
14750,Sean Sousa,Sean Sousa,sa3067120,,,seansousa
14751,Logan Stelling,Logan Stelling,sa3067121,,,loganstelling
14752,Kaden Stone,Kaden Stone,sa3067122,,,kadenstone
14753,Johnny King,Johnny King,sa3067123,,,johnnyking
14754,Yulian Barreto,Yulian Barreto,sa3067124,,,yulianbarreto
14755,Cristopher Polanco,Cristopher Polanco,sa3067125,,,cristopherpolanco
14756,Djean Macares,Djean Macares,sa3067126,,,djeanmacares
14757,José Peña,Jose Pena,sa3067127,,,josepena
14758,Juan Sanchez,Juan Sanchez,sa3067129,,,juansanchez
14759,Carter Alexander,Carter Alexander,sa3067137,,,carteralexander
14760,Jonathan Decker,Jonathan Decker,sa3067138,,,jonathandecker
14761,Tyler Kim,Tyler Kim,sa3067139,,,tylerkim
14762,Carter Mottice,Carter Mottice,sa3067140,,,cartermottice
14763,Matt Reyes,Matt Reyes,sa3067141,,,mattreyes
14764,Brandon Clarke,Brandon Clarke,sa3067144,,,brandonclarke
14765,Boston Bateman,Boston Bateman,sa3067145,,,bostonbateman
14766,Michael Caldon,Michael Caldon,sa3067147,,,michaelcaldon
14767,Robert Natale,Robert Natale,sa3067151,,,robertnatale
14768,Seo Jun Kim,Seo Jun Kim,sa3067152,,,seojunkim
14769,Charles Radley,Charles Radley,sa3067154,,,charlesradley
14770,Keita Yamamoto,Keita Yamamoto,sa3067155,,,keitayamamoto
14771,AJ Herrera,AJ Herrera,sa3067157,,,ajherrera
14772,Lee Sowers,Lee Sowers,sa3067158,,,leesowers
14773,Dong Jun Kim,Dong Jun Kim,sa3067160,,,dongjunkim
14774,Jun Soon Park,Jun Soon Park,sa3067161,,,junsoonpark
14775,Jasper Adelman,Jasper Adelman,sa3067163,,,jasperadelman
14776,Joey Giordano,Joey Giordano,sa3067164,,,joeygiordano
14777,Will Siwinski,Will Siwinski,sa3067166,,,willsiwinski
14778,Yu Aramaki,Yu Aramaki,sa3067167,,,yuaramaki
14779,Shu Yamagata,Shu Yamagata,sa3067168,,,shuyamagata
14780,Jaxon Appelman,Jaxon Appelman,sa3067173,,,jaxonappelman
14781,Reeve Boyd,Reeve Boyd,sa3067174,,,reeveboyd
14782,Luke Campbell,Luke Campbell,sa3067175,,,lukecampbell
14783,Gio Conte,Gio Conte,sa3067176,,,gioconte
14784,John Costa,John Costa,sa3067177,,,johncosta
14785,Drew Cox,Drew Cox,sa3067178,,,drewcox
14786,James Ellis,James Ellis,sa3067179,,,jamesellis
14787,Dylan Fatovich,Dylan Fatovich,sa3067180,,,dylanfatovich
14788,Tyler Foster,Tyler Foster,sa3067181,,,tylerfoster
14789,Jacob Hines,Jacob Hines,sa3067182,,,jacobhines
14790,John McCready,John McCready,sa3067183,,,johnmccready
14791,Ethan McHugh,Ethan McHugh,sa3067184,,,ethanmchugh
14792,Brady Ruiz-Weiss,Brady Ruiz-Weiss,sa3067185,,,bradyruizweiss
14793,Tate Smith,Tate Smith,sa3067186,,,tatesmith
14794,Brent Walls,Brent Walls,sa3067188,,,brentwalls
14795,Joseph Waters,Joseph Waters,sa3067189,,,josephwaters
14796,Soo Ho Ham,Soo Ho Ham,sa3067204,,,soohoham
14797,Misaki Sasahara,Misaki Sasahara,sa3067205,,,misakisasahara
14798,Raiku Katayama,Raiku Katayama,sa3067206,,,raikukatayama
14799,Jae Hoon Sim,Jae Hoon Sim,sa3067211,,,jaehoonsim
14800,Elijah Clayton,Elijah Clayton,sa3067212,,,elijahclayton
14801,Will Hummel,Will Hummel,sa3067213,,,willhummel
14802,Cole Rogers,Cole Rogers,sa3067214,,,colerogers
14803,Marco Lopez,Marco Lopez,sa3067216,,,marcolopez
14804,Avery Schwartz,Avery Schwartz,sa3067217,,,averyschwartz
14805,Jackson Blakely,Jackson Blakely,sa3067219,,,jacksonblakely
14806,Colby Chambers,Colby Chambers,sa3067220,,,colbychambers
14807,Mickey McClaskey,Mickey McClaskey,sa3067221,,,mickeymcclaskey
14808,Luke Olsen,Luke Olsen,sa3067222,,,lukeolsen
14809,Jace Souza,Jace Souza,sa3067223,,,jacesouza
14810,Kalen Applefield,Kalen Applefield,sa3067226,,,kalenapplefield
14811,Rockwell Lybbert,Rockwell Lybbert,sa3067227,,,rockwelllybbert
14812,Vince Waterman,Vince Waterman,sa3067228,,,vincewaterman
14813,Sam Falace,Sam Falace,sa3067233,,,samfalace
14814,Logan Franks,Logan Franks,sa3067234,,,loganfranks
14815,Luke Kovach,Luke Kovach,sa3067235,828420,,lukekovach
14816,Duncan Marsten,Duncan Marsten,sa3067236,,,duncanmarsten
14817,Micah Smith,Micah Smith,sa3067238,,,micahsmith
14818,Dylan Thompson,Dylan Thompson,sa3067239,,,dylanthompson
14819,Yul Ye Lee,Yul Ye Lee,sa3067247,,,yulyelee
14820,Ryusei Gonda,Ryusei Gonda,sa3067248,,,ryuseigonda
14821,Ruei-Yang Gu Lin,Ruei-Yang Gu Lin,sa3067249,,,rueiyanggulin
14822,Caden Cornett,Caden Cornett,sa3067252,,,cadencornett
14823,Noah LaFine,Noah LaFine,sa3067253,,,noahlafine
14824,Brady Smith,Brady Smith,sa3067255,,,bradysmith
14825,Chase Harlan,Chase Harlan,sa3067256,,,chaseharlan
14826,Nico Tellache,Nico Tellache,sa3067257,,,nicotellache
14827,Darius Adkins,Darius Adkins,sa3067263,,,dariusadkins
14828,Ben Newton,Ben Newton,sa3067265,,,bennewton
14829,Chris Danko,Chris Danko,sa3067267,,,chrisdanko
14830,Landon Kuntzleman,Landon Kuntzleman,sa3067269,,,landonkuntzleman
14831,Michael Pastrana,Michael Pastrana,sa3067270,,,michaelpastrana
14832,Casey Euper,Casey Euper,sa3067271,,,caseyeuper
14833,Marcerio Allen,Marcerio Allen,sa3067276,,,marcerioallen
14834,Will Dugan,Will Dugan,sa3067277,,,willdugan
14835,Matt Hubbard,Matt Hubbard,sa3067278,,,matthubbard
14836,Aiden Schenk,Aiden Schenk,sa3067279,,,aidenschenk
14837,Hayato Nakagawa,Hayato Nakagawa,sa3067283,,,hayatonakagawa
14838,Jack Mathey,Jack Mathey,sa3067286,,,jackmathey
14839,Peter Daseking,Peter Daseking,sa3067287,,,peterdaseking
14840,Liberts Aponte,Liberts Aponte,sa3067288,,,libertsaponte
14841,Atsushi Katsumata,Atsushi Katsumata,sa3067289,,,atsushikatsumata
14842,Yuta Saitoh,Yuta Saitoh,sa3067291,,,yutasaitoh
14843,Russ Filter,Russ Filter,sa3067295,,,russfilter
14844,Caden Fredericks,Caden Fredericks,sa3067296,,,cadenfredericks
14845,Parker Massey,Parker Massey,sa3067297,,,parkermassey
14846,Jun Hyeok Lee,Jun Hyeok Lee,sa3067302,,,junhyeoklee
14847,Yung Jun Son,Yung Jun Son,sa3067303,,,yungjunson
14848,Him Chan Son,Him Chan Son,sa3067304,,,himchanson
14849,Jun Woo Lee,Jun Woo Lee,sa3067305,,,junwoolee
14850,Trey Gregory-Alford,Trey Gregory-Alford,sa3067313,,,treygregoryalford
14851,Kannon Kemp,Kannon Kemp,sa3067314,,,kannonkemp
14852,Conrad Cason,Conrad Cason,sa3067316,,,conradcason
14853,Devin Fitz-Gerald,Devin Fitz-Gerald,sa3067320,,,devinfitzgerald
14854,Kale Fountain,Kale Fountain,sa3067321,,,kalefountain
14855,Sir Jamison Jones,Sir Jamison Jones,sa3067322,,,sirjamisonjones
14856,Tytus Cissell,Tytus Cissell,sa3067331,,,tytuscissell
14857,Eli Lovich,Eli Lovich,sa3067332,,,elilovich
14858,Shotaro Morii,Shotaro Morii,sa3067343,,,shotaromorii
14859,Louis Perona,Louis Perona,sa3067372,,,louisperona
14860,Nok Won Kim,Nok Won Kim,sa3067373,,,nokwonkim
14861,Min Seong Jeong,Min Seong Jeong,sa3067374,,,minseongjeong
14862,Coen Wynne,Coen Wynne,sa3067375,,,coenwynne
14863,Hae Won Jung,Hae Won Jung,sa3067377,,,haewonjung
14864,Yudai Shoji,Yudai Shoji,sa3067378,,,yudaishoji
14865,Haruto Nakagomi,Haruto Nakagomi,sa3067379,,,harutonakagomi
14866,Yumeto Kanemaru,Yumeto Kanemaru,sa3067380,,,yumetokanemaru
14867,Dylan Jordan,Dylan Jordan,sa3067384,,,dylanjordan
14868,Dayson Croes,Dayson Croes,sa3067396,,,daysoncroes
14869,Ki Ho Park,Ki Ho Park,sa3067412,,,kihopark
14870,Josh Sanders,Josh Sanders,sa3067414,,,joshsanders
14871,Joey Oakie,Joey Oakie,sa3067418,,,joeyoakie
14872,Hunter Friedberg,Hunter Friedberg,sa3067428,,,hunterfriedberg
14873,Montell Higuma,Montell Higuma,sa3067429,,,montellhiguma
14874,Yu Tatematsu,Yu Tatematsu,sa3067430,,,yutatematsu
14875,David Shields,David Shields,sa3067433,,,davidshields
14876,Grant Shepardson,Grant Shepardson,sa3067434,,,grantshepardson
14877,Seung Hyeon Lee,Seung Hyeon Lee,sa3067435,,,seunghyeonlee
14878,Maicol Reyes,Maicol Reyes,sa3067441,,,maicolreyes
14879,Oto Hayasaka,Oto Hayasaka,sa3067469,,,otohayasaka
14880,Ryusei Miyazaki,Ryusei Miyazaki,sa3067470,,,ryuseimiyazaki
14881,Kenny Fenelon,Kenny Fenelon,sa3067474,,,kennyfenelon
14882,Cristopher Acosta,Cristopher Acosta,sa3067475,,,cristopheracosta
14883,Dae In Hong,Dae In Hong,sa3067476,,,daeinhong
14884,Andrew Dutton,Andrew Dutton,sa3067480,,,andrewdutton
14885,Cole Frye,Cole Frye,sa3067481,,,colefrye
14886,Brailyn Antunez,Brailyn Antunez,sa3067486,,,brailynantunez
14887,Jae Hun Yang,Jae Hun Yang,sa3067487,,,jaehunyang
14888,Naruki Teranishi,Naruki Teranishi,sa3067490,,,narukiteranishi
14889,Cooper Winchester,Cooper Winchester,sa3067493,,,cooperwinchester
14890,Gwan Woo Park,Gwan Woo Park,sa3067494,,,gwanwoopark
14891,Enyel Lopez,Enyel Lopez,sa3067495,,,enyellopez
14892,Jayden Alvarez,Jayden Alvarez,sa3067498,,,jaydenalvarez
14893,Jose Pacheco Perez,Jose Pacheco Perez,sa3067499,,,josepachecoperez
14894,Jae Won Kim,Jae Won Kim,sa3067501,,,jaewonkim
14895,Hyun Chang Jeong,Hyun Chang Jeong,sa3067502,,,hyunchangjeong
14896,Shonosuke Hama,Shonosuke Hama,sa3067504,,,shonosukehama
14897,Tai Sasaki,Tai Sasaki,sa3067512,,,taisasaki
14898,Yeong Tak Sung,Yeong Tak Sung,sa3067516,,,yeongtaksung
14899,Min Seok Choi,Min Seok Choi,sa3067517,,,minseokchoi
14900,Jeong Hun Park,Jeong Hun Park,sa3067520,,,jeonghunpark
14901,Yi-Lei Sun,Yi-Lei Sun,sa3067521,,,yileisun
14902,Dylan Tate,Dylan Tate,sa3067523,827721,,dylantate
14903,Patrick Danforth,Patrick Danforth,sa3067527,,,patrickdanforth
14904,Min Jae Lee,Min Jae Lee,sa3067528,,,minjaelee
14905,Jong Wun Kim,Jong Wun Kim,sa3067532,,,jongwunkim
14906,Shunsuke Iwasaki,Shunsuke Iwasaki,sa3067533,,,shunsukeiwasaki
14907,Jun Sang Kim,Jun Sang Kim,sa3067537,,,junsangkim
14908,Jin Muk Lim,Jin Muk Lim,sa3067538,,,jinmuklim
14909,Warren Calcaño,Warren Calcano,sa3067541,,,warrencalcano
14910,Chase Mobley,Chase Mobley,sa3067542,,,chasemobley
14911,Rito Kinoshita,Rito Kinoshita,sa3067546,,,ritokinoshita
14912,Jeong Ho Kim,Jeong Ho Kim,sa3067550,,,jeonghokim
14913,Itua Ikhine,Itua Ikhine,sa3067551,,,ituaikhine
14914,Cole Miller,Cole Miller,sa3067552,,,colemiller
14915,Jong Hyeok Won,Jong Hyeok Won,sa3067553,,,jonghyeokwon
14916,Kazuo Ohno,Kazuo Ohno,sa3067554,,,kazuoohno
14917,Shunsuke Shimokawa,Shunsuke Shimokawa,sa3067555,,,shunsukeshimokawa
14918,Logan Mercado,Logan Mercado,sa3067558,,,loganmercado
14919,Kevin Defrank,Kevin Defrank,sa3067574,,,kevindefrank
14920,Elian Peña,Elian Pena,sa3067674,,,elianpena
14921,Kendry Martínez,Kendry Martinez,sa3067676,,,kendrymartinez
14922,Kevin Alvarez,Kevin Alvarez,sa3067677,,,kevinalvarez
14923,Juan Cabada,Juan Cabada,sa3067679,,,juancabada
14924,Mani Cedeno,Mani Cedeno,sa3067680,,,manicedeno
14925,Ayden Johnson,Ayden Johnson,sa3067681,,,aydenjohnson
14926,Wilfri De La Cruz,Wilfri De La Cruz,sa3067682,,,wilfridelacruz
14927,Maykel Coret,Maykel Coret,sa3067683,,,maykelcoret
14928,Yorger Bautista,Yorger Bautista,sa3067684,,,yorgerbautista
14929,Warel Solano,Warel Solano,sa3067685,,,warelsolano
14930,Brayan Cortesia,Brayan Cortesia,sa3067686,,,brayancortesia
14931,Breyson Guedez,Breyson Guedez,sa3067688,,,breysonguedez
14932,Santiago Leon,Santiago Leon,sa3067689,,,santiagoleon
14933,Deivid Coronil,Deivid Coronil,sa3067691,,,deividcoronil
14934,Haritzon Castillo,Haritzon Castillo,sa3067692,,,haritzoncastillo
14935,Jhoan De La Cruz,Jhoan De La Cruz,sa3067693,,,jhoandelacruz
14936,Elian De La Cruz,Elian De La Cruz,sa3067695,,,eliandelacruz
14937,Raymer Medina,Raymer Medina,sa3067696,,,raymermedina
14938,Elorky Rodriguez,Elorky Rodriguez,sa3067697,,,elorkyrodriguez
14939,Jhomnardo Reyes,Jhomnardo Reyes,sa3067700,,,jhomnardoreyes
14940,Alejandro Cruz,Alejandro Cruz,sa3067702,,,alejandrocruz
14941,Marconi German,Marconi German,sa3067715,,,marconigerman
14942,Johan Machado,Johan Machado,sa3067724,,,johanmachado
14943,Daniel Hernandez,Daniel Hernandez,sa3067734,,,danielhernandez
14944,Juan Rujano,Juan Rujano,sa3067752,,,juanrujano
14945,Juan Tomas,Juan Tomas,sa3067758,,,juantomas
14946,Kamuel Villar,Kamuel Villar,sa3067803,,,kamuelvillar
14947,Ruben Castillo,Ruben Castillo,sa3067849,,,rubencastillo
14948,Cesar Acosta,Cesar Acosta,sa3067868,,,cesaracosta
14949,Seon Woo Lee,Seon Woo Lee,sa3068069,,,seonwoolee
14950,Tae Kyeong Lee,Tae Kyeong Lee,sa3068070,,,taekyeonglee
14951,Won-bin Hong,Won-bin Hong,sa3068071,,,wonbinhong
14952,Carlos Alvarez,Carlos Alvarez,sa3068082,,,carlosalvarez
14953,Sadbiel Delzine,Sadbiel Delzine,sa3068089,,,sadbieldelzine
14954,Adrian  Pena,Adrian  Pena,sa3068110,,,adrianpena
14955,Darwing Ozuna,Darwing Ozuna,sa3068179,,,darwingozuna
14956,Royelny Strop,Royelny Strop,sa3068180,,,royelnystrop
14957,Seung Hyun Han,Seung Hyun Han,sa3068457,,,seunghyunhan
14958,Santiago Castellanos,Santiago Castellanos,sa3068480,,,santiagocastellanos
14959,Eliomar Garces,Eliomar Garces,sa3068523,,,eliomargarces
14960,Tae Yun Kim,Tae Yun Kim,sa3068585,,,taeyunkim
14961,Seiya Ohuchi,Seiya Ohuchi,sa3068586,,,seiyaohuchi
14962,Gabriel Davalillo,Gabriel Davalillo,sa3068659,,,gabrieldavalillo
14963,Seo Jin Oh,Seo Jin Oh,sa3068665,,,seojinoh
14964,Ryusei Yamada,Ryusei Yamada,sa3068666,,,ryuseiyamada
14965,Keishi Tsuda,Keishi Tsuda,sa3068677,,,keishitsuda
14966,Tsuyoshi Shiiba,Tsuyoshi Shiiba,sa3068678,,,tsuyoshishiiba
14967,Pedro Montero,Pedro Montero,sa3068682,,,pedromontero
14968,Rui Mitsuka,Rui Mitsuka,sa3068726,,,ruimitsuka
14969,Seung Wan Ko,Seung Wan Ko,sa3068734,,,seungwanko
14970,Yamato Suzuki,Yamato Suzuki,sa3068735,,,yamatosuzuki
14971,Bryson Van Sickle,Bryson Van Sickle,sa3068737,,,brysonvansickle
14972,Se Young Chung,Se Young Chung,sa3068739,,,seyoungchung
14973,Ho Min Lee,Ho Min Lee,sa3068740,,,hominlee
14974,Chan Hyung,Chan Hyung ,sa3068748,,,chanhyung
14975,Masaki Iwata,Masaki Iwata,sa3068759,,,masakiiwata
14976,Toya Kawaguchi,Toya Kawaguchi,sa3068763,,,toyakawaguchi
14977,Koshiro Hiroike,Koshiro Hiroike,sa3068764,,,koshirohiroike
14978,Eiver Mosquera,Eiver Mosquera,sa3068767,,,eivermosquera
14979,Yuto Nakamura,Yuto Nakamura,sa3068774,,,yutonakamura
14980,Tae Hyeong Kim,Tae Hyeong Kim,sa3068782,,,taehyeongkim
14981,Ryunosuke Sato,Ryunosuke Sato,sa3068827,,,ryunosukesato
14982,Doh Hyun Lee,Doh Hyun Lee,sa3068850,,,dohhyunlee
14983,Min Seok Kim,Min Seok Kim,sa3068875,,,minseokkim
14984,Naoki Wakamatsu,Naoki Wakamatsu,sa3068876,,,naokiwakamatsu
14985,Haruto Tanaka,Haruto Tanaka,sa3068891,,,harutotanaka
14986,Han Jung Kim,Han Jung Kim,sa3068899,,,hanjungkim
14987,Young Jae Lee,Young Jae Lee,sa3068900,,,youngjaelee
14988,Yuta Nakamigawa,Yuta Nakamigawa,sa3068902,,,yutanakamigawa
14989,Marek Chlup,Marek Chlup,sa3068925,,,marekchlup
14990,Rikima Ichijo,Rikima Ichijo,sa3068934,,,rikimaichijo
14991,Daiki Hayakawa,Daiki Hayakawa,sa3068938,,,daikihayakawa
14992,Kaisei Toumatsu,Kaisei Toumatsu,sa3068950,,,kaiseitoumatsu
14993,Reo Shibata,Reo Shibata,sa3068999,,,reoshibata
14994,Taiyo Sato,Taiyo Sato,sa3069000,,,taiyosato
14995,Yuto Yoshikawa,Yuto Yoshikawa,sa3069026,,,yutoyoshikawa
14996,Shunya Morita,Shunya Morita,sa3069027,,,shunyamorita
14997,Seung Won Yum,Seung Won Yum,sa3069036,,,seungwonyum
14998,Geun Woo Lim,Geun Woo Lim,sa3069060,,,geunwoolim
14999,Seita Maekawa,Seita Maekawa,sa3069063,,,seitamaekawa
15000,Hayato Miyazaki,Hayato Miyazaki,sa3069064,,,hayatomiyazaki
15001,Taiga Tsuji,Taiga Tsuji,sa3069065,,,taigatsuji
15002,Aiden Taurek,Aiden Taurek,sa3069071,702522,,aidentaurek
15003,Tatsuya Hashimoto,Tatsuya Hashimoto,sa3069076,,,tatsuyahashimoto
15004, Mercedes c.c., Mercedes c.c.,sa3069091,,,mercedescc
15005,Seiya Yoshida,Seiya Yoshida,sa3069096,,,seiyayoshida
15006,Kaito Iriyama,Kaito Iriyama,sa3069111,,,kaitoiriyama
15007,Tae Ho Yun,Tae Ho Yun,sa3069127,,,taehoyun
15008,Katsutoshi Tai,Katsutoshi Tai,sa3069128,,,katsutoshitai
15009,Shunsuke Miyahara,Shunsuke Miyahara,sa3069129,,,shunsukemiyahara
15010,Yu Takeda,Yu Takeda,sa3069130,,,yutakeda
15011,Hinase Itsubo,Hinase Itsubo,sa3069141,,,hinaseitsubo
15012,Brady  Ebel,Brady  Ebel,sa3069149,,,bradyebel
15013,Nick Becker,Nick Becker,sa3069151,,,nickbecker
15014,Dong Hyun Kim,Dong Hyun Kim,sa3069157,,,donghyunkim
15015,Jeong Yeop Kim,Jeong Yeop Kim,sa3069158,,,jeongyeopkim
15016,Josh Owens,Josh Owens,sa3069169,,,joshowens
15017,Geon Woo Park,Geon Woo Park,sa3069177,,,geonwoopark
15018,Ty Harvey,Ty Harvey,sa3069181,,,tyharvey
15019,Sung Won Lee,Sung Won Lee,sa3069186,,,sungwonlee
15020,Quentin Young,Quentin Young,sa3069187,,,quentinyoung
15021,Shuna Hori,Shuna Hori,sa3069197,,,shunahori
15022,Michael Hilker,Michael Hilker,sa3069198,830242,,michaelhilker
15023,Joe Scarborough,Joe Scarborough,sa3069200,833376,,joescarborough
15024,Hibiki Shinohara,Hibiki Shinohara,sa3069205,,,hibikishinohara
15025,Seung Jun Cha,Seung Jun Cha,sa3069206,,,seungjuncha
15026,Hibki Kato,Hibki Kato,sa3069209,,,hibkikato
15027,Yusei Ishizuka,Yusei Ishizuka,sa3069210,,,yuseiishizuka
15028,Hyun Jae Chun,Hyun Jae Chun,sa3069211,,,hyunjaechun
15029,Hidetoshi Ibaragi,Hidetoshi Ibaragi,sa3069212,,,hidetoshiibaragi
15030,Kanato Shimizu,Kanato Shimizu,sa3069213,,,kanatoshimizu
15031,Sung Jae Kim,Sung Jae Kim,sa3069215,,,sungjaekim
15032,Heon Park,Heon Park,sa3069216,,,heonpark
15033,Shunta Mori,Shunta Mori,sa3069218,,,shuntamori
15034,Harun Kikuchi,Harun Kikuchi,sa3069219,,,harunkikuchi
15035,Yuudai Furukawa,Yuudai Furukawa,sa3069221,,,yuudaifurukawa
15036,Yuki Hayashi,Yuki Hayashi,sa3069222,,,yukihayashi
15037,Hiroto Saito,Hiroto Saito,sa3069223,,,hirotosaito
15038,Soshi Yoshino,Soshi Yoshino,sa3069225,,,soshiyoshino
15039,Tsubasa Yoshinoh,Tsubasa Yoshinoh,sa3069226,,,tsubasayoshinoh
15040,Konosuke Fukuda,Konosuke Fukuda,sa3069228,,,konosukefukuda
15041,Yutaro Fujita,Yutaro Fujita,sa3069229,,,yutarofujita
15042,Manato Tanai,Manato Tanai,sa3069230,,,manatotanai
15043,Takumi Sakamoto,Takumi Sakamoto,sa3069231,,,takumisakamoto
15044,Sho Kusaka,Sho Kusaka,sa3069232,,,shokusaka
15045,Riku Takeda,Riku Takeda,sa3069233,,,rikutakeda
15046,Po-Hsiang Yang,Po-Hsiang Yang,sa3069235,,,pohsiangyang
15047,Yuto Watanabe,Yuto Watanabe,sa3069236,,,yutowatanabe
15048,Ji Hwan Shin,Ji Hwan Shin,sa3069238,,,jihwanshin
15049,Haru Sakai,Haru Sakai,sa3069239,,,harusakai
15050,Reo Yamaguchi,Reo Yamaguchi,sa3069240,,,reoyamaguchi
15051,Jae-Hoon Ha,Jae-Hoon Ha,sa502535,,,jaehoonha
15052,Jae Yun Kim,Jae Yun Kim,sa503670,,,jaeyunkim
15053,Endrys Briceno,Endrys Briceno,sa505062,,,endrysbriceno
15054,Mel Rojas Jr.,Mel Rojas Jr.,sa548194,,,melrojasjr
15055,Seon Gi Kim,Seon Gi Kim,sa549629,,,seongikim
15056,Jose Adames,Jose Adames,sa597194,,,joseadames
15057,Dong-Yub Kim,Dong-Yub Kim,sa598813,,,dongyubkim
15058,Erick Leal,Erick Leal,sa657825,,,erickleal
15059,Luis Castro,Luis Castro,sa736954,,,luiscastro
15060,Riley Unroe,Riley Unroe,sa737614,,,rileyunroe
15061,Ramon Hernandez,Ramon Hernandez,sa828281,,,ramonhernandez
15062,Jefry Yan,Jefry Yan,sa828460,,,jefryyan
15063,Jake Gatewood,Jake Gatewood,sa828685,,,jakegatewood
15064,Trey Supak,Trey Supak,sa828707,,,treysupak
15065,Sam McWilliams,Sam McWilliams,sa829124,,,sammcwilliams
15066,Rudy Martin,Rudy Martin,sa829374,,,rudymartin
15067,Andrew Bechtold,Andrew Bechtold,sa829787,,,andrewbechtold
15068,Bryson Brigman,Bryson Brigman,sa829857,,,brysonbrigman
15069,Ho-young Son,Ho-young Son,sa830429,,,hoyoungson
15070,Carlos Guzman,Carlos Guzman,sa871477,,,carlosguzman
15071,Leandro Cedeño,Leandro Cedeno,sa873307,,,leandrocedeno
15072,Garrett Davila,Garrett Davila,sa875052,,,garrettdavila
15073,Bryan Torres,Bryan Torres,sa885119,,,bryantorres
15074,Nick Dunn,Nick Dunn,sa915613,,,nickdunn
15075,Johan Dominguez,Johan Dominguez,sa916727,,,johandominguez
15076,Jesus Bastidas,Jesus Bastidas,sa916969,,,jesusbastidas
15077,Ismael Munguia,Ismael Munguia,sa917132,,,ismaelmunguia
15078,Harold Chirino,Harold Chirino,sa917637,,,haroldchirino
15079,Oddanier Mosqueda,Oddanier Mosqueda,sa917882,,,oddaniermosqueda
15080,Kevin Gowdy,Kevin Gowdy,sa917928,,,kevingowdy
15081,Curtis Taylor,Curtis Taylor,sa917970,,,curtistaylor
15082,Wilkel Hernandez,Wilkel Hernandez,sa918026,,,wilkelhernandez
15083,Eli Wilson,Eli Wilson,sa918961,,,eliwilson
15084,Raul Brito,Raul Brito,sa928287,,,raulbrito
15085,Kwang-Min Kwon,Kwang-Min Kwon,sa943356,,,kwangminkwon
15086,Will Smith,Will Smith,19197,669257,38309,willsmith1
15087,Diego Castillo,Diego Castillo,19906,660636,40494,diegocastillo1
15088,Luis Garcia,Luis Garcia,sa3031942,,41257,luisgarcia1
15089,Logan Allen,Logan Allen,27589,671106,4683350,loganallen1
15090,Max Muncy,Max Muncy,29779,691777,4872686,maxmuncy1
15091,Luis Ortiz,Luis Ortiz,27646,682847,5101355,luisortiz1
15092,Wilmer Flores,Wilmer Flores,sa3015223,,5123583,wilmerflores1
15093,Fernando Cruz,Fernando Cruz,sa3024303,815890,5196126,fernandocruz1
15094,José Fermin,Jose Fermin,33908,820862,5265417,josefermin1
15095,Raul Alcantara,Raul Alcantara,sa3005696,,,raulalcantara1
15096,Tae-hoon Kim,Tae-hoon Kim,sa3012501,,,taehoonkim1
15097,Min-su Kim,Min-su Kim,sa3012647,,,minsukim1
15098,Won-seok Lee,Won-seok Lee,sa3013066,,,wonseoklee1
15099,Seong Min Kim,Seong Min Kim,sa3014379,,,seongminkim1
15100,Seung Hyun Lee,Seung Hyun Lee,sa3015066,,,seunghyunlee1
15101,Jose Devers,Jose Devers,sa3015292,,,josedevers1
15102,Héctor  Rodríguez,Hector  Rodriguez,sa3015828,,,hectorrodriguez1
15103,Jose Ramos,Jose Ramos,sa3016541,,,joseramos1
15104,Jacob Webb,Jacob Webb,sa3017547,,,jacobwebb1
15105,Yunior Marte,Yunior Marte,sa3018367,,,yuniormarte1
15106,Jake Miller,Jake Miller,sa3020408,,,jakemiller1
15107,Ryan Johnson,Ryan Johnson,sa3022569,,,ryanjohnson1
15108,Sean Sullivan,Sean Sullivan,sa3023162,,,seansullivan1
15109,Min Gyu Kim,Min Gyu Kim,sa3025297,,,mingyukim1
15110,Nick Allen,Nick Allen,sa3025925,,,nickallen1
15111,Caleb Anderson,Caleb Anderson,sa3026034,,,calebanderson1
15112,Ian Anderson,Ian Anderson,sa3026044,,,iananderson1
15113,Trent Baker,Trent Baker,sa3026452,,,trentbaker1
15114,Eli Brown,Eli Brown,sa3027821,,,elibrown1
15115,Jake Brown,Jake Brown,sa3027843,,,jakebrown1
15116,Jack Clark,Jack Clark,sa3028984,,,jackclark1
15117,Tyler Cox,Tyler Cox,sa3029502,,,tylercox1
15118,Ryan Davis,Ryan Davis,sa3029937,,,ryandavis1
15119,Carter Fink,Carter Fink,sa3031341,,,carterfink1
15120,Caleb Freeman,Caleb Freeman,sa3031681,,,calebfreeman1
15121,Brandon Gomez,Brandon Gomez,sa3032383,,,brandongomez1
15122,Anthony Gonzalez,Anthony Gonzalez,sa3032403,,,anthonygonzalez1
15123,Mason Green,Mason Green,sa3032671,,,masongreen1
15124,Justin Hackett,Justin Hackett,sa3032932,,,justinhackett1
15125,Trevor Hansen,Trevor Hansen,sa3033171,,,trevorhansen1
15126,Kyle Hayes,Kyle Hayes,sa3033452,,,kylehayes1
15127,Sam Hentges,Sam Hentges,sa3033651,,,samhentges1
15128,Tyler Howard,Tyler Howard,sa3034173,,,tylerhoward1
15129,Luke Jackson,Luke Jackson,sa3034507,703683,,lukejackson1
15130,Antonio Jimenez,Antonio Jimenez,sa3034692,,,antoniojimenez1
15131,Dylan Johnson,Dylan Johnson,sa3034741,,,dylanjohnson1
15132,Jared Johnson,Jared Johnson,sa3034763,,,jaredjohnson1
15133,Ty Johnson,Ty Johnson,sa3034822,,,tyjohnson1
15134,AJ Jones,AJ Jones,sa3034836,,,ajjones1
15135,Andrew Jones,Andrew Jones,sa3034840,,,andrewjones1
15136,Jared Jones,Jared Jones,sa3034881,,,jaredjones1
15137,Connor Kaiser,Connor Kaiser,sa3035029,,,connorkaiser1
15138,Carson Kelly,Carson Kelly,sa3035205,,,carsonkelly1
15139,Dylan King,Dylan King,sa3035399,,,dylanking1
15140,Justin King,Justin King,sa3035407,,,justinking1
15141,Justin Lee,Justin Lee,sa3036161,,,justinlee1
15142,Ryan Lee,Ryan Lee,sa3036166,,,ryanlee1
15143,Hayden Lewis,Hayden Lewis,sa3036300,,,haydenlewis1
15144,Jack Little,Jack Little,sa3036398,,,jacklittle1
15145,Jack Lopez,Jack Lopez,sa3036541,,,jacklopez1
15146,Ryan Martinez,Ryan Martinez,sa3037206,,,ryanmartinez1
15147,Michael Massey,Michael Massey,sa3037259,,,michaelmassey1
15148,Jackson Mayo,Jackson Mayo,sa3037392,,,jacksonmayo1
15149,Jacob McGovern,Jacob McGovern,sa3037606,,,jacobmcgovern1
15150,Gavin Miller,Gavin Miller,sa3038051,,,gavinmiller1
15151,Ryan Miller,Ryan Miller,sa3038087,,,ryanmiller1
15152,Shane Murphy,Shane Murphy,sa3038594,,,shanemurphy1
15153,Tyler O'Neill,Tyler O'Neill,sa3039169,,,tyleroneill1
15154,Carlos Pena,Carlos Pena,sa3039685,,,carlospena1
15155,Andres Perez,Andres Perez,sa3039703,,,andresperez1
15156,Ryan Peterson,Ryan Peterson,sa3039799,,,ryanpeterson1
15157,Dylan Rogers,Dylan Rogers,sa3041047,,,dylanrogers1
15158,Aidan Smith,Aidan Smith,sa3042471,,,aidansmith1
15159,Austin Smith,Austin Smith,sa3042481,801563,,austinsmith1
15160,Ben Smith,Ben Smith,sa3042487,,,bensmith1
15161,Christian Smith,Christian Smith,sa3042513,,,christiansmith1
15162,Drew Smith,Drew Smith,sa3042539,,,drewsmith1
15163,Dylan Smith,Dylan Smith,sa3042540,,,dylansmith1
15164,Evan Smith,Evan Smith,sa3042550,,,evansmith1
15165,Jack Smith,Jack Smith,sa3042575,,,jacksmith1
15166,Noah Smith,Noah Smith,sa3042617,,,noahsmith1
15167,Tyler Smith,Tyler Smith,sa3042653,,,tylersmith1
15168,Jacob Tobias,Jacob Tobias,sa3043871,,,jacobtobias1
15169,Jose Torres,Jose Torres,sa3043965,,,josetorres1
15170,Ethan Walker,Ethan Walker,sa3044667,,,ethanwalker1
15171,Colby Wallace,Colby Wallace,sa3044699,,,colbywallace1
15172,Chris Walsh,Chris Walsh,sa3044725,,,chriswalsh1
15173,Michael Walsh,Michael Walsh,sa3044732,,,michaelwalsh1
15174,Ryan Ward,Ryan Ward,sa3044789,,,ryanward1
15175,Ben Weber,Ben Weber,sa3044918,,,benweber1
15176,Tommy White,Tommy White,sa3045135,,,tommywhite1
15177,Nick Williams,Nick Williams,sa3045340,,,nickwilliams1
15178,Jacob Wilson,Jacob Wilson,sa3045404,,,jacobwilson1
15179,Matt Barnes,Matt Barnes,sa3058553,,,mattbarnes1
15180,Garrett Baumann,Garrett Baumann,sa3058582,,,garrettbaumann1
15181,Hunter Bell,Hunter Bell,sa3058605,,,hunterbell1
15182,Jake Bennett,Jake Bennett,sa3058621,,,jakebennett1
15183,Carter Boyd,Carter Boyd,sa3058702,,,carterboyd1
15184,Ty Brooks,Ty Brooks,sa3058734,,,tybrooks1
15185,Dylan Brown,Dylan Brown,sa3058745,,,dylanbrown1
15186,Brendan Burke,Brendan Burke,sa3058774,,,brendanburke1
15187,Ethan Davis,Ethan Davis,sa3059000,,,ethandavis1
15188,Chris Diaz,Chris Diaz,sa3059050,,,chrisdiaz1
15189,Jose Fernandez,Jose Fernandez,sa3059176,,,josefernandez1
15190,Kyle Gibson,Kyle Gibson,sa3059294,,,kylegibson1
15191,Jack Hamilton,Jack Hamilton,sa3059399,,,jackhamilton1
15192,Cameron Hill,Cameron Hill,sa3059496,,,cameronhill1
15193,Jeff Hoffman,Jeff Hoffman,sa3059506,,,jeffhoffman1
15194,Andrew Johnson,Andrew Johnson,sa3059601,,,andrewjohnson1
15195,Bryce Johnson,Bryce Johnson,sa3059603,,,brycejohnson1
15196,Nolan Johnson,Nolan Johnson,sa3059615,,,nolanjohnson1
15197,Charlie Jones,Charlie Jones,sa3059619,,,charliejones1
15198,Easton Jones,Easton Jones,sa3059620,,,eastonjones1
15199,Ryan King,Ryan King,sa3059685,,,ryanking1
15200,Pedro Leon,Pedro Leon,sa3059796,,,pedroleon1
15201,Kyle Lewis,Kyle Lewis,sa3059807,,,kylelewis1
15202,Ryan Lynch,Ryan Lynch,sa3059876,,,ryanlynch1
15203,Matt Maloney,Matt Maloney,sa3059903,,,mattmaloney1
15204,Jake Meyers,Jake Meyers,sa3060024,,,jakemeyers1
15205,Jacob Miller,Jacob Miller,sa3060042,,,jacobmiller1
15206,Noah Miller,Noah Miller,sa3060045,,,noahmiller1
15207,Sam Miller,Sam Miller,sa3060047,,,sammiller1
15208,Jacob Moore,Jacob Moore,sa3060076,,,jacobmoore1
15209,Drew Nelson,Drew Nelson,sa3060131,,,drewnelson1
15210,Jack OConnor,Jack OConnor,sa3060172,,,jackoconnor1
15211,Daniel Perez,Daniel Perez,sa3060240,,,danielperez1
15212,Jake Porter,Jake Porter,sa3060291,,,jakeporter1
15213,Jake Robinson,Jake Robinson,sa3060390,,,jakerobinson1
15214,Adrian Rodriguez,Adrian Rodriguez,sa3060398,,,adrianrodriguez1
15215,Alex Rodriguez,Alex Rodriguez,sa3060399,,,alexrodriguez1
15216,Elijah Rodriguez,Elijah Rodriguez,sa3060404,,,elijahrodriguez1
15217,Freddy Rodriguez,Freddy Rodriguez,sa3060405,,,freddyrodriguez1
15218,Nate Ross,Nate Ross,sa3060430,,,nateross1
15219,Edwin Sanchez,Edwin Sanchez,sa3060471,,,edwinsanchez1
15220,Cole Smith,Cole Smith,sa3060603,,,colesmith1
15221,Jackson Smith,Jackson Smith,sa3060615,,,jacksonsmith1
15222,Kaden Smith,Kaden Smith,sa3060619,,,kadensmith1
15223,Luke Smith,Luke Smith,sa3060620,,,lukesmith1
15224,Ethan Thomas,Ethan Thomas,sa3060737,,,ethanthomas1
15225,Jackson Thomas,Jackson Thomas,sa3060738,,,jacksonthomas1
15226,Zack Thompson,Zack Thompson,sa3060750,,,zackthompson1
15227,Andrew Walters,Andrew Walters,sa3060864,,,andrewwalters1
15228,Carter White,Carter White,sa3060910,,,carterwhite1
15229,CJ Willis,CJ Willis,sa3060925,,,cjwillis1
15230,Cooper Williams,Cooper Williams,sa3060926,,,cooperwilliams1
15231,Blake Wilson,Blake Wilson,sa3060938,,,blakewilson1
15232,Peyton Wilson,Peyton Wilson,sa3060942,,,peytonwilson1
15233,Justin Mayes,Justin Mayes,sa3062645,,,justinmayes1
15234,Owen Miller,Owen Miller,sa3062655,,,owenmiller1
15235,Parker Smith,Parker Smith,sa3062682,,,parkersmith1
15236,Josh Bell,Josh Bell,sa3062811,,,joshbell1
15237,Jake McCoy,Jake McCoy,sa3062870,,,jakemccoy1
15238,Ryan Mclaughlin,Ryan Mclaughlin,sa3065093,,,ryanmclaughlin1
15239,Adonis Medina,Adonis Medina,sa3065095,,,adonismedina1
15240,Christian Rodriguez,Christian Rodriguez,sa3065120,,,christianrodriguez1
15241,Casey Smith,Casey Smith,sa3065136,,,caseysmith1
15242,Gavin Smith,Gavin Smith,sa3065137,,,gavinsmith1
15243,John Smith,John Smith,sa3065138,,,johnsmith1
15244,Tyler Jones,Tyler Jones,sa3065334,,,tylerjones1
15245,Jayden Lopez,Jayden Lopez,sa3065358,,,jaydenlopez1
15246,Ryan Thompson,Ryan Thompson,sa3065432,,,ryanthompson1
15247,Mike Villani,Mike Villani,sa3065441,,,mikevillani1
15248,Chase Davis,Chase Davis,sa3065522,,,chasedavis1
15249,Jack Anderson,Jack Anderson,sa3065899,,,jackanderson1
15250,Ryan Brown,Ryan Brown,sa3065908,,,ryanbrown1
15251,Ty Davis,Ty Davis,sa3065913,,,tydavis1
15252,Max Burt,Max Burt,sa3066028,,,maxburt1
15253,Koyo Aoyagi,Koyo Aoyagi,sa3066034,,,koyoaoyagi1
15254,Will Robbins,Will Robbins,sa3066090,,,willrobbins1
15255,Luke Johnson,Luke Johnson,sa3066202,,,lukejohnson1
15256,Josh Vaughn,Josh Vaughn,sa3066247,,,joshvaughn1
15257,Cooper Smith,Cooper Smith,sa3066344,,,coopersmith1
15258,Brady Miller,Brady Miller,sa3066389,,,bradymiller1
15259,Cooper Johnson,Cooper Johnson,sa3066436,,,cooperjohnson1
15260,Tommy Martin,Tommy Martin,sa3066575,,,tommymartin1
15261,Davis Rivers,Davis Rivers,sa3066711,,,davisrivers1
15262,Isaac Williams,Isaac Williams,sa3066748,,,isaacwilliams1
15263,Cooper Moore,Cooper Moore,sa3066898,,,coopermoore1
15264,Jason Blanchard,Jason Blanchard,sa3066921,,,jasonblanchard1
15265,Bryce Jones,Bryce Jones,sa3067054,,,brycejones1
15266,Liam Golden,Liam Golden,sa3067268,,,liamgolden1
15267,Chase Nelson,Chase Nelson,sa3067298,,,chasenelson1
15268,Luke Dickerson,Luke Dickerson,sa3067329,,,lukedickerson1
15269,Tomo Otosaka,Tomo Otosaka,sa3067492,,,tomootosaka1
15270,Si Won Park,Si Won Park,sa3068851,,,siwonpark1
15271,Michael Fowler,Michael Fowler,sa3069077,,,michaelfowler1
15272,Colton Cosper,Colton Cosper,sa3069106,,,coltoncosper1
15273,Tae Hyun Kim,Tae Hyun Kim,sa3069119,,,taehyunkim1
15274,Kun Woo Park,Kun Woo Park,sa3069207,,,kunwoopark1
15275,Seung Min Lee,Seung Min Lee,sa3069234,,,seungminlee1
15276,Edwin Diaz,Edwin Diaz,sa738152,,,edwindiaz1
15277,Gavin Collins,Gavin Collins,sa857219,,,gavincollins1
15278,Luis Garcia,Luis Garcia,23735,677651,4684365,luisgarcia2
15279,Jake Brown,Jake Brown,sa3027844,,,jakebrown2
15280,Ryan Davis,Ryan Davis,sa3029938,,,ryandavis2
15281,Carson Kelly,Carson Kelly,sa3035206,,,carsonkelly2
15282,Dylan Rogers,Dylan Rogers,sa3041048,,,dylanrogers2
15283,Dylan Smith,Dylan Smith,sa3042541,,,dylansmith2
15284,Will Smith,Will Smith,sa3042655,,,willsmith2
15285,Jack Clark,Jack Clark,sa3058877,,,jackclark2
15286,Ben Smith,Ben Smith,sa3060600,,,bensmith2
15287,Christian Smith,Christian Smith,sa3060602,,,christiansmith2
15288,Tyler Smith,Tyler Smith,sa3060626,,,tylersmith2
15289,Hunter Bell,Hunter Bell,sa3062810,,,hunterbell2
15290,Jackson Smith,Jackson Smith,sa3062904,,,jacksonsmith2
15291,Ryan Johnson,Ryan Johnson,sa3065548,,,ryanjohnson2
15292,Bryce Johnson,Bryce Johnson,sa3066896,,,brycejohnson2
15293,Ethan Walker,Ethan Walker,sa3067187,,,ethanwalker2
15294,Tae Hoon Kim,Tae Hoon Kim,sa3067488,,,taehoonkim2
15295,Will Smith,Will Smith,sa3042657,,,willsmith3
15296,Dylan Smith,Dylan Smith,sa3060607,,,dylansmith3
15297,Tyler Smith,Tyler Smith,sa3062683,,,tylersmith3
